id,label
CL:0000000,cell
CL:0000001,primary cultured cell
CL:0000002,obsolete immortal cell line cell
CL:0000003,obsolete native cell
CL:0000004,obsolete cell by organism
CL:0000005,neural crest derived fibroblast
CL:0000006,neuronal receptor cell
CL:0000007,early embryonic cell (metazoa)
CL:0000008,migratory cranial neural crest cell
CL:0000009,obsolete fusiform initial
CL:0000010,cultured cell
CL:0000011,migratory trunk neural crest cell
CL:0000012,obsolete cell by class
CL:0000013,obsolete dentine secreting cell
CL:0000014,germ line stem cell
CL:0000015,male germ cell
CL:0000016,male germ line stem cell
CL:0000017,spermatocyte
CL:0000018,spermatid
CL:0000019,sperm
CL:0000020,spermatogonium
CL:0000021,female germ cell
CL:0000022,female germ line stem cell
CL:0000023,oocyte
CL:0000024,oogonial cell
CL:0000025,egg cell
CL:0000026,invertebrate nurse cell
CL:0000027,smooth muscle cell neural crest derived
CL:0000028,CNS neuron (sensu Nematoda and Protostomia)
CL:0000029,neural crest derived neuron
CL:0000030,glioblast
CL:0000031,neuroblast (sensu Vertebrata)
CL:0000032,neuroplacodal cell
CL:0000033,apocrine cell
CL:0000034,stem cell
CL:0000035,single fate stem cell
CL:0000036,epithelial fate stem cell
CL:0000037,hematopoietic stem cell
CL:0000038,erythroid progenitor cell
CL:0000039,germ line cell
CL:0000040,monoblast
CL:0000041,mature eosinophil
CL:0000042,neutrophilic myeloblast
CL:0000043,mature basophil
CL:0000045,obsolete thymus processed stem cell
CL:0000046,obsolete bursa processed stem cell
CL:0000047,neural stem cell
CL:0000048,multi fate stem cell
CL:0000049,common myeloid progenitor
CL:0000050,megakaryocyte-erythroid progenitor cell
CL:0000051,common lymphoid progenitor
CL:0000052,totipotent stem cell
CL:0000054,obsolete bone matrix secreting cell
CL:0000055,obsolete non-terminally differentiated cell
CL:0000056,myoblast
CL:0000057,fibroblast
CL:0000058,chondroblast
CL:0000059,ameloblast
CL:0000060,odontoblast
CL:0000061,cementoblast
CL:0000062,osteoblast
CL:0000063,obsolete cell by histology
CL:0000064,ciliated cell
CL:0000065,ependymal cell
CL:0000066,epithelial cell
CL:0000067,ciliated epithelial cell
CL:0000068,duct epithelial cell
CL:0000069,branched duct epithelial cell
CL:0000070,obsolete epithelial cell of gland
CL:0000071,blood vessel endothelial cell
CL:0000072,non-branched duct epithelial cell
CL:0000073,obsolete barrier epithelial cell
CL:0000074,obsolete epithem cell
CL:0000075,columnar/cuboidal epithelial cell
CL:0000076,squamous epithelial cell
CL:0000077,mesothelial cell
CL:0000078,peridermal cell
CL:0000079,stratified epithelial cell
CL:0000080,circulating cell
CL:0000081,blood cell
CL:0000082,epithelial cell of lung
CL:0000083,epithelial cell of pancreas
CL:0000084,T cell
CL:0000085,obsolete germ line stem cell (sensu Vertebrata)
CL:0000086,obsolete germ line stem cell (sensu Nematoda and Protostomia)
CL:0000087,obsolete male germ line stem cell (sensu Nematoda and Protostomia)
CL:0000088,obsolete female germ line stem cell (sensu Nematoda and Protostomia)
CL:0000089,obsolete male germ line stem cell (sensu Vertebrata)
CL:0000090,obsolete female germ line stem cell (sensu Vertebrata)
CL:0000091,Kupffer cell
CL:0000092,osteoclast
CL:0000093,obsolete osteochondroclast
CL:0000094,granulocyte
CL:0000095,neuron associated cell
CL:0000096,mature neutrophil
CL:0000097,mast cell
CL:0000098,sensory epithelial cell
CL:0000099,interneuron
CL:0000100,motor neuron
CL:0000101,sensory neuron
CL:0000102,polymodal neuron
CL:0000103,bipolar neuron
CL:0000104,multipolar neuron
CL:0000105,pseudounipolar neuron
CL:0000106,unipolar neuron
CL:0000107,autonomic neuron
CL:0000108,cholinergic neuron
CL:0000109,adrenergic neuron
CL:0000110,peptidergic neuron
CL:0000111,obsolete peripheral neuron
CL:0000112,columnar neuron
CL:0000113,mononuclear phagocyte
CL:0000114,surface ectodermal cell
CL:0000115,endothelial cell
CL:0000116,pioneer neuron
CL:0000117,CNS neuron (sensu Vertebrata)
CL:0000118,basket cell
CL:0000119,cerebellar Golgi cell
CL:0000120,granule cell
CL:0000121,Purkinje cell
CL:0000122,stellate neuron
CL:0000123,neuron associated cell (sensu Vertebrata)
CL:0000124,obsolete glial cell (sensu Nematoda and Protostomia)
CL:0000125,glial cell
CL:0000126,macroglial cell
CL:0000127,astrocyte
CL:0000128,oligodendrocyte
CL:0000129,microglial cell
CL:0000130,neuron associated cell (sensu Nematoda and Protostomia)
CL:0000131,gut endothelial cell
CL:0000132,corneal endothelial cell
CL:0000133,neurectodermal cell
CL:0000134,mesenchymal stem cell
CL:0000135,circulating fibrocyte
CL:0000136,adipocyte
CL:0000137,osteocyte
CL:0000138,chondrocyte
CL:0000140,odontocyte
CL:0000141,cementocyte
CL:0000142,hyalocyte
CL:0000143,guidepost cell
CL:0000144,obsolete cell by function
CL:0000145,professional antigen presenting cell
CL:0000146,simple columnar epithelial cell
CL:0000147,pigment cell
CL:0000148,melanocyte
CL:0000149,visual pigment cell
CL:0000150,glandular secretory epithelial cell
CL:0000151,secretory cell
CL:0000152,exocrine cell
CL:0000153,glycosaminoglycan secreting cell
CL:0000154,protein secreting cell
CL:0000155,peptic cell
CL:0000156,obsolete antibody secreting cell
CL:0000157,surfactant secreting cell
CL:0000158,club cell
CL:0000159,seromucus secreting cell
CL:0000160,goblet cell
CL:0000161,obsolete acid secreting cell
CL:0000162,parietal cell
CL:0000163,endocrine cell
CL:0000164,enteroendocrine cell
CL:0000165,neuroendocrine cell
CL:0000166,chromaffin cell
CL:0000167,peptide hormone secreting cell
CL:0000168,insulin secreting cell
CL:0000169,type B pancreatic cell
CL:0000170,glucagon secreting cell
CL:0000171,pancreatic A cell
CL:0000172,somatostatin secreting cell
CL:0000173,pancreatic D cell
CL:0000174,steroid hormone secreting cell
CL:0000175,luteal cell
CL:0000176,ecdysteroid secreting cell
CL:0000177,testosterone secreting cell
CL:0000178,Leydig cell
CL:0000179,progesterone secreting cell
CL:0000180,estradiol secreting cell
CL:0000181,obsolete metabolising cell
CL:0000182,hepatocyte
CL:0000183,contractile cell
CL:0000185,myoepithelial cell
CL:0000186,myofibroblast cell
CL:0000187,muscle cell
CL:0000188,cell of skeletal muscle
CL:0000189,slow muscle cell
CL:0000190,fast muscle cell
CL:0000192,smooth muscle cell
CL:0000193,cardiac muscle cell (sensu Arthopoda)
CL:0000194,obsolete nodal cardiac cell
CL:0000195,obsolete Purkinje fiber
CL:0000196,insect flight muscle cell
CL:0000197,sensory receptor cell
CL:0000198,pain receptor cell
CL:0000199,mechanoreceptor cell
CL:0000200,touch receptor cell
CL:0000202,auditory hair cell
CL:0000203,gravity sensitive cell
CL:0000204,acceleration receptive cell
CL:0000205,thermoreceptor cell
CL:0000206,chemoreceptor cell
CL:0000207,olfactory receptor cell
CL:0000208,pH receptor cell
CL:0000209,taste receptor cell
CL:0000210,photoreceptor cell
CL:0000211,electrically active cell
CL:0000212,obsolete absorptive cell
CL:0000213,obsolete lining cell
CL:0000214,synovial cell
CL:0000215,obsolete barrier cell
CL:0000216,Sertoli cell
CL:0000217,obsolete insulating cell
CL:0000218,myelinating Schwann cell
CL:0000219,motile cell
CL:0000220,obsolete cell by lineage
CL:0000221,ectodermal cell
CL:0000222,mesodermal cell
CL:0000223,endodermal cell
CL:0000224,obsolete cell by nuclear number
CL:0000225,anucleate cell
CL:0000226,single nucleate cell
CL:0000227,binucleate cell
CL:0000228,multinucleate cell
CL:0000229,obsolete lymphoblast
CL:0000230,obsolete T lymphoblast
CL:0000231,obsolete B lymphoblast
CL:0000232,erythrocyte
CL:0000233,platelet
CL:0000234,phagocyte
CL:0000235,macrophage
CL:0000236,B cell
CL:0000237,keratinizing barrier epithelial cell
CL:0000238,non keratinizing barrier epithelial cell
CL:0000239,brush border epithelial cell
CL:0000240,stratified squamous epithelial cell
CL:0000241,stratified cuboidal epithelial cell
CL:0000242,Merkel cell
CL:0000243,obsolete glial cell (sensu Vertebrata)
CL:0000244,transitional epithelial cell
CL:0000245,obsolete passage cell
CL:0000246,Mauthner neuron
CL:0000247,Rohon-Beard neuron
CL:0000248,obsolete microsporocyte
CL:0000249,hatching gland cell
CL:0000250,obsolete megaspore
CL:0000251,extramedullary cell
CL:0000252,obsolete microspore
CL:0000253,eurydendroid cell
CL:0000254,obsolete egg cell
CL:0000255,eukaryotic cell
CL:0000256,uric acid accumulating cell
CL:0000257,Eumycetozoan cell
CL:0000258,obsolete fiber tracheid
CL:0000259,obsolete aggregate cell
CL:0000260,obsolete mucilage cell
CL:0000261,obsolete anterior cell
CL:0000262,obsolete guard mother cell
CL:0000263,obsolete vegetative cell (sensu Mycetozoa)
CL:0000264,obsolete phloem initial
CL:0000265,obsolete anterior like cell
CL:0000266,obsolete meristemoid
CL:0000267,obsolete prespore cell
CL:0000268,obsolete sieve element
CL:0000269,obsolete prestalk cell
CL:0000270,obsolete subsidiary cell
CL:0000271,obsolete prestalk A cell
CL:0000272,obsolete cambial initial
CL:0000273,obsolete prestalk AB cell
CL:0000275,obsolete prestalk B cell
CL:0000276,obsolete sclerenchyma cell
CL:0000277,obsolete prestalk I cell
CL:0000278,obsolete central cell
CL:0000279,obsolete prestalk 0 cell
CL:0000280,obsolete generative cell
CL:0000281,obsolete pstAB/ALC
CL:0000282,obsolete trichome
CL:0000283,obsolete pstO/ALC
CL:0000284,obsolete companion cell
CL:0000285,obsolete stalk cell
CL:0000286,hyphal cell
CL:0000287,eye photoreceptor cell
CL:0000288,obsolete synergid
CL:0000289,obsolete chemotactic amoeboid cell (sensu Mycetozoa)
CL:0000290,obsolete xylem fiber cell
CL:0000291,obsolete spore (sensu Mycetozoa)
CL:0000292,obsolete guard cell
CL:0000293,obsolete structural cell
CL:0000294,obsolete sieve cell
CL:0000295,somatotropin secreting cell
CL:0000296,obsolete vegetative cell
CL:0000297,obsolete socket cell
CL:0000298,obsolete xylem element
CL:0000299,obsolete trichoblast
CL:0000300,gamete
CL:0000301,pole cell
CL:0000302,obsolete IgM B cell
CL:0000303,obsolete IgG B cell
CL:0000304,obsolete IgA B cell
CL:0000305,obsolete IgE B cell
CL:0000306,crystallin accumulating cell
CL:0000307,tracheal epithelial cell
CL:0000308,metal ion accumulating cell
CL:0000309,copper accumulating cell
CL:0000310,iron accumulating cell
CL:0000311,keratin accumulating cell
CL:0000312,keratinocyte
CL:0000313,serous secreting cell
CL:0000314,milk secreting cell
CL:0000315,tear secreting cell
CL:0000316,obsolete ray initial
CL:0000317,sebocyte
CL:0000318,sweat secreting cell
CL:0000319,mucus secreting cell
CL:0000320,obsolete megasporocyte
CL:0000321,obsolete seminal fluid secreting cell
CL:0000322,pulmonary alveolar epithelial cell
CL:0000323,lysozyme secreting cell
CL:0000324,metanephric mesenchyme stem cell
CL:0000325,stuff accumulating cell
CL:0000326,glycogen accumulating cell
CL:0000327,extracellular matrix secreting cell
CL:0000328,obsolete myelin accumulating cell
CL:0000329,oxygen accumulating cell
CL:0000330,obsolete collenchymal cell
CL:0000331,obsolete tracheid
CL:0000332,obsolete atrichoblast
CL:0000333,migratory neural crest cell
CL:0000334,vegetative cell (sensu Fungi)
CL:0000335,mesenchyme condensation cell
CL:0000336,adrenal medulla chromaffin cell
CL:0000338,neuroblast (sensu Nematoda and Protostomia)
CL:0000339,glioblast (sensu Vertebrata)
CL:0000340,glioblast (sensu Nematoda and Protostomia)
CL:0000341,pigment cell (sensu Nematoda and Protostomia)
CL:0000342,pigment cell (sensu Vertebrata)
CL:0000343,visual pigment cell (sensu Vertebrata)
CL:0000344,obsolete non-visual cell (sensu Vertebrata)
CL:0000345,dental papilla cell
CL:0000346,hair follicle dermal papilla cell
CL:0000347,scleral cell
CL:0000348,choroidal cell of the eye
CL:0000349,extraembryonic cell
CL:0000350,amnioserosal cell
CL:0000351,trophoblast cell
CL:0000352,epiblast cell
CL:0000353,blastoderm cell
CL:0000354,blastemal cell
CL:0000355,multi-potent skeletal muscle stem cell
CL:0000356,hair matrix stem cell
CL:0000357,stratified epithelial stem cell
CL:0000358,sphincter associated smooth muscle cell
CL:0000359,vascular associated smooth muscle cell
CL:0000360,morula cell
CL:0000361,gastrula cell
CL:0000362,epidermal cell
CL:0000363,obsolete axial cell
CL:0000364,obsolete ray cell
CL:0000365,animal zygote
CL:0000366,obsolete sperm cell (sensu Viridiplantae)
CL:0000367,sheath cell (sensu Nematoda)
CL:0000368,obsolete myrosin cell
CL:0000370,obsolete transfer cell
CL:0000371,protoplast
CL:0000372,tormogen cell
CL:0000373,histoblast
CL:0000374,trichogen cell
CL:0000375,obsolete osteoprogenitor cell
CL:0000376,humidity receptor cell
CL:0000377,tracheoblast
CL:0000378,supporting cell (sensu Nematoda and Protostomia)
CL:0000379,sensory processing neuron
CL:0000380,thecogen cell
CL:0000381,obsolete neurosecretory neuron
CL:0000382,scolopale cell
CL:0000383,nephrogenic mesenchyme stem cell
CL:0000384,ligament cell
CL:0000385,prohemocyte (sensu Nematoda and Protostomia)
CL:0000386,obsolete attachment cell
CL:0000387,hemocyte (sensu Arthropoda)
CL:0000388,tendon cell
CL:0000389,socket cell (sensu Nematoda)
CL:0000390,blood cell (sensu Nematoda and Protostomia)
CL:0000391,obsolete podocyte (sensu Diptera)
CL:0000392,crystal cell
CL:0000393,electrically responsive cell
CL:0000394,plasmatocyte
CL:0000395,procrystal cell
CL:0000396,lamellocyte
CL:0000397,ganglion interneuron
CL:0000398,obsolete polygonal cell
CL:0000399,obsolete phloem element
CL:0000400,obsolete pavement cell
CL:0000401,obsolete macrophage (sensu Diptera)
CL:0000402,obsolete CNS interneuron
CL:0000404,electrically signaling cell
CL:0000405,obsolete neuroepidermoblast
CL:0000406,CNS short range interneuron
CL:0000407,scolopidial ligament cell
CL:0000408,male gamete
CL:0000409,obsolete scolopidial sheath cell
CL:0000410,CNS long range interneuron
CL:0000411,Caenorhabditis hypodermal cell
CL:0000412,polyploid cell
CL:0000413,haploid cell
CL:0000414,obsolete cell by ploidy
CL:0000415,diploid cell
CL:0000416,polytene cell
CL:0000417,endopolyploid cell
CL:0000418,arcade cell
CL:0000419,seam cell
CL:0000420,syncytial epithelial cell
CL:0000421,coelomocyte
CL:0000422,mitogenic signaling cell
CL:0000423,tip cell
CL:0000424,excretory cell
CL:0000425,pore cell
CL:0000426,obsolete scaffold cell
CL:0000427,GLR cell
CL:0000428,yolk cell
CL:0000429,imaginal disc cell
CL:0000430,xanthophore cell
CL:0000431,iridophore
CL:0000432,reticular cell
CL:0000433,obsolete functional megaspore
CL:0000434,eccrine cell
CL:0000435,alkali secreting cell
CL:0000436,vaginal lubricant secreting cell
CL:0000437,gonadtroph
CL:0000438,luteinizing hormone secreting cell
CL:0000439,prolactin secreting cell
CL:0000440,melanocyte stimulating hormone secreting cell
CL:0000441,follicle stem cell (sensu Arthropoda)
CL:0000442,follicular dendritic cell
CL:0000443,calcitonin secreting cell
CL:0000444,obliquely striated muscle cell
CL:0000445,apoptosis fated cell
CL:0000446,chief cell of parathyroid gland
CL:0000447,carbohydrate secreting cell
CL:0000448,white adipocyte
CL:0000449,brown adipocyte
CL:0000451,dendritic cell
CL:0000452,obsolete thyroid hormone secreting cell
CL:0000453,Langerhans cell
CL:0000454,epinephrine secreting cell
CL:0000455,obsolete starch sheath cell
CL:0000456,mineralocorticoid secreting cell
CL:0000457,biogenic amine secreting cell
CL:0000458,serotonin secreting cell
CL:0000459,noradrenergic cell
CL:0000460,glucocorticoid secreting cell
CL:0000462,adepithelial cell
CL:0000463,epidermal cell (sensu Arthropoda)
CL:0000464,epidermoblast
CL:0000465,cardioblast (sensu Arthropoda)
CL:0000467,adrenocorticotropic hormone secreting cell
CL:0000468,neuroglioblast (sensu Nematoda and Protostomia)
CL:0000469,ganglion mother cell
CL:0000470,digestive enzyme secreting cell
CL:0000472,obsolete chlorenchyma cell
CL:0000473,OBSOLETE defensive cell
CL:0000474,pericardial nephrocyte
CL:0000475,obsolete degenerate megaspore
CL:0000476,thyrotroph
CL:0000477,follicle cell of egg chamber
CL:0000478,oxytocin stimulating hormone secreting cell
CL:0000479,vasopressin stimulating hormone secreting cell
CL:0000480,secretin stimulating hormone secreting cell
CL:0000481,cholecystokin stimulating hormone secreting cell
CL:0000482,juvenile hormone secreting cell
CL:0000483,bombesin stimulating hormone secreting cell
CL:0000484,connective tissue type mast cell
CL:0000485,mucosal type mast cell
CL:0000486,garland cell
CL:0000487,oenocyte
CL:0000488,visible light photoreceptor cell
CL:0000489,scotopic photoreceptor cell
CL:0000490,photopic photoreceptor cell
CL:0000491,obsolete cytotoxic T cell
CL:0000492,CD4-positive helper T cell
CL:0000493,obsolete regulatory T cell
CL:0000494,UV sensitive photoreceptor cell
CL:0000495,blue sensitive photoreceptor cell
CL:0000496,green sensitive photoreceptor cell
CL:0000497,red sensitive photoreceptor cell
CL:0000498,inhibitory interneuron
CL:0000499,stromal cell
CL:0000500,follicular epithelial cell
CL:0000501,granulosa cell
CL:0000502,type D enteroendocrine cell
CL:0000503,theca cell
CL:0000504,enterochromaffin-like cell
CL:0000505,substance P secreting cell
CL:0000506,enkephalin secreting cell
CL:0000507,endorphin secreting cell
CL:0000508,type G enteroendocrine cell
CL:0000509,gastrin secreting cell
CL:0000510,paneth cell
CL:0000511,androgen binding protein secreting cell
CL:0000512,obsolete paracrine cell
CL:0000513,cardiac muscle myoblast
CL:0000514,smooth muscle myoblast
CL:0000515,skeletal muscle myoblast
CL:0000516,perineuronal satellite cell
CL:0000517,macrophage derived foam cell
CL:0000518,phagocyte (sensu Vertebrata)
CL:0000519,phagocyte (sensu Nematoda and Protostomia)
CL:0000520,prokaryotic cell
CL:0000521,fungal cell
CL:0000522,obsolete spore
CL:0000523,mononuclear cytotrophoblast cell
CL:0000524,spheroplast
CL:0000525,syncytiotrophoblast cell
CL:0000526,afferent neuron
CL:0000527,efferent neuron
CL:0000528,nitrergic neuron
CL:0000529,pigmented epithelial cell
CL:0000530,primary neuron (sensu Teleostei)
CL:0000531,primary sensory neuron (sensu Teleostei)
CL:0000532,CAP motoneuron
CL:0000533,primary motor neuron (sensu Teleostei)
CL:0000534,primary interneuron (sensu Teleostei)
CL:0000535,secondary neuron (sensu Teleostei)
CL:0000536,secondary motor neuron (sensu Teleostei)
CL:0000537,obsolete antipodal cell
CL:0000538,obsolete epidermal initial
CL:0000539,obsolete idioblast
CL:0000540,neuron
CL:0000541,melanoblast
CL:0000542,lymphocyte
CL:0000543,obsolete sieve tube member
CL:0000544,slowly adapting mechanoreceptor cell
CL:0000545,T-helper 1 cell
CL:0000546,T-helper 2 cell
CL:0000547,proerythroblast
CL:0000548,obsolete animal cell
CL:0000549,basophilic erythroblast
CL:0000550,polychromatophilic erythroblast
CL:0000551,unimodal nocireceptor
CL:0000552,orthochromatic erythroblast
CL:0000553,megakaryocyte progenitor cell
CL:0000554,gastrin stimulating hormone secreting cell
CL:0000555,obsolete neuronal brush cell
CL:0000556,megakaryocyte
CL:0000557,granulocyte monocyte progenitor cell
CL:0000558,reticulocyte
CL:0000559,promonocyte
CL:0000560,band form neutrophil
CL:0000561,amacrine cell
CL:0000562,nucleate erythrocyte
CL:0000563,endospore
CL:0000564,neutrophilic promyelocyte
CL:0000565,fat body cell
CL:0000566,angioblastic mesenchymal cell
CL:0000567,polymodal nocireceptor
CL:0000568,amine precursor uptake and decarboxylation cell
CL:0000569,cardiac mesenchymal cell
CL:0000570,parafollicular cell
CL:0000571,leucophore
CL:0000573,retinal cone cell
CL:0000574,erythrophore
CL:0000575,corneal epithelial cell
CL:0000576,monocyte
CL:0000577,type EC enteroendocrine cell
CL:0000578,experimentally modified cell in vitro
CL:0000579,border follicle cell
CL:0000580,neutrophilic myelocyte
CL:0000581,peritoneal macrophage
CL:0000582,neutrophilic metamyelocyte
CL:0000583,alveolar macrophage
CL:0000584,enterocyte
CL:0000585,obsolete null cell
CL:0000586,germ cell
CL:0000587,cold sensing thermoreceptor cell
CL:0000588,odontoclast
CL:0000589,cochlear inner hair cell
CL:0000590,small luteal cell
CL:0000591,warmth sensing thermoreceptor cell
CL:0000592,large luteal cell
CL:0000593,androgen secreting cell
CL:0000594,skeletal muscle satellite cell
CL:0000595,enucleate erythrocyte
CL:0000596,sexual spore
CL:0000597,microconidium
CL:0000598,pyramidal neuron
CL:0000599,conidium
CL:0000600,heterokaryon
CL:0000601,cochlear outer hair cell
CL:0000602,pressoreceptor cell
CL:0000603,dikaryon
CL:0000604,retinal rod cell
CL:0000605,fungal asexual spore
CL:0000606,macroconidium
CL:0000607,ascospore
CL:0000608,zygospore
CL:0000609,vestibular hair cell
CL:0000610,obsolete plant cell
CL:0000611,eosinophil progenitor cell
CL:0000612,eosinophilic myelocyte
CL:0000613,basophil progenitor cell
CL:0000614,basophilic myelocyte
CL:0000615,basidiospore
CL:0000616,obsolete sporangiospore
CL:0000617,GABAergic neuron
CL:0000618,sheath cell
CL:0000619,supporting cell (sensu Nematoda)
CL:0000620,obsolete zoospore
CL:0000621,fusion competent myoblast
CL:0000622,acinar cell
CL:0000623,natural killer cell
CL:0000624,"CD4-positive, alpha-beta T cell"
CL:0000625,"CD8-positive, alpha-beta T cell"
CL:0000626,olfactory granule cell
CL:0000627,obsolete transporting cell
CL:0000628,photosynthetic cell
CL:0000629,storage cell
CL:0000630,supporting cell
CL:0000631,labyrinth supporting cell
CL:0000632,hepatic stellate cell
CL:0000633,Hensen cell
CL:0000634,Claudius cell
CL:0000635,Deiter's cell
CL:0000636,Mueller cell
CL:0000637,chromophil cell of anterior pituitary gland
CL:0000638,acidophil cell of pars distalis of adenohypophysis
CL:0000639,basophil cell of pars distalis of adenohypophysis
CL:0000641,chromophobe cell
CL:0000642,folliculostellate cell
CL:0000644,Bergmann glial cell
CL:0000645,pituicyte
CL:0000646,basal cell
CL:0000647,multinucleated giant cell
CL:0000648,kidney granular cell
CL:0000649,spinous cell of epidermis
CL:0000650,mesangial cell
CL:0000651,obsolete mucous neck cell
CL:0000652,pinealocyte
CL:0000653,podocyte
CL:0000654,primary oocyte
CL:0000655,secondary oocyte
CL:0000656,primary spermatocyte
CL:0000657,secondary spermatocyte
CL:0000658,cuticle secreting cell
CL:0000659,eggshell secreting cell
CL:0000660,glycocalyx secreting cell
CL:0000661,distal tip cell (sensu Nematoda)
CL:0000662,neuroglioblast (sensu Nematoda)
CL:0000663,obsolete valve cell
CL:0000664,obsolete closable valve cell
CL:0000665,obsolete permanently open valve cell
CL:0000666,fenestrated endothelial cell
CL:0000667,collagen secreting cell
CL:0000668,obsolete parenchymal cell
CL:0000669,pericyte
CL:0000670,primordial germ cell
CL:0000671,centripetally migrating follicle cell
CL:0000672,obsolete tracheary element
CL:0000673,Kenyon cell
CL:0000674,interfollicle cell
CL:0000675,female gamete
CL:0000676,cap cell
CL:0000677,gut absorptive cell
CL:0000678,commissural neuron
CL:0000679,glutamatergic neuron
CL:0000680,muscle precursor cell
CL:0000681,radial glial cell
CL:0000682,M cell of gut
CL:0000683,ependymoglial cell
CL:0000684,littoral cell of liver
CL:0000685,obsolete meristematic cell
CL:0000686,cerebrospinal fluid secreting cell
CL:0000687,R1 photoreceptor cell
CL:0000688,perijunctional fibroblast
CL:0000689,myoendocrine cell
CL:0000690,R2 photoreceptor cell
CL:0000691,stellate interneuron
CL:0000692,terminal Schwann cell
CL:0000693,neurogliaform cell
CL:0000694,R3 photoreceptor cell
CL:0000695,Cajal-Retzius cell
CL:0000696,PP cell
CL:0000697,R4 photoreceptor cell
CL:0000698,obsolete paraganglial cell
CL:0000699,paraganglial type 1 cell
CL:0000700,dopaminergic neuron
CL:0000701,paraganglia type 2 cell
CL:0000702,R5 photoreceptor cell
CL:0000703,sustentacular cell
CL:0000704,endothelial tip cell
CL:0000705,R6 photoreceptor cell
CL:0000706,choroid plexus epithelial cell
CL:0000707,R7 photoreceptor cell
CL:0000708,leptomeningeal cell
CL:0000709,R8 photoreceptor cell
CL:0000710,neurecto-epithelial cell
CL:0000711,cumulus granulosa cell
CL:0000712,stratum granulosum cell
CL:0000713,corona radiata cell
CL:0000715,embryonic crystal cell
CL:0000716,lymph gland crystal cell
CL:0000717,obsolete fusimotor neuron
CL:0000718,compound eye cone cell
CL:0000719,posterior cone cell (sensu Endopterygota)
CL:0000720,anterior cone cell (sensu Endopterygota)
CL:0000721,equatorial cone cell (sensu Endopterygota)
CL:0000722,cystoblast
CL:0000723,somatic stem cell
CL:0000724,heterocyst
CL:0000725,nitrogen fixing cell
CL:0000726,chlamydospore
CL:0000727,obsolete primary pigment cell
CL:0000728,obsolete secondary pigment cell
CL:0000729,obsolete tertiary pigment cell
CL:0000730,leading edge cell
CL:0000731,urothelial cell
CL:0000732,amoeboid cell
CL:0000733,lymph gland plasmatocyte
CL:0000734,obsolete embryonic gland plasmatocyte
CL:0000735,lymph gland hemocyte
CL:0000736,obsolete embryonic gland hemocyte
CL:0000737,striated muscle cell
CL:0000738,leukocyte
CL:0000740,retinal ganglion cell
CL:0000741,spinal accessory motor neuron
CL:0000742,periarticular chondrocyte
CL:0000743,hypertrophic chondrocyte
CL:0000744,columnar chondrocyte
CL:0000745,retina horizontal cell
CL:0000746,cardiac muscle cell
CL:0000747,cyanophore
CL:0000748,retinal bipolar neuron
CL:0000749,ON-bipolar cell
CL:0000750,OFF-bipolar cell
CL:0000751,rod bipolar cell
CL:0000752,cone retinal bipolar cell
CL:0000753,type 1 cone bipolar cell (sensu Mus)
CL:0000754,type 2 cone bipolar cell (sensu Mus)
CL:0000755,type 3 cone bipolar cell (sensu Mus)
CL:0000756,type 4 cone bipolar cell (sensu Mus)
CL:0000757,type 5 cone bipolar cell (sensu Mus)
CL:0000758,type 6 cone bipolar cell (sensu Mus)
CL:0000759,type 7 cone bipolar cell (sensu Mus)
CL:0000760,type 8 cone bipolar cell (sensu Mus)
CL:0000761,type 9 cone bipolar cell (sensu Mus)
CL:0000762,nucleated thrombocyte
CL:0000763,myeloid cell
CL:0000764,erythroid lineage cell
CL:0000765,erythroblast
CL:0000766,myeloid leukocyte
CL:0000767,basophil
CL:0000768,immature basophil
CL:0000769,basophilic metamyelocyte
CL:0000770,band form basophil
CL:0000771,eosinophil
CL:0000772,immature eosinophil
CL:0000773,eosinophilic metamyelocyte
CL:0000774,band form eosinophil
CL:0000775,neutrophil
CL:0000776,immature neutrophil
CL:0000777,mesangial phagocyte
CL:0000778,mononuclear osteoclast
CL:0000779,multinuclear osteoclast
CL:0000780,multinuclear odontoclast
CL:0000781,mononuclear odontoclast
CL:0000782,myeloid dendritic cell
CL:0000783,multinucleated phagocyte
CL:0000784,plasmacytoid dendritic cell
CL:0000785,mature B cell
CL:0000786,plasma cell
CL:0000787,memory B cell
CL:0000788,naive B cell
CL:0000789,alpha-beta T cell
CL:0000790,immature alpha-beta T cell
CL:0000791,mature alpha-beta T cell
CL:0000792,"CD4-positive, CD25-positive, alpha-beta regulatory T cell"
CL:0000793,"CD4-positive, alpha-beta intraepithelial T cell"
CL:0000794,"CD8-positive, alpha-beta cytotoxic T cell"
CL:0000795,"CD8-positive, alpha-beta regulatory T cell"
CL:0000796,"CD8-alpha-beta-positive, alpha-beta intraepithelial T cell"
CL:0000797,alpha-beta intraepithelial T cell
CL:0000798,gamma-delta T cell
CL:0000799,immature gamma-delta T cell
CL:0000800,mature gamma-delta T cell
CL:0000801,gamma-delta intraepithelial T cell
CL:0000802,"CD8-alpha alpha positive, gamma-delta intraepithelial T cell"
CL:0000803,CD4-negative CD8-negative gamma-delta intraepithelial T cell
CL:0000805,immature single positive thymocyte
CL:0000806,DN2 thymocyte
CL:0000807,DN3 thymocyte
CL:0000808,DN4 thymocyte
CL:0000809,"double-positive, alpha-beta thymocyte"
CL:0000810,"CD4-positive, alpha-beta thymocyte"
CL:0000811,"CD8-positive, alpha-beta thymocyte"
CL:0000813,memory T cell
CL:0000814,mature NK T cell
CL:0000815,regulatory T cell
CL:0000816,immature B cell
CL:0000817,precursor B cell
CL:0000818,transitional stage B cell
CL:0000819,B-1 B cell
CL:0000820,B-1a B cell
CL:0000821,B-1b B cell
CL:0000822,B-2 B cell
CL:0000823,immature natural killer cell
CL:0000824,mature natural killer cell
CL:0000825,pro-NK cell
CL:0000826,pro-B cell
CL:0000827,pro-T cell
CL:0000828,thromboblast
CL:0000829,basophilic myeloblast
CL:0000830,basophilic promyelocyte
CL:0000831,mast cell progenitor
CL:0000832,eosinophilic myeloblast
CL:0000833,eosinophilic promyelocyte
CL:0000834,neutrophil progenitor cell
CL:0000835,myeloblast
CL:0000836,promyelocyte
CL:0000837,hematopoietic multipotent progenitor cell
CL:0000838,lymphoid lineage restricted progenitor cell
CL:0000839,myeloid lineage restricted progenitor cell
CL:0000840,immature conventional dendritic cell
CL:0000841,mature conventional dendritic cell
CL:0000842,mononuclear leukocyte
CL:0000843,follicular B cell
CL:0000844,germinal center B cell
CL:0000845,marginal zone B cell of spleen
CL:0000846,vestibular dark cell
CL:0000847,ciliated olfactory receptor neuron
CL:0000848,microvillous olfactory receptor neuron
CL:0000849,crypt olfactory receptor neuron
CL:0000850,serotonergic neuron
CL:0000851,neuromast mantle cell
CL:0000852,neuromast supporting cell
CL:0000853,olfactory epithelial supporting cell
CL:0000854,interneuromast cell
CL:0000855,sensory hair cell
CL:0000856,neuromast hair cell
CL:0000857,slow muscle myoblast
CL:0000858,fast muscle myoblast
CL:0000860,classical monocyte
CL:0000861,elicited macrophage
CL:0000862,suppressor macrophage
CL:0000863,inflammatory macrophage
CL:0000864,tissue-resident macrophage
CL:0000865,gastrointestinal tract (lamina propria) macrophage
CL:0000866,thymic macrophage
CL:0000867,secondary lymphoid organ macrophage
CL:0000868,lymph node macrophage
CL:0000869,tonsillar macrophage
CL:0000870,Peyer's patch macrophage
CL:0000871,splenic macrophage
CL:0000872,splenic marginal zone macrophage
CL:0000873,splenic metallophillic macrophage
CL:0000874,splenic red pulp macrophage
CL:0000875,non-classical monocyte
CL:0000876,splenic white pulp macrophage
CL:0000877,splenic tingible body macrophage
CL:0000878,central nervous system macrophage
CL:0000879,meningeal macrophage
CL:0000880,choroid plexus macrophage
CL:0000881,perivascular macrophage
CL:0000882,thymic medullary macrophage
CL:0000883,thymic cortical macrophage
CL:0000884,mucosa-associated lymphoid tissue macrophage
CL:0000885,gut-associated lymphoid tissue macrophage
CL:0000886,nasal and broncial associated lymphoid tissue macrophage
CL:0000887,lymph node subcapsular sinus macrophage
CL:0000888,lymph node tingible body macrophage
CL:0000889,myeloid suppressor cell
CL:0000890,alternatively activated macrophage
CL:0000891,foam cell
CL:0000892,smooth muscle cell derived foam cell
CL:0000893,thymocyte
CL:0000894,DN1 thymic pro-T cell
CL:0000895,"naive thymus-derived CD4-positive, alpha-beta T cell"
CL:0000896,"activated CD4-positive, alpha-beta T cell"
CL:0000897,"CD4-positive, alpha-beta memory T cell"
CL:0000898,naive T cell
CL:0000899,T-helper 17 cell
CL:0000900,"naive thymus-derived CD8-positive, alpha-beta T cell"
CL:0000901,Tr1 cell
CL:0000902,induced T-regulatory cell
CL:0000903,natural T-regulatory cell
CL:0000904,"central memory CD4-positive, alpha-beta T cell"
CL:0000905,"effector memory CD4-positive, alpha-beta T cell"
CL:0000906,"activated CD8-positive, alpha-beta T cell"
CL:0000907,"central memory CD8-positive, alpha-beta T cell"
CL:0000908,"CD8-positive, alpha-beta cytokine secreting effector T cell"
CL:0000909,"CD8-positive, alpha-beta memory T cell"
CL:0000910,cytotoxic T cell
CL:0000911,effector T cell
CL:0000912,helper T cell
CL:0000913,"effector memory CD8-positive, alpha-beta T cell"
CL:0000914,immature NK T cell
CL:0000915,"CD8-alpha-alpha-positive, alpha-beta intraepithelial T cell"
CL:0000916,dendritic epidermal T cell
CL:0000917,Tc1 cell
CL:0000918,Tc2 cell
CL:0000919,"CD8-positive, CD25-positive, alpha-beta regulatory T cell"
CL:0000920,"CD8-positive, CD28-negative, alpha-beta regulatory T cell"
CL:0000921,type I NK T cell
CL:0000922,type II NK T cell
CL:0000923,CD4-positive type I NK T cell
CL:0000924,"CD4-negative, CD8-negative type I NK T cell"
CL:0000925,activated CD4-positive type I NK T cell
CL:0000926,CD4-positive type I NK T cell secreting interferon-gamma
CL:0000927,CD4-positive type I NK T cell secreting interleukin-4
CL:0000928,"activated CD4-negative, CD8-negative type I NK T cell"
CL:0000929,"CD4-negative, CD8-negative type I NK T cell secreting interferon-gamma"
CL:0000930,"CD4-negative, CD8-negative type I NK T cell secreting interleukin-4"
CL:0000931,activated type II NK T cell
CL:0000932,type II NK T cell secreting interferon-gamma
CL:0000933,type II NK T cell secreting interleukin-4
CL:0000934,"CD4-positive, alpha-beta cytotoxic T cell"
CL:0000935,"CD4-negative, CD8-negative, alpha-beta intraepithelial T cell"
CL:0000936,early lymphoid progenitor
CL:0000937,pre-natural killer cell
CL:0000938,"CD16-negative, CD56-bright natural killer cell, human"
CL:0000939,"CD16-positive, CD56-dim natural killer cell, human"
CL:0000940,mucosal-associated invariant T cell
CL:0000941,thymic conventional dendritic cell
CL:0000942,thymic plasmacytoid dendritic cell
CL:0000943,Be1 Cell
CL:0000944,Be2 cell
CL:0000945,lymphocyte of B lineage
CL:0000946,antibody secreting cell
CL:0000947,IgE plasma cell
CL:0000948,IgE memory B cell
CL:0000949,IgD plasmablast
CL:0000950,IgE plasmablast
CL:0000951,IgE short lived plasma cell
CL:0000952,preBCR-positive large pre-B-II cell
CL:0000953,preBCR-negative large pre-B-II cell
CL:0000954,small pre-B-II cell
CL:0000955,pre-B-II cell
CL:0000956,pre-B-I cell
CL:0000957,large pre-B-II cell
CL:0000958,T1 B cell
CL:0000959,T2 B cell
CL:0000960,T3 B cell
CL:0000961,Bm1 B cell
CL:0000962,Bm2 B cell
CL:0000963,Bm3-delta B cell
CL:0000964,Bm2' B cell
CL:0000965,Bm3 B cell
CL:0000966,Bm4 B cell
CL:0000967,Bm5 B cell
CL:0000968,Be cell
CL:0000969,regulatory B cell
CL:0000970,unswitched memory B cell
CL:0000971,IgM memory B cell
CL:0000972,class switched memory B cell
CL:0000973,IgA memory B cell
CL:0000974,long lived plasma cell
CL:0000975,short lived plasma cell
CL:0000976,IgA short lived plasma cell
CL:0000977,IgG short lived plasma cell
CL:0000978,IgM short lived plasma cell
CL:0000979,IgG memory B cell
CL:0000980,plasmablast
CL:0000981,double negative memory B cell
CL:0000982,IgG plasmablast
CL:0000983,IgM plasmablast
CL:0000984,IgA plasmablast
CL:0000985,IgG plasma cell
CL:0000986,IgM plasma cell
CL:0000987,IgA plasma cell
CL:0000988,hematopoietic cell
CL:0000989,CD11c-low plasmacytoid dendritic cell
CL:0000990,conventional dendritic cell
CL:0000991,CD11c-negative plasmacytoid dendritic cell
CL:0000992,immature CD11c-low plasmacytoid dendritic cell
CL:0000993,mature CD11c-low plasmacytoid dendritic cell
CL:0000994,immature CD11c-negative plasmacytoid dendritic cell
CL:0000995,"CD34-positive, CD38-positive common myeloid progenitor OR CD34-positive, CD38-positive common lymphoid progenitor"
CL:0000996,mature CD11c-negative plasmacytoid dendritic cell
CL:0000997,immature CD8-alpha-negative CD11b-positive dendritic cell
CL:0000998,CD8-alpha-negative CD11b-negative dendritic cell
CL:0000999,CD4-positive CD11b-positive dendritic cell
CL:0001000,CD8-alpha-positive CD11b-negative dendritic cell
CL:0001001,immature CD8-alpha-negative CD11b-negative dendritic cell
CL:0001002,mature CD8-alpha-negative CD11b-negative dendritic cell
CL:0001003,mature CD8-alpha-negative CD11b-positive dendritic cell
CL:0001004,immature CD8-alpha-positive CD11b-negative dendritic cell
CL:0001005,mature CD8-alpha-positive CD11b-negative dendritic cell
CL:0001006,dermal dendritic cell
CL:0001007,interstitial dendritic cell
CL:0001008,Kit and Sca1-positive hematopoietic stem cell
CL:0001009,immature dermal dendritic cell
CL:0001010,mature dermal dendritic cell
CL:0001011,immature interstitial dendritic cell
CL:0001012,CD7-negative lymphoid progenitor OR granulocyte monocyte progenitor
CL:0001013,mature interstitial dendritic cell
CL:0001014,CD1a-positive Langerhans cell
CL:0001015,CD8-alpha-low Langerhans cell
CL:0001016,immature CD1a-positive Langerhans cell
CL:0001017,mature CD1a-positive Langerhans cell
CL:0001018,immature CD8-alpha-low Langerhans cell
CL:0001019,CD115-positive monocyte OR common dendritic progenitor
CL:0001020,mature CD8-alpha-low Langerhans cell
CL:0001021,"CD34-positive, CD38-positive common lymphoid progenitor"
CL:0001022,CD115-positive monocyte
CL:0001023,"Kit-positive, CD34-positive common myeloid progenitor"
CL:0001024,"CD34-positive, CD38-negative hematopoietic stem cell"
CL:0001025,"Kit-positive, Sca1-positive common lymphoid progenitor"
CL:0001026,"CD34-positive, CD38-positive common myeloid progenitor"
CL:0001027,CD7-negative lymphoid progenitor cell
CL:0001028,CD7-positive lymphoid progenitor cell
CL:0001029,common dendritic progenitor
CL:0001030,CD117-positive common myeloid progenitor OR CD217-positive common lymphoid progenitor
CL:0001031,cerebellar granule cell
CL:0001032,cortical granule cell
CL:0001033,hippocampal granule cell
CL:0001034,cell in vitro
CL:0001035,bone cell
CL:0001039,terminally differentiated osteoblast
CL:0001040,non-terminally differentiated osteoblast
CL:0001041,"CD8-positive, CXCR3-positive, alpha-beta regulatory T cell"
CL:0001042,T-helper 22 cell
CL:0001043,"activated CD4-positive, alpha-beta T cell, human"
CL:0001044,"effector CD4-positive, alpha-beta T cell"
CL:0001045,naive CCR4-positive regulatory T cell
CL:0001046,memory CCR4-positive regulatory T cell
CL:0001047,"CD4-positive, CD25-positive, CCR4-positive, alpha-beta regulatory T cell"
CL:0001048,"activated CD4-positive, CD25-positive, CCR4-positive, alpha-beta regulatory T cell, human"
CL:0001049,"activated CD8-positive, alpha-beta T cell, human"
CL:0001050,"effector CD8-positive, alpha-beta T cell"
CL:0001051,"CD4-positive, CXCR3-negative, CCR6-negative, alpha-beta T cell"
CL:0001052,"CD8-positive, CXCR3-negative, CCR6-negative, alpha-beta T cell"
CL:0001053,IgD-negative memory B cell
CL:0001054,CD14-positive monocyte
CL:0001055,"CD14-positive, CD16-low monocyte"
CL:0001056,"dendritic cell, human"
CL:0001057,"myeloid dendritic cell, human"
CL:0001058,"plasmacytoid dendritic cell, human"
CL:0001059,"common myeloid progenitor, CD34-positive"
CL:0001060,"hematopoietic oligopotent progenitor cell, lineage-negative"
CL:0001061,abnormal cell
CL:0001062,"effector memory CD8-positive, alpha-beta T cell, terminally differentiated"
CL:0001063,neoplastic cell
CL:0001064,malignant cell
CL:0001065,innate lymphoid cell
CL:0001066,"erythroid progenitor cell, mammalian"
CL:0001067,group 1 innate lymphoid cell
CL:0001068,ILC1
CL:0001069,group 2 innate lymphoid cell
CL:0001070,beige adipocyte
CL:0001071,group 3 innate lymphoid cell
CL:0001072,"CD34-negative, CD117-positive innate lymphoid cell, human"
CL:0001073,"CD34-negative, CD56-positive, CD117-positive innate lymphoid cell, human"
CL:0001074,"CD34-positive, CD56-positive, CD117-positive common innate lymphoid precursor, human"
CL:0001075,"KLRG1-positive innate lymphoid cell, human"
CL:0001076,"NKp46-positive innate lymphoid cell, human"
CL:0001077,"ILC1, human"
CL:0001078,"group 3 innate lymphoid cell, human"
CL:0001079,"NKp44-positive group 3 innate lymphoid cell, human"
CL:0001080,"NKp44-negative group 3 innate lymphoid cell, human"
CL:0001081,"group 2 innate lymphoid cell, human"
CL:0001082,immature innate lymphoid cell
CL:0001087,"effector memory CD4-positive, alpha-beta T cell, terminally differentiated"
CL:0001200,"lymphocyte of B lineage, CD19-positive"
CL:0001201,"B cell, CD19-positive"
CL:0001202,CD86-positive plasmablast
CL:0001203,"CD8-positive, alpha-beta memory T cell, CD45RO-positive"
CL:0001204,"CD4-positive, alpha-beta memory T cell, CD45RO-positive"
CL:0001658,visual pigment cell (sensu Nematoda and Protostomia)
CL:0002000,Kit-positive erythroid progenitor cell
CL:0002001,"CD34-positive, CD38-positive granulocyte monocyte progenitor"
CL:0002002,Kit-positive granulocyte monocyte progenitor
CL:0002003,"CD34-positive, GlyA-negative erythroid progenitor cell"
CL:0002004,"CD34-negative, GlyA-negative proerythroblast"
CL:0002005,"CD34-positive, CD38-positive megakaryocyte erythroid progenitor cell"
CL:0002006,"Kit-positive, CD34-negative megakaryocyte erythroid progenitor cell"
CL:0002007,"Kit-low, CD34-positive eosinophil progenitor cell"
CL:0002008,"CD34-positive, CD38-positive eosinophil progenitor cell"
CL:0002009,macrophage dendritic cell progenitor
CL:0002010,pre-conventional dendritic cell
CL:0002011,Kit-positive macrophage dendritic cell progenitor
CL:0002012,Kit-low proerythroblast
CL:0002013,GlyA-positive basophilic erythroblast
CL:0002014,"Kit-negative, Ly-76 high basophilic erythroblast"
CL:0002015,"Kit-negative, Ly-76 high polychromatophilic erythroblast"
CL:0002016,"CD71-low, GlyA-positive polychromatic erythroblast"
CL:0002017,"Kit-negative, Ly-76 high orthochromatophilic erythroblasts"
CL:0002018,"CD71-negative, GlyA-positive orthochromatic erythroblast"
CL:0002019,Ly-76 high reticulocyte
CL:0002020,GlyA-positive reticulocytes
CL:0002021,GlyA-positive erythrocyte
CL:0002022,Ly-76 high positive erythrocyte
CL:0002023,"CD34-positive, CD41-positive, CD42-positive megakaryocyte progenitor cell"
CL:0002024,Kit-positive megakaryocyte progenitor cell
CL:0002025,"CD34-positive, CD41-positive, CD42-negative megakaryocyte progenitor cell"
CL:0002026,"CD34-negative, CD41-positive, CD42-positive megakaryocyte cell"
CL:0002027,"CD9-positive, CD41-positive megakaryocyte cell"
CL:0002028,basophil mast progenitor cell
CL:0002029,Fc-epsilon RIalpha-low mast cell progenitor
CL:0002030,Fc-epsilon RIalpha-high basophil progenitor cell
CL:0002031,hematopoietic lineage restricted progenitor cell
CL:0002032,hematopoietic oligopotent progenitor cell
CL:0002033,short term hematopoietic stem cell
CL:0002034,long term hematopoietic stem cell
CL:0002035,Slamf1-negative multipotent progenitor cell
CL:0002036,Slamf1-positive multipotent progenitor cell
CL:0002037,"CD2-positive, CD5-positive, CD44-positive alpha-beta intraepithelial T cell"
CL:0002038,T follicular helper cell
CL:0002039,"immature NK T cell stage I, mouse"
CL:0002040,"immature NK T cell stage II, mouse"
CL:0002041,"immature NK T cell stage III, mouse"
CL:0002042,"immature NK T cell stage IV, mouse"
CL:0002043,"CD34-positive, CD38-negative multipotent progenitor cell"
CL:0002044,"Kit-positive, integrin beta7-high basophil mast progenitor cell"
CL:0002045,fraction A pre-pro B cell
CL:0002046,early pro-B cell
CL:0002047,fraction B precursor B cell
CL:0002048,late pro-B cell
CL:0002049,fraction C precursor B cell
CL:0002050,fraction C' precursor B cell
CL:0002051,CD38-high pre-BCR positive cell
CL:0002052,fraction D precursor B cell
CL:0002053,"CD22-positive, CD38-low small pre-B cell"
CL:0002054,fraction E immature B cell
CL:0002055,CD38-negative immature B cell
CL:0002056,fraction F mature B cell
CL:0002057,"CD14-positive, CD16-negative classical monocyte"
CL:0002058,Gr1-low non-classical monocyte
CL:0002059,CD8-alpha-positive thymic conventional dendritic cell
CL:0002060,melanophage
CL:0002061,T-helper 9 cell
CL:0002062,pulmonary alveolar type 1 cell
CL:0002063,pulmonary alveolar type 2 cell
CL:0002064,pancreatic acinar cell
CL:0002066,Feyrter cell
CL:0002067,type A enteroendocrine cell
CL:0002068,Purkinje myocyte
CL:0002069,type II vestibular sensory cell
CL:0002070,type I vestibular sensory cell
CL:0002071,enterocyte of epithelium of large intestine
CL:0002072,nodal myocyte
CL:0002073,transitional myocyte
CL:0002074,myocardial endocrine cell
CL:0002075,brush cell of tracheobronchial tree
CL:0002076,endo-epithelial cell
CL:0002077,ecto-epithelial cell
CL:0002078,meso-epithelial cell
CL:0002079,pancreatic ductal cell
CL:0002080,pancreatic centro-acinar cell
CL:0002081,type II cell of carotid body
CL:0002082,type II cell of adrenal medulla
CL:0002083,type I cell of adrenal medulla
CL:0002084,Boettcher cell
CL:0002085,tanycyte
CL:0002086,specialized cardiac myocyte
CL:0002087,nongranular leukocyte
CL:0002088,interstitial cell of Cajal
CL:0002089,"group 2 innate lymphoid cell, mouse"
CL:0002090,polar body
CL:0002091,primary polar body
CL:0002092,bone marrow cell
CL:0002093,secondary polar body
CL:0002094,interstitial cell of ovary
CL:0002095,hilus cell of ovary
CL:0002096,internodal tract myocyte
CL:0002097,cortical cell of adrenal gland
CL:0002098,regular cardiac myocyte
CL:0002099,type I cell of adrenal cortex
CL:0002100,regular interventricular cardiac myocyte
CL:0002101,CD38-positive naive B cell
CL:0002102,CD38-negative naive B cell
CL:0002103,IgG-positive double negative memory B cell
CL:0002104,IgG-negative double negative memory B cell
CL:0002105,CD38-positive IgG memory B cell
CL:0002106,IgD-positive CD38-positive IgG memory B cell
CL:0002107,IgD-negative CD38-positive IgG memory B cell
CL:0002108,CD38-negative IgG memory B cell
CL:0002109,B220-positive CD38-positive naive B cell
CL:0002110,B220-low CD38-positive naive B cell
CL:0002111,CD38-negative unswitched memory B cell
CL:0002112,B220-positive CD38-negative unswitched memory B cell
CL:0002113,B220-low CD38-negative unswitched memory B cell
CL:0002114,CD38-positive unswitched memory B cell
CL:0002115,B220-positive CD38-positive unswitched memory B cell
CL:0002116,B220-low CD38-positive unswitched memory B cell
CL:0002117,IgG-negative class switched memory B cell
CL:0002118,CD38-negative IgG-negative class switched memory B cell
CL:0002119,CD38-positive IgG-negative class switched memory B cell
CL:0002120,CD24-positive CD38-negative IgG-negative class switched memory B cell
CL:0002121,CD24-negative CD38-negative IgG-negative class switched memory B cell
CL:0002122,B220-positive CD38-positive IgG-negative class switched memory B cell
CL:0002123,B220-low CD38-positive IgG-negative class switched memory B cell
CL:0002124,CD27-positive gamma-delta T cell
CL:0002125,CD27-negative gamma-delta T cell
CL:0002126,"CD25-positive, CD27-positive immature gamma-delta T cell"
CL:0002127,innate effector T cell
CL:0002128,Tc17 cell
CL:0002129,regular atrial cardiac myocyte
CL:0002130,regular interatrial cardiac myocyte
CL:0002131,regular ventricular cardiac myocyte
CL:0002132,stromal cell of ovary
CL:0002133,stromal cell of ovarian cortex
CL:0002134,stromal cell of ovarian medulla
CL:0002135,nonkeratinized cell of epidermis
CL:0002136,type II cell of adrenal cortex
CL:0002137,type III cell of adrenal cortex
CL:0002138,endothelial cell of lymphatic vessel
CL:0002139,endothelial cell of vascular tree
CL:0002140,skin sebocyte
CL:0002141,active chief cell of parathyroid gland
CL:0002142,dark cell of eccrine sweat gland
CL:0002143,dark chief cell of parathyroid gland
CL:0002144,capillary endothelial cell
CL:0002145,multiciliated columnar cell of tracheobronchial tree
CL:0002146,clear cell of eccrine sweat gland
CL:0002147,clear chief cell of parathyroid gland
CL:0002148,dental pulp cell
CL:0002149,epithelial cell of uterus
CL:0002150,epithelioid macrophage
CL:0002151,late promyelocyte
CL:0002152,columnar cell of endocervix
CL:0002153,corneocyte
CL:0002154,early promyelocyte
CL:0002155,echinocyte
CL:0002157,endosteal cell
CL:0002158,external epithelial cell of tympanic membrane
CL:0002159,general ecto-epithelial cell
CL:0002160,basal external epithelial cell of tympanic membrane
CL:0002161,superficial external epithelial cell of tympanic membrane
CL:0002162,internal epithelial cell of tympanic membrane
CL:0002163,internal pillar cell of cochlea
CL:0002164,external pillar cell of cochlea
CL:0002165,phalangeal cell
CL:0002166,epithelial cell of Malassez
CL:0002167,olfactory epithelial cell
CL:0002168,border cell of cochlea
CL:0002169,basal cell of olfactory epithelium
CL:0002170,keratinized cell of the oral mucosa
CL:0002171,globose cell of olfactory epithelium
CL:0002172,interdental cell of cochlea
CL:0002173,extraglomerular mesangial cell
CL:0002174,follicular cell of ovary
CL:0002175,primary follicular cell of ovary
CL:0002176,secondary follicular cell of ovary
CL:0002177,folliculostellate cell of pars distalis of adenohypophysis
CL:0002178,epithelial cell of stomach
CL:0002179,foveolar cell of stomach
CL:0002180,mucous cell of stomach
CL:0002181,mucous neck cell of gastric gland
CL:0002182,obsolete surface mucosal cell of stomach
CL:0002183,stem cell of gastric gland
CL:0002184,basal proper cell of olfactory epithelium
CL:0002187,basal cell of epidermis
CL:0002188,glomerular endothelial cell
CL:0002189,granular cell of epidermis
CL:0002190,squamous cell of epidermis
CL:0002191,granulocytopoietic cell
CL:0002192,metamyelocyte
CL:0002193,myelocyte
CL:0002194,monopoietic cell
CL:0002195,hepatic stem cell
CL:0002196,hepatic oval stem cell
CL:0002197,inactive chief cell of parathyoid gland
CL:0002198,oncocyte
CL:0002199,oxyphil cell of parathyroid gland
CL:0002200,oxyphil cell of thyroid
CL:0002201,renal beta-intercalated cell
CL:0002202,epithelial cell of tracheobronchial tree
CL:0002203,tuft cell of large intestine
CL:0002204,tuft cell
CL:0002205,brush cell of lobular bronchiole
CL:0002206,brush cell of terminal bronchiole
CL:0002207,brush cell of trachea
CL:0002208,brush cell of bronchus
CL:0002209,intermediate epitheliocyte
CL:0002210,red muscle cell
CL:0002211,type I muscle cell
CL:0002212,type II muscle cell
CL:0002213,white muscle cell
CL:0002214,type IIa muscle cell
CL:0002215,type IIb muscle cell
CL:0002216,intermediate muscle cell
CL:0002217,intermediate trophoblast cell
CL:0002218,immature dendritic epithelial T cell precursor
CL:0002219,anchoring trophoblast
CL:0002220,interstitial cell of pineal gland
CL:0002221,keratinized squamous cell of esophagus
CL:0002222,vertebrate lens cell
CL:0002223,anterior lens cell
CL:0002224,lens epithelial cell
CL:0002225,secondary lens fiber
CL:0002226,non-nucleated secondary lens fiber
CL:0002227,nucleated secondary lens fiber
CL:0002228,primary lens fiber
CL:0002229,light chief cell of parathyroid gland
CL:0002231,epithelial cell of prostate
CL:0002232,epithelial cell of prostatic duct
CL:0002233,epithelial cell of prostatic acinus
CL:0002234,basal cell of prostatic acinus
CL:0002235,luminal cell of prostatic acinus
CL:0002236,basal epithelial cell of prostatic duct
CL:0002237,luminal epithelial cell of prostatic duct
CL:0002238,male gonocyte
CL:0002239,ooblast
CL:0002240,marrow fibroblast
CL:0002241,pulmonary interstitial fibroblast
CL:0002242,nucleate cell
CL:0002243,smooth muscle cell of sphincter of pupil
CL:0002244,squamous cell of ectocervix
CL:0002245,obsolete null lymphocyte
CL:0002246,peripheral blood stem cell
CL:0002247,pleural macrophage
CL:0002248,pluripotent stem cell
CL:0002249,primitive cardiac myocyte
CL:0002250,intestinal crypt stem cell
CL:0002251,epithelial cell of alimentary canal
CL:0002252,epithelial cell of esophagus
CL:0002253,epithelial cell of large intestine
CL:0002254,epithelial cell of small intestine
CL:0002255,stromal cell of endometrium
CL:0002256,supporting cell of carotid body
CL:0002257,epithelial cell of thyroid gland
CL:0002258,thyroid follicular cell
CL:0002259,neuroepithelial stem cell
CL:0002260,epithelial cell of parathyroid gland
CL:0002261,endothelial cell of viscerocranial mucosa
CL:0002262,endothelial cell of sinusoid
CL:0002263,transitional cell of parathyroid gland
CL:0002264,type A cell of stomach
CL:0002265,type D cell of colon
CL:0002266,type D cell of small intestine
CL:0002267,type D cell of stomach
CL:0002268,P/D1 enteroendocrine cell
CL:0002269,vasoactive intestinal peptide secreting cell
CL:0002270,type EC2 enteroendocrine cell
CL:0002271,type EC1 enteroendocrine cell
CL:0002272,motilin secreting cell
CL:0002273,type ECL enteroendocrine cell
CL:0002274,histamine secreting cell
CL:0002275,pancreatic PP cell
CL:0002276,obsolete PP cell of pancreatic acinus
CL:0002277,type I enteroendocrine cell
CL:0002278,GIP cell
CL:0002279,type L enteroendocrine cell
CL:0002280,type N enteroendocrine cell
CL:0002281,type S enteroendocrine cell
CL:0002282,type TG enteroendocrine cell
CL:0002283,ecto-epithelial cell of viscerocranial mucosa
CL:0002284,type X enteroendocrine cell
CL:0002285,type III taste bud cell
CL:0002286,type II taste cell
CL:0002287,type IV taste receptor cell
CL:0002288,type V taste receptor cell
CL:0002289,type I taste bud cell
CL:0002290,Y chromosome-bearing sperm cell
CL:0002291,X chromosome-bearing sperm cell
CL:0002292,type I cell of carotid body
CL:0002293,epithelial cell of thymus
CL:0002294,type-1 epithelial cell of thymus
CL:0002295,type-6 epithelial cell of thymus
CL:0002296,type-4 epithelial cell of thymus
CL:0002297,type-3 epithelial cell of thymus
CL:0002298,type-5 epithelial cell of thymus
CL:0002299,type-2 epithelial cell of thymus
CL:0002300,type-7 epithelial cell of thymus
CL:0002301,type B synovial cell
CL:0002302,type A synovial cell
CL:0002303,pigmented ciliary epithelial cell
CL:0002304,non-pigmented ciliary epithelial cell
CL:0002305,epithelial cell of distal tubule
CL:0002306,epithelial cell of proximal tubule
CL:0002307,brush border cell of the proximal tubule
CL:0002308,epithelial cell of skin gland
CL:0002309,corticotroph
CL:0002310,mammosomatotroph
CL:0002311,mammotroph
CL:0002312,somatotroph
CL:0002313,endocrine-paracrine cell of prostate gland
CL:0002314,external supporting cell of vestibular epithelium
CL:0002315,supporting cell of cochlea
CL:0002316,supporting cell of vestibular epithelium
CL:0002317,external limiting cell of vestibular epithelium
CL:0002318,peripheral blood mesothelial cell
CL:0002319,neural cell
CL:0002320,connective tissue cell
CL:0002321,embryonic cell (metazoa)
CL:0002322,embryonic stem cell
CL:0002323,amniocyte
CL:0002324,basal-myoepithelial cell of mammary gland
CL:0002325,lactocyte
CL:0002326,luminal epithelial cell of mammary gland
CL:0002327,mammary gland epithelial cell
CL:0002328,bronchial epithelial cell
CL:0002329,basal epithelial cell of tracheobronchial tree
CL:0002330,undifferentiated cell of bronchus epithelium
CL:0002332,multiciliated epithelial cell of the bronchus
CL:0002333,neural crest derived adipocyte
CL:0002334,preadipocyte
CL:0002335,brown preadipocyte
CL:0002336,buccal mucosa cell
CL:0002337,keratinocyte stem cell
CL:0002338,"CD56-positive, CD161-positive immature natural killer cell, human"
CL:0002339,prostate stem cell
CL:0002340,luminal cell of prostate epithelium
CL:0002341,basal cell of prostate epithelium
CL:0002342,circulating endothelial cell
CL:0002343,"decidual natural killer cell, human"
CL:0002344,"CD56-negative, CD161-positive immature natural killer cell, human"
CL:0002345,"CD27-low, CD11b-low immature natural killer cell, mouse"
CL:0002346,"Dx5-negative, NK1.1-positive immature natural killer cell, mouse"
CL:0002347,"CD27-high, CD11b-high natural killer cell, mouse"
CL:0002348,"CD27-low, CD11b-high natural killer cell, mouse"
CL:0002349,"CD27-high, CD11b-low natural killer cell, mouse"
CL:0002350,endocardial cell
CL:0002351,progenitor cell of endocrine pancreas
CL:0002352,gestational hematopoietic stem cell
CL:0002353,fetal liver hematopoietic progenitor cell
CL:0002354,yolk sac hematopoietic stem cell
CL:0002355,primitive red blood cell
CL:0002356,primitive reticulocyte
CL:0002357,fetal derived definitive erythrocyte
CL:0002358,pyrenocyte
CL:0002359,placental hematopoietic stem cell
CL:0002360,AGM hematopoietic stem cell
CL:0002361,primitive erythroid progenitor
CL:0002362,cerebellar granule cell precursor
CL:0002363,keratocyte
CL:0002364,cortical thymic epithelial cell
CL:0002365,medullary thymic epithelial cell
CL:0002366,myometrial cell
CL:0002367,trabecular meshwork cell
CL:0002368,respiratory tract epithelial cell
CL:0002369,fungal spore
CL:0002370,respiratory tract goblet cell
CL:0002371,obsolete somatic cell
CL:0002372,myotube
CL:0002373,growth hormone releasing hormone secreting cell
CL:0002374,ear hair cell
CL:0002375,Schwann cell precursor
CL:0002376,non-myelinating Schwann cell
CL:0002377,immature Schwann cell
CL:0002378,immature Vgamma2-positive fetal thymocyte
CL:0002379,meningothelial cell
CL:0002380,oospore
CL:0002381,uninucleate conidium
CL:0002382,multinucleate conidium
CL:0002383,conidium of conidiophore head
CL:0002384,uninucleate macroconidium
CL:0002385,blastoconidium
CL:0002386,multinucleate macroconidium
CL:0002387,arthroconidium
CL:0002388,multinucleate arthroconidium
CL:0002389,uninucleate arthroconidium
CL:0002390,uninucleate blastconidium
CL:0002391,multinucleate blastoconidium
CL:0002392,obsolete plant spore
CL:0002393,intermediate monocyte
CL:0002394,CD141-positive myeloid dendritic cell
CL:0002395,Gr1-high classical monocyte
CL:0002396,"CD14-low, CD16-positive monocyte"
CL:0002397,"CD14-positive, CD16-positive monocyte"
CL:0002398,"Gr1-positive, CD43-positive monocyte"
CL:0002399,CD1c-positive myeloid dendritic cell
CL:0002400,fraction B/C precursor B cell
CL:0002401,mature dendritic epithelial T cell precursor
CL:0002402,Peyer's patch B cell
CL:0002403,mature Vgamma2-positive fetal thymocyte
CL:0002404,fetal thymocyte
CL:0002405,gamma-delta thymocyte
CL:0002406,immature Vgamma2-positive thymocyte
CL:0002407,mature Vgamma2-positive thymocyte
CL:0002408,immature Vgamma2-negative thymocyte
CL:0002409,mature Vgamma2-negative thymocyte
CL:0002410,pancreatic stellate cell
CL:0002411,"Vgamma1.1-positive, Vdelta6.3-negative thymocyte"
CL:0002412,"Vgamma1.1-positive, Vdelta6.3-positive thymocyte"
CL:0002413,"mature Vgamma1.1-positive, Vdelta6.3-negative thymocyte"
CL:0002414,"immature Vgamma1.1-positive, Vdelta6.3-negative thymocyte"
CL:0002415,"immature Vgamma1.1-positive, Vdelta6.3-positive thymocyte"
CL:0002416,"mature Vgamma1.1-positive, Vdelta6.3-positive thymocyte"
CL:0002417,primitive erythroid lineage cell
CL:0002418,hemangioblast
CL:0002419,mature T cell
CL:0002420,immature T cell
CL:0002421,nucleated reticulocyte
CL:0002422,enucleated reticulocyte
CL:0002423,DN2a thymocyte
CL:0002424,DN2b thymocyte
CL:0002425,early T lineage precursor
CL:0002426,"CD11b-positive, CD27-positive natural killer cell, mouse"
CL:0002427,resting double-positive thymocyte
CL:0002428,double-positive blast
CL:0002429,CD69-positive double-positive thymocyte
CL:0002430,"CD4-intermediate, CD8-positive double-positive thymocyte"
CL:0002431,"CD4-positive, CD8-intermediate double-positive thymocyte"
CL:0002432,"CD24-positive, CD4 single-positive thymocyte"
CL:0002433,"CD69-positive, CD4-positive single-positive thymocyte"
CL:0002434,"CD24-positive, CD8 single-positive thymocyte"
CL:0002435,"CD69-positive, CD8-positive single-positive thymocyte"
CL:0002436,mature CD4 single-positive thymocyte
CL:0002437,mature CD8 single-positive thymocyte
CL:0002438,"NK1.1-positive natural killer cell, mouse"
CL:0002439,"NKGA2-positive natural killer cell, mouse"
CL:0002440,"Ly49D-positive natural killer cell, mouse"
CL:0002441,"CD94-positive natural killer cell, mouse"
CL:0002442,"CD94-negative, Ly49CI-negative natural killer cell, mouse"
CL:0002443,"Ly49CI-positive natural killer cell, mouse"
CL:0002444,"Ly49H-positive natural killer cell, mouse"
CL:0002445,"Ly49D-negative natural killer cell, mouse"
CL:0002446,"Ly49CI-negative natural killer cell, mouse"
CL:0002447,"CD94-negative natural killer cell, mouse"
CL:0002448,"Ly49H-negative natural killer cell, mouse"
CL:0002449,"CD94-positive Ly49CI-positive natural killer cell, mouse"
CL:0002450,tether cell
CL:0002451,mammary stem cell
CL:0002453,oligodendrocyte precursor cell
CL:0002454,"CD4-negative, CD8-alpha-negative, CD11b-positive dendritic cell"
CL:0002455,CD8-alpha-negative plasmacytoid dendritic cell
CL:0002456,CD8-alpha-positive plasmacytoid dendritic cell
CL:0002457,epidermal Langerhans cell
CL:0002458,langerin-positive dermal dendritic cell
CL:0002459,langerin-negative dermal dendritic cell
CL:0002460,CD8-alpha-negative thymic conventional dendritic cell
CL:0002461,CD103-positive dendritic cell
CL:0002462,adipose dendritic cell
CL:0002463,SIRPa-positive adipose dendritic cell
CL:0002464,SIRPa-negative adipose dendritic cell
CL:0002465,CD11b-positive dendritic cell
CL:0002466,small intestine serosal dendritic cell
CL:0002467,Gr1-high myeloid suppressor cell
CL:0002468,Gr1-low myeloid suppressor cell
CL:0002469,MHC-II-negative classical monocyte
CL:0002470,MHC-II-positive classical monocyte
CL:0002471,MHC-II-negative non-classical monocyte
CL:0002472,MHC-II-low non-classical monocyte
CL:0002473,MHC-II-high non-classical monocyte
CL:0002474,lymphoid MHC-II-negative classical monocyte
CL:0002475,lymphoid MHC-II-negative non-classical monocyte
CL:0002476,bone marrow macrophage
CL:0002477,adipose macrophage
CL:0002478,F4/80-negative adipose macrophage
CL:0002479,F4/80-positive adipose macrophage
CL:0002480,nasal mucosa goblet cell
CL:0002481,peritubular myoid cell
CL:0002482,dermal melanocyte
CL:0002483,hair follicle melanocyte
CL:0002484,epithelial melanocyte
CL:0002485,retinal melanocyte
CL:0002486,strial intermediate cell
CL:0002487,cutaneous/subcutaneous mechanoreceptor cell
CL:0002488,trophoblast giant cell
CL:0002489,double negative thymocyte
CL:0002490,organ of Corti supporting cell
CL:0002491,auditory epithelial cell
CL:0002492,strial marginal cell
CL:0002493,strial basal cell
CL:0002494,cardiocyte
CL:0002495,fetal cardiomyocyte
CL:0002496,intraepithelial lymphocyte
CL:0002497,primary trophoblast giant cell
CL:0002498,secondary trophoblast giant cell
CL:0002499,spongiotrophoblast cell
CL:0002500,P enteroendocrine cell
CL:0002501,type D1 enteroendocrine cell
CL:0002502,type M enteroendocrine cell
CL:0002503,adventitial cell
CL:0002504,enteric smooth muscle cell
CL:0002505,liver CD103-negative dendritic cell
CL:0002506,liver CD103-positive dendritic cell
CL:0002507,langerin-positive lymph node dendritic cell
CL:0002508,"langerin-negative, CD103-negative lymph node dendritic cell"
CL:0002509,"CD103-positive, langerin-positive lymph node dendritic cell"
CL:0002510,"CD103-negative, langerin-positive lymph node dendritic cell"
CL:0002511,"CD11b-low, CD103-negative, langerin-negative lymph node dendritic cell"
CL:0002512,"CD11b-high, CD103-negative, langerin-negative lymph node dendritic cell"
CL:0002513,Vgamma5-positive CD8-alpha alpha positive gamma-delta intraepithelial T cell
CL:0002514,Vgamma5-negative CD8-alpha alpha positive gamma-delta intraepithelial T cell
CL:0002515,interrenal norepinephrine type cell
CL:0002516,interrenal chromaffin cell
CL:0002517,interrenal epinephrin secreting cell
CL:0002518,kidney epithelial cell
CL:0002519,interrenal epithelial cell
CL:0002520,nephrocyte
CL:0002521,subcutaneous adipocyte
CL:0002522,renal filtration cell
CL:0002523,mesonephric podocyte
CL:0002524,disseminated nephrocyte
CL:0002525,metanephric podocyte
CL:0002526,CD14-positive dermal dendritic cell
CL:0002527,immature CD14-positive dermal dendritic cell
CL:0002528,mature CD14-positive dermal dendritic cell
CL:0002529,CD1a-positive dermal dendritic cell
CL:0002530,immature CD1a-positive dermal dendritic cell
CL:0002531,mature CD1a-positive dermal dendritic cell
CL:0002532,CD16-positive myeloid dendritic cell
CL:0002533,immature CD16-positive myeloid dendritic cell
CL:0002534,mature CD16-positive myeloid dendritic cell
CL:0002535,epithelial cell of cervix
CL:0002536,epithelial cell of amnion
CL:0002537,amnion mesenchymal stem cell
CL:0002538,intrahepatic cholangiocyte
CL:0002539,aortic smooth muscle cell
CL:0002540,mesenchymal stem cell of the bone marrow
CL:0002541,chorionic membrane mesenchymal stem cell
CL:0002543,vein endothelial cell
CL:0002544,aortic endothelial cell
CL:0002545,thoracic aorta endothelial cell
CL:0002546,embryonic blood vessel endothelial progenitor cell
CL:0002547,fibroblast of the aortic adventitia
CL:0002548,fibroblast of cardiac tissue
CL:0002549,fibroblast of choroid plexus
CL:0002550,fibroblast of the conjunctiva
CL:0002551,fibroblast of dermis
CL:0002552,fibroblast of gingiva
CL:0002553,fibroblast of lung
CL:0002554,fibroblast of lymphatic vessel
CL:0002555,fibroblast of mammary gland
CL:0002556,fibroblast of periodontium
CL:0002557,fibroblast of pulmonary artery
CL:0002558,fibroblast of villous mesenchyme
CL:0002559,hair follicle cell
CL:0002560,inner root sheath cell
CL:0002561,outer root sheath cell
CL:0002562,hair germinal matrix cell
CL:0002563,intestinal epithelial cell
CL:0002564,nucleus pulposus cell of intervertebral disc
CL:0002565,iris pigment epithelial cell
CL:0002566,dark melanocyte
CL:0002567,light melanocyte
CL:0002568,mesenchymal stem cell of Wharton's jelly
CL:0002569,mesenchymal stem cell of umbilical cord
CL:0002570,mesenchymal stem cell of adipose tissue
CL:0002571,hepatic mesenchymal stem cell
CL:0002572,vertebral mesenchymal stem cell
CL:0002573,Schwann cell
CL:0002574,stromal cell of pancreas
CL:0002575,central nervous system pericyte
CL:0002576,perineurial cell
CL:0002577,placental epithelial cell
CL:0002578,mesenteric preadipocyte
CL:0002579,omentum preadipocyte
CL:0002580,preadipocyte of the breast
CL:0002581,perirenal preadipocyte
CL:0002582,visceral preadipocyte
CL:0002583,subcutaneous preadipocyte
CL:0002584,renal cortical epithelial cell
CL:0002585,retinal blood vessel endothelial cell
CL:0002586,retinal pigment epithelial cell
CL:0002588,smooth muscle cell of the umbilical vein
CL:0002589,smooth muscle cell of the brachiocephalic vasculature
CL:0002590,smooth muscle cell of the brain vasculature
CL:0002591,smooth muscle cell of the pulmonary artery
CL:0002592,smooth muscle cell of the coronary artery
CL:0002593,smooth muscle cell of the internal thoracic artery
CL:0002594,smooth muscle cell of the umbilical artery
CL:0002595,smooth muscle cell of the subclavian artery
CL:0002596,smooth muscle cell of the carotid artery
CL:0002597,smooth muscle cell of bladder
CL:0002598,bronchial smooth muscle cell
CL:0002599,smooth muscle cell of the esophagus
CL:0002600,smooth muscle cell of trachea
CL:0002601,uterine smooth muscle cell
CL:0002602,annulus pulposus cell
CL:0002603,astrocyte of the cerebellum
CL:0002604,hippocampal astrocyte
CL:0002605,astrocyte of the cerebral cortex
CL:0002606,astrocyte of the spinal cord
CL:0002607,migratory enteric neural crest cell
CL:0002608,hippocampal neuron
CL:0002609,obsolete neuron of cerebral cortex
CL:0002610,raphe nuclei neuron
CL:0002611,neuron of the dorsal spinal cord
CL:0002612,neuron of the ventral spinal cord
CL:0002613,striatum neuron
CL:0002614,neuron of the substantia nigra
CL:0002615,adipocyte of omentum tissue
CL:0002616,perirenal adipocyte
CL:0002617,adipocyte of breast
CL:0002618,endothelial cell of umbilical vein
CL:0002619,adult endothelial progenitor cell
CL:0002620,skin fibroblast
CL:0002621,gingival epithelial cell
CL:0002622,prostate stromal cell
CL:0002623,acinar cell of salivary gland
CL:0002624,paneth cell of the appendix
CL:0002625,seminiferous tubule epithelial cell
CL:0002626,immature astrocyte
CL:0002627,mature astrocyte
CL:0002628,immature microglial cell
CL:0002629,mature microglial cell
CL:0002630,actinomycete-type spore
CL:0002631,epithelial cell of upper respiratory tract
CL:0002632,epithelial cell of lower respiratory tract
CL:0002633,respiratory basal cell
CL:0002634,epithelial cell of anal column
CL:0002635,nonkeratinized epithelial cell of anal column
CL:0002636,nonkeratinized epithelial cell of inferior part of anal canal
CL:0002637,keratinized epithelial cell of the anal canal
CL:0002638,bronchioalveolar stem cell
CL:0002639,amniotic stem cell
CL:0002640,amniotic epithelial stem cell
CL:0002641,epithelial cell of esophageal gland proper
CL:0002642,epithelial cell of esophageal cardiac gland
CL:0002643,nonkeratinized cell of stratum corneum of esophageal epithelium
CL:0002644,endo-epithelial cell of tympanic part of viscerocranial mucosa
CL:0002645,endo-epithelial cell of pharyngotympanic part of viscerocranial mucosa
CL:0002646,obsolete epithelial cell of buccal part of viscerocranial mucosa
CL:0002647,obsolete epithelial cell of anterior palatal part of viscerocranial mucosa
CL:0002648,obsolete epithelial cell of nasal part of viscerocranial mucosa
CL:0002649,obsolete epithelial cell of gingival part of viscerocranial mucosa
CL:0002650,obsolete epithelial cell of paranasal sinus part of viscerocranial mucosa
CL:0002651,endothelial cell of venous sinus of spleen
CL:0002652,endothelial cell of high endothelial venule
CL:0002653,squamous endothelial cell
CL:0002654,epithelial cell of stratum corneum of esophageal epithelium
CL:0002655,epithelial cell of stratum spinosum of esophageal epithelium
CL:0002656,glandular endometrial unciliated epithelial cell
CL:0002657,glandular cell of esophagus
CL:0002658,glandular cell of the large intestine
CL:0002659,glandular epithelial cell of stomach
CL:0002660,luminal cell of acinus of lactiferous gland
CL:0002661,luminal cell of lactiferous terminal ductal lobular unit
CL:0002662,luminal cell of lactiferous duct
CL:0002663,myocardial endocrine cell of atrium
CL:0002664,cardioblast
CL:0002665,otic fibrocyte
CL:0002666,type 2 otic fibrocyte
CL:0002667,type 5 otic fibrocyte
CL:0002668,type 4 otic fibrocyte
CL:0002669,type 3 otic fibrocyte
CL:0002670,type 1 otic fibrocyte
CL:0002671,endothelial stalk cell
CL:0002672,retinal progenitor cell
CL:0002673,tongue muscle cell
CL:0002674,H minus
CL:0002675,H plus
CL:0002676,neural crest derived neuroblast
CL:0002677,naive regulatory T cell
CL:0002678,memory regulatory T cell
CL:0002679,natural helper lymphocyte
CL:0002680,PP cell of intestine
CL:0002681,kidney cortical cell
CL:0003001,bistratified retinal ganglion cell
CL:0003002,G1 retinal ganglion cell
CL:0003003,G2 retinal ganglion cell
CL:0003004,G3 retinal ganglion cell
CL:0003005,G4 retinal ganglion cell
CL:0003006,G4-ON retinal ganglion cell
CL:0003007,G4-OFF retinal ganglion cell
CL:0003008,G5 retinal ganglion cell
CL:0003009,G6 retinal ganglion cell
CL:0003010,G7 retinal ganglion cell
CL:0003011,G8 retinal ganglion cell
CL:0003012,G9 retinal ganglion cell
CL:0003013,G10 retinal ganglion cell
CL:0003014,G11 retinal ganglion cell
CL:0003015,G11-ON retinal ganglion cell
CL:0003016,G11-OFF retinal ganglion cell
CL:0003017,retinal ganglion cell B3 outer
CL:0003018,retinal ganglion cell B3 inner
CL:0003020,retinal ganglion cell C outer
CL:0003021,retinal ganglion cell C4
CL:0003022,retinal ganglion cell C5
CL:0003023,retinal ganglion cell C6
CL:0003024,retinal ganglion cell C inner
CL:0003025,retinal ganglion cell C3
CL:0003026,retinal ganglion cell D1
CL:0003027,retinal ganglion cell D2
CL:0003028,M1 retinal ganglion cell
CL:0003029,M2 retinal ganglion cell
CL:0003030,M3 retinal ganglion cell
CL:0003031,M3-ON retinal ganglion cell
CL:0003032,M3-OFF retinal ganglion cell
CL:0003033,M4 retinal ganglion cell
CL:0003034,M5 retinal ganglion cell
CL:0003035,M6 retinal ganglion cell
CL:0003036,M7 retinal ganglion cell
CL:0003037,M7-ON retinal ganglion cell
CL:0003038,M7-OFF retinal ganglion cell
CL:0003039,M8 retinal ganglion cell
CL:0003040,M9 retinal ganglion cell
CL:0003041,M9-ON retinal ganglion cell
CL:0003042,M9-OFF retinal ganglion cell
CL:0003043,M10 retinal ganglion cell
CL:0003044,M11 retinal ganglion cell
CL:0003045,M12 retinal ganglion cell
CL:0003046,M13 retinal ganglion cell
CL:0003047,M14 retinal ganglion cell
CL:0003048,L cone cell
CL:0003049,M cone cell
CL:0003050,S cone cell
CL:0003051,UV cone cell
CL:0004001,local interneuron
CL:0004115,retinal ganglion cell B
CL:0004116,retinal ganglion cell C
CL:0004117,retinal ganglion cell A
CL:0004119,retinal ganglion cell B1
CL:0004120,retinal ganglion cell A1
CL:0004121,retinal ganglion cell B2
CL:0004124,retinal ganglion cell C1
CL:0004125,retinal ganglion cell C2 inner
CL:0004126,retinal ganglion cell C2 outer
CL:0004137,retinal ganglion cell A2 inner
CL:0004138,retinal ganglion cell A2
CL:0004139,retinal ganglion cell A2 outer
CL:0004161,510 nm-cone
CL:0004162,360 nm-cone
CL:0004183,retinal ganglion cell B3
CL:0004213,type 3a cone bipolar cell
CL:0004214,type 3b cone bipolar cell
CL:0004215,type 5a cone bipolar cell
CL:0004216,type 5b cone bipolar cell
CL:0004217,H1 horizontal cell
CL:0004218,H2 horizontal cell
CL:0004219,A2 amacrine cell
CL:0004220,flag amacrine cell
CL:0004221,flag A amacrine cell
CL:0004222,flag B amacrine cell
CL:0004223,AB diffuse-1 amacrine cell
CL:0004224,AB diffuse-2 amacrine cell
CL:0004225,spider amacrine cell
CL:0004226,monostratified amacrine cell
CL:0004227,flat bistratified amacrine cell
CL:0004228,broad diffuse amacrine cell
CL:0004229,A2-like amacrine cell
CL:0004230,diffuse bistratified amacrine cell
CL:0004231,recurving diffuse amacrine cell
CL:0004232,starburst amacrine cell
CL:0004233,DAPI-3 amacrine cell
CL:0004234,diffuse multistratified amacrine cell
CL:0004235,AB broad diffuse-1 amacrine cell
CL:0004236,AB broad diffuse-2 amacrine cell
CL:0004237,fountain amacrine cell
CL:0004238,asymmetric bistratified amacrine cell
CL:0004239,wavy bistratified amacrine cell
CL:0004240,WF1 amacrine cell
CL:0004241,WF2 amacrine cell
CL:0004242,WF3-1 amacrine cell
CL:0004243,WF3-2 amacrine cell
CL:0004244,WF4 amacrine cell
CL:0004245,indoleamine-accumulating amacrine cell
CL:0004246,monostratified cell
CL:0004247,bistratified cell
CL:0004250,bistratified retinal amacrine cell
CL:0004251,narrow field retinal amacrine cell
CL:0004252,medium field retinal amacrine cell
CL:0004253,wide field retinal amacrine cell
CL:0005000,spinal cord interneuron
CL:0005001,iridoblast
CL:0005002,xanthoblast
CL:0005003,leucoblast
CL:0005004,pigment erythroblast
CL:0005005,cyanoblast
CL:0005006,ionocyte
CL:0005007,Kolmer-Agduhr neuron
CL:0005008,macular hair cell
CL:0005009,renal principal cell
CL:0005010,renal intercalated cell
CL:0005011,renal alpha-intercalated cell
CL:0005012,multiciliated epithelial cell
CL:0005013,single ciliated epithelial cell
CL:0005014,auditory epithelial supporting cell
CL:0005015,inner phalangeal cell
CL:0005016,obsolete apical cell
CL:0005017,obsolete plant basal cell
CL:0005018,ghrelin secreting cell
CL:0005019,pancreatic epsilon cell
CL:0005020,lymphangioblast
CL:0005021,mesenchymal lymphangioblast
CL:0005022,vascular lymphangioblast
CL:0005023,branchiomotor neuron
CL:0005024,somatomotor neuron
CL:0005025,visceromotor neuron
CL:0005026,hepatoblast
CL:0007000,preameloblast
CL:0007001,skeletogenic cell
CL:0007002,precementoblast
CL:0007003,preodontoblast
CL:0007004,premigratory neural crest cell
CL:0007005,notochordal cell
CL:0007006,chordamesodermal cell
CL:0007007,notochordal sheath cell
CL:0007008,notochordal vacuole cell
CL:0007009,prechondroblast
CL:0007010,preosteoblast
CL:0007011,enteric neuron
CL:0007012,non-terminally differentiated odontoblast
CL:0007013,terminally differentiated odontoblast
CL:0007014,obsolete cell line cell
CL:0007015,obsolete mortal cell line cell
CL:0007016,adaxial cell
CL:0007017,Stiftchenzellen
CL:0007018,epidermal ciliary cell
CL:0007019,epidermal mucus secreting cell
CL:0007020,bottle cell
CL:0007021,alarm substance cell
CL:0007022,micropylar cell
CL:0007023,flask cell
CL:0008000,non-striated muscle cell
CL:0008001,hematopoietic precursor cell
CL:0008002,skeletal muscle fiber
CL:0008003,somatic muscle myotube
CL:0008004,somatic muscle cell
CL:0008005,obliquely striated somatic muscle cell
CL:0008006,muscle founder cell
CL:0008007,visceral muscle cell
CL:0008008,striated visceral muscle cell
CL:0008009,transversely striated visceral muscle cell
CL:0008010,cranial somatomotor neuron
CL:0008011,skeletal muscle satellite stem cell
CL:0008012,quiescent skeletal muscle satellite cell
CL:0008013,cranial visceromotor neuron
CL:0008014,obsolete excitatory motor neuron
CL:0008015,inhibitory motor neuron
CL:0008016,activated skeletal muscle satellite cell
CL:0008017,adult skeletal muscle myoblast
CL:0008018,somatic muscle myoblast
CL:0008019,mesenchymal cell
CL:0008020,skeletal muscle satellite myogenic cell
CL:0008021,anterior lateral line ganglion neuron
CL:0008022,endocardial cushion cell
CL:0008023,obsolete cardiac fibroblast
CL:0008024,pancreatic endocrine cell
CL:0008025,noradrenergic neuron
CL:0008026,open tracheal system tracheocyte
CL:0008027,rod bipolar cell (sensu Mus)
CL:0008028,visual system neuron
CL:0008029,obsolete inhibitory neuron
CL:0008030,obsolete excitatory neuron
CL:0008031,cortical interneuron
CL:0008032,rosehip neuron
CL:0008033,decidual pericyte
CL:0008034,mural cell
CL:0008035,microcirculation associated smooth muscle cell
CL:0008036,extravillous trophoblast
CL:0008037,gamma motor neuron
CL:0008038,alpha motor neuron
CL:0008039,lower motor neuron
CL:0008040,squamous endothelial cell of venule
CL:0008041,mesothelial cell of intestine
CL:0008042,tanycyte of subfornical organ
CL:0008044,tanycyte of area postrema
CL:0008045,tanycyte of subcommissural organ
CL:0008046,extrafusal muscle fiber
CL:0008047,intrafusal muscle fiber
CL:0008048,upper motor neuron
CL:0008049,Betz cell
CL:0008053,circumventricular organ capillary endothelial cell
CL:0008055,respiratory tract secretory epithelial cell
CL:0008059,GABA-Gly neuron
CL:0008060,GABA-Glut neuron
CL:0008061,GABA-Chol neuron
CL:0009000,sensory neuron of spinal nerve
CL:0009001,compound eye retinal cell
CL:0009002,inflammatory cell
CL:0009003,larval midgut cell
CL:0009004,retinal cell
CL:0009005,salivary gland cell
CL:0009006,enteroendocrine cell of small intestine
CL:0009007,gastrointestinal tract (lamina propria) macrophage of small intestine
CL:0009008,gastrointestinal tract (lamina propria) macrophage of large intestine
CL:0009009,paneth cell of colon
CL:0009010,transit amplifying cell
CL:0009011,transit amplifying cell of colon
CL:0009012,transit amplifying cell of small intestine
CL:0009013,fetal hepatobiliary progenitor cell
CL:0009014,Peyer's patch lymphocyte
CL:0009015,Peyer's patch follicular dendritic cell
CL:0009016,intestinal crypt stem cell of large intestine
CL:0009017,intestinal crypt stem cell of small intestine
CL:0009018,lymphocyte of large intestine lamina propria
CL:0009019,nephrogenic zone cell
CL:0009020,tuft cell of appendix
CL:0009021,stromal cell of lamina propria of large intestine
CL:0009022,stromal cell of lamina propria of small intestine
CL:0009023,small intestine Peyer's patch T cell
CL:0009024,mesothelial cell of small intestine
CL:0009025,mesothelial cell of colon
CL:0009026,enterocyte of appendix
CL:0009027,transit amplifying cell of appendix
CL:0009028,intestinal crypt stem cell of appendix
CL:0009029,mesothelial cell of appendix
CL:0009030,enteroendocrine cell of appendix
CL:0009031,T cell of appendix
CL:0009032,B cell of appendix
CL:0009033,plasma cell of appendix
CL:0009034,dendritic cell of appendix
CL:0009035,stromal cell of lamina propria of vermiform appendix
CL:0009036,appendix macrophage
CL:0009037,lymph node mantle zone B cell
CL:0009038,colon macrophage
CL:0009039,colon goblet cell
CL:0009040,stromal cell of lamina propria of colon
CL:0009041,tuft cell of colon
CL:0009042,enteroendocrine cell of colon
CL:0009043,intestinal crypt stem cell of colon
CL:0009044,lymphocyte of small intestine lamina propria
CL:0009045,B cell of medullary sinus of lymph node
CL:0009046,T cell of medullary sinus of lymph node
CL:0009047,macrophage of medullary sinus of lymph node
CL:0009048,anorectum macrophage
CL:0009049,smooth muscle cell of high endothelial venule of lymph node
CL:0009050,B cell of anorectum
CL:0009051,T cell of anorectum
CL:0009052,smooth muscle cell of anorectum
CL:0009053,stromal cell of anorectum lamina propria
CL:0009054,microfold cell of epithelium proper of anorectum
CL:0009055,paneth cell of anorectum
CL:0009056,transit amplifying cell of anorectum
CL:0009057,anorectum goblet cell
CL:0009058,enterocyte of anorectum
CL:0009059,plasma cell of medullary sinus of lymph node
CL:0009060,marginal zone B cell of lymph node
CL:0009061,intestinal crypt stem cell of anorectum
CL:0009062,germinal center T cell
CL:0009063,enteroendocrine cell of anorectum
CL:0009064,lymph node paracortex T cell
CL:0009065,tuft cell of anorectum
CL:0009066,stratified squamous epithelial cell of anal canal
CL:0009067,vacuolated fetal-type enterocyte
CL:0009068,CD8aa(I) thymocyte
CL:0009069,CD8aa(II) thymocyte
CL:0009070,corticomedullary thymic epithelial cell
CL:0009071,medullary thymic epithelial cell type 1
CL:0009072,medullary thymic epithelial cell type 2
CL:0009073,medullary thymic epithelial cell type 3
CL:0009074,medullary thymic epithelial cell type 4
CL:0009075,myo-medullary thymic epithelial cell
CL:0009076,neuro-medullary thymic epithelial cell
CL:0009077,subcapsular thymic epithelial cell
CL:0009078,thymic fibroblast type 1
CL:0009079,thymic fibroblast type 2
CL:0009080,tuft cell of small intestine
CL:0009081,specified double negative thymocyte (Homo sapiens)
CL:0009082,committed double negative thymocyte (Homo sapiens)
CL:0009083,rearranging double negative thymocyte (Homo sapiens)
CL:0009084,glandular epithelial cell of endometrium
CL:0009085,colony forming unit – Hill cell
CL:0009086,endothelial cell of respiratory system lymphatic vessel
CL:0009087,fused extravillous trophoblast
CL:0009088,circulating angiogenic cell
CL:0009089,lung pericyte
CL:0009090,endothelial colony forming cell
CL:0009091,Leydig stem cell
CL:0009092,endothelial cell of placenta
CL:0009093,smooth muscle cell of placenta
CL:0009094,endothelial cell of hepatic portal vein
CL:0009095,endothelial cell of uterus
CL:0009096,esophagus non-keratinized squamous epithelial cell
CL:0009097,embryonic skeletal muscle fiber
CL:0009098,fetal and neonatal skeletal muscle fiber
CL:0009099,fibro/adipogenic progenitor cell
CL:0009100,hepatic portal fibroblast
CL:0009101,fibroblastic reticular cell
CL:0009102,lymph node fibroblastic reticular cell
CL:0009103,lymph node marginal reticular cell
CL:0009104,B cell zone reticular cell
CL:0009105,T cell zone reticular cell
CL:0009106,medullary reticular cell
CL:0009107,lymphatic endothelial cell of subcapsular sinus ceiling
CL:0009108,lymphatic endothelial cell of subcapsular sinus floor
CL:0009109,lymphatic endothelial cell of trabecula
CL:0009110,lymphatic endothelial cell of medulla ceiling
CL:0009111,centrocyte
CL:0009112,centroblast
CL:0009113,T follicular regulatory cell
CL:0009114,monocytoid B cell
CL:0009115,lymph node lymphatic vessel endothelial cell
CL:0009116,progenitor cell of mammary luminal epithelium
CL:0010000,keratinized cell of hair follicle
CL:0010001,stromal cell of bone marrow
CL:0010002,epithelial cell of umbilical artery
CL:0010003,obsolete epithelial cell of alveolus of lung
CL:0010004,mononuclear cell of bone marrow
CL:0010005,atrioventricular bundle cell
CL:0010006,cardiac blood vessel endothelial cell
CL:0010007,His-Purkinje system cell
CL:0010008,cardiac endothelial cell
CL:0010009,camera-type eye photoreceptor cell
CL:0010010,cerebellar stellate cell
CL:0010011,cerebral cortex GABAergic interneuron
CL:0010012,cerebral cortex neuron
CL:0010013,type I pinealocyte
CL:0010014,type II pinealocyte
CL:0010015,coronet cell
CL:0010016,collar cell
CL:0010017,zygote
CL:0010020,cardiac glial cell
CL:0010021,cardiac myoblast
CL:0010022,cardiac neuron
CL:0011000,dorsal horn interneuron
CL:0011001,spinal cord motor neuron
CL:0011002,lateral motor column neuron
CL:0011003,magnocellular neurosecretory cell
CL:0011004,lens fiber cell
CL:0011005,GABAergic interneuron
CL:0011006,Lugaro cell
CL:0011007,paraxial cell
CL:0011008,embryonic hemocyte
CL:0011009,embryonic plasmatocyte
CL:0011010,lateral mesodermal cell
CL:0011011,intermediate mesodermal cell
CL:0011012,neural crest cell
CL:0011013,motile sperm cell
CL:0011014,non-motile sperm cell
CL:0011015,amoeboid sperm cell
CL:0011016,flagellated sperm cell
CL:0011017,vagal neural crest cell
CL:0011018,lymphoid tissue–inducer cell
CL:0011019,mesothelial cell of epicardium
CL:0011020,neural progenitor cell
CL:0011021,fibroblast of upper back skin
CL:0011022,fibroblast of skin of back
CL:0011023,CD25+ mast cell
CL:0011024,double negative T regulatory cell
CL:0011025,exhausted T cell
CL:0011026,progenitor cell
CL:0011027,skeletal muscle fibroblast
CL:0011028,olfactory ensheathing cell
CL:0011029,cnidocyte
CL:0011030,dermal microvascular endothelial cell
CL:0011031,monocyte-derived dendritic cell
CL:0011032,lysosome-rich enterocyte
CL:0011100,galanergic neuron
CL:0011101,chorionic trophoblast cell
CL:0011102,parasympathetic neuron
CL:0011103,sympathetic neuron
CL:0011104,interplexiform cell
CL:0011105,dopamanergic interplexiform cell
CL:0011106,GABAnergic interplexiform cell
CL:0011107,obsolete Muller cell
CL:0011108,colon epithelial cell
CL:0011109,hypocretin-secreting neuron
CL:0011110,histaminergic neuron
CL:0011111,hypothalamic gonadotropin-releasing hormone neuron
CL:0011112,obsolete magnocellular neurosecretory cell
CL:0011113,spiral ganglion neuron
CL:0011114,segmented neutrophil of bone marrow
CL:0011115,precursor cell
CL:0012000,astrocyte of the forebrain
CL:0012001,neuron of the forebrain
CL:0013000,forebrain radial glial cell
CL:0015000,cranial motor neuron
CL:0017000,pulmonary ionocyte
CL:0017001,splanchnic mesodermal cell
CL:0017002,prostate neuroendocrine cell
CL:0017003,epithelial cell of prostatic urethra
CL:0017004,telocyte
CL:0017005,lymphoblast
CL:0017006,B-lymphoblast
CL:0017009,"Axl+ dendritic cell, human"
CL:0017010,hillock cell of urethral epithelium
CL:0017011,hillock cell of prostatic urethral epithelium
CL:0017500,neutrophillic cytoplasm
CL:0017501,obsolete lobed nucleus
CL:0017502,acidophilic cytoplasm
CL:0017503,basophilic cytoplasm
CL:0017504,polychromatophilic cytoplasm
CL:0017505,obsolete increased nucleus size
CL:0017506,banded nucleus
CL:0017507,reniform nucleus
CL:0017508,cartwheel heterochromatin
CL:0017509,alobate nucleus
CL:0019001,tracheobronchial serous cell
CL:0019002,tracheobronchial chondrocyte
CL:0019003,tracheobronchial goblet cell
CL:0019015,lung parenchyma resident eosinophil
CL:0019017,lymphatic vessel smooth muscle cell
CL:0019018,blood vessel smooth muscle cell
CL:0019019,tracheobronchial smooth muscle cell
CL:0019020,extrahepatic cholangiocyte
CL:0019021,endothelial cell of periportal hepatic sinusoid
CL:0019022,endothelial cell of pericentral hepatic sinusoid
CL:0019026,periportal region hepatocyte
CL:0019028,midzonal region hepatocyte
CL:0019029,centrilobular region hepatocyte
CL:0019031,intestine goblet cell
CL:0019032,intestinal tuft cell
CL:0020000,gut mesenchymal lymphoid tissue organizer cell
CL:0020001,V1delta gamma-delta T cell
CL:0020002,"mucosal-associated invariant T cell, human"
CL:0020003,internal globus pallidus core projecting neuron
CL:0020004,internal globus pallidus shell projection neuron
CL:0020005,spiral ligament fibrocyte
CL:0020006,OB-Dopa-GABA
CL:0020007,dorso-striatal cholinergic-GABAergic neuron
CL:0020008,striatal cholinergic-GABAergic neuron
CL:0020009,prototypic neuron
CL:0020010,arkypallidal neuron
CL:0020011,hair follicle associated fibroblast
CL:0020012,hair follicle isthmus-associated fibroblast
CL:0020013,dermal sheath fibroblast
CL:0020014,intrinsically photosensitive retinal ganglion cell
CL:0020015,transitional principal-intercalated cell of kidney collecting duct
CL:0700009,obsolete kidney collecting duct beta-intercalated cell
CL:1000001,retrotrapezoid nucleus neuron
CL:1000022,mesonephric nephron tubule epithelial cell
CL:1000042,forebrain neuroblast
CL:1000050,lateral line nerve glial cell
CL:1000073,spinal cord radial glial cell
CL:1000082,stretch receptor cell
CL:1000083,stratified keratinized epithelial stem cell
CL:1000085,stratified non keratinized epithelial stem cell
CL:1000090,pronephric nephron tubule epithelial cell
CL:1000123,metanephric nephron tubule epithelial cell
CL:1000143,lung goblet cell
CL:1000147,cardiac valve cell
CL:1000155,Malpighian tubule stellate cell
CL:1000182,malpighian tubule tip cell
CL:1000191,pillar cell
CL:1000217,growth plate cartilage chondrocyte
CL:1000222,stomach neuroendocrine cell
CL:1000223,pulmonary neuroendocrine cell
CL:1000236,posterior lateral line nerve glial cell
CL:1000239,anterior lateral line nerve glial cell
CL:1000245,posterior lateral line ganglion neuron
CL:1000271,lung multiciliated epithelial cell
CL:1000272,lung secretory cell
CL:1000274,trophectodermal cell
CL:1000275,smooth muscle cell of small intestine
CL:1000276,smooth muscle fiber of duodenum
CL:1000277,smooth muscle fiber of jejunum
CL:1000278,smooth muscle fiber of ileum
CL:1000279,smooth muscle cell of large intestine
CL:1000280,smooth muscle cell of colon
CL:1000281,smooth muscle cell of cecum
CL:1000282,smooth muscle fiber of ascending colon
CL:1000283,smooth muscle fiber of transverse colon
CL:1000284,smooth muscle fiber of descending colon
CL:1000285,smooth muscle cell of sigmoid colon
CL:1000286,smooth muscle cell of rectum
CL:1000287,myocyte of anterior internodal tract
CL:1000288,myocyte of atrial branch of anterior internodal tract
CL:1000289,myocyte of atrial septal branch of anterior internodal tract
CL:1000290,myocyte of middle internodal tract
CL:1000291,myocyte of posterior internodal tract
CL:1000296,epithelial cell of urethra
CL:1000298,mesothelial cell of dura mater
CL:1000299,fibroblast of connective tissue of prostate
CL:1000300,fibroblast of outer membrane of prostatic capsule
CL:1000301,fibroblast of subepithelial connective tissue of prostatic gland
CL:1000302,fibroblast of papillary layer of dermis
CL:1000303,fibroblast of areolar connective tissue
CL:1000304,fibroblast of connective tissue of nonglandular part of prostate
CL:1000305,fibroblast of connective tissue of glandular part of prostate
CL:1000306,fibroblast of tunica adventitia of artery
CL:1000307,fibroblast of dense regular elastic tissue
CL:1000308,fibrocyte of adventitia of ureter
CL:1000309,epicardial adipocyte
CL:1000310,adipocyte of epicardial fat of right ventricle
CL:1000311,adipocyte of epicardial fat of left ventricle
CL:1000312,bronchial goblet cell
CL:1000313,gastric goblet cell
CL:1000314,gastric cardiac gland goblet cell
CL:1000315,principal gastric gland goblet cell
CL:1000316,obsolete goblet cell of epithelium of small intestine
CL:1000317,intestinal villus goblet cell
CL:1000318,obsolete small intestine crypt goblet cell
CL:1000319,obsolete goblet cell of epithelium proper of small intestine
CL:1000320,large intestine goblet cell
CL:1000321,large intestine crypt goblet cell
CL:1000322,pancreatic goblet cell
CL:1000323,pyloric gastric gland goblet cell
CL:1000324,duodenal goblet cell
CL:1000325,jejunal goblet cell
CL:1000326,ileal goblet cell
CL:1000327,appendix goblet cell
CL:1000328,obsolete goblet cell of epithelium proper of large intestine
CL:1000329,tracheal goblet cell
CL:1000330,serous cell of epithelium of trachea
CL:1000331,serous cell of epithelium of bronchus
CL:1000332,serous cell of epithelium of terminal bronchiole
CL:1000333,serous cell of epithelium of lobular bronchiole
CL:1000334,enterocyte of epithelium of small intestine
CL:1000335,enterocyte of epithelium of intestinal villus
CL:1000337,enterocyte of epithelium of duodenal gland
CL:1000338,enterocyte of epithelium of crypt of Lieberkuhn of small intestine
CL:1000339,enterocyte of epithelium proper of small intestine
CL:1000340,enterocyte of epithelium proper of duodenum
CL:1000341,enterocyte of epithelium proper of jejunum
CL:1000342,enterocyte of epithelium proper of ileum
CL:1000343,paneth cell of epithelium of small intestine
CL:1000344,paneth cell of epithelium proper of small intestine
CL:1000345,paneth cell of epithelium of crypt of Lieberkuhn of small intestine
CL:1000346,enterocyte of epithelium proper of large intestine
CL:1000347,colonocyte
CL:1000348,basal cell of epithelium of trachea
CL:1000349,basal cell of epithelium of bronchus
CL:1000350,basal cell of epithelium of terminal bronchiole
CL:1000351,basal cell of epithelium of respiratory bronchiole
CL:1000352,basal cell of epithelium of lobular bronchiole
CL:1000353,microfold cell of epithelium of small intestine
CL:1000354,microfold cell of epithelium of intestinal villus
CL:1000355,microfold cell of epithelium proper of small intestine
CL:1000356,microfold cell of epithelium proper of duodenum
CL:1000357,microfold cell of epithelium proper of jejunum
CL:1000358,microfold cell of epithelium proper of ileum
CL:1000359,microfold cell of epithelium proper of appendix
CL:1000360,microfold cell of epithelium proper of large intestine
CL:1000361,transitional myocyte of interatrial septum
CL:1000362,transitional myocyte of interventricular septum
CL:1000363,transitional myocyte of atrial branch of anterior internodal tract
CL:1000364,transitional myocyte of anterior internodal tract
CL:1000365,transitional myocyte of atrial septal branch of anterior internodal tract
CL:1000366,transitional myocyte of middle internodal tract
CL:1000367,transitional myocyte of posterior internodal tract
CL:1000368,transitional myocyte of anterior division of left branch of atrioventricular bundle
CL:1000369,transitional myocyte of septal division of left branch of atrioventricular bundle
CL:1000370,transitional myocyte of left branch of atrioventricular bundle
CL:1000371,transitional myocyte of right branch of atrioventricular bundle
CL:1000372,transitional myocyte of atrial part of atrioventricular bundle
CL:1000373,transitional myocyte of ventricular part of atrioventricular bundle
CL:1000374,transitional myocyte of posterior division of left branch of atrioventricular bundle
CL:1000375,myocardial endocrine cell of septal division of left branch of atrioventricular bundle
CL:1000376,Purkinje myocyte of interventricular septum
CL:1000377,dense-core granulated cell of epithelium of trachea
CL:1000378,type 1 vestibular sensory cell of stato-acoustic epithelium
CL:1000379,type 1 vestibular sensory cell of epithelium of macula of utricle of membranous labyrinth
CL:1000380,type 1 vestibular sensory cell of epithelium of macula of saccule of membranous labyrinth
CL:1000381,type 1 vestibular sensory cell of epithelium of crista of ampulla of semicircular duct of membranous labyrinth
CL:1000382,type 2 vestibular sensory cell of stato-acoustic epithelium
CL:1000383,type 2 vestibular sensory cell of epithelium of macula of utricle of membranous labyrinth
CL:1000384,type 2 vestibular sensory cell of epithelium of macula of saccule of membranous labyrinth
CL:1000385,type 2 vestibular sensory cell of epithelium of crista of ampulla of semicircular duct of membranous labyrinth
CL:1000391,melanocyte of eyelid
CL:1000394,myoepithelial cell of intralobular lactiferous duct
CL:1000397,endothelial cell of venous sinus of red pulp of spleen
CL:1000398,endothelial cell of hepatic sinusoid
CL:1000405,epithelial cell of appendix
CL:1000409,myocyte of sinoatrial node
CL:1000410,myocyte of atrioventricular node
CL:1000411,endothelial cell of Peyer's patch
CL:1000412,endothelial cell of arteriole
CL:1000413,endothelial cell of artery
CL:1000414,endothelial cell of venule
CL:1000415,epithelial cell of gallbladder
CL:1000416,obsolete myoepithelial cell of lactiferous gland
CL:1000417,myoepithelial cell of sweat gland
CL:1000418,myoepithelial cell of lactiferous alveolus
CL:1000419,myoepithelial cell of lactiferous duct
CL:1000420,myoepithelial cell of terminal lactiferous duct
CL:1000424,chromaffin cell of paraaortic body
CL:1000425,chromaffin cell of paraganglion
CL:1000426,chromaffin cell of adrenal gland
CL:1000427,adrenal cortex chromaffin cell
CL:1000428,stem cell of epidermis
CL:1000432,conjunctival epithelial cell
CL:1000433,epithelial cell of lacrimal canaliculus
CL:1000434,epithelial cell of external acoustic meatus
CL:1000435,epithelial cell of lacrimal drainage system
CL:1000436,epithelial cell of lacrimal sac
CL:1000437,epithelial cell of nasolacrimal duct
CL:1000438,epithelial cell of wall of inferior part of anal canal
CL:1000441,epithelial cell of viscerocranial mucosa
CL:1000442,urothelial cell of trigone of urinary bladder
CL:1000443,ciliary muscle cell
CL:1000444,mesothelial cell of anterior chamber of eye
CL:1000445,myoepithelial cell of dilator pupillae
CL:1000447,epithelial cell of stratum germinativum of esophagus
CL:1000448,epithelial cell of sweat gland
CL:1000449,epithelial cell of nephron
CL:1000450,epithelial cell of glomerular capsule
CL:1000451,obsolete epithelial cell of visceral layer of glomerular capsule
CL:1000452,parietal epithelial cell
CL:1000453,epithelial cell of intermediate tubule
CL:1000454,kidney collecting duct epithelial cell
CL:1000456,mesothelial cell of parietal peritoneum
CL:1000457,mesothelial cell of visceral peritoneum
CL:1000458,melanocyte of skin
CL:1000465,chromaffin cell of ovary
CL:1000466,chromaffin cell of right ovary
CL:1000467,chromaffin cell of left ovary
CL:1000468,myoepithelial cell of acinus of lactiferous gland
CL:1000469,myoepithelial cell of main lactiferous duct
CL:1000470,myoepithelial cell of primary lactiferous duct
CL:1000471,myoepithelial cell of secondary lactiferous duct
CL:1000472,myoepithelial cell of tertiary lactiferous duct
CL:1000473,myoepithelial cell of quarternary lactiferous duct
CL:1000477,cardiac pacemaker cell of sinoatrial node
CL:1000478,transitional myocyte of sinoatrial node
CL:1000479,Purkinje myocyte of atrioventricular node
CL:1000480,transitional myocyte of internodal tract
CL:1000481,transitional myocyte of atrioventricular bundle
CL:1000482,myocardial endocrine cell of interventricular septum
CL:1000483,Purkinje myocyte of internodal tract
CL:1000484,Purkinje myocyte of atrioventricular bundle
CL:1000486,basal cell of urothelium
CL:1000487,smooth muscle cell of prostate
CL:1000488,cholangiocyte
CL:1000489,reticular cell of splenic cord
CL:1000490,mesothelial cell of peritoneum
CL:1000491,mesothelial cell of pleura
CL:1000492,mesothelial cell of parietal pleura
CL:1000493,mesothelial cell of visceral pleura
CL:1000494,nephron tubule epithelial cell
CL:1000495,small intestine goblet cell
CL:1000497,kidney cell
CL:1000500,kidney interstitial cell
CL:1000504,kidney medulla cell
CL:1000505,kidney pelvis cell
CL:1000507,kidney tubule cell
CL:1000510,kidney glomerular epithelial cell
CL:1000546,kidney medulla collecting duct epithelial cell
CL:1000547,kidney inner medulla collecting duct epithelial cell
CL:1000548,kidney outer medulla collecting duct epithelial cell
CL:1000549,kidney cortex collecting duct epithelial cell
CL:1000550,kidney papillary duct principal epithelial cell
CL:1000596,inner renal cortex cell
CL:1000597,papillary tips cell
CL:1000600,lower urinary tract cell
CL:1000601,ureteral cell
CL:1000606,kidney nerve cell
CL:1000612,kidney corpuscule cell
CL:1000615,kidney cortex tubule cell
CL:1000616,kidney outer medulla cell
CL:1000617,kidney inner medulla cell
CL:1000618,juxtaglomerular complex cell
CL:1000681,kidney cortex interstitial cell
CL:1000682,kidney medulla interstitial cell
CL:1000691,kidney interstitial myofibroblast
CL:1000692,kidney interstitial fibroblast
CL:1000693,kidney interstitial fibrocyte
CL:1000695,kidney interstitial alternatively activated macrophage
CL:1000696,kidney interstitial inflammatory macrophage
CL:1000697,kidney interstitial suppressor macrophage
CL:1000698,kidney resident macrophage
CL:1000699,kidney resident dendritic cell
CL:1000702,kidney pelvis smooth muscle cell
CL:1000703,kidney pelvis urothelial cell
CL:1000706,ureter urothelial cell
CL:1000708,ureter adventitial cell
CL:1000714,kidney cortex collecting duct principal cell
CL:1000715,kidney cortex collecting duct intercalated cell
CL:1000716,kidney outer medulla collecting duct principal cell
CL:1000717,kidney outer medulla collecting duct intercalated cell
CL:1000718,kidney inner medulla collecting duct principal cell
CL:1000719,kidney inner medulla collecting duct intercalated cell
CL:1000720,kidney papillary duct intercalated cell
CL:1000721,kidney papillary duct principal cell
CL:1000742,glomerular mesangial cell
CL:1000746,glomerular cell
CL:1000768,kidney connecting tubule epithelial cell
CL:1000803,kidney inner medulla interstitial cell
CL:1000804,kidney outer medulla interstitial cell
CL:1000838,kidney proximal convoluted tubule epithelial cell
CL:1000839,kidney proximal straight tubule epithelial cell
CL:1000849,kidney distal convoluted tubule epithelial cell
CL:1000850,macula densa epithelial cell
CL:1000854,kidney blood vessel cell
CL:1000891,kidney arterial blood vessel cell
CL:1000892,kidney capillary endothelial cell
CL:1000893,kidney venous blood vessel cell
CL:1000909,kidney loop of Henle epithelial cell
CL:1000979,ureter smooth muscle cell
CL:1001005,glomerular capillary endothelial cell
CL:1001006,kidney afferent arteriole cell
CL:1001009,kidney efferent arteriole cell
CL:1001016,kidney loop of Henle ascending limb epithelial cell
CL:1001021,kidney loop of Henle descending limb epithelial cell
CL:1001033,peritubular capillary endothelial cell
CL:1001036,vasa recta cell
CL:1001045,kidney cortex artery cell
CL:1001052,kidney cortex vein cell
CL:1001064,kidney artery smooth muscle cell
CL:1001066,kidney arteriole smooth muscle cell
CL:1001068,kidney venous system smooth muscle cell
CL:1001096,kidney afferent arteriole endothelial cell
CL:1001097,kidney afferent arteriole smooth muscle cell
CL:1001099,kidney efferent arteriole endothelial cell
CL:1001100,kidney efferent arteriole smooth muscle cell
CL:1001106,kidney loop of Henle thick ascending limb epithelial cell
CL:1001107,kidney loop of Henle thin ascending limb epithelial cell
CL:1001108,kidney loop of Henle medullary thick ascending limb epithelial cell
CL:1001109,kidney loop of Henle cortical thick ascending limb epithelial cell
CL:1001111,kidney loop of Henle thin descending limb epithelial cell
CL:1001123,kidney outer medulla peritubular capillary cell
CL:1001124,kidney cortex peritubular capillary cell
CL:1001126,inner renal medulla vasa recta cell
CL:1001127,outer renal medulla vasa recta cell
CL:1001131,vasa recta ascending limb cell
CL:1001135,arcuate artery cell
CL:1001138,interlobular artery cell
CL:1001142,arcuate vein cell
CL:1001145,interlobular vein cell
CL:1001209,inner medulla vasa recta ascending limb cell
CL:1001210,outer medulla vasa recta ascending limb cell
CL:1001213,arcuate artery endothelial cell
CL:1001214,arcuate artery smooth muscle cell
CL:1001216,interlobulary artery endothelial cell
CL:1001217,interlobulary artery smooth muscle cell
CL:1001220,arcuate vein endothelial cell
CL:1001221,arcuate vein smooth muscle cell
CL:1001223,interlobulary vein endothelial cell
CL:1001224,interlobulary vein smooth muscle cell
CL:1001225,kidney collecting duct cell
CL:1001285,vasa recta descending limb cell
CL:1001286,inner medulla vasa recta descending limb cell
CL:1001287,outer medulla vasa recta descending limb cell
CL:1001318,renal interstitial pericyte
CL:1001319,bladder cell
CL:1001320,urethra cell
CL:1001428,bladder urothelial cell
CL:1001430,urethra urothelial cell
CL:1001431,kidney collecting duct principal cell
CL:1001432,kidney collecting duct intercalated cell
CL:1001433,epithelial cell of exocrine pancreas
CL:1001434,olfactory bulb interneuron
CL:1001435,periglomerular cell
CL:1001436,hair-tylotrich neuron
CL:1001437,hair-down neuron
CL:1001451,sensory neuron of dorsal root ganglion
CL:1001474,medium spiny neuron
CL:1001502,mitral cell
CL:1001503,olfactory bulb tufted cell
CL:1001505,parvocellular neurosecretory cell
CL:1001509,glycinergic neuron
CL:1001516,intestinal enteroendocrine cell
CL:1001517,stomach enteroendocrine cell
CL:1001561,vomeronasal sensory neuron
CL:1001566,obsolete bronchioalveolar stem cells
CL:1001567,lung endothelial cell
CL:1001568,pulmonary artery endothelial cell
CL:1001569,hippocampal interneuron
CL:1001571,hippocampal pyramidal neuron
CL:1001572,colon endothelial cell
CL:1001573,nasopharyngeal epithelial cell
CL:1001575,uterine cervix squamous cell
CL:1001576,oral mucosa squamous cell
CL:1001577,tonsil squamous cell
CL:1001578,vagina squamous cell
CL:1001579,cerebral cortex glial cell
CL:1001580,hippocampal glial cell
CL:1001581,lateral ventricle glial cell
CL:1001582,lateral ventricle neuron
CL:1001583,obsolete breast adipocyte
CL:1001585,appendix glandular cell
CL:1001586,mammary gland glandular cell
CL:1001587,uterine cervix secretory cell
CL:1001588,colon glandular cell
CL:1001589,duodenum secretory cell
CL:1001590,epididymis secretory cell
CL:1001591,oviduct secretory cell
CL:1001592,gallbladder glandular cell
CL:1001593,parathyroid glandular cell
CL:1001595,rectum glandular cell
CL:1001596,salivary gland glandular cell
CL:1001597,seminal vesicle glandular cell
CL:1001598,small intestine secretory cell
CL:1001599,pancreas exocrine glandular cell
CL:1001601,adrenal gland glandular cell
CL:1001602,cerebral cortex endothelial cell
CL:1001603,lung macrophage
CL:1001606,foreskin keratinocyte
CL:1001607,articular chondrocyte
CL:1001608,foreskin fibroblast
CL:1001609,muscle fibroblast
CL:1001610,bone marrow hematopoietic cell
CL:1001611,cerebellar neuron
CL:1100001,secretory epithelial cell
CL:2000000,epidermal melanocyte
CL:2000001,peripheral blood mononuclear cell
CL:2000002,decidual cell
CL:2000004,pituitary gland cell
CL:2000005,brain macroglial cell
CL:2000006,tonsil germinal center B cell
CL:2000007,articular chondrocyte of knee joint
CL:2000008,microvascular endothelial cell
CL:2000009,obsolete microvascular endothelium blood vessel endothelial cell
CL:2000010,dermis blood vessel endothelial cell
CL:2000011,dermis lymphatic vessel endothelial cell
CL:2000012,fibroblast of pedal digit skin
CL:2000013,fibroblast of skin of abdomen
CL:2000014,fibroblast of upper leg skin
CL:2000015,fibroblast of arm
CL:2000016,lung microvascular endothelial cell
CL:2000017,fibroblast of peridontal ligament
CL:2000018,endothelial cell of coronary artery
CL:2000019,compound eye photoreceptor cell
CL:2000020,inner cell mass cell
CL:2000021,sebaceous gland cell
CL:2000022,cardiac septum cell
CL:2000023,spinal cord ventral column interneuron
CL:2000024,spinal cord medial motor column neuron
CL:2000025,spinal cord oligodendrocyte
CL:2000026,obsolete cerebellum Golgi cell
CL:2000027,cerebellar basket cell
CL:2000028,cerebellum glutamatergic neuron
CL:2000029,central nervous system neuron
CL:2000030,hypothalamus cell
CL:2000031,lateral line ganglion neuron
CL:2000032,peripheral nervous system neuron
CL:2000033,limb basal cell of epidermis
CL:2000034,anterior lateral line neuromast hair cell
CL:2000035,anterior lateral line neuromast mantle cell
CL:2000036,anterior lateral line neuromast supporting cell
CL:2000037,posterior lateral line neuromast hair cell
CL:2000038,posterior lateral line neuromast mantle cell
CL:2000039,posterior lateral line neuromast supporting cell
CL:2000040,bladder microvascular endothelial cell
CL:2000041,dermis microvascular lymphatic vessel endothelial cell
CL:2000042,embryonic fibroblast
CL:2000043,brain pericyte
CL:2000044,brain microvascular endothelial cell
CL:2000045,foreskin melanocyte
CL:2000046,ventricular cardiac muscle cell
CL:2000047,brainstem motor neuron
CL:2000048,anterior horn motor neuron
CL:2000049,primary motor cortex pyramidal cell
CL:2000050,obsolete retina retinal ganglion cell
CL:2000051,splenic fibroblast
CL:2000052,umbilical artery endothelial cell
CL:2000053,splenic endothelial cell
CL:2000054,hepatic pit cell
CL:2000055,liver dendritic cell
CL:2000056,Meynert cell
CL:2000057,femoral osteoblast
CL:2000058,calvarial osteoblast
CL:2000059,prostate gland microvascular endothelial cell
CL:2000060,placental villous trophoblast
CL:2000061,placental amniotic mesenchymal stromal cell
CL:2000062,placental villus capillary endothelial cell
CL:2000063,ovarian fibroblast
CL:2000064,ovarian surface epithelial cell
CL:2000065,ovarian microvascular endothelial cell
CL:2000066,cardiac ventricle fibroblast
CL:2000067,cardiac atrium fibroblast
CL:2000068,pericardium fibroblast
CL:2000069,gallbladder fibroblast
CL:2000070,optic choroid fibroblast
CL:2000071,mammary microvascular endothelial cell
CL:2000072,adipose microvascular endothelial cell
CL:2000073,migratory cardiac neural crest cell
CL:2000074,splenocyte
CL:2000075,anterior visceral endoderm cell
CL:2000076,hindlimb stylopod vein endothelial cell
CL:2000077,skeletal muscle tissue of pectoralis major striated muscle cell
CL:2000078,placental pericyte
CL:2000079,mesenchymal stem cell of femoral bone marrow
CL:2000080,mesenchymal stem cell of abdominal adipose tissue
CL:2000081,melanocyte of skin of face
CL:2000082,obsolete melanocyte of foreskin
CL:2000083,hair follicle dermal papilla cell of scalp
CL:2000084,conjunctiva goblet cell
CL:2000085,mononuclear cell of umbilical cord
CL:2000086,neocortex basket cell
CL:2000087,dentate gyrus of hippocampal formation basket cell
CL:2000088,Ammon's horn basket cell
CL:2000089,dentate gyrus granule cell
CL:2000090,dentate gyrus of hippocampal formation stellate cell
CL:2000091,endometrial microvascular endothelial cell
CL:2000092,hair follicular keratinocyte
CL:2000093,bronchus fibroblast of lung
CL:2000094,nasal cavity respiratory epithelium epithelial cell of viscerocranial mucosa
CL:2000095,cord blood hematopoietic stem cell
CL:2000096,fibroblast of the reticular layer of dermis
CL:2000097,midbrain dopaminergic neuron
CL:3000000,ciliated epithelial cell of esophagus
CL:3000001,Hofbauer cell
CL:3000002,sympathetic noradrenergic neuron
CL:3000003,sympathetic cholinergic neuron
CL:3000004,peripheral sensory neuron
CL:4006000,fibroblast of breast
CL:4006001,fibroblast of skin of scalp
CL:4023000,beta motor neuron
CL:4023001,static beta motor neuron
CL:4023002,dynamic beta motor neuron
CL:4023003,nuclear chain fiber
CL:4023004,nuclear bag fiber
CL:4023005,dynamic nuclear bag fiber
CL:4023006,static nuclear bag fiber
CL:4023007,L2/3 bipolar VIP GABAergic interneuron (Mmus)
CL:4023008,intratelencephalic-projecting glutamatergic cortical neuron
CL:4023009,extratelencephalic-projecting glutamatergic cortical neuron
CL:4023010,alpha7 GABAergic cortical interneuron (Mmus)
CL:4023011,lamp5 GABAergic interneuron
CL:4023012,near-projecting glutamatergic cortical neuron
CL:4023013,corticothalamic-projecting glutamatergic cortical neuron
CL:4023014,L5 VIP GABAergic interneuron (Mmus)
CL:4023015,sncg GABAergic interneuron
CL:4023016,VIP GABAergic interneuron
CL:4023017,sst GABAergic interneuron
CL:4023018,pvalb GABAergic interneuron
CL:4023019,"L5/6 cck, VIP GABAergic interneuron (Mmus)"
CL:4023020,dynamic gamma motor neuron
CL:4023021,static gamma motor neuron
CL:4023022,canopy lamp5 GABAergic cortical interneuron (Mmus)
CL:4023023,"L5,6 neurogliaform lamp5 GABAergic interneuron (Mmus)"
CL:4023024,neurogliaform lamp5 GABAergic cortical interneuron (Mmus)
CL:4023025,long-range projecting sst GABAergic cortical interneuron (Mmus)
CL:4023026,direct pathway medium spiny neuron
CL:4023027,L5 sst T-Martinotti interneuron (Mmus)
CL:4023028,L5 non-Martinotti sst GABAergic interneuron (Mmus)
CL:4023029,indirect pathway medium spiny neuron
CL:4023030,L2/3/5 fan Martinotti sst GABAergic interneuron (Mmus)
CL:4023031,L4 sst Martinotti interneuron (Mmus)
CL:4023032,ON retinal ganglion cell
CL:4023033,OFF retinal ganglion cell
CL:4023034,obsolete L2/3 pvalb-like sst GABAergic cortical interneuron (Mus musculus)
CL:4023035,lateral ganglionic eminence derived neuron
CL:4023036,pvalb chandelier GABAergic interneuron
CL:4023038,L6b glutamatergic cortical neuron
CL:4023039,amygdala excitatory neuron
CL:4023040,L2/3-6 intratelencephalic projecting glutamatergic neuron
CL:4023041,L5 extratelencephalic projecting glutamatergic cortical neuron
CL:4023042,L6 corticothalamic-projecting glutamatergic cortical neuron
CL:4023043,L5/6 near-projecting glutamatergic neuron of the primary motor cortex
CL:4023044,"non-medulla, extratelencephalic-projecting glutamatergic neuron of the primary motor cortex"
CL:4023045,medulla-projecting glutamatergic neuron of the primary motor cortex
CL:4023046,L6b glutamatergic neuron of the primary motor cortex
CL:4023047,L2/3 intratelencephalic projecting glutamatergic neuron of the primary motor cortex
CL:4023048,L4/5 intratelencephalic projecting glutamatergic neuron of the primary motor cortex
CL:4023049,L5 intratelencephalic projecting glutamatergic neuron of the primary motor cortex
CL:4023050,L6 intratelencephalic projecting glutamatergic neuron of the primary motor cortex
CL:4023051,vascular leptomeningeal cell
CL:4023052,Betz upper motor neuron
CL:4023053,spinal interneuron synapsing Betz cell
CL:4023054,mesothelial fibroblast
CL:4023055,corticothalamic VAL/VM projecting glutamatergic neuron of the primary motor cortex
CL:4023056,vascular leptomeningeal cell (Mmus)
CL:4023057,cerebellar inhibitory GABAergic interneuron
CL:4023058,mesothelial fibroblast of the leptomeninx
CL:4023059,committed oligodendrocyte precursor
CL:4023060,hippocampal CA1-3 neuron
CL:4023061,hippocampal CA4 neuron
CL:4023062,dentate gyrus neuron
CL:4023063,medial ganglionic eminence derived interneuron
CL:4023064,caudal ganglionic eminence derived interneuron
CL:4023065,meis2 expressing cortical GABAergic cell
CL:4023066,horizontal pyramidal neuron
CL:4023067,obsolete Martinotti morphology L2/3 pvalb-like sst GABAergic cortical interneuron (Mus musculus)
CL:4023068,thalamic excitatory neuron
CL:4023069,medial ganglionic eminence derived GABAergic interneuron
CL:4023070,obsolete caudal ganglionic eminence derived GABAergic cortical interneuron
CL:4023071,L5/6 cck GABAergic interneuron (Mmus)
CL:4023072,brain vascular cell
CL:4023073,obsolete choroid plexus cell
CL:4023074,mammillary body neuron
CL:4023075,L6 th sst GABAergic interneuron (Mmus)
CL:4023076,Martinotti neuron
CL:4023077,bitufted neuron
CL:4023078,obsolete basket morphology L2/3 pvalb-like sst GABAergic cortical interneuron (Mus musculus)
CL:4023079,midbrain-derived inhibitory neuron
CL:4023080,stellate L6 intratelencephalic projecting glutamatergic neuron of the primary motor cortex (Mmus)
CL:4023081,inverted L6 intratelencephalic projecting glutamatergic neuron of the primary motor cortex (Mmus)
CL:4023083,obsolete chandelier cell
CL:4023086,T Martinotti neuron
CL:4023087,fan Martinotti neuron
CL:4023088,large basket cell
CL:4023089,nest basket cell
CL:4023090,small basket cell
CL:4023092,inverted pyramidal neuron
CL:4023093,stellate pyramidal neuron
CL:4023094,tufted pyramidal neuron
CL:4023095,untufted pyramidal neuron
CL:4023097,arachnoid barrier cell
CL:4023098,obsolete L2/3 intratelencephalic projecting glutamatergic neuron of the primary motor cortex (Homo sapiens)
CL:4023099,obsolete L5 intratelencephalic projecting glutamatergic neuron of the primary motor cortex (Homo sapiens)
CL:4023100,obsolete L6 intratelencephalic projecting glutamatergic neuron of the primary motor cortex (Homo sapiens)
CL:4023101,obsolete L5/6 near-projecting glutamatergic neuron of the primary motor cortex (Homo sapiens)
CL:4023102,obsolete L5/6 near-projecting glutamatergic neuron of the primary motor cortex (Callithrix jacchus)
CL:4023103,obsolete L2/3 intratelencephalic projecting glutamatergic neuron of the primary motor cortex (Callithrix jacchus)
CL:4023104,obsolete L5 intratelencephalic projecting glutamatergic neuron of the primary motor cortex (Callithrix jacchus)
CL:4023105,obsolete L6 intratelencephalic projecting glutamatergic neuron of the primary motor cortex (Callithrix jacchus)
CL:4023106,obsolete meis2 expressing cortical GABAergic cell (Callithrix jacchus)
CL:4023107,reticulospinal neuron
CL:4023108,oxytocin-secreting magnocellular cell
CL:4023109,vasopressin-secreting magnocellular cell
CL:4023110,amygdala pyramidal neuron
CL:4023111,cerebral cortex pyramidal neuron
CL:4023112,vestibular afferent neuron
CL:4023113,bouton vestibular afferent neuron
CL:4023114,calyx vestibular afferent neuron
CL:4023115,type 1 spiral ganglion neuron
CL:4023116,type 2 spiral ganglion neuron
CL:4023118,L5/6 non-Martinotti sst GABAergic interneuron (Mmus)
CL:4023119,displaced amacrine cell
CL:4023120,cochlea auditory hair cell
CL:4023121,sst chodl GABAergic interneuron
CL:4023122,oxytocin receptor sst GABAergic cortical interneuron
CL:4023123,hypothalamus kisspeptin neuron
CL:4023124,dentate gyrus kisspeptin neuron
CL:4023125,KNDy neuron
CL:4023127,arcuate nucleus of hypothalamus KNDy neuron
CL:4023128,rostral periventricular region of the third ventricle KNDy neuron
CL:4023129,retinoblast
CL:4023130,kisspeptin neuron
CL:4023154,myelinating glial cell
CL:4023158,octopus cell of the mammalian cochlear nucleus
CL:4023159,double bouquet cell
CL:4023160,cartwheel cell
CL:4023161,unipolar brush cell
CL:4023162,bushy cell
CL:4023163,spherical bushy cell
CL:4023164,globular bushy cell
CL:4023168,somatosensory neuron
CL:4023169,trigeminal neuron
CL:4023170,trigeminal sensory neuron
CL:4023171,trigeminal motor neuron
CL:4023181,hypendymal cell
CL:4023187,koniocellular cell
CL:4023188,midget ganglion cell of retina
CL:4023189,parasol ganglion cell of retina
CL:4028001,pulmonary capillary endothelial cell
CL:4028002,alveolar capillary type 1 endothelial cell
CL:4028003,alveolar capillary type 2 endothelial cell
CL:4028004,alveolar type 1 fibroblast cell
CL:4028006,alveolar adventitial fibroblast
CL:4029001,gamete-nursing cell
CL:4029002,germline-derived nurse cell
CL:4029003,somatic nurse-like cell
CL:4030000,choroidal melanocyte
CL:4030001,stromal cell of thymus
CL:4030002,"effector memory CD45RA-positive, alpha-beta T cell, terminally differentiated"
CL:4030003,interstitial cell of thymus
CL:4030004,thymic nurse cell
CL:4030005,kidney collecting duct beta-intercalated cell
CL:4030006,fallopian tube secretory epithelial cell
CL:4030007,fallopian tube multiciliated epithelial cell
CL:4030008,pronephric podocyte
CL:4030009,epithelial cell of proximal tubule segment 1
CL:4030010,epithelial cell of proximal tubule segment 2
CL:4030011,epithelial cell of proximal tubule segment 3
CL:4030012,kidney loop of Henle short descending thin limb epithelial cell
CL:4030013,kidney loop of Henle long descending thin limb outer medulla epithelial cell
CL:4030014,kidney loop of Henle long descending thin limb inner medulla epithelial cell
CL:4030015,kidney collecting duct alpha-intercalated cell
CL:4030016,epithelial cell of early distal convoluted tubule
CL:4030017,epithelial cell of late distal convoluted tubule
CL:4030018,kidney connecting tubule principal cell
CL:4030019,kidney connecting tubule intercalated cell
CL:4030020,kidney connecting tubule alpha-intercalated cell
CL:4030021,kidney connecting tubule beta-intercalated cell
CL:4030022,renal medullary fibroblast
CL:4030023,respiratory tract hillock cell
CL:4030024,hillock cell
CL:4030025,renal cortical fibroblast
CL:4030026,BEST4+ enterocyte
CL:4030027,GABAergic amacrine cell
CL:4030028,glycinergic amacrine cell
CL:4030029,blood lymphocyte
CL:4030030,peripheral blood lymphocyte
CL:4030031,interstitial cell
CL:4030032,valve interstitial cell
CL:4030033,valve endothelial cell
CL:4030034,respiratory tract multiciliated cell
CL:4030035,dental pulp stem cell
CL:4030036,early spermatid
CL:4030037,late spermatid
CL:4030038,"CD24-positive, CD-133-positive, vimentin-positive proximal tubular cell"
CL:4030039,von Economo neuron
CL:4030040,endometrial multiciliated epithelial cell
CL:4030041,luminal endometrial multiciliated epithelial cell
CL:4030042,glandular endometrial multiciliated epithelial cell
CL:4030043,matrix D1 medium spiny neuron
CL:4030044,has_not_completed
CL:4030045,lacks_part
CL:4030046,lacks_plasma_membrane_part
CL:4030047,matrix D2 medium spiny neuron
CL:4030048,striosomal D1 medium spiny neuron
CL:4030049,striosomal D2 medium spiny neuron
CL:4030050,D1/D2-hybrid medium spiny neuron
CL:4030051,nucleus accumbens shell and olfactory tubercle D1 medium spiny neuron
CL:4030052,nucleus accumbens shell and olfactory tubercle D2 medium spiny neuron
CL:4030053,Islands of Calleja granule cell
CL:4030054,D1-NUDAP medium spiny neuron
CL:4030055,intermediate cell of urothelium
CL:4030056,umbrella cell of urothelium
CL:4030057,eccentric medium spiny neuron
CL:4030058,TCR-positive macrophage
CL:4030059,L2/3 intratelencephalic projecting glutamatergic neuron
CL:4030060,L2 intratelencephalic projecting glutamatergic neuron
CL:4030061,L3 intratelencephalic projecting glutamatergic neuron
CL:4030062,L4/5 intratelencephalic projecting glutamatergic neuron
CL:4030063,L4 intratelencephalic projecting glutamatergic neuron
CL:4030064,L5 intratelencephalic projecting glutamatergic neuron
CL:4030065,L6 intratelencephalic projecting glutamatergic neuron
CL:4030066,ureteric bud cell
CL:4030067,L5/6 near-projecting glutamatergic neuron
CL:4030068,L6 intratelencephalic projecting Car3 glutamatergic neuron
CL:4032000,club-like cell of the urethral epithelium
CL:4032001,reelin GABAergic cortical interneuron
CL:4033000,endothelial cell of venule of lymph node
CL:4033001,endothelial cell of arteriole of lymph node
CL:4033002,neuroendocrine cell of epithelium of crypt of Lieberkuhn
CL:4033003,myoepithelial cell of bronchus submucosal gland
CL:4033004,smooth muscle cell of taenia coli
CL:4033005,serous secreting cell of bronchus submucosal gland
CL:4033006,endothelial cell of efferent lymphatic vessel
CL:4033007,brush cell of epithelium of lobar bronchus
CL:4033008,vein endothelial cell of respiratory system
CL:4033009,goblet cell of epithelium of lobar bronchus
CL:4033010,neuroendocrine cell of epithelium of lobar bronchus
CL:4033011,smooth muscle cell of large intestine smooth muscle circular layer
CL:4033012,smooth muscle cell of large intestine smooth muscle longitudinal layer
CL:4033013,suprabasal keratinocyte
CL:4033014,peg cell
CL:4033015,retinal astrocyte
CL:4033016,secondary crest myofibroblast
CL:4033017,bronchiolar smooth muscle cell
CL:4033018,lung megakaryocyte
CL:4033019,ON-blue cone bipolar cell
CL:4033020,mucus secreting cell of trachea gland
CL:4033021,myoepithelial cell of trachea gland
CL:4033022,mucus secreting cell of bronchus submucosal gland
CL:4033023,airway submucosal gland collecting duct epithelial cell
CL:4033024,airway submucosal gland duct basal cell
CL:4033025,perichondrial fibroblast
CL:4033026,lung perichondrial fibroblast
CL:4033027,diffuse bipolar 1 cell
CL:4033028,diffuse bipolar 2 cell
CL:4033029,diffuse bipolar 3a cell
CL:4033030,diffuse bipolar 3b cell
CL:4033031,diffuse bipolar 4 cell
CL:4033032,diffuse bipolar 6 cell
CL:4033033,flat midget bipolar cell
CL:4033034,invaginating midget bipolar cell
CL:4033035,giant bipolar cell
CL:4033036,OFFx cell
CL:4033037,mucus secreting cell of tracheobronchial tree submucosal gland
CL:4033038,"lung resident memory CD4-positive, alpha-beta T cell"
CL:4033039,"lung resident memory CD8-positive, alpha-beta T cell"
CL:4033040,"lung resident memory CD8-positive, CD103-positive, alpha-beta T cell"
CL:4033041,CCL3-positive alveolar macrophage
CL:4033042,metallothionein-positive alveolar macrophage
CL:4033043,lung interstitial macrophage
CL:4033044,deuterosomal cell
CL:4033045,lung migratory dendritic cell
CL:4033046,ON midget ganglion cell
CL:4033047,OFF midget ganglion cell
CL:4033048,respiratory tract suprabasal cell
CL:4033049,taste receptor cell of tongue
CL:4033050,catecholaminergic neuron
CL:4033051,OFF parasol ganglion cell
CL:4033052,ON parasol ganglion cell
CL:4033053,small bistratified retinal ganglion cell
CL:4033054,perivascular cell
CL:4033055,airway submucosal gland duct multiciliated cell
CL:4033056,onychocyte
CL:4033057,luminal adaptive secretory precursor cell of mammary gland
CL:4033058,luminal hormone-sensing cell of mammary gland
CL:4033059,lactocyte type 1
CL:4033060,lactocyte type 2
CL:4033061,endothelial cell of central vein of liver
CL:4033062,interstitial extravillous trophoblast cell
CL:4033063,endovascular extravillous trophoblast cell
CL:4033064,uterine resident macrophage
CL:4033065,preplasmablast
CL:4033066,pre-granulosa cell
CL:4033067,mural granulosa cell
CL:4033068,cycling B cell
CL:4033069,cycling T cell
CL:4033070,cycling dendritic cell
CL:4033071,cycling natural killer cell
CL:4033072,cycling gamma-delta T cell
CL:4033073,cycling monocyte
CL:4033074,"cycling CD8-positive, alpha-beta T cell"
CL:4033075,"cycling CD4-positive, alpha-beta T cell"
CL:4033076,cycling macrophage
CL:4033077,cycling alveolar macrophage
CL:4033078,cycling mononuclear phagocyte
CL:4033079,cycling endothelial cell of lymphatic vessel
CL:4033080,cycling pulmonary alveolar type 2 cell
CL:4033081,cycling myeloid cell
CL:4033082,cycling basal cell
CL:4033083,squamous granulosa cell
CL:4033084,cuboidal granulosa cell
CL:4033085,diffuse bipolar 5 cell
CL:4033086,lipid-associated macrophage
CL:4033087,placental resident macrophage
CL:4033088,decidual resident macrophage
CL:4033089,atretic follicular cell of ovary
CL:4033090,atretic granulosa cell
CL:4033091,glycinergic-GABAergic amacrine cell
CL:4033092,CD57-positive enterocyte
CL:4033093,limbal epithelial stem cell of cornea
CL:4033094,age-associated B cell
CL:4033095,diffuse bipolar 4a cell
CL:4033096,diffuse bipolar 4b cell
CL:4033097,Schlemm's canal endothelial cell
CL:4033098,inner wall Schlemm's canal endothelial cell
CL:4033099,outer wall Schlemm's canal endothelial cell
CL:4033100,atrial intrinsic cardiac ganglion TH neuron
CL:4033101,superior cervical ganglion TH/DBH neuron
CL:4033102,superior cervical ganglion TH neuron
CL:4033103,superior cervical ganglion NPY neuron
CL:4033104,superior cervical ganglion TH/NPY neuron
CL:4033105,superior cervical ganglion SST neuron
CL:4033106,superior cervical ganglion VIP neuron
CL:4033107,superior cervical ganglion CGRP neuron
CL:4033108,middle cervical ganglion DBH neuron
CL:4033109,middle cervical ganglion TH neuron
CL:4033110,middle cervical ganglion TH/NPY neuron
CL:4033111,middle cervical ganglion NPY neuron
CL:4033112,middle cervical ganglion VIP neuron
CL:4033113,cervicothoracic ganglion enkephalin neuron
CL:4033114,cervicothoracic ganglion TH neuron
CL:4033115,cervicothoracic ganglion TH/NPY neuron
CL:4033116,cervicothoracic ganglion VIP neuron
CL:4033117,cervicothoracic ganglion VAChT neuron
CL:4033118,thoracic ganglion enkephalin neuron
CL:4033119,thoracic ganglion TH neuron
CL:4033120,thoracic ganglion TH/NPY neuron
CL:4033121,lumbar ganglion VIP neuron
CL:4033122,lumbar ganglion SST/TH neuron
CL:4033123,lumbar ganglion TH/NPY neuron
CL:4033124,lumbar ganglion TH neuron
CL:4033125,lumbar ganglion NPY neuron
CL:4033126,sacral ganglion TH neuron
CL:4033127,lower airway ganglion ChAT/VIP neuron
CL:4033128,celiac ganglion VIP neuron
CL:4033129,celiac ganglion PHI neuron
CL:4033130,celiac ganglion CGRP neuron
CL:4033131,celiac ganglion SP neuron
CL:4033132,celiac ganglion SOM neuron
CL:4033133,celiac ganglion SOM/CGRP neuron
CL:4033134,superior mesenteric ganglion SP neuron
CL:4033135,inferior mesenteric ganglion TH neuron
CL:4033136,inferior mesenteric ganglion SP neuron
CL:4033137,otic ganglion nNOS neuron
CL:4033138,otic ganglion VIP neuron
CL:4033139,ciliary ganglion VIP/PHI neuron
CL:4033140,ciliary ganglion TH neuron
CL:4033141,submandibular ganglion TH cholinergic neuron
CL:4033142,submandibular ganglion VIP/PHI neuron
CL:4033143,submandibular ganglion nNOS neuron
CL:4033144,pterygopalatine ganglion VIP/PHI neuron
CL:4033145,pterygopalatine ganglion VIP neuron
CL:4033146,pterygopalatine ganglion nNOS neuron
CL:4033147,vestibular ganglion SP neuron
CL:4033148,nodose ganglion TRPV1 neuron
CL:4033149,nodose ganglion P2X3 neuron
CL:4033150,nodose ganglion TRPV2 neuron
CL:4033151,nodose ganglion PVALB neuron
CL:4033152,jugular ganglion TRPV1 neuron
CL:4033153,jugular ganglion TRPV2 neuron
CL:4033154,jugular ganglion SP neuron
CL:4033155,jugular ganglion CGRP neuron
CL:4033156,jugular ganglion SPARCL1 neuron
CL:4033157,geniculate ganglion TRPV1 neuron
CL:4033158,geniculate ganglion SPARCL1 neuron
CL:4033159,geniculate ganglion VGLUT2 neuron
CL:4033160,myenteric ganglion of small intestine ChAT neuron
CL:4033161,myenteric ganglion of small intestine nNOS neuron
CL:4033162,myenteric ganglion of small intestine VIP neuron
CL:4033163,myenteric ganglion of small intestine nNOS/VIP neuron
CL:4033164,myenteric ganglion of small intestine nNOS/ChAT neuron
CL:4033165,myenteric ganglion of small intestine ChAT/CALR/SOM/SP neuron
CL:4033166,myenteric ganglion of small intestine VIP/GAL neuron
CL:4033167,pelvic ganglion TH neuron
CL:4033168,pelvic ganglion TH/DBH neuron
CL:4033169,pelvic ganglion VAChT neuron
CL:4033170,pelvic ganglion nNOS neuron
CL:4033171,pelvic ganglion nNOS/VIP neuron
CL:4033172,pelvic ganglion NPY/VAChT neuron
CL:4033173,pelvic ganglion nNOS/VAChT neuron
CL:4033174,ovarian nerve plexus ganglion TH neuron
CL:4040000,glial restricted tripotential precursor cell
CL:4040001,chorionic girdle cell
CL:4040002,enteroglial cell
CL:4040003,fetal pre-type II pulmonary alveolar epithelial cell
CL:4040004,mesenchymal stem cell of orbital adipose tissue
CL:4040005,mesenchymal stem cell of apical papilla
CL:4040006,dermal chromatophore
CL:4042001,TAC3-positive striatal interneuron
CL:4042002,TAC3-positive medium spiny neuron
CL:4042003,border associated macrophage
CL:4042004,choroid epiplexus macrophage
CL:4042005,stromal choroid plexus macrophage
CL:4042006,dural macrophage
CL:4042007,protoplasmic astrocyte
CL:4042008,fibrous astrocyte
CL:4042009,interlaminar astrocyte
CL:4042010,pial interlaminar astrocyte
CL:4042011,subpial interlaminar astrocyte
CL:4042012,L2 marginal neuron
CL:4042013,Lamp5 Lhx6 neuron
CL:4042014,spiny VIP neuron
CL:4042015,VIP-ChAT interneuron
CL:4042016,nasal serous secreting cell
CL:4042017,alpha1-tanycyte
CL:4042018,alpha2-tanycyte
CL:4042019,beta1-tanycyte
CL:4042020,beta2-tanycyte
CL:4042021,neuronal-restricted precursor
CL:4042022,astrocyte-restricted precursor
CL:4042023,striatal pthlh-expressing interneuron
CL:4042024,striatal PTHLH MOXD1 expressing interneuron
CL:4042025,substantia nigra dopaminergic neuron
CL:4042026,GABAergic interneuron of the anterior substantia nigra pars reticulata
CL:4042027,GABAergic interneuron of the posterior substantia nigra pars reticulata
CL:4042028,immature neuron
CL:4042029,cortical immature neuron
CL:4042030,candelabrum cell
CL:4042031,immune oligodendroglia
CL:4042032,PAX6 GABAergic interneuron
CL:4042033,pro-opiomelanocortin neuron
CL:4042034,CGRP-expressing neuron
CL:4042035,molecular layer interneuron
CL:4042036,melanin-concentrating hormone neuron
CL:4042037,sst GABAergic neuron of the striatum
CL:4042038,rostral primary motorneuron
CL:4042039,caudal ganglionic eminence derived neuron
CL:4042040,glutamatergic neuron of the basal ganglia
CL:4042041,middle primary motoneuron
CL:4047001,cycling stromal cell
CL:4047002,cycling glial cell
CL:4047003,cycling plasma cell
CL:4047004,cycling type EC enteroendocrine cell
CL:4047005,cycling neuroblast (sensu Vertebrata)
CL:4047006,fetal artery endothelial cell
CL:4047007,immature pericyte
CL:4047011,fetal vein endothelial cell
CL:4047012,angiogenic pericyte
CL:4047017,transit amplifying cell of gut
CL:4047018,early colonocyte
CL:4047019,early enterocyte
CL:4047023,intestinal lamina propria fibroblast
CL:4047025,type G cell of stomach
CL:4047029,post-arteriole capillary cell
CL:4047030,pre-venule capillary cell
CL:4047032,secretory pericyte
CL:4047034,smooth muscle cell of stomach
CL:4047035,stomach smooth muscle outer longitudinal layer cell
CL:4047036,stomach smooth muscle circular layer cell
CL:4047037,stomach smooth muscle inner oblique layer cell
CL:4047038,dogiel type I neuron
CL:4047040,smooth muscle circular layer cell
CL:4047042,type 1 myenteric plexus glia
CL:4047043,type 1 submucosal plexus glia
CL:4047044,type 2 interganglionic glia
CL:4047045,type 3 mucosal glia
CL:4047047,type I enteric glial cell
CL:4047048,type 4 muscularis propria glia
CL:4047051,small intestine BEST4+ enterocyte
CL:4047052,BEST4+ colonocyte
CL:4047053,TREM2-positive macrophage
CL:4047054,migratory dendritic cell
CL:4047056,large mucus secreting cholangiocyte
CL:4047060,BAG3-positive monocyte
CL:4047101,liver-resident natural killer cell
CL:4052001,multiciliated ependymal cell
CL:4052002,syncytial cell
CL:4052003,intestinal villus capillary endothelial cell
CL:4052004,intestinal fibroblastic reticular cell
CL:4052005,intestinal subserosal fibroblast
CL:4052006,intestinal enteroendocrine progenitor
CL:4052007,subepithelial intestinal fibroblast
CL:4052008,crypt-bottom fibroblast
CL:4052009,crypt-top fibroblast
CL:4052010,pre-theca cell
CL:4052011,follicle associated enterocyte
CL:4052012,interna theca cell
CL:4052013,externa theca cell
CL:4052014,pancreatic islet capillary endothelial cell
CL:4052015,endocrine gland capillary endothelial cell
CL:4052016,pituitary gland capillary endothelial cell
CL:4052017,choroid plexus capillary endothelial cell
CL:4052018,fallopian tube epithelial cell
CL:4052019,fallopian tube non-ciliated epithelial cell
CL:4052020,lung resident granzyme K-associated CD8 T cell
CL:4052021,granzyme K-associated CD8 T cell
CL:4052022,fallopian tube smooth muscle cell
CL:4052023,luminal endometrial unciliated epithelial cell
CL:4052024,myotendinous junction nucleus
CL:4052025,neuromuscular junction nucleus
CL:4052026,type IIx muscle cell
CL:4052027,atretic theca cell
CL:4052028,uterine natural killer cell
CL:4052029,subpleural fibroblast
CL:4052030,adventitial fibroblast
CL:4052031,respiratory airway secretory cell
CL:4052032,granzyme H-associated CD8 T cell
CL:4052033,biliary tuft cell
CL:4052034,tuft cell of thymus
CL:4052035,tuft cell of pancreatic duct
CL:4052036,tuft cell of nasal cavity
CL:4052037,tuft cell of olfactory epithelium
CL:4052038,tuft cell of nasal cavity respiratory epithelium
CL:4052039,tuft cell of submandibular gland
CL:4052040,tuft cell of stomach
CL:4052041,tuft cell of auditory tube
CL:4052042,tuft cell of urethra
CL:4052045,steroidogenic stromal cell of ovary
CL:4052046,early luteal cell
CL:4052047,late luteal cell
CL:4052048,intercalated cell of salivary gland
CL:4052049,striated cell of salivary gland
CL:4052050,luminal epithelial cell of endometrium
CL:4052051,"uterine natural killer cell 1, human"
CL:4052052,"uterine natural killer cell 2, human"
CL:4052053,"uterine natural killer cell 3, human"
CL:4052055,"mature NK T cell, human"
CL:4052058,Merkel cell of epidermis
CL:4052060,spinous cell
CL:4052061,epidermal keratinocyte
CL:4052062,onychofibroblast
CL:4052063,nail bed keratinocyte
CL:4052064,nail matrix keratinocyte
CL:4052065,serous acinar cell of salivary gland
CL:4052066,mucous acinar cell of salivary gland
CL:4052067,seromucous acinar cell of salivary gland
CL:4052069,excretory duct cell of salivary gland
CL:4052070,dual-feature fallopian tube progenitor cell
CL:4052071,quiescent fibroblast
CL:4070010,gastric mill neuron
CL:4070011,lateral gastric neuron
CL:4070012,inferior cardiac neuron
CL:4070013,ventricular dilator motor neuron
CL:4070014,pyloric motor neuron
CL:4070015,pyloric dilator neuron
CL:4070016,anterior burster neuron
CL:4070017,lateral pyloric motor neuron
CL:4072001,newly formed oligodendrocyte
CL:4072002,myelin-forming oligodendrocyte
CL:4072003,mature myelinating oligodendrocyte
CL:4072005,A8 dopaminergic neuron
CL:4072006,A9 dopaminergic neuron
CL:4072007,A10 dopaminergic neuron
CL:4072008,A11 dopaminergic neuron
CL:4072009,A12 dopaminergic neuron
CL:4072010,A13 dopaminergic neuron
CL:4072011,A14 dopaminergic neuron
CL:4072012,A15 dopaminergic neuron
CL:4072013,A16 dopaminergic neuron
CL:4072014,tanycyte of vascular organ of lamina terminalis
CL:4072015,monocyte-derived Kupffer cell
CL:4072016,NPY interneuron
CL:4072017,agouti-related protein expressing neuron
CL:4072018,pacemaker neuron
CL:4072019,SCN pacemaker neuron
CL:4072021,corticotropin-releasing neuron
CL:4072022,Lamp5 Lhx6 GABAergic interneuron (Homo sapiens)
CL:4072027,sst GABAergic interneuron (Homo sapiens)
CL:4072029,pvalb GABAergic interneuron (Homo sapiens)
CL:4072031,sst chodl GABAergic interneuron (Homo sapiens)
CL:4072032,VIP GABAergic interneuron (Homo sapiens)
CL:4072034,lamp5 GABAergic interneuron (Homo sapiens)
CL:4072035,sncg GABAergic interneuron (Homo sapiens)
CL:4072036,PAX6 GABAergic interneuron (Homo sapiens)
CL:4072037,L2/3 intratelencephalic projecting glutamatergic neuron (Homo sapiens)
CL:4072038,L5 intratelencephalic projecting glutamatergic neuron (Homo sapiens)
CL:4072039,L4 intratelencephalic projecting glutamatergic neuron (Homo sapiens)
CL:4072040,L6 intratelencephalic projecting Car3 glutamatergic neuron (Homo sapiens)
CL:4072041,L6 intratelencephalic projecting glutamatergic neuron (Homo sapiens)
CL:4072042,L5/6 near-projecting glutamatergic neuron (Homo sapiens)
CL:4072043,L5 extratelencephalic projecting glutamatergic cortical neuron (Homo sapiens)
CL:4072044,L6 corticothalamic-projecting glutamatergic cortical neuron (Homo sapiens)
CL:4072045,L6b glutamatergic cortical neuron (Homo sapiens)
CL:4072046,pvalb chandelier GABAergic interneuron (Homo sapiens)
CL:4072102,Purkinje layer interneuron
CL:4072103,hair follicle dermal stem cell
CL:4300028,cerebellar GABAergic neuron (Mmus)
CL:4300029,cerebellar glutamatergic neuron (Mmus)
CL:4300031,OPC-Oligo cell (Mmus)
CL:4300101,STR D1 Gaba direct pathway medium spiny neuron (Mmus)
CL:4300102,STR D2 Gaba indirect pathway medium spiny neuron (Mmus)
CL:4300348,DCO Il22 Gly-Gaba cerebellar neuron (Mmus)
CL:4300349,Purkinje layer interneuron (Mmus)
CL:4300351,CBX MLI Megf11 Gaba molecular layer interneuron (Mmus)
CL:4300353,Purkinje cell (Mmus)
CL:4300354,cerebellar granule cell (Mmus)
CL:4300358,subcortical astrocyte (Mmus)
CL:4300359,astrocyte of cerebrum (Mmus)
CL:4300360,olfactory areas astrocyte (Mmus)
CL:4300362,tanycyte (Mmus)
CL:4300363,ependymal cell (Mmus)
CL:4300366,oligodendrocyte precursor cell (Mmus)
CL:4300367,oligodendrocyte (Mmus)
CL:4300370,VLMC NN vascular leptomeningeal cell (Mmus)
CL:4301571,DCO Il22 Gly-Gaba_1 cerebellar neuron (Mmus)
CL:4301573,DCO Il22 Gly-Gaba_3 cerebellar neuron (Mmus)
CL:4301574,CB PLI Gly-Gaba_1 Purkinje layer interneuron (Mmus)
CL:4301575,Lugaro cell (Mmus)
CL:4301576,CB PLI Gly-Gaba_3 Purkinje layer interneuron (Mmus)
CL:4301578,cerebellar Golgi cell (Mmus)
CL:4301579,CBX MLI Megf11 Gaba_1 molecular layer interneuron (Mmus)
CL:4301580,CBX MLI Megf11 Gaba_2 molecular layer interneuron (Mmus)
CL:4301582,CBX Purkinje Gaba_1 Purkinje cell (Mmus)
CL:4301583,CBX Purkinje Gaba_2 Purkinje cell (Mmus)
CL:4301584,CB Granule Glut_1 cerebellar granule cell (Mmus)
CL:4301585,CB Granule Glut_2 cerebellar granule cell (Mmus)
CL:4301586,unipolar brush cell (Mmus)
CL:4301589,Astro-NT NN_1 astrocyte (Mmus)
CL:4301590,Astro-NT NN_2 astrocyte (Mmus)
CL:4301591,Astro-TE NN_1 astrocyte (Mmus)
CL:4301592,Astro-TE NN_2 astrocyte (Mmus)
CL:4301593,Astro-TE NN_3 astrocyte (Mmus)
CL:4301595,Astro-TE NN_5 astrocyte (Mmus)
CL:4301596,Astro-OLF NN_1 astrocyte (Mmus)
CL:4301597,Astro-OLF NN_2 astrocyte (Mmus)
CL:4301598,Astro-OLF NN_3 astrocyte (Mmus)
CL:4301602,Tanycyte NN_1 tanycyte (Mmus)
CL:4301603,Tanycyte NN_2 tanycyte (Mmus)
CL:4301608,choroid plexus epithelial cell (Mmus)
CL:4301611,commited oligodendrocyte precursor (Mmus)
CL:4301612,newly formed oligodendrocyte (Mmus)
CL:4301613,myelin-forming oligodendrocyte (Mmus)
CL:4301614,mature myelinating oligodendrocyte (Mmus)
CL:4301615,olfactory ensheathing cell (Mmus)
CL:4301616,arachnoid barrier cell (Mmus)
CL:4301625,border associated macrophage (Mmus)
CL:4304384,hypothalamic gonadotropin-releasing hormone neuron (Mmus)
CL:4306426,pinealocyte (Mmus)
CL:4306992,DCO Il22 Gly-Gaba_2 cerebellar neuron (Mmus)
CL:4307005,CB PLI GABA Ly6d Purkinje layer interneuron
CL:4307012,CBX MLI Cdh22 Gaba molecular layer interneuron (Mmus)
CL:4307026,Bergmann glial cell (Mmus)
CL:4307027,cerebellar astrocyte (Mmus)
CL:4307028,Astro-NT NN_1 Galnt15 astrocyte (Mmus)
CL:4307029,Astro-NT NN_1 Slc36a2 astrocyte (Mmus)
CL:4307030,Astro-NT NN_1 Nuf2 astrocyte (Mmus)
CL:4307031,Astro-NT NN_1 Six3os1 astrocyte (Mmus)
CL:4307032,Astro-NT NN_1 Kcnk10 astrocyte (Mmus)
CL:4307033,Astro-NT NN_1 Mecom astrocyte (Mmus)
CL:4307034,Astro-NT NN_2 Fzd2 astrocyte (Mmus)
CL:4307035,Astro-NT NN_2 Sez6l astrocyte (Mmus)
CL:4307036,Astro-NT NN_2 Fam227b astrocyte (Mmus)
CL:4307037,Astro-NT NN_2 Gm30524 astrocyte (Mmus)
CL:4307038,Astro-TE NN_1 Myoc astrocyte (Mmus)
CL:4307039,Astro-TE NN_1 Rasl10b astrocyte (Mmus)
CL:4307040,Astro-TE NN_1 Lncpint astrocyte (Mmus)
CL:4307041,Astro-TE NN_1 Jph4 astrocyte (Mmus)
CL:4307042,Astro-TE NN_2 Clstn2 astrocyte (Mmus)
CL:4307043,Astro-TE NN_2 Mcm6 astrocyte (Mmus)
CL:4307044,Astro-TE NN_3 Cxcl5 astrocyte (Mmus)
CL:4307045,Astro-TE NN_3 Fam163a astrocyte (Mmus)
CL:4307046,Astro-TE NN_3 Zic4 astrocyte (Mmus)
CL:4307047,Astro-TE NN_3 Crym astrocyte (Mmus)
CL:4307048,Astro-TE NN_4 astrocyte (Mmus)
CL:4307049,Astro-TE NN_5 Hs3st3a1 astrocyte (Mmus)
CL:4307050,Astro-TE NN_5 Adamts18 astrocyte (Mmus)
CL:4307051,Astro-OLF NN_1 Greb1 astrocyte (Mmus)
CL:4307052,Astro-OLF NN_1 Stk32a astrocyte (Mmus)
CL:4307053,Astro-OLF NN_2 Slc25a34 astrocyte (Mmus)
CL:4307054,Astro-OLF NN_2 Alk astrocyte (Mmus)
CL:4307055,Astro-OLF NN_3 Ecrg4 astrocyte (Mmus)
CL:4307056,Astro-OLF NN_3 Sfrp1 astrocyte (Mmus)
CL:4307063,Tanycyte NN_1 Cnmd tanycyte of subfornical organ (Mmus)
CL:4307064,Tanycyte NN_1 Glp1r tanycyte (Mmus)
CL:4307065,Tanycyte NN_2 Mylk3 alpha1-tanycyte (Mmus)
CL:4307066,Tanycyte NN_2 Mroh5 alpha1-tanycyte (Mmus)
CL:4307067,alpha2-tanycyte (Mmus)
CL:4307068,Tanycyte NN_2 Otx2 tanycyte (Mmus)
CL:4307069,beta1-tancyte (Mmus)
CL:4307070,beta-2 tanycyte (Mmus)
CL:4307083,hypendemal cell (Mmus)
CL:4307084,CHOR NN_1 Tbc1d1 choroid plexus epithelial cell (Mmus)
CL:4307085,CHOR NN_1 Slc17a8 choroid plexus epithelial cell (Mmus)
CL:4307086,OPC NN_1 Neil3 oligodendrocyte precursor cell (Mmus)
CL:4307087,OPC NN_1 Irx2 oligodendrocyte precursor cell (Mmus)
CL:4307088,OPC NN_1 Mms22l oligodendrocyte precursor cell (Mmus)
CL:4307089,OPC NN_1 Col27a1 oligodendrocyte precursor cell (Mmus)
CL:4307090,OPC NN_1 Rmi2 oligodendrocyte precursor cell (Mmus)
CL:4307091,OPC NN_2 oligodendrocyte precursor cell (Mmus)
CL:4307092,COP NN_1 Rgcc committed oligodendrocyte precursor (Mmus)
CL:4307093,COP NN_1 9130019P16Rik committed oligodendrocyte precursor (Mmus)
CL:4307094,COP NN_1 C1ql1 committed oligodendrocyte precursor (Mmus)
CL:4307095,COP NN_1 Bmp4 committed oligodendrocyte precursor (Mmus)
CL:4307096,COP NN_1 Vwc2 committed oligodendrocyte precursor (Mmus)
CL:4307097,COP NN_1 Cck committed oligodendrocyte precursor (Mmus)
CL:4307098,NFOL NN_2 9630013A20Rik newly formed oligodendrocyte (Mmus)
CL:4307099,NFOL NN_2 Dbx2 newly formed oligodendrocyte (Mmus)
CL:4307100,NFOL NN_2 Rgs16 newly formed oligodendrocyte (Mmus)
CL:4307101,NFOL NN_2 Il23a newly formed oligodendrocyte (Mmus)
CL:4307102,MFOL NN_3 Cxcl12 myelin-forming oligodendrocyte (Mmus)
CL:4307103,MFOL NN_3 Il23a myelin-forming oligodendrocyte (Mmus)
CL:4307104,MOL NN_4 Plin3 mature myelinating oligodendrocyte (Mmus)
CL:4307105,MOL NN_4 Spock3 mature myelinating oligodendrocyte (Mmus)
CL:4307106,MOL NN_4 Art3 mature myelinating oligodendrocyte (Mmus)
CL:4307107,MOL NN_4 Il33 mature myelinating oligodendrocyte (Mmus)
CL:4307108,MOL NN_4 Sspo mature myelinating oligodendrocyte (Mmus)
CL:4307109,OEC NN_1 Adamts12 olfactory ensheathing cell (Mmus)
CL:4307110,OEC NN_1 Gdpd4 olfactory ensheathing cell (Mmus)
CL:4307111,OEC NN_1 A330076C08Rik olfactory ensheathing cell (Mmus)
CL:4307112,OEC NN_1 Rasgef1c olfactory ensheathing cell (Mmus)
CL:4307113,ABC NN_1 Pde11a arachnoid barrier cell (Mmus)
CL:4307114,ABC NN_1 Dapl1 arachnoid barrier cell (Mmus)
CL:4307115,ABC NN_1 Cubn arachnoid barrier cell (Mmus)
CL:4307132,microglial cell (Mmus)
CL:4307133,BAM NN_1 Mrc1 border associated macrophage (Mmus)
CL:4307134,BAM NN_1 Fos border associated macrophage (Mmus)
CL:4310083,GPin-BF cholinergic-GABAergic neuron (Primate)
CL:4310084,striatal LAMP5 CXCL14 GABAergic interneuron (Primate)
CL:4310085,striatal LAMP5 LHX6 GABAergic interneuron (Primate)
CL:4310088,BF SKOR1 Glut glutamatergic neuron of the basal ganglia (Primate)
CL:4310093,arkypallidal neuron (Primate)
CL:4310094,prototypic neuron (Primate)
CL:4310095,GPi Core neuron (Primate)
CL:4310096,GPi Shell neuron (Primate)
CL:4310100,GPe-NDB-SI LHX6-LHX8-GBX1 GABA GABAergic interneuron (Primate)
CL:4310104,Islands of Calleja granule cell (Primate)
CL:4310109,SN-VTR CALB1 Dopa substantia nigra dopaminergic neuron (Primate)
CL:4310110,SN EBF2 GABA GABAergic interneuron (Primate)
CL:4310111,SN-VTR GAD2 Dopa dopaminergic neuron (Primate)
CL:4310112,SN GATA3-PAX8 GABA GABAergic interneuron (Primate)
CL:4310113,SN GATA3-PVALB GABA GABAergic neuron (Primate)
CL:4310114,SN SEMA5A GABA GABAergic interneuron (Primate)
CL:4310115,SN SOX6 Dopa substantia nigra dopaminergic neuron (Primate)
CL:4310117,SN-VTR-HTH GATA3-TCF7L2 GABA GABAergic interneuron (Primate)
CL:4310118,STH PVALB-PITX2 Glut glutamatergic neuron of the basal ganglia (Primate)
CL:4310120,striatal pthlh-expressing interneuron (Primate)
CL:4310121,striatal SST-LYPD6-RSPO2 GABAergic interneuron (Primate)
CL:4310122,striatal SST-ADARB2 GABAergic interneuron (Primate)
CL:4310123,striatal SST-CHODL GABAergic interneuron (Primate)
CL:4310124,striatal SST-RSPO2 GABAergic interneuron (Primate)
CL:4310125,STR TAC3-PLPP4 GABA TAC3-positive striatal interneuron (Primate)
CL:4310126,STR-BF TAC3-PLPP4-LHX8 GABA TAC3-positive striatal interneuron (Primate)
CL:4310127,striatal VIP GABAergic interneuron (Primate)
CL:4310128,STRd cholinergic-GABAergic neuron (Primate)
CL:4310129,STRd D1 Matrix medium spiny neuron (Primate)
CL:4310130,striosomal D1 medium spiny neuron (Primate)
CL:4310131,STRd D1/D2-hybrid medium spiny neuron (Primate)
CL:4310132,STRd D2 Matrix medium spiny neuron (Primate)
CL:4310133,STRd D2 Striomat hybrid medium spiny neuron (Primate)
CL:4310134,striosomal D2 medium spiny neuron (Primate)
CL:4310135,STR cholinergic-GABAergic neuron (Primate)
CL:4310136,STRv D1 medium spiny neuron (Primate)
CL:4310137,STRv D1-NUDAP medium spiny neuron (Primate)
CL:4310138,STRv D2 medium spiny neuron (Primate)
CL:4310143,ZI-HTH GABA GABAergic interneuron (Primate)
CL:4310144,VTR-HTH Glut glutamatergic neuron of the basal ganglia (Primate)
CL:4310145,AMY-SLEA-BNST D1 GABA GABAergic interneuron (Primate)
CL:4310146,AMY-SLEA-BNST GABA GABAergic interneuron (Primate)
CL:4310147,OB Dopa-GABA neuron (Primate)
CL:4310148,OB FRMD7 GABA GABAergic neuron (Primate)
CL:7770002,juxtacanalicular tissue cell
CL:7770003,beam A cell
CL:7770004,suprabasal cell
CL:7770005,beam cell
CL:7770006,"beam B cell, human"
