leiden_sub,cell_id,cell_label,evidence,table,table_count,references,shared_markers,asctb_markers
"0,0",CL:0000057,fibroblast,5,fallopian-tube,1,https://doi.org/10.1016/j.celrep.2021.108978,DCN,DCN
"0,0",CL:0009089,lung pericyte,3,lung,1,https://doi.org/10.1148/93.3.507; https://doi.org/10.1136/thx.13.2.110,DCN,PDGFRB; LAMC3; DCN; CSPG4; HIGD1B; COL1A2; COX4I2; TRPC6
"0,0",CL:4028006,alveolar adventitial fibroblast,3,lung,1,https://doi.org/10.1148/93.3.507; https://doi.org/10.1136/thx.13.2.110,DCN,MFAP4; MFAP5; FBLN1; SCARA5; DCN; PI16; COL6A3; PLA2G2A; LUM; COL1A2; SLPI; DCLK1; CDON
"0,0",CL:4028004,alveolar type 1 fibroblast cell,3,lung,1,https://doi.org/10.1148/93.3.507; https://doi.org/10.1136/thx.13.2.110,DCN,INMT; VEGFD; LUM; PCDH15; PLIN2; DCN; COL1A2; FGFR4; TCF21; MFAP4; FBLN1; SAA1; WNT2; COL6A3; CES1
"0,0",CL:0009105,T cell zone reticular cell,2,lymph-node,1,https://doi.org/10.3389/fimmu.2011.00035; https://doi.org/10.1016/j.jcyt.2017.01.010; https://doi.org/10.1016/j.ajpath.2010.12.039,VIM,PECAM1; IL7; PDPN; DES; ACTA2; VIM; CCL21; CCL19
"0,0",CL:1000489,reticular cell of splenic cord,2,spleen,1,https://doi.org/10.55418/9781933477060.; https://doi.org/10.1111/imm.12469; https://doi.org/10.1038/s41467-019-09728-3,DCN,MADCAM1; NGFR; IL7; ENPP2; CCL19; CCL21; BST1; DSC2; THBD; ACTA2; THY1; C3; CLU; CD74; CR2; DCN; ENG
"0,0",CL:1000692,kidney interstitial fibroblast,2,kidney,1,https://doi.org/10.1172/jci.insight.133267; https://doi.org/10.1038/s41467-019-10861-2,VIM; DCN,LUM; COL1A2; COL1A1; DCN; ZEB2; C7; VIM
"0,0",CL:0002620,skin fibroblast,2,skin,1,https://doi.org/10.1111/j.1365-2133.1989.tb15509.x; https://doi.org/10.1097/00000372-199606000-00008; https://doi.org/10.1074/jbc.M701586200,VIM,F3; CD34; VIM
"0,0",CL:1001111,kidney loop of Henle thin descending limb epithelial cell,2,kidney,1,https://doi.org/10.1681/ASN.2020010071; https://doi.org/10.1172/jci.insight.133267; https://doi.org/10.1038/s41467-019-10861-2,VIM; CRYAB,CRYAB; SATB2; CDH1; VIM; VCAM1; SLC44A5; SPP1
"0,0",CL:4033017,bronchiolar smooth muscle cell,2,lung,1,https://doi.org/10.1148/93.3.507; https://doi.org/10.1136/thx.13.2.110,DCN,ACTG1; COL1A2; LGR6; ACTA2; CNN1; DES; TAGLN; DCN; PLN; MYH11; MFAP4
"0,0",CL:0000186,myofibroblast cell,2,lymph-node,1,PMCID:PMC1899700; https://www.pathologyoutlines.com/topic/lymphnodesanatomy.html; https://doi.org/10.1002/ar.1091830404; https://fblt.cz/en/skripta/v-krev-a-organy-imunitniho-systemu/6-thymus-mizni-uzliny-a-difuzni-imunitni-system/,VIM,DES; COL1A1; ELN; COL3A1; ACTA2; VIM
"0,0",CL:0009079,thymic fibroblast type 2,1,thymus,1,https://doi.org/10.1126/science.aay3224,MGP,FN1; COL3A1; IGFBP6; COL1A1; LUM; COL1A2; FBN1; COL14A1; OGN; MGP
"0,0",CL:0000883,thymic cortical macrophage,1,thymus,1,https://doi.org/10.1016/s0065-2776(08)60900-1,TMSB4X,STAB1; APOE; C1QC; C1QB; TMSB4X; SLC40A1; LGMN; SELENOP; MS4A7; C1QA; RNASE1
"0,0",CL:0009077,subcapsular thymic epithelial cell,1,thymus,1,https://doi.org/10.1016/s0065-2776(08)60900-1,TMSB4X,PTMA; TMSB4X
"0,0",PCL:0051019,VendA_18 endothelial cell of artery (Hsap),1,allen-brain,1,https://doi.org/10.1101/2022.10.12.511898,MGP,MGP; MECOM
"0,0",CL:0009103,lymph node marginal reticular cell,1,lymph-node,1,https://doi.org/10.3389/fimmu.2011.00035; https://doi.org/10.1016/j.jcyt.2017.01.010; https://doi.org/10.1016/j.ajpath.2010.12.039,VIM,PDPN; ENPP2; DES; ACTA2; VIM; TNFSF11; PECAM1; CXCL13
"0,0",CL:1001107,kidney loop of Henle thin ascending limb epithelial cell,1,kidney,1,https://doi.org/10.1016/j.devcel.2019.10.005; https://doi.org/10.1038/s41467-019-10861-2,CRYAB,CLCNKA; CLDN3; CDH1; PROX1; TACSTD2; CRYAB; SH3GL3
"0,0",PCL:0051050,Oligo_49 oligodendrocyte (Hsap),1,allen-brain,1,https://doi.org/10.1101/2022.10.12.511898,CRYAB,CARNS1; CRYAB; AC084149.2; SLC5A11; TF
"0,0",ASCTB-TEMP:interdigitating-dendritic-cells,Interdigitating Dendritic Cells,1,spleen,1,https://doi.org/10.1309/M95G-7DQ2-TLQL-7Q11,VIM,CD68; CD1A; VIM; S100B
"0,0",CL:4030014,kidney loop of Henle long descending thin limb inner medulla epithelial cell,1,kidney,1,https://doi.org/10.1681/ASN.2020010071; https://doi.org/10.1152/ajprenal.2000.278.2.F202; https://doi.org/10.1152/ajprenal.2000.278.1.F52; https://doi.org/10.1101/2021.07.28.454201; https://doi.org/10.1016/j.devcel.2019.10.005; https://doi.org/10.1038/s41467-019-10861-2,CRYAB,SH3GL3; CRYAB; CLDN1; SLC4A11; TACSTD2; CPE; SLC14A2
"0,0",PCL:0051169,Misc_168 cerebral cortex neuron (Hsap),1,allen-brain,1,https://doi.org/10.1101/2022.10.12.511898,DCN,SCHLAP1; DCN
"0,0",CL:1000452,parietal epithelial cell,1,kidney,1,https://doi.org/10.1172/jci.insight.133267; https://doi.org/10.1038/s41467-019-10861-2,VIM,CFH; CRB2; ALDH1A2; VIM; VCAM1
"0,0",CL:0000576,monocyte,1,thymus,1,https://doi.org/10.1126/science.aay3224,S100A6,CTSS; VCAN; LYZ; CD52; S100A9; S100A8; FCN1; S100A6; S100A4; S100A12
"0,0",PCL:0051171,Misc_170 neuron of the forebrain (Hsap),1,allen-brain,1,https://doi.org/10.1101/2022.10.12.511898,DCN,GRB14; DCN
"0,0",PCL:0051249,MGE_248 sst GABAergic cortical interneuron (Hsap),1,allen-brain,1,https://doi.org/10.1101/2022.10.12.511898,DCN,RP11-799O21.2; DCN; TAC1
"0,0",CL:0009104,B cell zone reticular cell,1,lymph-node,1,ISBN:9781933477381; https://doi.org/10.1080/01926230600867727,VIM,PECAM1; PDPN; DES; ACTA2; VIM; TNFSF11; CXCL12
"0,0",CL:0009072,medullary thymic epithelial cell type 2,1,thymus,1,https://doi.org/10.3791/50951; https://doi.org/10.1038/s41467-021-21346-6; https://doi.org/10.1080/01926230600865549; https://doi.org/10.1126/science.aay3224,VIM,TYW3; CDR2; HLA-DQA1; KRT17; AIRE; NTHL1; PTPRC; KRT5; CCL19; VIM; EPCAM; SNCG; CSTA; FGF17; CALML3
"0,0",CL:4030022,renal medullary fibroblast,1,kidney,1,https://doi.org/10.1101/2021.07.28.454201,DCN,NCAM1; TNC; KCNK2; CLMP; DCN; SYT1
"0,0",CL:4030013,kidney loop of Henle long descending thin limb outer medulla epithelial cell,1,kidney,1,https://doi.org/10.1681/ASN.2020010071; https://doi.org/10.1152/ajprenal.2000.278.1.F52; https://doi.org/10.1101/2021.07.28.454201; https://doi.org/10.1016/j.devcel.2019.10.005; https://doi.org/10.1038/s41467-019-10861-2,CRYAB,CRYAB; SLC39A8; AQP1; SLC4A11; TACSTD2; SLC9A3
"0,0",CL:4030012,kidney loop of Henle short descending thin limb epithelial cell,1,kidney,1,https://doi.org/10.1681/ASN.2020010071; https://doi.org/10.1152/ajprenal.2000.278.1.F52; https://doi.org/10.1172/jci.insight.133267; https://doi.org/10.1038/s41467-019-10861-2,CRYAB,ID1; CRYAB; SATB2; JAG1; TACSTD2; SPP1; CPE; SLC14A2
"0,0",CL:0000669,pericyte,1,eye,1,https://doi.org/10.1016/j.cell.2019.01.004,MGP,MGP; KCNJ8; COL4A1; RGC5; MYL9
"0,0",CL:0011004,lens fiber cell,1,eye,1,https://doi.org/10.1167/iovs.15-18117,VIM,AQP0 residues 1-263 +fatty acyl; VIM
"0,0",PCL:0051064,Astro_63 astrocyte (Hsap),1,allen-brain,1,https://doi.org/10.1101/2022.10.12.511898,CRYAB,GFAP; CRYAB
"0,0",CL:0009106,medullary reticular cell,1,lymph-node,1,https://doi.org/10.3389/fimmu.2011.00035.; https://doi.org/10.1016/j.jcyt.2017.01.010; https://doi.org/10.1016/j.ajpath.2010.12.039,VIM,PECAM1; PDPN; DES; ACTA2; VIM; TNFSF11; CXCL12
"0,1",CL:0000866,thymic macrophage,3,thymus,1,https://doi.org/10.1016/j.imbio.2008.07.032; https://doi.org/10.1016/s0065-2776(08)60900-1; https://doi.org/10.1016/j.imbio.2008.07.032.; https://doi.org/10.1126/science.aay3224,APOE,LGMN; LYZ; ITGAX; ICAM1; MS4A7; CD68; SELENOP; SLC40A1; C1QB; C1QA; ITGAM; C1QC; CD163; RNASE1; CD209; APOE; STAB1
"0,1",CL:0000874,splenic red pulp macrophage,2,spleen,1,https://doi.org/10.55418/9781933477060.; https://doi.org/10.1182/bloodadvances.2017015008; https://doi.org/10.1111/imm.12469; https://doi.org/10.1186/s13059-019-1906-x,APOE,NGFR; APOE; CD68; CD5L; CD163; SIGLEC1
"0,1",CL:0000876,splenic white pulp macrophage,2,spleen,1,https://doi.org/10.1111/imm.12469; https://doi.org/10.1007/s00418-011-0799-x; https://doi.org/10.1186/s13059-019-1906-x,APOE,CD163; APOE; CD68; CD5L
"0,1",ASCTB-TEMP:fibrocartilage-chondrocyte-2,Fibrocartilage Chondrocyte 2,2,knee,1,https://doi.org/10.1136/ard-2022-223227,IGFBP5,IGFBP5; CTHRC1; PRG4
"0,1",PCL:0051416,Splat_415 neuron (Hsap),1,allen-brain,1,https://doi.org/10.1101/2022.10.12.511898,GNAS,GNAS; PEG10
"0,1",PCL:0051061,Astro_60 astrocyte (Hsap),1,allen-brain,1,https://doi.org/10.1101/2022.10.12.511898,APOE,LINC00499; TNC; EDNRB; APOE
"0,1",CL:0000636,Mueller cell,1,eye,1,https://doi.org/10.1155/2007/39245; https://doi.org/10.1016/j.ophtha.2017.09.016,APOE,GFAP; CRYM; CLU; CRABP1; SLC1A3; GLUL; DKK3; APOE; RLBP1
"0,1",PCL:0051063,Astro_62 astrocyte (Hsap),1,allen-brain,1,https://doi.org/10.1101/2022.10.12.511898,APOE,LINC00836; TNC; APOE
"0,1",CL:0002038,T follicular helper cell,1,thymus,1,https://doi.org/10.1126/science.aay3224,FOSB,NR4A2; NDUFV2; FOSB; FLT3LG; ALG13; DDIT4; IL7R; FAM177A1; EIF4A3; CCNH
"0,1",PCL:0015021,Inh L1-3 VIP HSPB6 primary motor cortex GABAergic interneuron (Hsap),1,allen-brain,1,https://doi.org/10.1038/s41586-021-03465-8,IGFBP5,IGFBP5; CCNG2
"0,1",CL:0000877,splenic tingible body macrophage,1,spleen,1,https://doi.org/10.1007/s00418-011-0799-x; https://doi.org/10.1186/s13059-019-1906-x,APOE,APOE; CD68; CD5L
"0,1",CL:0000882,thymic medullary macrophage,1,thymus,1,https://doi.org/10.1016/s0065-2776(08)60900-1; https://doi.org/10.1016/j.imbio.2008.07.032; https://doi.org/10.1126/science.aay3224,APOE,ITGAX; ICAM1; STAB1; APOE; LYZ; LGMN; SELENOP; MS4A7; CD68; SLC40A1; C1QB; C1QA; ITGAM; C1QC; CD163; RNASE1; CD209
"0,1",CL:0000883,thymic cortical macrophage,1,thymus,1,https://doi.org/10.1016/s0065-2776(08)60900-1,APOE,STAB1; APOE; C1QC; C1QB; TMSB4X; SLC40A1; LGMN; SELENOP; MS4A7; C1QA; RNASE1
"0,1",CL:0001056,"dendritic cell, human",1,kidney,1,https://doi.org/10.1038/s41586-020-2941-1; https://doi.org/10.1038/s41467-019-10861-2; https://doi.org/10.1126/science.aat5031,APOE,HLA-DRA; FCER1A; APOE; CD1E; CD1C
"0,1",CL:0002364,cortical thymic epithelial cell,1,thymus,1,https://doi.org/10.1182/blood-2008-11-187633.; https://doi.org/10.1126/science.aay3224; https://doi.org/10.3791/50951,GNG11,PSMB9; PSMB10; PDLIM1; PTPRC; PSMB11; PRSS16; CDR2; PLTP; CCL25; EPCAM; COX7A1; SCX; CTSV; S100A14; GNG11
"0,1",CL:0000872,splenic marginal zone macrophage,1,spleen,1,https://doi.org/10.1111/imm.12469; https://doi.org/10.1186/s13059-019-1906-x,APOE,APOE; CD68; CD5L; CD163
"0,1",CL:0000764,erythroid lineage cell,1,bone-marrow,1,https://doi.org/10.1371/journal.pone.0162209,APOC1,KIT; PTPRC; GYPA; APOC1; ENG; KLF1; GATA1; CD36; MYC; TFRC; KCNH2; PRSS57; EPCAM
"0,1",ASCTB-TEMP:splenic-perifollicular-zone-macrophage,Splenic perifollicular zone macrophage,1,spleen,1,https://doi.org/10.1111/j.1365-2567.2007.02710.x; https://doi.org/10.55418/9781933477060.; https://doi.org/10.1046/j.1365-2567.1997.00328.x; https://doi.org/10.1186/s13059-019-1906-x,APOE,MRC1; CD68; CD5L; APOE; CD209; CD163; SIGLEC1
"0,1",PCL:0051366,Splat_365 neuron (Hsap),1,allen-brain,1,https://doi.org/10.1101/2022.10.12.511898,GNAS,MEIS2; GNAS; HTR2C; ZFHX3; CNTN1; CALM1
"0,2",ASCTB-TEMP:stromal-cell,stromal cell,36,uterus,1,https://doi.org/10.1101/2021.01.02.425073,IGF1,MMP11; IGF1; PCOLCE; OGN
"0,2",CL:0002062,pulmonary alveolar type 1 cell,3,lung,1,https://doi.org/10.1148/93.3.507; https://doi.org/10.1136/thx.13.2.110,SEMA3B,AQP4; FXYD3; SCEL; ELF3; SEMA3B; CDH1; CLIC5; SFTA2; EPCAM; RTKN2; SLC39A8; AGER; HOPX; GRAMD2A; KRT1
"0,2",CL:0002059,CD8-alpha-positive thymic conventional dendritic cell,2,thymus,1,https://doi.org/10.1172/JCI11734; https://doi.org/10.1038/cti.2015.21; https://doi.org/10.1126/science.aay3224,CPVL,PTPRC; ITGAX; LYZ; LGALS2; CPVL; SIRPA; ITGAM; XCR1; CD33; BATF3; IRF8; C1orf54; CD4; DNASE1L3; CD83; RGCC; HLA-DPA1; THBD; CLEC9A
"0,2",CL:0000540,neuron,1,spinal-cord,1,https://doi.org/10.1016/j.neuron.2023.01.007,IGF1,IGF1; TAC1; SOX5
"0,3",CL:0000071,blood vessel endothelial cell,21,thymus; lymph-node,2,https://doi.org/10.1126/science.aay3224; https://doi.org/10.1080/01926230600865549; https://doi.org/10.1007/s00441-008-0706-5; https://doi.org/10.1038/nri32982012.; https://doi.org/10.1371/journal.pone.0094781; https://doi.org/10.1369/jhc.4A6514.2005,SPARCL1,RAMP2; IFI27; TM4SF1; RNASE1; CD300LG; HLA-DRB1; PDPN; PROX1; NPDC1; EMCN; CD59; HLA-DPA1; ENG; CD34; AQP1; HLA-DRA; CAV1; ACKR1; PLVAP; A2M; SPARCL1; ESAM; CCL14; NECTIN2; BCAM; HLA-DPB1; GJA5; ICAM1; MARCO; PECAM1; CDH5; FLT1; COL4A2; CD74; ACTA2; JAM2; CD209; NTAN1; IL3RA
"0,3",CL:0019032,intestinal tuft cell,11,large-intestine,1,https://doi.org/10.1038/s41598-019-53997-3; https://doi.org/10.1038/s42003-020-01181-z; https://doi.org/10.4049/jimmunol.1801069,DCLK1,KRT20; POU2F3; TRPM5; PTGS1; DCLK1
"0,3",CL:4028006,alveolar adventitial fibroblast,3,lung,1,https://doi.org/10.1148/93.3.507; https://doi.org/10.1136/thx.13.2.110,DCLK1,MFAP4; MFAP5; FBLN1; SCARA5; DCN; PI16; COL6A3; PLA2G2A; LUM; COL1A2; SLPI; DCLK1; CDON
"0,3",PCL:0051382,Splat_381 neuron (Hsap),2,allen-brain,1,https://doi.org/10.1101/2022.10.12.511898,EBF1; EBF2,OTP; EBF1; EBF2
"0,3",CL:0009078,thymic fibroblast type 1,2,thymus,1,https://doi.org/10.1126/science.aay3224,SPARCL1; C7,PTGDS; MFAP4; HSPB6; RSPO3; PTN; RBP5; DPT; C7; SRPX; SPARCL1
"0,3",CL:0002460,CD8-alpha-negative thymic conventional dendritic cell,2,thymus,1,https://doi.org/10.1172/JCI11734; https://doi.org/10.1038/cti.2015.21; https://doi.org/10.1126/science.aay3224,GSN,MNDA; LGALS2; ITGAX; XCR1; CD1C; CD33; HLA-DQB1; THBD; ALDH2; SIRPA; ITGAM; CD4; PTPRC; CLEC10A; GSN; HLA-DQA1; CD83; JAML; CTSH
"0,3",CL:1000692,kidney interstitial fibroblast,1,kidney,1,https://doi.org/10.1172/jci.insight.133267; https://doi.org/10.1038/s41467-019-10861-2,C7,LUM; COL1A2; COL1A1; DCN; ZEB2; C7; VIM
"0,3",PCL:0051388,Splat_387 neuron (Hsap),1,allen-brain,1,https://doi.org/10.1101/2022.10.12.511898,EBF2,PAX5; EBF2
"0,3",PCL:0051207,MSN_206 medium spiny neuron (Hsap),1,allen-brain,1,https://doi.org/10.1101/2022.10.12.511898,EBF1,RP11-640F22.1; AC002066.1; GLI3; EBF1
"0,3",PCL:0051342,Splat_341 neuron (Hsap),1,allen-brain,1,https://doi.org/10.1101/2022.10.12.511898,EBF2,LINC01036; EBF2; EBF3
"0,3",PCL:0051028,Fbl_27 fibroblast (Hsap),1,allen-brain,1,https://doi.org/10.1101/2022.10.12.511898,ABCA8,LINC02147; ABCA8; FMO2
"0,3",CL:0009074,medullary thymic epithelial cell type 4,1,thymus,1,https://doi.org/10.3791/50951; https://doi.org/10.1038/s41586-018-0345-2; https://doi.org/10.1080/01926230600865549; https://doi.org/10.1126/science.aay3224,DCLK1,PTPRC; IRAG2; KRT8; FOXI1; DCLK1; KRT18; ANXA4; RASSF6; ANXA1; CDR2; EPCAM; HEPACAM2; BMX
"0,3",PCL:0051344,Splat_343 neuron (Hsap),1,allen-brain,1,https://doi.org/10.1101/2022.10.12.511898,EBF2,HOXB3; CASZ1; EBF2
"0,3",PCL:0051371,Splat_370 neuron (Hsap),1,allen-brain,1,https://doi.org/10.1101/2022.10.12.511898,EBF2,LEF1; EBF2; EBF3; LGR5
"0,3",PCL:0051019,VendA_18 endothelial cell of artery (Hsap),1,allen-brain,1,https://doi.org/10.1101/2022.10.12.511898,MECOM,MGP; MECOM
"0,3",PCL:0051369,Splat_368 neuron (Hsap),1,allen-brain,1,https://doi.org/10.1101/2022.10.12.511898,EBF1,SNHG14; EBF1; EBF3; TCF7L2
"0,3",PCL:0051016,VendC_15 capillary endothelial cell (Hsap),1,allen-brain,1,https://doi.org/10.1101/2022.10.12.511898,MECOM,ABCG2; MECOM; HMCN1
"0,3",PCL:0051384,Splat_383 neuron (Hsap),1,allen-brain,1,https://doi.org/10.1101/2022.10.12.511898,EBF2,LMX1A; EBF2; PITX2
"0,3",PCL:0051380,Splat_379 neuron (Hsap),1,allen-brain,1,https://doi.org/10.1101/2022.10.12.511898,EBF2,OTP; EBF2; SLC6A5
"0,3",PCL:0051129,ULIT_128 intratelencephalic-projecting glutamatergic cortical neuron (Hsap),1,allen-brain,1,https://doi.org/10.1101/2022.10.12.511898,LAMA2,RP11-387P12.1; LAMA2; LINC02055; COL5A2
"0,3",PCL:0051052,Bgl_51 Bergmann glial cell (Hsap),1,allen-brain,1,https://doi.org/10.1101/2022.10.12.511898,LAMA2,LAMA2; LINC01727
"0,3",PCL:0051017,VendVC_16 capillary endothelial cell (Hsap),1,allen-brain,1,https://doi.org/10.1101/2022.10.12.511898,MECOM,MECOM; TRPM6
"0,3",PCL:0051029,Fbl_28 fibroblast (Hsap),1,allen-brain,1,https://doi.org/10.1101/2022.10.12.511898,C7,COL1A2; FBLN2; C7
"0,3",PCL:0051364,Splat_363 neuron (Hsap),1,allen-brain,1,https://doi.org/10.1101/2022.10.12.511898,EBF2,NR2F2-AS1; ST8SIA6; EBF2
"0,3",PCL:0051030,Fbl_29 fibroblast (Hsap),1,allen-brain,1,https://doi.org/10.1101/2022.10.12.511898,EBF2,EBF2; SLC2A1; BMPR1B
"0,3",ASCTB-TEMP:geniculate-ganglion-sparcl1-neuron,geniculate ganglion SPARCL1 neuron,1,peripheral-nervous-system,1,https://doi.org/10.1159/000470835,SPARCL1,SPARCL1
"0,3",ASCTB-TEMP:jugular-ganglion-sparcl1-neuron,jugular ganglion SPARCL1 neuron,1,peripheral-nervous-system,1,https://doi.org/10.1016/j.tice.2020.101344,SPARCL1,SPARCL1
"0,3",PCL:0051025,Fbl_24 fibroblast (Hsap),1,allen-brain,1,https://doi.org/10.1101/2022.10.12.511898,C7,C7; BMP5
"0,3",PCL:0051020,Vsmc_19 brain vascular cell (Hsap),1,allen-brain,1,https://doi.org/10.1101/2022.10.12.511898,MECOM,MECOM; ACTA2
"0,3",PCL:0015082,Exc L3 THEMIS ENPEP primary motor cortex glutamatergic neuron (Hsap),1,allen-brain,1,https://doi.org/10.1038/s41586-021-03465-8,LAMA2,LAMA2; FAP
"0,4",CL:0009077,subcapsular thymic epithelial cell,2,thymus,1,https://doi.org/10.1016/s0065-2776(08)60900-1,TMSB4X; PTMA,PTMA; TMSB4X
"0,4",CL:0000883,thymic cortical macrophage,1,thymus,1,https://doi.org/10.1016/s0065-2776(08)60900-1,TMSB4X,STAB1; APOE; C1QC; C1QB; TMSB4X; SLC40A1; LGMN; SELENOP; MS4A7; C1QA; RNASE1
"0,5",CL:0000540,neuron,5,spinal-cord,1,https://doi.org/10.1016/j.neuron.2023.01.007,SOX5,ISM1; LMO3; CARTPT; IGF1; NMU; CALCB; TAC1; SOX5
"0,5",CL:0000749,ON-bipolar cell,2,eye,1,https://doi.org/10.1002/cne.22756; https://doi.org/10.1002/cne.10491,PRKCA,CACNA1G; SCN1A; HCN1; PRKCA
"0,5",CL:0000748,retinal bipolar neuron,1,eye,1,https://doi.org/10.1016/j.brainres.2007.06.007; https://doi.org/10.1016/j.exer.2016.01.002; https://doi.org/10.1016/j.cell.2019.01.004,PRKCA,PRKCA; OTX2; RCVRN; MIP; ISL1; GRM6; TRPM1; GRIK1; GNAO1; VSX2; CABP5; VSX1
"0,5",PCL:0051372,Splat_371 neuron (Hsap),1,allen-brain,1,https://doi.org/10.1101/2022.10.12.511898,BNC2,BNC2; NPSR1; CPA6
"0,5",PCL:0051427,EMSN_426 medium spiny neuron (Hsap),1,allen-brain,1,https://doi.org/10.1101/2022.10.12.511898,MEIS1,MEIS1; RP11-537P24.1; TSHZ1
"0,5",PCL:0051032,Fbl_31 arachnoid barrier cell (Hsap),1,allen-brain,1,https://doi.org/10.1101/2022.10.12.511898,BNC2,PTGDR; BNC2
"0,5",CL:0000740,retinal ganglion cell,1,eye,1,https://doi.org/10.1017/S0952523819000087; https://doi.org/10.1016/j.cell.2019.01.004,RBPMS,POU4F1; NEFL; NEFM; TUBB; RBPMS; SLC17A6; POU4F3; OPN4; POU4F2; THY1; SNCG
"0,5",PCL:0051340,Splat_339 neuron (Hsap),1,allen-brain,1,https://doi.org/10.1101/2022.10.12.511898,MEIS1,MEIS1; LINC01798; SLC6A5
"0,5",PCL:0051229,EMSN_228 medium spiny neuron (Hsap),1,allen-brain,1,https://doi.org/10.1101/2022.10.12.511898,MEIS1,MEIS1; NPFFR2; ADAMTSL1; RP11-154H17.1; SEMA3C
"0,5",PCL:0051230,EMSN_229 medium spiny neuron (Hsap),1,allen-brain,1,https://doi.org/10.1101/2022.10.12.511898,MEIS1,PTH2R; MEIS1; ADAMTSL1; CACNG5; TSHZ1
"1,0",CL:0000575,corneal epithelial cell,1,eye,1,https://doi.org/10.1634/stemcell.22-3-355,GJA1,NES; KRT3; KRT12; GJA1; CDH1
"1,0",PCL:0015108,Exc L6 FEZF2 KLK7 primary motor cortex glutamatergic neuron (Hsap),1,allen-brain,1,https://doi.org/10.1038/s41586-021-03465-8,MDFIC,MDFIC
"1,0",PCL:0015063,Inh L2-5 PVALB HHIPL1 primary motor cortex GABAergic interneuron (Hsap),1,allen-brain,1,https://doi.org/10.1038/s41586-021-03465-8,MDFIC,MDFIC; ADAMTS20; ADAMTS17
"1,00",PCL:0051250,MGE_249 sst GABAergic cortical interneuron (Hsap),1,allen-brain,1,https://doi.org/10.1101/2022.10.12.511898,SOX6,RSPO3; TRPC7; SOX6; SST; SEMA3A
"1,00",PCL:0051041,Oligo_40 oligodendrocyte (Hsap),1,allen-brain,1,https://doi.org/10.1101/2022.10.12.511898,ERBB4,ERBB4; OPALIN; PLP1
"1,00",PCL:0015037,Inh L1-5 VIP LINC01013 primary motor cortex GABAergic interneuron (Hsap),1,allen-brain,1,https://doi.org/10.1038/s41586-021-03465-8,SRGAP1,THSD7B; SRGAP1; DACH2
"1,00",PCL:0051424,Splat_423 neuron (Hsap),1,allen-brain,1,https://doi.org/10.1101/2022.10.12.511898,SOX6,PROX1; SOX6; TSHZ2
"1,00",PCL:0015031,Inh L5-6 VIP COL4A3 primary motor cortex GABAergic interneuron (Hsap),1,allen-brain,1,https://doi.org/10.1038/s41586-021-03465-8,PARD3B,ABI3BP; KCTD12; PARD3B
"1,00",PCL:0051242,MGE_241 sst GABAergic cortical interneuron (Hsap),1,allen-brain,1,https://doi.org/10.1101/2022.10.12.511898,SOX6,RP11-656G20.1; ANKRD30B; SOX6; BMP6
"1,00",PCL:0051243,MGE_242 medial ganglionic eminence derived interneuron (Hsap),1,allen-brain,1,https://doi.org/10.1101/2022.10.12.511898,SOX6,MME; MCUB; FBN2; SOX6; ADAMTSL1
"1,00",PCL:0015022,Inh L1-2 VIP PTGER3 primary motor cortex GABAergic interneuron (Hsap),1,allen-brain,1,https://doi.org/10.1038/s41586-021-03465-8,PARD3B,SYT10; KCNH8; PARD3B
"1,2",CL:0000235,macrophage,34,large-intestine,1,https://doi.org/10.1007/978-1-4939-0897-4_3; https://doi.org/10.1016/j.immuni.2020.02.001,CD74,MRC1; CD74; CD68; ITGAM; CD163
"1,2",CL:0000451,dendritic cell,25,lymph-node; large-intestine,2,https://doi.org/10.1053/j.semdp.2017.11.002; https://doi.org/10.1016/S0002-94401061694-X; https://doi.org/10.1016/S0002-94401061680-X; https://doi.org/10.1007/978-1-4939-0897-4_3; https://doi.org/10.1016/j.immuni.2020.02.001,CD74,CD274; ICAM1; HLA-DRA; CD83; S100A12; CD86; CD80; CD40; IL3RA; ITGAX; CD74
"1,2",CL:0000071,blood vessel endothelial cell,12,lymph-node,1,https://doi.org/10.1007/s00441-008-0706-5; https://doi.org/10.1038/nri32982012.; https://doi.org/10.1371/journal.pone.0094781; https://doi.org/10.1369/jhc.4A6514.2005,CD74,CD300LG; HLA-DRB1; PDPN; PROX1; EMCN; CD59; HLA-DPA1; ENG; CD34; HLA-DRA; CAV1; ACKR1; PLVAP; SPARCL1; ESAM; CCL14; NECTIN2; HLA-DPB1; GJA5; ICAM1; MARCO; PECAM1; CDH5; FLT1; COL4A2; CD74; ACTA2; JAM2; CD209; NTAN1; IL3RA
"1,2",CL:0009073,medullary thymic epithelial cell type 3,3,thymus,1,https://doi.org/10.1038/nature03886.; https://doi.org/10.4049/jimmunol.1002151; https://doi.org/10.1038/s41467-021-21346-6; https://doi.org/10.3791/50951; https://doi.org/10.1080/01926230600865549; https://doi.org/10.1126/science.aay3224,KRT10; PERP,SOX2; TSLP; S100A9; SFN; PERP; IVL; KRT6A; EPCAM; SUCO; LY6D; SPINK5; CDR2; CALML5; KRT10; DEFB1; PTPRC; KRT19
"1,2",ASCTB-TEMP:dec205-dc,DEC205+ DC,3,spleen,1,https://doi.org/10.1111/j.1365-2567.2007.02710.x,CD74,LY75; CD74; ITGAX
"1,2",CL:0002063,pulmonary alveolar type 2 cell,3,lung,1,https://doi.org/10.1148/93.3.507; https://doi.org/10.1136/thx.13.2.110,KRT1,FXYD3; SFTPA2; EPCAM; BMP1; CDH1; SLC39A8; HOPX; MFSD2A; LAMP3; SFTA2; ABCA3; ELF3; SFTPC; KRT1
"1,2",CL:0002062,pulmonary alveolar type 1 cell,3,lung,1,https://doi.org/10.1148/93.3.507; https://doi.org/10.1136/thx.13.2.110,KRT1,AQP4; FXYD3; SCEL; ELF3; SEMA3B; CDH1; CLIC5; SFTA2; EPCAM; RTKN2; SLC39A8; AGER; HOPX; GRAMD2A; KRT1
"1,2",CL:0000649,spinous cell of epidermis,2,skin,1,https://doi.org/10.1083/jcb.200603161,KRT1; KRT10,KRT10; KRT1
"1,2",CL:1000489,reticular cell of splenic cord,2,spleen,1,https://doi.org/10.55418/9781933477060.; https://doi.org/10.1111/imm.12469; https://doi.org/10.1038/s41467-019-09728-3,CD74,MADCAM1; NGFR; IL7; ENPP2; CCL19; CCL21; BST1; DSC2; THBD; ACTA2; THY1; C3; CLU; CD74; CR2; DCN; ENG
"1,2",CL:0000788,naive B cell,2,lymph-node,1,ISBN:9781933477060; ISBN:9781933477381; PMCID:PMC1900414,CD74,BCL2; PTPRC; IGHD; SELL; HLA-DRA; CD27; CD19; CD1C; CD38; MME; FCER2; CR2; FCAMR; CD74; MS4A1
"1,2",CL:0000442,follicular dendritic cell,2,lymph-node,1,https://doi.org/10.1097/PAI.0b013e318183a8e2; https://doi.org/10.1016/j.smim.2007.12.001; https://doi.org/10.1016/j.ajpath.2010.12.039,CD74,MADCAM1; FCGR1BP; FCGR2B; CR2; CR1; PDPN; CD74; FCER2; MFGE8; VCAM1; ICAM1; CXCL13
"1,2",CL:0000787,memory B cell,2,lymph-node,1,ISBN:9781933477381; PMCID:PMC1900414; ISBN:9781933477060,CD74,CD27; HLA-DRA; CD79A; PTPRC; CD74; MS4A1; CD19
"1,2",PCL:0051220,MSN_219 direct pathway medium spiny neuron (Hsap),1,allen-brain,1,https://doi.org/10.1101/2022.10.12.511898,CXCL14,ISL1; FOXP2; CXCL14
"1,2",PCL:0051276,LLC_275 interneuron (Hsap),1,allen-brain,1,https://doi.org/10.1101/2022.10.12.511898,CXCL14,PDGFD; SFRP1; CA2; CXCL14
"1,2",PCL:0051227,EMSN_226 medium spiny neuron (Hsap),1,allen-brain,1,https://doi.org/10.1101/2022.10.12.511898,CXCL14,EYA2; PTPRQ; RXFP1; CXCL14
"1,2",PCL:0051289,CGE_288 lamp5 GABAergic cortical interneuron (Hsap),1,allen-brain,1,https://doi.org/10.1101/2022.10.12.511898,CXCL14,CRH; CA2; CXCL14; ROR2
"1,2",CL:0009071,medullary thymic epithelial cell type 1,1,thymus,1,https://doi.org/10.3791/50951; https://doi.org/10.1038/s41467-021-21346-6; https://doi.org/10.1126/science.aay3224,KRT14,PTPRC; SAA1; EPCAM; KRT5; CCL19; CH25H; CLU; FN1; CDR2; KRT14; KRT19; KRT15; PTGDS; ASCL1
"1,2",PCL:0051284,CGE_283 caudal ganglionic eminence derived cortical interneuron (Hsap),1,allen-brain,1,https://doi.org/10.1101/2022.10.12.511898,CXCL14,SGO1-AS1; SYT10; SEMA3C; CXCL14
"1,2",CL:0000646,basal cell,1,skin,1,https://doi.org/10.1083/jcb.200603161,KRT14,MKI67; KRT5; KRT14; DDB2; TP53
"1,2",CL:0002394,CD141-positive myeloid dendritic cell,1,lymph-node,1,https://doi.org/10.1016/j.immuni.2017.02.019; https://doi.org/10.1016/S0002-94401061694-X,CD74,BATF3; ITGAX; CLEC9A; CD74; XCR1; IDO1; CADM1; ANPEP; THBD
"1,2",PCL:0051280,CGE_279 VIP GABAergic cortical interneuron (Hsap),1,allen-brain,1,https://doi.org/10.1101/2022.10.12.511898,CXCL14,FREM2; DOCK8; CXCL14
"1,2",CL:0009112,centroblast,1,lymph-node,1,ISBN:9781933477381; https://doi.org/10.1182/blood-2012-03-415380; PMCID:PMC1900414,CD74,CD38; CD19; AICDA; CD27; MKI67; LMO2; MME; IGHD; BCL2; CD74; MS4A1; CXCR4; BCL6
"1,2",PCL:0051297,CGE_296 VIP GABAergic cortical interneuron (Hsap),1,allen-brain,1,https://doi.org/10.1101/2022.10.12.511898,CXCL14,LYPD6; CMTM8; TAC3; CXCL14
"1,2",PCL:0015035,Inh L3-6 VIP ZIM2-AS1 primary motor cortex GABAergic interneuron (Hsap),1,allen-brain,1,https://doi.org/10.1038/s41586-021-03465-8,CXCL14,PENK; CXCL14
"1,2",CL:0002399,CD1c-positive myeloid dendritic cell,1,lymph-node,1,https://doi.org/10.1038/s41423-020-0511-y; https://doi.org/10.1016/j.immuni.2017.02.019; https://doi.org/10.1016/S0002-94401061694-X,CD74,SIRPA; ITGAX; CD74; CLEC10A; CD86; CD1C
"1,2",PCL:0051287,CGE_286 lamp5 GABAergic cortical interneuron (Hsap),1,allen-brain,1,https://doi.org/10.1101/2022.10.12.511898,CXCL14,NMBR; NDNF; CXCL14
"1,2",CL:0001056,"dendritic cell, human",1,liver,1,https://doi.org/10.1111/imm.12888,CD74,FLT3; ADGRE1; CSF1R; ITGAX; FCGR1A; CD74
"1,2",CL:0009077,subcapsular thymic epithelial cell,1,thymus,1,https://doi.org/10.1016/s0065-2776(08)60900-1,TMSB4X,PTMA; TMSB4X
"1,2",CL:0000312,keratinocyte,1,skin,1,https://doi.org/10.1083/jcb.200603161,KRT10,MKI67; DDB2; KRT10; TP53
"1,2",CL:0000883,thymic cortical macrophage,1,thymus,1,https://doi.org/10.1016/s0065-2776(08)60900-1,TMSB4X,STAB1; APOE; C1QC; C1QB; TMSB4X; SLC40A1; LGMN; SELENOP; MS4A7; C1QA; RNASE1
"1,2",PCL:0051285,CGE_284 VIP GABAergic cortical interneuron (Hsap),1,allen-brain,1,https://doi.org/10.1101/2022.10.12.511898,CXCL14,RP1-35C21.2; CCN2; PCDH18; CXCL14
"10,0",CL:0000540,neuron,5,spinal-cord,1,https://doi.org/10.1016/j.neuron.2023.01.007,SOX5,ISM1; LMO3; CARTPT; IGF1; NMU; CALCB; TAC1; SOX5
"10,0",CL:0000186,myofibroblast cell,3,spleen,1,PMID: 3310649; PMID: 20126587; https://doi.org/10.1038/s41598-018-34105-3,CALD1,CALD1; ACTA2
"10,0",CL:0000359,vascular associated smooth muscle cell,2,skin,1,https://doi.org/10.1083/jcb.113.1.147; No DOI,CALD1,CNN1; CALD1; ACTA2
"10,0",PCL:0051424,Splat_423 neuron (Hsap),1,allen-brain,1,https://doi.org/10.1101/2022.10.12.511898,TSHZ2,PROX1; SOX6; TSHZ2
"10,0",PCL:0051427,EMSN_426 medium spiny neuron (Hsap),1,allen-brain,1,https://doi.org/10.1101/2022.10.12.511898,MEIS1,MEIS1; RP11-537P24.1; TSHZ1
"10,0",PCL:0015039,Inh L3-5 VIP TAC3 primary motor cortex GABAergic interneuron (Hsap),1,allen-brain,1,https://doi.org/10.1038/s41586-021-03465-8,TSHZ2,COL19A1; SOX2-OT; TSHZ2
"10,0",PCL:0051032,Fbl_31 arachnoid barrier cell (Hsap),1,allen-brain,1,https://doi.org/10.1101/2022.10.12.511898,BNC2,PTGDR; BNC2
"10,0",PCL:0015089,Exc L5-6 THEMIS TNFAIP6 primary motor cortex glutamatergic neuron (Hsap),1,allen-brain,1,https://doi.org/10.1038/s41586-021-03465-8,TSHZ2,LTBP1; TSHZ2
"10,0",CL:0000740,retinal ganglion cell,1,eye,1,https://doi.org/10.1017/S0952523819000087; https://doi.org/10.1016/j.cell.2019.01.004,RBPMS,POU4F1; NEFL; NEFM; TUBB; RBPMS; SLC17A6; POU4F3; OPN4; POU4F2; THY1; SNCG
"10,0",PCL:0051307,CBI_306 cerebellar inhibitory GABAergic interneuron (Hsap),1,allen-brain,1,https://doi.org/10.1101/2022.10.12.511898,PTPRK,PTPRK; MARCHF11; SCGN
"10,0",PCL:0051372,Splat_371 neuron (Hsap),1,allen-brain,1,https://doi.org/10.1101/2022.10.12.511898,BNC2,BNC2; NPSR1; CPA6
"10,0",PCL:0051168,Misc_167 cerebral cortex neuron (Hsap),1,allen-brain,1,https://doi.org/10.1101/2022.10.12.511898,TSHZ2,RP4-678D15.1; TSHZ2; TRPC6; ANO2
"10,0",PCL:0051230,EMSN_229 medium spiny neuron (Hsap),1,allen-brain,1,https://doi.org/10.1101/2022.10.12.511898,MEIS1,PTH2R; MEIS1; ADAMTSL1; CACNG5; TSHZ1
"10,0",PCL:0051363,Splat_362 neuron (Hsap),1,allen-brain,1,https://doi.org/10.1101/2022.10.12.511898,PTPRK,PTPRK; LUZP2; PREX2; FSTL5
"10,0",PCL:0051229,EMSN_228 medium spiny neuron (Hsap),1,allen-brain,1,https://doi.org/10.1101/2022.10.12.511898,MEIS1,MEIS1; NPFFR2; ADAMTSL1; RP11-154H17.1; SEMA3C
"10,0",PCL:0015071,Inh L5-6 PVALB MEPE primary motor cortex GABAergic interneuron (Hsap),1,allen-brain,1,https://doi.org/10.1038/s41586-021-03465-8,SVIL,MYBPC1; MEPE; SVIL
"10,0",PCL:0051340,Splat_339 neuron (Hsap),1,allen-brain,1,https://doi.org/10.1101/2022.10.12.511898,MEIS1,MEIS1; LINC01798; SLC6A5
"10,2",CL:1000412,endothelial cell of arteriole,67,large-intestine,1,isBN:978-1496398949; ISBN:978-1496398949; https://doi.org/10.1007/978-1-4939-0897-4_3,CD36,PECAM1; CD36; CD34
"10,2",CL:1000414,endothelial cell of venule,65,large-intestine,1,isBN:978-1496398949; ISBN:978-1496398949; https://doi.org/10.1007/978-1-4939-0897-4_3,CD36,PECAM1; CD36; CD34
"10,2",CL:0002144,capillary endothelial cell,25,large-intestine,1,https://doi.org/10.1034/j.1600-065x.2003.00072.x; https://doi.org/10.1111/j.1440-1827.1989.tb02421.x; isBN:978-1496398949; ISBN:978-1496398949,CD36,PECAM1; CD36; CD34
"10,2",CL:0000669,pericyte,10,placenta,1,https://doi.org/10.1038/ng.2007.6; https://doi.org/10.1016/0014-4800(90)90037-e; https://doi.org/10.1007/s00441-003-0745-x,DES,PDGFRB; DES; CSPG4; ACTA2
"10,2",CL:0000359,vascular associated smooth muscle cell,7,placenta,1,https://doi.org/10.1038/ng.2007.6; https://doi.org/10.1016/0014-4800(90)90037-e; https://doi.org/10.1007/s00441-003-0745-x,DES,DES; ACTA2
"10,2",CL:0000186,myofibroblast cell,2,lymph-node,1,PMCID:PMC1899700; https://www.pathologyoutlines.com/topic/lymphnodesanatomy.html; https://doi.org/10.1002/ar.1091830404; https://fblt.cz/en/skripta/v-krev-a-organy-imunitniho-systemu/6-thymus-mizni-uzliny-a-difuzni-imunitni-system/,DES,DES; COL1A1; ELN; COL3A1; ACTA2; VIM
"10,2",CL:4033017,bronchiolar smooth muscle cell,2,lung,1,https://doi.org/10.1148/93.3.507; https://doi.org/10.1136/thx.13.2.110,DES,ACTG1; COL1A2; LGR6; ACTA2; CNN1; DES; TAGLN; DCN; PLN; MYH11; MFAP4
"10,2",CL:0009105,T cell zone reticular cell,2,lymph-node,1,https://doi.org/10.3389/fimmu.2011.00035; https://doi.org/10.1016/j.jcyt.2017.01.010; https://doi.org/10.1016/j.ajpath.2010.12.039,DES,PECAM1; IL7; PDPN; DES; ACTA2; VIM; CCL21; CCL19
"10,2",CL:0002543,vein endothelial cell,2,large-intestine,1,ISBN:978-1496398949,CD36,PECAM1; CD36; CD34
"10,2",CL:0000188,cell of skeletal muscle,1,large-intestine,1,ISBN:978-1496398949,DES,DES
"10,2",CL:0002364,cortical thymic epithelial cell,1,thymus,1,https://doi.org/10.1182/blood-2008-11-187633.; https://doi.org/10.1126/science.aay3224; https://doi.org/10.3791/50951,COX7A1,PSMB9; PSMB10; PDLIM1; PTPRC; PSMB11; PRSS16; CDR2; PLTP; CCL25; EPCAM; COX7A1; SCX; CTSV; S100A14; GNG11
"10,2",CL:1001111,kidney loop of Henle thin descending limb epithelial cell,1,kidney,1,https://doi.org/10.1681/ASN.2020010071; https://doi.org/10.1172/jci.insight.133267; https://doi.org/10.1038/s41467-019-10861-2,CRYAB,CRYAB; SATB2; CDH1; VIM; VCAM1; SLC44A5; SPP1
"10,2",CL:0009104,B cell zone reticular cell,1,lymph-node,1,ISBN:9781933477381; https://doi.org/10.1080/01926230600867727,DES,PECAM1; PDPN; DES; ACTA2; VIM; TNFSF11; CXCL12
"10,2",CL:0000764,erythroid lineage cell,1,bone-marrow,1,https://doi.org/10.1371/journal.pone.0162209,CD36,KIT; PTPRC; GYPA; APOC1; ENG; KLF1; GATA1; CD36; MYC; TFRC; KCNH2; PRSS57; EPCAM
"10,2",PCL:0051089,DLNP_88 near-projecting glutamatergic cortical neuron (Hsap),1,allen-brain,1,https://doi.org/10.1101/2022.10.12.511898,CD36,RP11-421N8.3; IFNG-AS1; NPSR1; CD36
"10,2",PCL:0015088,Exc L5 THEMIS SLC22A18 primary motor cortex glutamatergic neuron (Hsap),1,allen-brain,1,https://doi.org/10.1038/s41586-021-03465-8,BTNL9,CCBE1; BTNL9; SLC7A11
"10,2",CL:0000840,immature conventional dendritic cell,1,bone-marrow,1,https://doi.org/10.1182/blood-2004-02-0769,CD36,AXL; KIT; PTPRC; GYPA; CD36; ENG; CD22; TFRC; SIGLEC6
"10,2",CL:1000489,reticular cell of splenic cord,1,spleen,1,https://doi.org/10.1038/nri2588; https://doi.org/10.1111/imm.12469,DES,PDGFRA; ITGB1; ITGA5; PDGFRB; ITGA3; ITGA4; ICAM1; DES; CXCL12
"10,2",CL:4030014,kidney loop of Henle long descending thin limb inner medulla epithelial cell,1,kidney,1,https://doi.org/10.1681/ASN.2020010071; https://doi.org/10.1152/ajprenal.2000.278.2.F202; https://doi.org/10.1152/ajprenal.2000.278.1.F52; https://doi.org/10.1101/2021.07.28.454201; https://doi.org/10.1016/j.devcel.2019.10.005; https://doi.org/10.1038/s41467-019-10861-2,CRYAB,SH3GL3; CRYAB; CLDN1; SLC4A11; TACSTD2; CPE; SLC14A2
"10,2",CL:0000632,hepatic stellate cell,1,liver,1,https://doi.org/10.1136/gut.2005.078865; https://doi.org/10.1038/nm.3282; https://doi.org/10.1002/hep.1840040425,DES,PDGFRB; GFAP; DES
"10,2",CL:4030013,kidney loop of Henle long descending thin limb outer medulla epithelial cell,1,kidney,1,https://doi.org/10.1681/ASN.2020010071; https://doi.org/10.1152/ajprenal.2000.278.1.F52; https://doi.org/10.1101/2021.07.28.454201; https://doi.org/10.1016/j.devcel.2019.10.005; https://doi.org/10.1038/s41467-019-10861-2,CRYAB,CRYAB; SLC39A8; AQP1; SLC4A11; TACSTD2; SLC9A3
"10,2",CL:0001056,"dendritic cell, human",1,bone-marrow,1,https://doi.org/10.1002/cyto.a.23724,CD36,NCAM1; ITGAX; IL3RA; S100A9; S100A8; CD3E; HLA-DRA; CLEC4C; CLEC10A; CD163; CD19; FCGR3A; CD14; CD1C; CD36; FCER1A
"10,2",PCL:0015115,Exc L5 FEZF2 RNF144A-AS1 primary motor cortex glutamatergic neuron (Hsap),1,allen-brain,1,https://doi.org/10.1038/s41586-021-03465-8,CD36,CD36
"10,2",PCL:0051317,LRL_316 neuron (Hsap),1,allen-brain,1,https://doi.org/10.1101/2022.10.12.511898,BTNL9,EYA2; BTNL9; ADAMTS20
"10,2",CL:0009106,medullary reticular cell,1,lymph-node,1,https://doi.org/10.3389/fimmu.2011.00035.; https://doi.org/10.1016/j.jcyt.2017.01.010; https://doi.org/10.1016/j.ajpath.2010.12.039,DES,PECAM1; PDPN; DES; ACTA2; VIM; TNFSF11; CXCL12
"10,2",PCL:0051334,Mmb_333 mammillary body neuron (Hsap),1,allen-brain,1,https://doi.org/10.1101/2022.10.12.511898,CD36,LTBP1; CD36; SIM1
"10,2",PCL:0051064,Astro_63 astrocyte (Hsap),1,allen-brain,1,https://doi.org/10.1101/2022.10.12.511898,CRYAB,GFAP; CRYAB
"10,2",CL:0009103,lymph node marginal reticular cell,1,lymph-node,1,https://doi.org/10.3389/fimmu.2011.00035; https://doi.org/10.1016/j.jcyt.2017.01.010; https://doi.org/10.1016/j.ajpath.2010.12.039,DES,PDPN; ENPP2; DES; ACTA2; VIM; TNFSF11; PECAM1; CXCL13
"10,2",PCL:0015112,Exc L3-5 FEZF2 LINC01107 primary motor cortex glutamatergic neuron (Hsap),1,allen-brain,1,https://doi.org/10.1038/s41586-021-03465-8,BTNL9,EDNRB; BTNL9
"10,2",PCL:0051050,Oligo_49 oligodendrocyte (Hsap),1,allen-brain,1,https://doi.org/10.1101/2022.10.12.511898,CRYAB,CARNS1; CRYAB; AC084149.2; SLC5A11; TF
"10,2",PCL:0015114,Exc L5 FEZF2 NREP-AS1 primary motor cortex glutamatergic neuron (Hsap),1,allen-brain,1,https://doi.org/10.1038/s41586-021-03465-8,CD36,CD36; ADAMTS12
"10,2",CL:4030012,kidney loop of Henle short descending thin limb epithelial cell,1,kidney,1,https://doi.org/10.1681/ASN.2020010071; https://doi.org/10.1152/ajprenal.2000.278.1.F52; https://doi.org/10.1172/jci.insight.133267; https://doi.org/10.1038/s41467-019-10861-2,CRYAB,ID1; CRYAB; SATB2; JAG1; TACSTD2; SPP1; CPE; SLC14A2
"10,2",CL:0002399,CD1c-positive myeloid dendritic cell,1,blood-pelvis,1,https://doi.org/10.1002/cyto.a.23724,CD36,NCAM1; ITGAX; IL3RA; S100A9; S100A8; CD3E; HLA-DRA; CD19; FCGR3A; CD14; CD1C; CD36; THBD; FCER1A; CD163; CLEC10A
"10,2",CL:1001107,kidney loop of Henle thin ascending limb epithelial cell,1,kidney,1,https://doi.org/10.1016/j.devcel.2019.10.005; https://doi.org/10.1038/s41467-019-10861-2,CRYAB,CLCNKA; CLDN3; CDH1; PROX1; TACSTD2; CRYAB; SH3GL3
"10,3",CL:0000186,myofibroblast cell,2,lymph-node,1,PMCID:PMC1899700; https://www.pathologyoutlines.com/topic/lymphnodesanatomy.html; https://doi.org/10.1002/ar.1091830404; https://fblt.cz/en/skripta/v-krev-a-organy-imunitniho-systemu/6-thymus-mizni-uzliny-a-difuzni-imunitni-system/,ELN,DES; COL1A1; ELN; COL3A1; ACTA2; VIM
"10,3",PCL:0051016,VendC_15 capillary endothelial cell (Hsap),1,allen-brain,1,https://doi.org/10.1101/2022.10.12.511898,MECOM,ABCG2; MECOM; HMCN1
"10,3",PCL:0051101,DLCT6b_100 glutamatergic neuron (Hsap),1,allen-brain,1,https://doi.org/10.1101/2022.10.12.511898,SULF1,SULF1; LINC02232; RXFP1; SEMA5A
"10,3",PCL:0015065,Inh L3 PVALB SAMD13 primary motor cortex GABAergic interneuron (Hsap),1,allen-brain,1,https://doi.org/10.1038/s41586-021-03465-8,SULF1,SULF1
"10,3",PCL:0015102,Exc L5-6 FEZF2 FILIP1L primary motor cortex glutamatergic neuron (Hsap),1,allen-brain,1,https://doi.org/10.1038/s41586-021-03465-8,SULF1,SEC16B; MCTP2; SULF1
"10,3",CL:0000071,blood vessel endothelial cell,1,lymph-node,1,https://doi.org/10.1007/s00441-008-0706-5,GJA5,PECAM1; MARCO; ICAM1; HLA-DPB1; HLA-DPA1; GJA5; NECTIN2; CCL14; ESAM; SPARCL1; CD209; PLVAP; CD74; PROX1; HLA-DRB1; CD300LG; PDPN; CDH5; ACKR1; JAM2; CAV1; HLA-DRA; CD34; ENG; EMCN; CD59
"10,3",PCL:0051020,Vsmc_19 brain vascular cell (Hsap),1,allen-brain,1,https://doi.org/10.1101/2022.10.12.511898,MECOM,MECOM; ACTA2
"10,3",PCL:0051112,DLCT6b_111 glutamatergic neuron (Hsap),1,allen-brain,1,https://doi.org/10.1101/2022.10.12.511898,SULF1,TMEM233; SULF1; GABRQ; FBXL21P
"10,3",PCL:0051029,Fbl_28 fibroblast (Hsap),1,allen-brain,1,https://doi.org/10.1101/2022.10.12.511898,FBLN2,COL1A2; FBLN2; C7
"10,3",PCL:0051406,Amex_405 amygdala excitatory neuron (Hsap),1,allen-brain,1,https://doi.org/10.1101/2022.10.12.511898,CDH13,PRLR; MEIS2; NDST4; RXFP1; CDH13
"10,3",PCL:0051111,DLCT6b_110 glutamatergic neuron (Hsap),1,allen-brain,1,https://doi.org/10.1101/2022.10.12.511898,SULF1,RP11-640F22.1; SULF1; TRIM22; CAV1
"10,3",PCL:0051263,MGE_262 pvalb GABAergic cortical interneuron (Hsap),1,allen-brain,1,https://doi.org/10.1101/2022.10.12.511898,SULF1,RP1-35C21.2; ADAMTS9-AS2; PIEZO2; SULF1
"10,3",PCL:0051264,MGE_263 medial ganglionic eminence derived interneuron (Hsap),1,allen-brain,1,https://doi.org/10.1101/2022.10.12.511898,SULF1,RP11-875G18.1; AC133680.1; PVALB; SULF1
"10,3",PCL:0051017,VendVC_16 capillary endothelial cell (Hsap),1,allen-brain,1,https://doi.org/10.1101/2022.10.12.511898,MECOM,MECOM; TRPM6
"10,3",CL:0000540,neuron,1,spinal-cord,1,https://doi.org/10.1016/j.neuron.2023.01.007,SULF1,PDYN; SULF1; RORB
"10,3",PCL:0051113,DLCT6b_112 glutamatergic neuron (Hsap),1,allen-brain,1,https://doi.org/10.1101/2022.10.12.511898,SULF1,RP11-467L24.1; MSC-AS1; SULF1
"10,3",CL:4030012,kidney loop of Henle short descending thin limb epithelial cell,1,kidney,1,https://doi.org/10.1681/ASN.2020010071; https://doi.org/10.1152/ajprenal.2000.278.1.F52; https://doi.org/10.1172/jci.insight.133267; https://doi.org/10.1038/s41467-019-10861-2,ID1,ID1; CRYAB; SATB2; JAG1; TACSTD2; SPP1; CPE; SLC14A2
"10,3",CL:1000691,kidney interstitial myofibroblast,1,kidney,1,https://doi.org/10.1038/s41586-020-2941-1; https://doi.org/10.1038/s41467-019-10861-2,SULF1,COL1A1; COL16A1; COL5A1; SULF1; ACTA2; TAGLN
"10,3",PCL:0051019,VendA_18 endothelial cell of artery (Hsap),1,allen-brain,1,https://doi.org/10.1101/2022.10.12.511898,MECOM,MGP; MECOM
"10,4",ASCTB-TEMP:effector-chondrocyte,Effector Chondrocyte,2,knee,1,https://doi.org/10.1136/ard-2022-223227,IGFBP7,IGFBP7; CHAD; STC2
"10,4",CL:0001055,"CD14-positive, CD16-low monocyte",2,spleen,1,https://doi.org/10.3389/fimmu.2019.01642; https://doi.org/10.1182/bloodadvances.2017015008; https://doi.org/10.1186/s13059-019-1906-x,VCAN,FCN1; FCGR3A; FCGR1A; VCAN; ITGAM; CD14
"10,4",PCL:0051025,Fbl_24 fibroblast (Hsap),1,allen-brain,1,https://doi.org/10.1101/2022.10.12.511898,BMP5,C7; BMP5
"10,4",CL:0009077,subcapsular thymic epithelial cell,1,thymus,1,https://doi.org/10.1016/s0065-2776(08)60900-1,PTMA,PTMA; TMSB4X
"10,4",PCL:0015011,Inh L2 PAX6 FREM2 primary motor cortex GABAergic interneuron (Hsap),1,allen-brain,1,https://doi.org/10.1038/s41586-021-03465-8,IGFBP7,IGFBP7; CILP2
"10,4",PCL:0015063,Inh L2-5 PVALB HHIPL1 primary motor cortex GABAergic interneuron (Hsap),1,allen-brain,1,https://doi.org/10.1038/s41586-021-03465-8,ADAMTS17,MDFIC; ADAMTS20; ADAMTS17
"10,4",PCL:0051299,CBI_298 cerebellar inhibitory GABAergic interneuron (Hsap),1,allen-brain,1,https://doi.org/10.1101/2022.10.12.511898,VCAN,RELN; VCAN; SLC6A5
"10,4",PCL:0051257,MGE_256 pvalb GABAergic cortical interneuron (Hsap),1,allen-brain,1,https://doi.org/10.1101/2022.10.12.511898,ADAMTS17,MYBPC1; SHISA8; ADAMTS17
"10,4",CL:0009104,B cell zone reticular cell,1,lymph-node,1,ISBN:9781933477381; https://doi.org/10.1080/01926230600867727,CXCL12,PECAM1; PDPN; DES; ACTA2; VIM; TNFSF11; CXCL12
"10,4",ASCTB-TEMP:splenic-red-pulp-stromal-cell,Splenic Red Pulp Stromal Cell,1,spleen,1,https://doi.org/10.1002/eji.200425442,CXCL12,IL6; ICAM1; CXCL12
"10,4",PCL:0015120,Oligo L2-6 OPALIN FTH1P3 primary motor cortex oligodendrocyte (Hsap),1,allen-brain,1,https://doi.org/10.1038/s41586-021-03465-8,VCAN,STK32A; VCAN
"10,4",CL:0002038,T follicular helper cell,1,thymus,1,https://doi.org/10.1126/science.aay3224,FOSB,NR4A2; NDUFV2; FOSB; FLT3LG; ALG13; DDIT4; IL7R; FAM177A1; EIF4A3; CCNH
"10,4",CL:0009106,medullary reticular cell,1,lymph-node,1,https://doi.org/10.3389/fimmu.2011.00035.; https://doi.org/10.1016/j.jcyt.2017.01.010; https://doi.org/10.1016/j.ajpath.2010.12.039,CXCL12,PECAM1; PDPN; DES; ACTA2; VIM; TNFSF11; CXCL12
"10,4",PCL:0051262,MGE_261 pvalb GABAergic cortical interneuron (Hsap),1,allen-brain,1,https://doi.org/10.1101/2022.10.12.511898,ADAMTS17,AC133680.1; PVALB; CEMIP; ADAMTS17
"10,4",CL:0000934,"CD4-positive, alpha-beta cytotoxic T cell",1,thymus,1,https://doi.org/10.1126/science.aay3224,ARID5B,IL10; GZMK; DUSP4; CST7; RGS1; ARID5B; GZMA; RNF19A; CKLF; PRDM1
"10,4",PCL:0051134,ULIT_133 intratelencephalic-projecting glutamatergic cortical neuron (Hsap),1,allen-brain,1,https://doi.org/10.1101/2022.10.12.511898,ADAMTS17,POU6F2; ADAMTS17; TRPC3; RORB
"10,4",CL:0000576,monocyte,1,thymus,1,https://doi.org/10.1126/science.aay3224,VCAN,CTSS; VCAN; LYZ; CD52; S100A9; S100A8; FCN1; S100A6; S100A4; S100A12
"10,4",PCL:0051308,CBI_307 cerebellar inhibitory GABAergic interneuron (Hsap),1,allen-brain,1,https://doi.org/10.1101/2022.10.12.511898,VCAN,LINC02552; VCAN; NXPH1; SCGN
"10,4",PCL:0051254,MGE_253 sst GABAergic cortical interneuron (Hsap),1,allen-brain,1,https://doi.org/10.1101/2022.10.12.511898,VCAN,CTC-535M15.2; CTC-340A15.2; VCAN; TRPC6; SST
"10,4",PCL:0051318,LRL_317 neuron (Hsap),1,allen-brain,1,https://doi.org/10.1101/2022.10.12.511898,BMP5,LINC00836; RP11-46H14.1; RP11-321P16.3; BMP5
"10,4",CL:1000489,reticular cell of splenic cord,1,spleen,1,https://doi.org/10.1038/nri2588; https://doi.org/10.1111/imm.12469,CXCL12,PDGFRA; ITGB1; ITGA5; PDGFRB; ITGA3; ITGA4; ICAM1; DES; CXCL12
"10,5",CL:0000442,follicular dendritic cell,5,spleen,1,PMID: 20126587; https://doi.org/10.1007/s00418-011-0799-x; https://doi.org/10.1111/imm.12469; https://doi.org/10.1038/s41467-019-09728-3,POSTN,CR1; FCER2; PTHLH; NGFR; CXCL13; THBD; KLF6; THY1; ACTA2; MFGE8; ENG; SOX9; FNBP1; CR2; POSTN; FCGR2B; MADCAM1
"10,5",CL:4028004,alveolar type 1 fibroblast cell,3,lung,1,https://doi.org/10.1148/93.3.507; https://doi.org/10.1136/thx.13.2.110,PCDH15,INMT; VEGFD; LUM; PCDH15; PLIN2; DCN; COL1A2; FGFR4; TCF21; MFAP4; FBLN1; SAA1; WNT2; COL6A3; CES1
"10,5",PCL:0051251,MGE_250 medial ganglionic eminence derived interneuron (Hsap),1,allen-brain,1,https://doi.org/10.1101/2022.10.12.511898,ADGRG6,ADAMTS9-AS2; ADGRG6; PROM1
"10,5",PCL:0051085,DLCT6b_84 glutamatergic neuron (Hsap),1,allen-brain,1,https://doi.org/10.1101/2022.10.12.511898,POSTN,NPSR1-AS1; SLC9C1; POSTN
"10,5",PCL:0015053,Inh L5-6 SST BEAN1 primary motor cortex GABAergic interneuron (Hsap),1,allen-brain,1,https://doi.org/10.1038/s41586-021-03465-8,ADAMTSL1,TRHDE; THSD7B; ADAMTSL1; SEMA5A
"10,5",PCL:0015034,Inh L2-5 VIP SOX11 primary motor cortex GABAergic interneuron (Hsap),1,allen-brain,1,https://doi.org/10.1038/s41586-021-03465-8,ADAMTSL1,HTR2C; THSD7B; ADAMTSL1
"10,5",PCL:0051164,CA13_163 hippocampal CA1-3 neuron (Hsap),1,allen-brain,1,https://doi.org/10.1101/2022.10.12.511898,POSTN,AC004862.6; POSTN
"10,5",CL:1000742,glomerular mesangial cell,1,kidney,1,https://doi.org/10.1681/ASN.2020010071; https://doi.org/10.1073/pnas.2005477117; https://doi.org/10.1172/jci.insight.133267; https://doi.org/10.1038/s41586-020-2941-1; https://doi.org/10.1038/s41467-019-10861-2,POSTN,PDGFRB; ITGA8; PIEZO2; SYNPO2; POSTN; ROBO1
"10,5",PCL:0051200,DG_199 dentate gyrus granule cell (Hsap),1,allen-brain,1,https://doi.org/10.1101/2022.10.12.511898,POSTN,bP-21201H5.1; POSTN
"10,5",CL:0009108,lymphatic endothelial cell of subcapsular sinus floor,1,lymph-node,1,https://doi.org/10.1016/j.immuni.2019.06.027; https://doi.org/10.3389/fcvm.2020.00052,CD9,NT5E; MFAP4; MARCO; LYZ; ICAM1; PECAM1; CXCL1; PTPRC; ACKR4; CD9; CXCL5; THY1; PROX1; PDPN; CCL20; TNFRSF9; LYVE1; CD274; ACKR1; CLDN11; CAV1
"10,5",PCL:0051230,EMSN_229 medium spiny neuron (Hsap),1,allen-brain,1,https://doi.org/10.1101/2022.10.12.511898,ADAMTSL1,PTH2R; MEIS1; ADAMTSL1; CACNG5; TSHZ1
"10,5",PCL:0051293,CGE_292 VIP GABAergic cortical interneuron (Hsap),1,allen-brain,1,https://doi.org/10.1101/2022.10.12.511898,NPR3,NPR3; RP11-197H3.1; CRH; PPP1R1C
"10,5",PCL:0051292,CGE_291 VIP GABAergic cortical interneuron (Hsap),1,allen-brain,1,https://doi.org/10.1101/2022.10.12.511898,NPR3,RP1-35C21.2; EDNRA; NPR3
"10,5",PCL:0015050,Inh L1-2 SST CCNJL primary motor cortex GABAergic interneuron (Hsap),1,allen-brain,1,https://doi.org/10.1038/s41586-021-03465-8,TMEM132C,SPHKAP; TMEM132C; CALB1
"10,5",PCL:0015029,Inh L1-5 VIP SMOC1 primary motor cortex GABAergic interneuron (Hsap),1,allen-brain,1,https://doi.org/10.1038/s41586-021-03465-8,SMOC1,ANGPT1; SMOC1; VIP
"10,5",PCL:0051109,DLCT6b_108 glutamatergic neuron (Hsap),1,allen-brain,1,https://doi.org/10.1101/2022.10.12.511898,ADAMTSL1,CTB-57H20.1; RP11-369E15.3; LINC01821; ADAMTSL1; SEMA3E
"10,5",PCL:0051316,LRL_315 neuron (Hsap),1,allen-brain,1,https://doi.org/10.1101/2022.10.12.511898,SMOC1,MME; SMOC1; TENT5A
"10,5",PCL:0051272,LLC_271 interneuron (Hsap),1,allen-brain,1,https://doi.org/10.1101/2022.10.12.511898,ADGRG6,RP11-563D10.1; ADGRG6; SFRP1
"10,5",PCL:0051243,MGE_242 medial ganglionic eminence derived interneuron (Hsap),1,allen-brain,1,https://doi.org/10.1101/2022.10.12.511898,ADAMTSL1,MME; MCUB; FBN2; SOX6; ADAMTSL1
"10,5",PCL:0015066,Inh L1-2 PVALB CDK20 primary motor cortex GABAergic interneuron (Hsap),1,allen-brain,1,https://doi.org/10.1038/s41586-021-03465-8,TMEM132C,TMEM132C; SYT10; ADAMTS12
"10,5",PCL:0015060,Inh L5-6 PVALB ZFPM2-AS1 primary motor cortex GABAergic interneuron (Hsap),1,allen-brain,1,https://doi.org/10.1038/s41586-021-03465-8,PCDH15,ZFPM2-AS1; SEMA6D; PCDH15
"10,5",PCL:0015064,Inh L2-5 PVALB RPH3AL primary motor cortex GABAergic interneuron (Hsap),1,allen-brain,1,https://doi.org/10.1038/s41586-021-03465-8,POSTN,MYO5B; ARHGAP42; WIF1; POSTN
"10,5",PCL:0051163,Amex_162 amygdala excitatory neuron (Hsap),1,allen-brain,1,https://doi.org/10.1101/2022.10.12.511898,POSTN,AC067959.1; CCBE1; POSTN
"10,5",CL:0009074,medullary thymic epithelial cell type 4,1,thymus,1,https://doi.org/10.3791/50951; https://doi.org/10.1038/s41586-018-0345-2; https://doi.org/10.1080/01926230600865549; https://doi.org/10.1126/science.aay3224,BMX,PTPRC; IRAG2; KRT8; FOXI1; DCLK1; KRT18; ANXA4; RASSF6; ANXA1; CDR2; EPCAM; HEPACAM2; BMX
"10,5",PCL:0051229,EMSN_228 medium spiny neuron (Hsap),1,allen-brain,1,https://doi.org/10.1101/2022.10.12.511898,ADAMTSL1,MEIS1; NPFFR2; ADAMTSL1; RP11-154H17.1; SEMA3C
"10,5",PCL:0051160,Amex_159 amygdala excitatory neuron (Hsap),1,allen-brain,1,https://doi.org/10.1101/2022.10.12.511898,POSTN,LINC01821; POSTN; CALCRL
"10,5",PCL:0015103,Exc L5-6 FEZF2 SH2D1B primary motor cortex glutamatergic neuron (Hsap),1,allen-brain,1,https://doi.org/10.1038/s41586-021-03465-8,ADAMTSL1,PAPSS2; NLGN4Y; MEIS2; ADAMTSL1
"10,5",PCL:0051351,Splat_350 neuron (Hsap),1,allen-brain,1,https://doi.org/10.1101/2022.10.12.511898,ADAMTSL1,HTR2C; ADAMTSL1; TTR; SLC6A5
"10,5",PCL:0051103,DLCT6b_102 glutamatergic neuron (Hsap),1,allen-brain,1,https://doi.org/10.1101/2022.10.12.511898,ADAMTSL1,RP11-467L24.1; AC064875.2; LINC01821; ADAMTSL1
"10,5",PCL:0051252,MGE_251 medial ganglionic eminence derived interneuron (Hsap),1,allen-brain,1,https://doi.org/10.1101/2022.10.12.511898,ADGRG6,RP11-387P12.1; RELN; ADGRG6; SST
"10,5",PCL:0051151,DLIT_150 intratelencephalic-projecting glutamatergic cortical neuron (Hsap),1,allen-brain,1,https://doi.org/10.1101/2022.10.12.511898,POSTN,THEMIS; POSTN; HPSE2
"12,0",PCL:0015017,Inh L1 SST P4HA3 primary motor cortex GABAergic interneuron (Hsap),1,allen-brain,1,https://doi.org/10.1038/s41586-021-03465-8,FOXO1,FOXO1; ARHGAP42; ST8SIA6
"12,0",PCL:0051087,DLNP_86 near-projecting glutamatergic cortical neuron (Hsap),1,allen-brain,1,https://doi.org/10.1101/2022.10.12.511898,ADRA1A,PTPRT; PLPP3; IFNG-AS1; ADRA1A
"12,0",CL:0000899,T-helper 17 cell,1,thymus,1,https://doi.org/10.1084/jem.20080397; https://doi.org/10.1126/science.aay3224,ZBTB16,PLAC8; NOSIP; KLRB1; CARHSP1; ANXA1; CD4; IL7R; ZBTB16; CD40LG; SORL1
"12,0",CL:0000940,mucosal-associated invariant T cell,1,thymus,1,https://doi.org/10.1038/ni.3565.,ZBTB16,KLRB1; IL18R1; CD8A; CD4; ZBTB16; CD27; RORC
"12,0",PCL:0051203,DG_202 dentate gyrus granule cell (Hsap),1,allen-brain,1,https://doi.org/10.1101/2022.10.12.511898,ADRA1A,RP11-719N9.1; ADRA1A; TTR
"12,1",CL:0009016,intestinal crypt stem cell of large intestine,11,large-intestine,1,https://doi.org/10.1038/nature06196,CD44,RGMB; SMOC2; LRIG1; CD44; LGR5; SOX9
"12,1",CL:0000071,blood vessel endothelial cell,9,thymus,1,https://doi.org/10.1126/science.aay3224; https://doi.org/10.1080/01926230600865549,A2M,NPDC1; RAMP2; A2M; BCAM; AQP1; PLVAP; PECAM1; IFI27; TM4SF1; SPARCL1; RNASE1
"12,1",CL:0002558,fibroblast of villous mesenchyme,8,placenta,1,https://doi.org/10.5966/sctm.2015-0022; https://doi.org/10.3346/jkms.2012.27.8.857; https://doi.org/10.1093/humrep/den051; https://doi.org/10.3390/cells1041061; https://doi.org/10.1186/s13287-017-0757-1; https://doi.org/10.1182/blood.V74.2.751.751; https://doi.org/10.1095/biolreprod51.4.739; https://doi.org/10.1095/biolreprod.108.075226; https://doi.org/10.1016/j.jcyt.2017.03.001,CD44,NT5E; ENG; CD44; THY1
"12,1",CL:0009089,lung pericyte,6,lung,1,https://doi.org/10.1148/93.3.507; https://doi.org/10.1136/thx.13.2.110,TRPC6; COL1A2,PDGFRB; LAMC3; DCN; CSPG4; HIGD1B; COL1A2; COX4I2; TRPC6
"12,1",CL:4028004,alveolar type 1 fibroblast cell,6,lung,1,https://doi.org/10.1148/93.3.507; https://doi.org/10.1136/thx.13.2.110,COL6A3; COL1A2,INMT; VEGFD; LUM; PCDH15; PLIN2; DCN; COL1A2; FGFR4; TCF21; MFAP4; FBLN1; SAA1; WNT2; COL6A3; CES1
"12,1",CL:4028006,alveolar adventitial fibroblast,6,lung,1,https://doi.org/10.1148/93.3.507; https://doi.org/10.1136/thx.13.2.110,COL6A3; COL1A2,MFAP4; MFAP5; FBLN1; SCARA5; DCN; PI16; COL6A3; PLA2G2A; LUM; COL1A2; SLPI; DCLK1; CDON
"12,1",CL:4033014,peg cell,5,fallopian-tube,1,PMID:22911892,CD44,ITGA6; CD44; EPCAM
"12,1",ASCTB-TEMP:fibrocartilage-chondrocyte-1,Fibrocartilage Chondrocyte 1,4,knee,1,https://doi.org/10.1136/ard-2022-223227,COL3A1; COL1A2,MSMP; COL3A1; COL1A2
"12,1",CL:0002255,stromal cell of endometrium,3,placenta,1,https://doi.org/10.5966/sctm.2015-0022; https://doi.org/10.3346/jkms.2012.27.8.857; https://doi.org/10.1093/humrep/den051; https://doi.org/10.3390/cells1041061; https://doi.org/10.1186/s13287-017-0757-1; https://doi.org/10.1182/blood.V74.2.751.751; https://doi.org/10.1016/s1472-6483(10)61745-2; https://doi.org/10.1095/biolreprod51.4.739; https://doi.org/10.1095/biolreprod.108.075226; https://doi.org/10.1016/j.jcyt.2017.03.001,CD44,MME; ENG; CD44; ANPEP; THY1
"12,1",CL:0000236,B cell,3,placenta,1,https://doi.org/10.1186/s13287-017-0757-1; https://doi.org/10.1182/blood.V74.2.751.751; https://doi.org/10.1095/biolreprod51.4.739; https://doi.org/10.1095/biolreprod.108.075226; https://doi.org/10.1093/intimm/7.7.1087; https://doi.org/10.3390/cells1041061; https://doi.org/10.1091/mbc.1.1.27; https://doi.org/10.1016/j.jcyt.2017.03.001,CD44,CD44; HLA-DRA; SDC1
"12,1",CL:2000061,placental amniotic mesenchymal stromal cell,3,placenta,1,https://doi.org/10.5966/sctm.2015-0022; https://doi.org/10.3346/jkms.2012.27.8.857; https://doi.org/10.1093/humrep/den051; https://doi.org/10.3390/cells1041061; https://doi.org/10.1186/s13287-017-0757-1; https://doi.org/10.1182/blood.V74.2.751.751; https://doi.org/10.1095/biolreprod51.4.739; https://doi.org/10.1095/biolreprod.108.075226; https://doi.org/10.1016/j.jcyt.2017.03.001,CD44,NT5E; ENG; CD44; THY1
"12,1",CL:0009079,thymic fibroblast type 2,3,thymus,1,https://doi.org/10.1126/science.aay3224,COL3A1; FN1; COL1A2,FN1; COL3A1; IGFBP6; COL1A1; LUM; COL1A2; FBN1; COL14A1; OGN; MGP
"12,1",CL:0001058,"plasmacytoid dendritic cell, human",3,spleen,1,https://doi.org/10.1111/imm.12469; https://doi.org/10.4049/jimmunol.1002632; https://doi.org/10.1186/s13059-019-1906-x,NRP1,NRP1; ITGAX; IL3RA; CLEC4C
"12,1",CL:0000186,myofibroblast cell,2,lymph-node,1,PMCID:PMC1899700; https://www.pathologyoutlines.com/topic/lymphnodesanatomy.html; https://doi.org/10.1002/ar.1091830404; https://fblt.cz/en/skripta/v-krev-a-organy-imunitniho-systemu/6-thymus-mizni-uzliny-a-difuzni-imunitni-system/,COL3A1,DES; COL1A1; ELN; COL3A1; ACTA2; VIM
"12,1",CL:4033017,bronchiolar smooth muscle cell,2,lung,1,https://doi.org/10.1148/93.3.507; https://doi.org/10.1136/thx.13.2.110,COL1A2,ACTG1; COL1A2; LGR6; ACTA2; CNN1; DES; TAGLN; DCN; PLN; MYH11; MFAP4
"12,1",PCL:0051018,VendV_17 vein endothelial cell (Hsap),1,allen-brain,1,https://doi.org/10.1101/2022.10.12.511898,IL1R1,SRGN; IL1R1
"12,1",PCL:0051121,ULIT_120 intratelencephalic-projecting glutamatergic cortical neuron (Hsap),1,allen-brain,1,https://doi.org/10.1101/2022.10.12.511898,TRPC6,LINC01378; GLP2R; TRPC6; SEMA3C
"12,1",CL:1000350,basal cell of epithelium of terminal bronchiole,1,lung,1,https://doi.org/10.1148/93.3.507; https://doi.org/10.1136/thx.13.2.110,TRPC6,NGFR; FXYD3; ELF3; TSPAN1; CDH1; KRT5; TRPC6; TP63; EPCAM
"12,1",CL:1001318,renal interstitial pericyte,1,kidney,1,https://doi.org/10.1073/pnas.2005477117; https://doi.org/10.1172/jci.insight.133267; https://doi.org/10.1038/s41586-020-2941-1; https://doi.org/10.1038/s41467-019-10861-2,CCDC102B,NTRK3; MYH11; MCAM; ADCY3; CCDC102B; ACTA2; TAGLN
"12,1",PCL:0051240,MGE_239 sst GABAergic cortical interneuron (Hsap),1,allen-brain,1,https://doi.org/10.1101/2022.10.12.511898,PIEZO2,RP11-656G20.1; PIEZO2; HPSE2
"12,1",ASCTB-TEMP:sacral-dorsal-root-ganglion-piezo2-neuron,sacral dorsal root ganglion Piezo2 neuron,1,peripheral-nervous-system,1,https://doi.org/10.1016/j.neuroscience.2017.11.047; )https://doi.org/10.3389/fncel.2019.002711,PIEZO2,PIEZO2
"12,1",ASCTB-TEMP:lumbar-dorsal-root-ganglion-piezo2-neuron,lumbar dorsal root ganglion Piezo2 neuron,1,peripheral-nervous-system,1,https://doi.org/10.1016/j.neuroscience.2017.11.047; )https://doi.org/10.3389/fncel.2019.002711,PIEZO2,PIEZO2
"12,1",CL:0009071,medullary thymic epithelial cell type 1,1,thymus,1,https://doi.org/10.3791/50951; https://doi.org/10.1038/s41467-021-21346-6; https://doi.org/10.1126/science.aay3224,FN1,PTPRC; SAA1; EPCAM; KRT5; CCL19; CH25H; CLU; FN1; CDR2; KRT14; KRT19; KRT15; PTGDS; ASCL1
"12,1",PCL:0015126,VLMC L1-5 PDGFRA COLEC12 primary motor cortex vascular leptomeningeal cell (Hsap),1,allen-brain,1,https://doi.org/10.1038/s41586-021-03465-8,COL1A2,COL1A2; COLEC12
"12,1",CL:1000742,glomerular mesangial cell,1,kidney,1,https://doi.org/10.1681/ASN.2020010071; https://doi.org/10.1073/pnas.2005477117; https://doi.org/10.1172/jci.insight.133267; https://doi.org/10.1038/s41586-020-2941-1; https://doi.org/10.1038/s41467-019-10861-2,PIEZO2,PDGFRB; ITGA8; PIEZO2; SYNPO2; POSTN; ROBO1
"12,1",PCL:0051168,Misc_167 cerebral cortex neuron (Hsap),1,allen-brain,1,https://doi.org/10.1101/2022.10.12.511898,TRPC6,RP4-678D15.1; TSHZ2; TRPC6; ANO2
"12,1",CL:0002425,early T lineage precursor,1,thymus,1,https://doi.org/10.3389/fimmu.2019.00447.; https://doi.org/10.1016/j.immuni.2020.03.019,CD44,CD79B; MPO; CD7; CD44; IRF8; CD34; CD19; BCL11B; SPI1
"12,1",PCL:0015047,Inh L2-3 SST NMU primary motor cortex GABAergic interneuron (Hsap),1,allen-brain,1,https://doi.org/10.1038/s41586-021-03465-8,PIEZO2,NOS1; PIEZO2; HPSE2
"12,1",PCL:0051026,Fbl_25 fibroblast (Hsap),1,allen-brain,1,https://doi.org/10.1101/2022.10.12.511898,LTBP2,LTBP2; TBX18
"12,1",PCL:0051029,Fbl_28 fibroblast (Hsap),1,allen-brain,1,https://doi.org/10.1101/2022.10.12.511898,COL1A2,COL1A2; FBLN2; C7
"12,1",CL:0002568,mesenchymal stem cell of Wharton's jelly,1,placenta,1,https://doi.org/10.5966/sctm.2015-0022; https://doi.org/10.3346/jkms.2012.27.8.857; https://doi.org/10.1093/humrep/den051; https://doi.org/10.3390/cells1041061; https://doi.org/10.1186/s13287-017-0757-1; https://doi.org/10.1182/blood.V74.2.751.751; https://doi.org/10.1095/biolreprod51.4.739; https://doi.org/10.1095/biolreprod.108.075226; https://doi.org/10.1016/j.jcyt.2017.03.001,CD44,NT5E; ENG; CD44; THY1
"12,1",CL:1000692,kidney interstitial fibroblast,1,kidney,1,https://doi.org/10.1172/jci.insight.133267; https://doi.org/10.1038/s41467-019-10861-2,COL1A2,LUM; COL1A2; COL1A1; DCN; ZEB2; C7; VIM
"12,1",ASCTB-TEMP:thoracic-dorsal-root-ganglion-piezo2-neuron,thoracic dorsal root ganglion Piezo2 neuron,1,peripheral-nervous-system,1,https://doi.org/10.1016/j.neuroscience.2017.11.047; )https://doi.org/10.3389/fncel.2019.002711,PIEZO2,PIEZO2
"12,1",ASCTB-TEMP:cervical-dorsal-root-ganglion-piezo2-neuron,cervical dorsal root ganglion Piezo2 neuron,1,peripheral-nervous-system,1,https://doi.org/10.1016/j.neuroscience.2017.11.047; )https://doi.org/10.3389/fncel.2019.002711,PIEZO2,PIEZO2
"12,1",PCL:0051263,MGE_262 pvalb GABAergic cortical interneuron (Hsap),1,allen-brain,1,https://doi.org/10.1101/2022.10.12.511898,PIEZO2,RP1-35C21.2; ADAMTS9-AS2; PIEZO2; SULF1
"12,1",PCL:0051254,MGE_253 sst GABAergic cortical interneuron (Hsap),1,allen-brain,1,https://doi.org/10.1101/2022.10.12.511898,TRPC6,CTC-535M15.2; CTC-340A15.2; VCAN; TRPC6; SST
"12,1",CL:0009081,specified double negative thymocyte (Homo sapiens),1,thymus,1,https://doi.org/10.3389/fimmu.2019.00447.; https://doi.org/10.1016/j.immuni.2020.03.019,CD44,CD79B; PTCRA; CD7; CD5; CD44; MME; CD3E; CD34; BCL11B; TCF7; SPI1
"13,0",CL:0002436,mature CD4 single-positive thymocyte,2,thymus,1,https://doi.org/10.1172/JCI7558.; https://doi.org/10.1126/science.aay3224; https://doi.org/10.3389/fimmu.2019.00447; https://doi.org/10.1038/s41467-021-21346-6,CAMK4,CD8A; CD3E; CD38; GIMAP7; ADD3; ID2; CD27; DENND2D; ABLIM1; ARMH1; PTPRC; CD69; RPL17; SELL; CAMK4; CD1A; CD4
"13,0",PCL:0015063,Inh L2-5 PVALB HHIPL1 primary motor cortex GABAergic interneuron (Hsap),1,allen-brain,1,https://doi.org/10.1038/s41586-021-03465-8,MDFIC,MDFIC; ADAMTS20; ADAMTS17
"13,0",PCL:0015017,Inh L1 SST P4HA3 primary motor cortex GABAergic interneuron (Hsap),1,allen-brain,1,https://doi.org/10.1038/s41586-021-03465-8,FOXO1,FOXO1; ARHGAP42; ST8SIA6
"13,0",PCL:0015100,Exc L5 THEMIS RGPD6 primary motor cortex glutamatergic neuron (Hsap),1,allen-brain,1,https://doi.org/10.1038/s41586-021-03465-8,THEMIS,THEMIS; DDR2
"13,0",PCL:0015108,Exc L6 FEZF2 KLK7 primary motor cortex glutamatergic neuron (Hsap),1,allen-brain,1,https://doi.org/10.1038/s41586-021-03465-8,MDFIC,MDFIC
"13,0",PCL:0051150,DLIT_149 intratelencephalic-projecting glutamatergic cortical neuron (Hsap),1,allen-brain,1,https://doi.org/10.1101/2022.10.12.511898,THEMIS,RP11-191L9.4; CTD-2050E21.2; LINC00343; TESPA1; THEMIS
"13,0",CL:0000084,T cell,1,allen-brain,1,https://doi.org/10.1101/2022.10.12.511898,THEMIS,THEMIS; CD2
"13,0",PCL:0051151,DLIT_150 intratelencephalic-projecting glutamatergic cortical neuron (Hsap),1,allen-brain,1,https://doi.org/10.1101/2022.10.12.511898,THEMIS,THEMIS; POSTN; HPSE2
"13,0",PCL:0051143,DLIT_142 intratelencephalic-projecting glutamatergic cortical neuron (Hsap),1,allen-brain,1,https://doi.org/10.1101/2022.10.12.511898,THEMIS,CTD-2195H9.1; CTC-535M15.2; THEMIS
"13,1",CL:0009018,lymphocyte of large intestine lamina propria,33,large-intestine,1,https://doi.org/10.1007/978-1-4939-0897-4_3; https://doi.org/10.1016/j.immuni.2020.02.001,NCAM1,NCAM1; KLRK1; ITGAX; B3GAT1; CD7
"13,1",CL:0002573,Schwann cell,24,large-intestine,1,https://doi.org/10.1034/j.1600-065x.2003.00072.x; PMCID:PMC1256735; https://doi.org/10.1111/j.1440-1827.1989.tb02421.x; isBN:978-1496398949; ISBN:978-1496398949,NCAM1,BID; NCAM1; CD274; UCHL1
"13,1",ASCTB-TEMP:lymphocyte,lymphocyte,18,uterus,1,https://doi.org/10.1101/2021.01.02.425073,NCAM1,PTPRC; NCAM1
"13,1",CL:0000623,natural killer cell,18,allen-brain; thymus; liver; kidney; fallopian-tube; skin; spleen; lymph-node,8,https://doi.org/10.1101/2022.10.12.511898; https://doi.org/10.4049/jimmunol.166.4.2194; https://doi.org/10.1038/s41467-019-10861-2; https://doi.org/10.1038/nri.2016.34; https://doi.org/10.1016/j.celrep.2021.108978; ISBN:9781933477060; https://doi.org/10.1038/s41586-020-2941-1; https://doi.org/10.4049/jimmunol.172.3.1455; https://doi.org/10.1172/jci.insight.133267; https://doi.org/10.1186/s13059-019-1906-x; https://doi.org/10.3389/fimmu.2019.01502; https://doi.org/10.1016/s1471-4906(01)02060-9; https://doi.org/10.1126/science.aat5031; https://doi.org/10.1126/science.aay3224,KLRF1; KLRD1; NCAM1; GNLY,KLRB1; CMC1; NCAM1; CXCR6; CD3E; ITGA1; RUNX3; CD40LG; CD160; KLRD1; CD69; KLRF1; TBX21; KLRC1; GZMA; NKG7; HOPX; GNLY; GEM; CD3D; CD3G; KLRK1; EOMES; FCGR3A; ID2; IL7R; KIT; NCR3; PRF1; NCR1+; XCL2; TYROBP
"13,1",ASCTB-TEMP:uterine-natural-killer-cell,uterine natural killer cell,18,uterus,1,https://doi.org/10.1101/2021.01.02.425073,NCAM1,CCL5; NCAM1; HMGB2; CD69
"13,1",CL:0002138,endothelial cell of lymphatic vessel,13,large-intestine,1,https://doi.org/10.1007/978-1-4939-0897-4_3,NCAM1,NCAM1; CD274; UCHL1
"13,1",CL:0002343,"decidual natural killer cell, human",3,placenta,1,PMID:1697563,NCAM1,NCAM1
"13,1",CL:0001058,"plasmacytoid dendritic cell, human",2,blood-pelvis; bone-marrow,2,https://doi.org/10.1111/bjh.14467,NCAM1,CLEC4C; CD14; CD19; IL3RA; CD3E; HLA-DRA; FCGR3A; GZMB; SIGLEC6; JCHAIN; SERPINF1; ITGAX; AXL; NCAM1
"13,1",CL:0002399,CD1c-positive myeloid dendritic cell,2,blood-pelvis,1,https://doi.org/10.1002/cyto.a.23724; https://doi.org/10.1016/j.immuni.2017.04.019,NCAM1,CD36; S100A9; ITGAX; IL3RA; NCAM1; CD19; FCGR2B; FCGR3A; CD14; CD1C; S100A8; CD3E; HLA-DPB1; HLA-DRA; CD163; CLEC10A; HLA-DQA2; THBD; FCER1A
"13,1",CL:0000794,"CD8-positive, alpha-beta cytotoxic T cell",2,spleen,1,https://doi.org/10.1126/sciimmunol.aau6085; https://doi.org/10.1186/s13059-019-1906-x,GNLY,PRF1; GNLY; GZMB; CD8A; CD3E
"13,1",CL:0000814,mature NK T cell,2,kidney,1,https://doi.org/10.1172/jci.insight.133267; https://doi.org/10.1038/s41586-020-2941-1; https://doi.org/10.1038/s41467-019-10861-2,GNLY; CD247,NKG7; CD96; GNLY; CD247; GZMA; CD3G; RUNX3
"13,1",CL:0000990,conventional dendritic cell,2,bone-marrow,1,https://doi.org/10.3109/10428194.2013.781167; https://doi.org/10.1016/j.immuni.2017.04.019,NCAM1,CADM1; NCAM1; ITGAX; CD19; FCGR2B; FCGR3A; IL3RA; CD14; CD1C; CD3E; HLA-DPB1; HLA-DRA; CLEC10A; XCR1; HLA-DQA2; CLEC9A; THBD; FCER1A
"13,1",PCL:0051032,Fbl_31 arachnoid barrier cell (Hsap),1,allen-brain,1,https://doi.org/10.1101/2022.10.12.511898,BNC2,PTGDR; BNC2
"13,1",CL:0002394,CD141-positive myeloid dendritic cell,1,blood-pelvis,1,https://doi.org/10.3109/10428194.2013.781167,NCAM1,NCAM1; ITGAX; CLEC9A; HLA-DRA; CD3E; CD14; CD1C; XCR1; IL3RA; FCGR3A; CD19; CADM1; THBD
"13,1",CL:0001071,group 3 innate lymphoid cell,1,skin,1,https://doi.org/10.1126/science.aaa6566; https://doi.org/10.1038/ncomms11394,NCAM1,NCAM1; CD3D; RORC
"13,1",CL:0001056,"dendritic cell, human",1,bone-marrow,1,https://doi.org/10.1002/cyto.a.23724,NCAM1,NCAM1; ITGAX; IL3RA; S100A9; S100A8; CD3E; HLA-DRA; CLEC4C; CLEC10A; CD163; CD19; FCGR3A; CD14; CD1C; CD36; FCER1A
"13,1",CL:0001067,group 1 innate lymphoid cell,1,skin,1,https://doi.org/10.1126/science.aaa6566,NCAM1,CD3D; NCAM1; TBX21
"13,1",ASCTB-TEMP:tbet-low-liver-nk-cell,TBet low Liver NK cell,1,liver,1,https://doi.org/10.3389/fimmu.2019.01502,NCAM1,ITGAE; EOMES; ITGA1; CD69; CXCR6; NCAM1; TBX21
"13,1",CL:0009068,CD8aa(I) thymocyte,1,thymus,1,https://doi.org/10.1126/science.aay3224,PRKCH,PTPN7; PRKCH; NUCB2; CD8A; LEF1; LCP2; CD2; CD28; TRAC; CD27
"13,1",PCL:0051392,Splat_391 neuron (Hsap),1,allen-brain,1,https://doi.org/10.1101/2022.10.12.511898,PDGFD,CTC-535M15.2; CTC-340A15.2; PDGFD; ST18; CDH12
"13,1",PCL:0051276,LLC_275 interneuron (Hsap),1,allen-brain,1,https://doi.org/10.1101/2022.10.12.511898,PDGFD,PDGFD; SFRP1; CA2; CXCL14
"13,1",PCL:0051374,Splat_373 neuron (Hsap),1,allen-brain,1,https://doi.org/10.1101/2022.10.12.511898,PDGFD,LHX2; PDGFD; TCF7L2; SHOX2
"13,1",CL:0000557,granulocyte monocyte progenitor cell,1,bone-marrow,1,https://doi.org/10.1038/ni.1889,NCAM1,NCAM1; MPO; PTPRC; AZU1; FLT3; CD3E; CD38; CD34; CD14; CALR; IL3RA; FCGR3A; CLEC11A
"13,1",PCL:0051123,ULIT_122 intratelencephalic-projecting glutamatergic cortical neuron (Hsap),1,allen-brain,1,https://doi.org/10.1101/2022.10.12.511898,PDGFD,LINC01500; LINC00507; PDGFD
"13,1",PCL:0051273,LLC_272 interneuron (Hsap),1,allen-brain,1,https://doi.org/10.1101/2022.10.12.511898,PDGFD,PDGFD; FREM2; LAMP5; SFRP1
"13,1",CL:0000084,T cell,1,kidney,1,https://doi.org/10.1172/jci.insight.133267; https://doi.org/10.1038/s41586-020-2941-1; https://doi.org/10.1038/s41467-019-10861-2; https://doi.org/10.1126/science.aat5031,CD247,CD247; CD3G; CD96; CD3D; CD40LG
"13,1",PCL:0051124,ULIT_123 intratelencephalic-projecting glutamatergic cortical neuron (Hsap),1,allen-brain,1,https://doi.org/10.1101/2022.10.12.511898,PDGFD,RP11-191L9.4; LINC02306; LINC02263; PDGFD
"13,1",PCL:0051238,Splat_237 sst GABAergic cortical interneuron (Hsap),1,allen-brain,1,https://doi.org/10.1101/2022.10.12.511898,PDGFD,PDGFD; BCHE; CMTM8
"13,1",CL:0000540,neuron,1,spinal-cord,1,https://doi.org/10.1016/j.neuron.2023.01.007,SAMD3,NPY; SAMD3; HMCN1
"13,1",CL:0001078,"group 3 innate lymphoid cell, human",1,spleen,1,https://doi.org/10.1038/ni.2830; https://doi.org/10.1186/s13059-019-1906-x,NCAM1,NCAM1; KLRB1; KIT; IL7R; ID2; AHR; NCR2; CD96; RORC
"13,1",ASCTB-TEMP:eomes-low-liver-nk-cell,Eomes low Liver NK cell,1,liver,1,https://doi.org/10.1172/jci.insight.90063,NCAM1,ITGAE; EOMES; ITGA1; CD69; CXCR6; NCAM1; TBX21
"13,1",PCL:0015102,Exc L5-6 FEZF2 FILIP1L primary motor cortex glutamatergic neuron (Hsap),1,allen-brain,1,https://doi.org/10.1038/s41586-021-03465-8,MCTP2,SEC16B; MCTP2; SULF1
"13,1",CL:0000798,gamma-delta T cell,1,lymph-node,1,https://doi.org/10.1002/cti2.1079,KLRD1,ID2; KLRD1; CD3G; CD3D; TRG; TRDC
"13,1",CL:4030022,renal medullary fibroblast,1,kidney,1,https://doi.org/10.1101/2021.07.28.454201,NCAM1,NCAM1; TNC; KCNK2; CLMP; DCN; SYT1
"13,1",CL:0000936,early lymphoid progenitor,1,bone-marrow,1,https://doi.org/10.1038/ni.1889,NCAM1,NCAM1; PTPRC; IL2RG; SOX4; SYK; CD2; CD14; CD34; GYPA; CD19; BCL11A; FCGR3A; JCHAIN; CD38; CD3E
"13,1",CL:0000050,megakaryocyte-erythroid progenitor cell,1,bone-marrow,1,https://doi.org/10.1038/ni.1889,NCAM1,PTPRC; NCAM1; IL3RA; SPINK2; CTNNBL1; CD3E; PRSS57; FLT3; CD14; IL1B; CD38; TESPA1; FCGR3A; GATA1; CD34; GATA2
"13,1",CL:0000840,immature conventional dendritic cell,1,blood-pelvis,1,https://doi.org/10.1182/blood-2004-02-0769,NCAM1,AXL; NCAM1; ITGAX; HLA-DRA; CD3E; CD22; IL3RA; FCGR3A; CD19; CD14; SIGLEC6
"13,1",CL:0000049,common myeloid progenitor,1,bone-marrow,1,https://doi.org/10.1038/ni.1889,NCAM1,PTPRC; CD38; CD14; CD3E; FLT3; CYTL1; SERPINB1; FCGR3A; HPGD; IL3RA; CD34; GATA2; MEST; NCAM1
"13,1",PCL:0051372,Splat_371 neuron (Hsap),1,allen-brain,1,https://doi.org/10.1101/2022.10.12.511898,BNC2,BNC2; NPSR1; CPA6
"13,1",CL:0011103,sympathetic neuron,1,lymph-node,1,https://doi.org/10.1046/j.1469-7580.1999.19410143.x,NCAM1,NCAM1; UCHL1
"13,1",CL:0001069,group 2 innate lymphoid cell,1,skin,1,https://doi.org/10.1126/science.aaa6566,NCAM1,NCAM1; GATA3; CD3D
"13,1",PCL:0015073,Exc L2 LAMP5 KCNG3 primary motor cortex glutamatergic neuron (Hsap),1,allen-brain,1,https://doi.org/10.1038/s41586-021-03465-8,SAMD3,FAM163A; SAMD3
"13,1",CL:0000914,immature NK T cell,1,thymus,1,https://doi.org/10.1111/cei.12045; https://doi.org/10.1002/eji.200425958; https://doi.org/10.1126/science.aay3224,SAMD3,NKG7; LAIR1; IL7R; IL4; CCL5; XCL1; CD4; SELL; PTPRC; CCR7; CD3E; CD8A; CST7; SAMD3; KLRB1; IFNG; GIMAP4; GZMK; GZMM
"13,1",PCL:0015006,Inh L5-6 LAMP5 CRABP1 primary motor cortex GABAergic interneuron (Hsap),1,allen-brain,1,https://doi.org/10.1038/s41586-021-03465-8,PDGFD,PDGFD
"13,1",CL:0000818,transitional stage B cell,1,bone-marrow,1,https://doi.org/10.1073/pnas.172384399,NCAM1,NCAM1; IL3RA; BCL7A; ITGAX; TCL1A; SOX4; HLA-DRA; CD24; CD19; FCGR3A; CD14; CD1C; CD3E; FCRLA; THBD; IGLL5; CLEC9A
"13,1",CL:1000692,kidney interstitial fibroblast,1,kidney,1,https://doi.org/10.1172/jci.insight.133267; https://doi.org/10.1038/s41467-019-10861-2,ZEB2,LUM; COL1A2; COL1A1; DCN; ZEB2; C7; VIM
"13,1",CL:0000909,"CD8-positive, alpha-beta memory T cell",1,spleen,1,https://doi.org/10.1111/j.1365-2362.2006.01626.x; https://doi.org/10.1186/s13059-019-1906-x,GNLY,PTPRC; PRF1; GNLY; GZMB; CD8A; CD3E; CD27
"13,1",PCL:0015059,Inh L5-6 PVALB KCNIP2 primary motor cortex GABAergic interneuron (Hsap),1,allen-brain,1,https://doi.org/10.1038/s41586-021-03465-8,VAV3,NPFFR2; GPC5; VAV3
"13,2",CL:0009077,subcapsular thymic epithelial cell,2,thymus,1,https://doi.org/10.1016/s0065-2776(08)60900-1,PTMA; TMSB4X,PTMA; TMSB4X
"13,2",CL:0000883,thymic cortical macrophage,1,thymus,1,https://doi.org/10.1016/s0065-2776(08)60900-1,TMSB4X,STAB1; APOE; C1QC; C1QB; TMSB4X; SLC40A1; LGMN; SELENOP; MS4A7; C1QA; RNASE1
"13,2",PCL:0051195,CA4_194 hippocampal CA4 neuron (Hsap),1,allen-brain,1,https://doi.org/10.1101/2022.10.12.511898,RPL26,C9orf16; HOPX; RPL26
"13,3",ASCTB-TEMP:luminal-epithelial-cell,luminal epithelial cell,36,uterus,1,https://doi.org/10.1101/2021.01.02.425073,EPCAM,PTGS1; LGR5; EPCAM
"13,3",ASCTB-TEMP:glandular-epithelial-cell,glandular epithelial cell,36,uterus,1,https://doi.org/10.1101/2021.01.02.425073,EPCAM,SCGB2A2; PAEP; EPCAM; CXCL8
"13,3",ASCTB-TEMP:ciliated-epithelial-cell,ciliated epithelial cell,18,uterus,1,https://doi.org/10.1101/2021.01.02.425073,EPCAM,TPPP3; PIFO; FOXJ1; EPCAM
"13,3",ASCTB-TEMP:sox9-epithelial-cell,SOX9+ epithelial cell,18,uterus,1,https://doi.org/10.1101/2021.01.02.425073,EPCAM,SOX9; MMP7; EPCAM
"13,3",CL:0009009,paneth cell of colon,11,large-intestine,1,https://doi.org/10.1016/j.humpath.2008.12.003,DEFA5,DEFA5
"13,3",CL:1000457,mesothelial cell of visceral peritoneum,10,large-intestine,1,isBN:978-1496398949; ISBN:978-1496398949,KRT8,KRT8; KRT18; CALB2
"13,3",CL:0009084,glandular epithelial cell of endometrium,6,placenta,1,https://doi.org/10.1186/s13287-018-0962-6; https://doi.org/10.1177/1933719118756745; https://doi.org/10.1093/humrep/det285,KRT19; EPCAM,KRT19; KRT18; FUT4; EPCAM
"13,3",CL:4033014,peg cell,5,fallopian-tube,1,PMID:22911892,EPCAM,ITGA6; CD44; EPCAM
"13,3",CL:0009073,medullary thymic epithelial cell type 3,4,thymus,1,https://doi.org/10.1038/nature03886.; https://doi.org/10.4049/jimmunol.1002151; https://doi.org/10.1038/s41467-021-21346-6; https://doi.org/10.3791/50951; https://doi.org/10.1080/01926230600865549; https://doi.org/10.1126/science.aay3224,KRT19; EPCAM,SOX2; TSLP; S100A9; SFN; PERP; IVL; KRT6A; EPCAM; SUCO; LY6D; SPINK5; CDR2; CALML5; KRT10; DEFB1; PTPRC; KRT19
"13,3",CL:0002063,pulmonary alveolar type 2 cell,3,lung,1,https://doi.org/10.1148/93.3.507; https://doi.org/10.1136/thx.13.2.110,EPCAM,FXYD3; SFTPA2; EPCAM; BMP1; CDH1; SLC39A8; HOPX; MFSD2A; LAMP3; SFTA2; ABCA3; ELF3; SFTPC; KRT1
"13,3",CL:0002062,pulmonary alveolar type 1 cell,3,lung,1,https://doi.org/10.1148/93.3.507; https://doi.org/10.1136/thx.13.2.110,EPCAM,AQP4; FXYD3; SCEL; ELF3; SEMA3B; CDH1; CLIC5; SFTA2; EPCAM; RTKN2; SLC39A8; AGER; HOPX; GRAMD2A; KRT1
"13,3",CL:0002255,stromal cell of endometrium,3,placenta,1,https://doi.org/10.5966/sctm.2015-0022; https://doi.org/10.3346/jkms.2012.27.8.857; https://doi.org/10.1093/humrep/den051; https://doi.org/10.3390/cells1041061; https://doi.org/10.1186/s13287-017-0757-1; https://doi.org/10.1182/blood.V74.2.751.751; https://doi.org/10.1016/s1472-6483(10)61745-2; https://doi.org/10.1095/biolreprod51.4.739; https://doi.org/10.1095/biolreprod.108.075226; https://doi.org/10.1016/j.jcyt.2017.03.001,ANPEP,MME; ENG; CD44; ANPEP; THY1
"13,3",CL:0000897,"CD4-positive, alpha-beta memory T cell",2,lymph-node,1,ISBN:9781933477060; https://doi.org/10.4049/jimmunol.1701025,ITGA1,ITGA1; CD8A; CD4; PTPRC; CD3G; CXCR6; CD3D
"13,3",CL:0009074,medullary thymic epithelial cell type 4,2,thymus,1,https://doi.org/10.3791/50951; https://doi.org/10.1038/s41586-018-0345-2; https://doi.org/10.1080/01926230600865549; https://doi.org/10.1126/science.aay3224,KRT8; EPCAM,PTPRC; IRAG2; KRT8; FOXI1; DCLK1; KRT18; ANXA4; RASSF6; ANXA1; CDR2; EPCAM; HEPACAM2; BMX
"13,3",CL:4028006,alveolar adventitial fibroblast,2,lung,1,https://doi.org/10.1148/93.3.507; https://doi.org/10.1136/thx.13.2.110,PLA2G2A,MFAP4; MFAP5; FBLN1; SCARA5; DCN; PLA2G2A; LUM; COL1A2; COL6A3; PI16; DCLK1; CDON; SLPI
"13,3",CL:1000271,lung multiciliated epithelial cell,2,lung,1,https://doi.org/10.1148/93.3.507; https://doi.org/10.1136/thx.13.2.110,EPCAM,DYNLRB2; CDHR3; TSPAN1; CDH1; RSPH1; EPCAM; FXYD3; TUBB4B; FOXJ1; ELF3; CDHR4
"13,3",CL:0000942,thymic plasmacytoid dendritic cell,2,thymus,1,https://doi.org/10.1172/JCI11734; https://doi.org/10.1172/JCI11734.; https://doi.org/10.1126/science.aay3224; https://doi.org/10.1182/blood-2008-11-187633,ANPEP,CCDC50; ANPEP; CD33; PLAC8; PLD4; IL3RA; UGCG; GZMB; PSMB11; ITGAX; PTPRC; IRF8; IRF7; JCHAIN; CLEC4C; LILRA4
"13,3",CL:0009071,medullary thymic epithelial cell type 1,2,thymus,1,https://doi.org/10.3791/50951; https://doi.org/10.1038/s41467-021-21346-6; https://doi.org/10.1126/science.aay3224,KRT19; EPCAM,PTPRC; SAA1; EPCAM; KRT5; CCL19; CH25H; CLU; FN1; CDR2; KRT14; KRT19; KRT15; PTGDS; ASCL1
"13,3",CL:0000909,"CD8-positive, alpha-beta memory T cell",2,lymph-node,1,https://doi.org/10.1002/cyto.a.20643; ISBN:9781933477060,ITGA1,ITGA1; CD8A; CD4; PTPRC; CD3G; CXCR6; CD3D
"13,3",CL:0000158,club cell,2,lung,1,https://doi.org/10.1148/93.3.507; https://doi.org/10.1136/thx.13.2.110,EPCAM,ELF3; CYP2F1; SCGB3A2; TSPAN1; CDH1; SCGB1A1; EPCAM; FXYD3
"13,3",CL:1000417,myoepithelial cell of sweat gland,1,skin,1,https://doi.org/10.1111/1523-1747.ep12277180; https://doi.org/10.1046/j.1365-2133.1997.17651853.x,KRT19,KRT19; KRT26; S100A2
"13,3",CL:1000350,basal cell of epithelium of terminal bronchiole,1,lung,1,https://doi.org/10.1148/93.3.507; https://doi.org/10.1136/thx.13.2.110,EPCAM,NGFR; FXYD3; ELF3; TSPAN1; CDH1; KRT5; TRPC6; TP63; EPCAM
"13,3",CL:0000764,erythroid lineage cell,1,bone-marrow,1,https://doi.org/10.1371/journal.pone.0162209,EPCAM,KIT; PTPRC; GYPA; APOC1; ENG; KLF1; GATA1; CD36; MYC; TFRC; KCNH2; PRSS57; EPCAM
"13,3",CL:1000454,kidney collecting duct epithelial cell,1,kidney,1,https://doi.org/10.1681/ASN.2020010071; https://doi.org/10.1172/jci.insight.133267; https://doi.org/10.1038/s41467-019-10861-2,KRT8,KRT8; GATA3; CDH1
"13,3",CL:0009076,neuro-medullary thymic epithelial cell,1,thymus,1,https://doi.org/10.3791/50951; https://doi.org/10.1038/s41467-021-21346-6; https://doi.org/10.1080/01926230600865549; https://doi.org/10.1126/science.aay3224,EPCAM,MAP1B; HES6; NNAT; CDR2; KIF19; CLDN3; CAMK2B; CIB2; EPCAM; PTPRC; SYP; BEX1
"13,3",CL:0002306,epithelial cell of proximal tubule,1,kidney,1,https://doi.org/10.1681/ASN.2020010071; https://doi.org/10.1073/pnas.2005477117; https://doi.org/10.1172/jci.insight.133267; https://doi.org/10.1038/s41586-020-2941-1; https://doi.org/10.1038/s41467-019-10861-2,ALDOB,LRP2; GATM; ALDOB; CUBN; SLC13A1
"13,3",CL:0002394,CD141-positive myeloid dendritic cell,1,lymph-node,1,https://doi.org/10.1016/j.immuni.2017.02.019; https://doi.org/10.1016/S0002-94401061694-X,ANPEP,BATF3; ITGAX; CLEC9A; CD74; XCR1; IDO1; CADM1; ANPEP; THBD
"13,3",CL:0002138,endothelial cell of lymphatic vessel,1,thymus,1,https://doi.org/10.1080/01926230600865549; https://doi.org/10.1126/science.aay3224,TFF3,NTS; MMRN1; FABP5; NUPR1; LAPTM5; TFPI; TFF3; PROX1; CAVIN2; LYVE1; CCL21
"13,3",CL:0000244,transitional epithelial cell,1,large-intestine,1,ISBN:978-1496398949,KRT19,KRT7; KRT19
"13,3",CL:0000241,stratified cuboidal epithelial cell,1,liver,1,https://doi.org/10.1111/j.1365-2559.2009.03391.x,KRT19,KRT7; KRT19
"13,3",CL:0009072,medullary thymic epithelial cell type 2,1,thymus,1,https://doi.org/10.3791/50951; https://doi.org/10.1038/s41467-021-21346-6; https://doi.org/10.1080/01926230600865549; https://doi.org/10.1126/science.aay3224,EPCAM,TYW3; CDR2; HLA-DQA1; KRT17; AIRE; NTHL1; PTPRC; KRT5; CCL19; VIM; EPCAM; SNCG; CSTA; FGF17; CALML3
"13,3",CL:0002196,hepatic oval stem cell,1,liver,1,https://doi.org/10.1634/stemcells.2007-0176; https://doi.org/10.1053/j.gastro.2012.08.024; https://doi.org/10.1038/ng.722; https://doi.org/10.1038/nature11826,EPCAM,OPHN1; LGR5; EPCAM; PROM1; SOX9
"13,3",CL:1000351,basal cell of epithelium of respiratory bronchiole,1,lung,1,https://doi.org/10.1148/93.3.507; https://doi.org/10.1136/thx.13.2.110,EPCAM,ELF3; SCGB3A2; TSPAN1; CDH1; SCGB1A1; EPCAM; SOX4; KLK11; FXYD3
"13,3",CL:0009075,myo-medullary thymic epithelial cell,1,thymus,1,https://doi.org/10.1126/science.aay3224; https://doi.org/10.3791/50951; https://doi.org/10.1038/s41467-021-21346-6; https://doi.org/10.1080/01926230600865549,EPCAM,TTN; TPM2; TNNT3; EPCAM; PTPRC; NEB; MYOG; ACTA1; NNAT; CDR2; TNNI2; MYL11; KLHL41
"13,3",CL:0002364,cortical thymic epithelial cell,1,thymus,1,https://doi.org/10.1182/blood-2008-11-187633.; https://doi.org/10.1126/science.aay3224; https://doi.org/10.3791/50951,EPCAM,PSMB9; PSMB10; PDLIM1; PTPRC; PSMB11; PRSS16; CDR2; PLTP; CCL25; EPCAM; COX7A1; SCX; CTSV; S100A14; GNG11
"13,3",ASCTB-TEMP:eomes-low-liver-nk-cell,Eomes low Liver NK cell,1,liver,1,https://doi.org/10.1172/jci.insight.90063,ITGA1,ITGAE; EOMES; ITGA1; CD69; CXCR6; NCAM1; TBX21
"13,3",ASCTB-TEMP:splenic-stromal-cell-non-frc-non-fdc-,Splenic Stromal Cell (non-FRC/non-FDC),1,spleen,1,https://doi.org/10.1111/imm.12469,KRT8,NGFR; MADCAM1; KRT8; ACTA2
"13,3",ASCTB-TEMP:tbet-low-liver-nk-cell,TBet low Liver NK cell,1,liver,1,https://doi.org/10.3389/fimmu.2019.01502,ITGA1,ITGAE; EOMES; ITGA1; CD69; CXCR6; NCAM1; TBX21
"13,3",CL:0000623,natural killer cell,1,liver,1,https://doi.org/10.3389/fimmu.2019.01502,ITGA1,EOMES; ITGA1; CD69; CXCR6; NCAM1; TBX21
"13,3",PCL:0015054,Inh L5-6 SST DNAJC14 primary motor cortex GABAergic interneuron (Hsap),1,allen-brain,1,https://doi.org/10.1038/s41586-021-03465-8,ITGA1,ITGA1; STON2; HGF
"15,0",CL:4030006,fallopian tube secretory epithelial cell,5,fallopian-tube,1,https://doi.org/10.1016/j.celrep.2021.108978,PAX8,PAX8; OVGP1
"15,0",PCL:0051438,Midi_437 midbrain-derived inhibitory neuron (Hsap),1,allen-brain,1,https://doi.org/10.1101/2022.10.12.511898,BMPR1B,CH17-174L20.1; OTX2-AS1; BMPR1B; RORB
"15,0",PCL:0015082,Exc L3 THEMIS ENPEP primary motor cortex glutamatergic neuron (Hsap),1,allen-brain,1,https://doi.org/10.1038/s41586-021-03465-8,LAMA2,LAMA2; FAP
"15,0",PCL:0051288,CGE_287 lamp5 GABAergic cortical interneuron (Hsap),1,allen-brain,1,https://doi.org/10.1101/2022.10.12.511898,EYA4,MYH11; EYA4; ADAMTS20
"15,0",PCL:0051422,Splat_421 neuron (Hsap),1,allen-brain,1,https://doi.org/10.1101/2022.10.12.511898,ESR1,ESR1; STK32B
"15,0",CL:0000970,unswitched memory B cell,1,thymus,1,https://doi.org/10.1126/sciimmunol.aah4447; https://doi.org/10.1080/01926230600865549; https://doi.org/10.1126/science.aay3224,ADAM28,GPR183; HLA-DRA; ADAM28; BANK1; TNFRSF13B; IGHA1; HLA-DQA1; LY86; CRIP1; MS4A1; CD19; IGHM; CD27
"15,0",PCL:0051437,Midi_436 midbrain-derived inhibitory neuron (Hsap),1,allen-brain,1,https://doi.org/10.1101/2022.10.12.511898,BMPR1B,OTX2-AS1; HMCN1; BMPR1B
"15,0",PCL:0051030,Fbl_29 fibroblast (Hsap),1,allen-brain,1,https://doi.org/10.1101/2022.10.12.511898,BMPR1B,EBF2; SLC2A1; BMPR1B
"15,0",PCL:0051018,VendV_17 vein endothelial cell (Hsap),1,allen-brain,1,https://doi.org/10.1101/2022.10.12.511898,IL1R1,SRGN; IL1R1
"15,0",PCL:0051363,Splat_362 neuron (Hsap),1,allen-brain,1,https://doi.org/10.1101/2022.10.12.511898,PREX2,PTPRK; LUZP2; PREX2; FSTL5
"15,0",PCL:0051372,Splat_371 neuron (Hsap),1,allen-brain,1,https://doi.org/10.1101/2022.10.12.511898,BNC2,BNC2; NPSR1; CPA6
"15,0",PCL:0051041,Oligo_40 oligodendrocyte (Hsap),1,allen-brain,1,https://doi.org/10.1101/2022.10.12.511898,ERBB4,ERBB4; OPALIN; PLP1
"15,0",PCL:0051052,Bgl_51 Bergmann glial cell (Hsap),1,allen-brain,1,https://doi.org/10.1101/2022.10.12.511898,LAMA2,LAMA2; LINC01727
"15,0",PCL:0051244,MGE_243 sst GABAergic cortical interneuron (Hsap),1,allen-brain,1,https://doi.org/10.1101/2022.10.12.511898,EYA4,CTD-2533K21.4; PENK; EYA4; CALB1
"15,0",PCL:0015004,Inh L1-6 LAMP5 NES primary motor cortex GABAergic interneuron (Hsap),1,allen-brain,1,https://doi.org/10.1038/s41586-021-03465-8,EYA4,RO; KIT; EYA4; NTNG1; EPHA3
"15,0",CL:0000972,class switched memory B cell,1,thymus,1,https://doi.org/10.1126/sciimmunol.aah4447; https://doi.org/10.1080/01926230600865549; https://doi.org/10.1126/science.aay3224,ADAM28,GPR183; HLA-DRA; ADAM28; BANK1; TNFRSF13B; IGHA1; HLA-DQA1; LY86; CRIP1; MS4A1; CD19; CD27
"15,0",PCL:0051306,CBI_305 cerebellar inhibitory GABAergic interneuron (Hsap),1,allen-brain,1,https://doi.org/10.1101/2022.10.12.511898,BMPR1B,NTN1; LINC02552; TFAP2B; BMPR1B
"15,0",PCL:0051269,LLC_268 interneuron (Hsap),1,allen-brain,1,https://doi.org/10.1101/2022.10.12.511898,EYA4,EYA4; CHST9; CMTM8; TACR1
"15,0",PCL:0051129,ULIT_128 intratelencephalic-projecting glutamatergic cortical neuron (Hsap),1,allen-brain,1,https://doi.org/10.1101/2022.10.12.511898,LAMA2,RP11-387P12.1; LAMA2; LINC02055; COL5A2
"15,0",PCL:0051426,Splat_425 neuron (Hsap),1,allen-brain,1,https://doi.org/10.1101/2022.10.12.511898,ESR1,SATB1-AS1; NR2F2-AS1; ESR1; LHX6
"15,0",PCL:0015025,Inh L1-3 VIP CHRNA2 primary motor cortex GABAergic interneuron (Hsap),1,allen-brain,1,https://doi.org/10.1038/s41586-021-03465-8,EYA4,EYA4; PPP1R1C
"15,0",PCL:0015077,Exc L2-3 LINC00507 DSG3 primary motor cortex glutamatergic neuron (Hsap),1,allen-brain,1,https://doi.org/10.1038/s41586-021-03465-8,BMPR1B,BMPR1B; BDNF
"15,0",PCL:0051271,LLC_270 interneuron (Hsap),1,allen-brain,1,https://doi.org/10.1101/2022.10.12.511898,PREX2,NOS1; ARHGAP6; ADAMTS9-AS2; PREX2; TAC1
"15,0",PCL:0051032,Fbl_31 arachnoid barrier cell (Hsap),1,allen-brain,1,https://doi.org/10.1101/2022.10.12.511898,BNC2,PTGDR; BNC2
"15,1",CL:0009073,medullary thymic epithelial cell type 3,2,thymus,1,https://doi.org/10.1038/nature03886.; https://doi.org/10.4049/jimmunol.1002151; https://doi.org/10.1038/s41467-021-21346-6; https://doi.org/10.3791/50951; https://doi.org/10.1080/01926230600865549; https://doi.org/10.1126/science.aay3224,PERP,SOX2; TSLP; S100A9; SFN; PERP; IVL; KRT6A; EPCAM; SUCO; LY6D; SPINK5; CDR2; CALML5; KRT10; DEFB1; PTPRC; KRT19
"15,1",CL:0009077,subcapsular thymic epithelial cell,1,thymus,1,https://doi.org/10.1016/s0065-2776(08)60900-1,PTMA,PTMA; TMSB4X
"15,1",CL:4033017,bronchiolar smooth muscle cell,1,lung,1,https://doi.org/10.1148/93.3.507; https://doi.org/10.1136/thx.13.2.110,ACTG1,COL1A2; DES; CNN1; LGR6; ACTG1; ACTA2; DCN; TAGLN; PLN; MYH11; MFAP4
"15,2",CL:0000576,monocyte,6,thymus; fallopian-tube,2,https://doi.org/10.1126/science.aay3224; https://doi.org/10.1016/j.celrep.2021.108978,LYZ,CTSS; VCAN; S100A9; S100A8; FCN1; S100A6; S100A4; S100A12; CD52; LYZ
"15,2",CL:0000451,dendritic cell,5,fallopian-tube,1,https://doi.org/10.1016/j.celrep.2021.108978,LYZ,LYZ; ITGAX
"15,2",CL:0000235,macrophage,5,fallopian-tube,1,https://doi.org/10.1016/j.celrep.2021.108978,LYZ,LYZ; CD163
"15,2",CL:0000866,thymic macrophage,3,thymus,1,https://doi.org/10.1016/j.imbio.2008.07.032; https://doi.org/10.1016/s0065-2776(08)60900-1; https://doi.org/10.1016/j.imbio.2008.07.032.; https://doi.org/10.1126/science.aay3224,LYZ,LGMN; LYZ; ITGAX; ICAM1; MS4A7; CD68; SELENOP; SLC40A1; C1QB; C1QA; ITGAM; C1QC; CD163; RNASE1; CD209; APOE; STAB1
"15,2",CL:0002394,CD141-positive myeloid dendritic cell,2,lymph-node; blood-pelvis,2,https://doi.org/10.1016/j.immuni.2017.02.019; https://doi.org/10.1016/S0002-94401061694-X; https://doi.org/10.3109/10428194.2013.781167,CADM1,IDO1; CD74; ANPEP; CADM1; CD19; FCGR3A; IL3RA; XCR1; BATF3; CD1C; CD14; CD3E; HLA-DRA; THBD; CLEC9A; ITGAX; NCAM1
"15,2",CL:0002059,CD8-alpha-positive thymic conventional dendritic cell,2,thymus,1,https://doi.org/10.1172/JCI11734; https://doi.org/10.1038/cti.2015.21; https://doi.org/10.1126/science.aay3224,LYZ,PTPRC; ITGAX; LYZ; LGALS2; CPVL; SIRPA; ITGAM; XCR1; CD33; BATF3; IRF8; C1orf54; CD4; DNASE1L3; CD83; RGCC; HLA-DPA1; THBD; CLEC9A
"15,2",PCL:0051270,LLC_269 interneuron (Hsap),1,allen-brain,1,https://doi.org/10.1101/2022.10.12.511898,CHST9,CHST9; IFI44; ISM1
"15,2",CL:0000882,thymic medullary macrophage,1,thymus,1,https://doi.org/10.1016/s0065-2776(08)60900-1; https://doi.org/10.1016/j.imbio.2008.07.032; https://doi.org/10.1126/science.aay3224,LYZ,ITGAX; ICAM1; STAB1; APOE; LYZ; LGMN; SELENOP; MS4A7; CD68; SLC40A1; C1QB; C1QA; ITGAM; C1QC; CD163; RNASE1; CD209
"15,2",PCL:0051168,Misc_167 cerebral cortex neuron (Hsap),1,allen-brain,1,https://doi.org/10.1101/2022.10.12.511898,TSHZ2,RP4-678D15.1; TSHZ2; TRPC6; ANO2
"15,2",PCL:0015039,Inh L3-5 VIP TAC3 primary motor cortex GABAergic interneuron (Hsap),1,allen-brain,1,https://doi.org/10.1038/s41586-021-03465-8,TSHZ2,COL19A1; SOX2-OT; TSHZ2
"15,2",PCL:0015089,Exc L5-6 THEMIS TNFAIP6 primary motor cortex glutamatergic neuron (Hsap),1,allen-brain,1,https://doi.org/10.1038/s41586-021-03465-8,TSHZ2,LTBP1; TSHZ2
"15,2",PCL:0051274,LLC_273 interneuron (Hsap),1,allen-brain,1,https://doi.org/10.1101/2022.10.12.511898,CHST9,LRP2; CHST9; RP11-563D10.1; FBN2
"15,2",CL:0009108,lymphatic endothelial cell of subcapsular sinus floor,1,lymph-node,1,https://doi.org/10.1016/j.immuni.2019.06.027; https://doi.org/10.3389/fcvm.2020.00052,LYZ,NT5E; MFAP4; MARCO; LYZ; ICAM1; PECAM1; CXCL1; PTPRC; ACKR4; CD9; CXCL5; THY1; PROX1; PDPN; CCL20; TNFRSF9; LYVE1; CD274; ACKR1; CLDN11; CAV1
"15,2",PCL:0051269,LLC_268 interneuron (Hsap),1,allen-brain,1,https://doi.org/10.1101/2022.10.12.511898,CHST9,EYA4; CHST9; CMTM8; TACR1
"15,2",PCL:0051268,LLC_267 interneuron (Hsap),1,allen-brain,1,https://doi.org/10.1101/2022.10.12.511898,CHST9,CHST9; MET; DDR2
"15,2",PCL:0051234,EMSN_233 medium spiny neuron (Hsap),1,allen-brain,1,https://doi.org/10.1101/2022.10.12.511898,CADPS2,PCDH11X; AC133680.1; ZNF736P9Y; CADPS2
"15,2",CL:0000990,conventional dendritic cell,1,bone-marrow,1,https://doi.org/10.3109/10428194.2013.781167,CADM1,NCAM1; ITGAX; CLEC9A; HLA-DRA; CD3E; CD14; CD1C; XCR1; IL3RA; FCGR3A; CD19; CADM1; THBD
"15,2",PCL:0051060,Astro_59 astrocyte (Hsap),1,allen-brain,1,https://doi.org/10.1101/2022.10.12.511898,ITPRID1,OBI1-AS1; ITPRID1; LGR6; HPSE2
"15,2",PCL:0051424,Splat_423 neuron (Hsap),1,allen-brain,1,https://doi.org/10.1101/2022.10.12.511898,TSHZ2,PROX1; SOX6; TSHZ2
"15,3",ASCTB-TEMP:luminal-epithelial-cell,luminal epithelial cell,36,uterus,1,https://doi.org/10.1101/2021.01.02.425073,EPCAM,PTGS1; LGR5; EPCAM
"15,3",ASCTB-TEMP:glandular-epithelial-cell,glandular epithelial cell,36,uterus,1,https://doi.org/10.1101/2021.01.02.425073,EPCAM,SCGB2A2; PAEP; EPCAM; CXCL8
"15,3",ASCTB-TEMP:ciliated-epithelial-cell,ciliated epithelial cell,18,uterus,1,https://doi.org/10.1101/2021.01.02.425073,EPCAM,TPPP3; PIFO; FOXJ1; EPCAM
"15,3",ASCTB-TEMP:sox9-epithelial-cell,SOX9+ epithelial cell,18,uterus,1,https://doi.org/10.1101/2021.01.02.425073,EPCAM,SOX9; MMP7; EPCAM
"15,3",CL:4033014,peg cell,5,fallopian-tube,1,PMID:22911892,EPCAM,ITGA6; CD44; EPCAM
"15,3",CL:0002063,pulmonary alveolar type 2 cell,3,lung,1,https://doi.org/10.1148/93.3.507; https://doi.org/10.1136/thx.13.2.110,EPCAM,FXYD3; SFTPA2; EPCAM; BMP1; CDH1; SLC39A8; HOPX; MFSD2A; LAMP3; SFTA2; ABCA3; ELF3; SFTPC; KRT1
"15,3",CL:0002062,pulmonary alveolar type 1 cell,3,lung,1,https://doi.org/10.1148/93.3.507; https://doi.org/10.1136/thx.13.2.110,EPCAM,AQP4; FXYD3; SCEL; ELF3; SEMA3B; CDH1; CLIC5; SFTA2; EPCAM; RTKN2; SLC39A8; AGER; HOPX; GRAMD2A; KRT1
"15,3",CL:0009084,glandular epithelial cell of endometrium,3,placenta,1,https://doi.org/10.1186/s13287-018-0962-6; https://doi.org/10.1177/1933719118756745; https://doi.org/10.1093/humrep/det285,EPCAM,KRT19; KRT18; FUT4; EPCAM
"15,3",CL:0000749,ON-bipolar cell,2,eye,1,https://doi.org/10.1002/cne.22756; https://doi.org/10.1002/cne.10491,PRKCA,CACNA1G; SCN1A; HCN1; PRKCA
"15,3",CL:0009073,medullary thymic epithelial cell type 3,2,thymus,1,https://doi.org/10.1038/nature03886.; https://doi.org/10.4049/jimmunol.1002151; https://doi.org/10.1038/s41467-021-21346-6; https://doi.org/10.3791/50951; https://doi.org/10.1080/01926230600865549; https://doi.org/10.1126/science.aay3224,EPCAM,SOX2; TSLP; S100A9; SFN; PERP; IVL; KRT6A; EPCAM; SUCO; LY6D; SPINK5; CDR2; CALML5; KRT10; DEFB1; PTPRC; KRT19
"15,3",CL:1000271,lung multiciliated epithelial cell,2,lung,1,https://doi.org/10.1148/93.3.507; https://doi.org/10.1136/thx.13.2.110,EPCAM,DYNLRB2; CDHR3; TSPAN1; CDH1; RSPH1; EPCAM; FXYD3; TUBB4B; FOXJ1; ELF3; CDHR4
"15,3",CL:0000158,club cell,2,lung,1,https://doi.org/10.1148/93.3.507; https://doi.org/10.1136/thx.13.2.110,EPCAM,ELF3; CYP2F1; SCGB3A2; TSPAN1; CDH1; SCGB1A1; EPCAM; FXYD3
"15,3",CL:0009074,medullary thymic epithelial cell type 4,1,thymus,1,https://doi.org/10.3791/50951; https://doi.org/10.1038/s41586-018-0345-2; https://doi.org/10.1080/01926230600865549; https://doi.org/10.1126/science.aay3224,EPCAM,PTPRC; IRAG2; KRT8; FOXI1; DCLK1; KRT18; ANXA4; RASSF6; ANXA1; CDR2; EPCAM; HEPACAM2; BMX
"15,3",CL:0000182,hepatocyte,1,liver,1,https://doi.org/10.1097/00000478-200110000-00011; https://doi.org/10.1007/s00424-006-0152-8,HNF4A,MME; ALB; CYP2D6; HNF4A; ABCB11
"15,3",PCL:0051412,Splat_411 neuron (Hsap),1,allen-brain,1,https://doi.org/10.1101/2022.10.12.511898,PDE3A,PDE3A; PPP1R17; RORB
"15,3",CL:0009076,neuro-medullary thymic epithelial cell,1,thymus,1,https://doi.org/10.3791/50951; https://doi.org/10.1038/s41467-021-21346-6; https://doi.org/10.1080/01926230600865549; https://doi.org/10.1126/science.aay3224,EPCAM,MAP1B; HES6; NNAT; CDR2; KIF19; CLDN3; CAMK2B; CIB2; EPCAM; PTPRC; SYP; BEX1
"15,3",CL:0000748,retinal bipolar neuron,1,eye,1,https://doi.org/10.1016/j.brainres.2007.06.007; https://doi.org/10.1016/j.exer.2016.01.002; https://doi.org/10.1016/j.cell.2019.01.004,PRKCA,PRKCA; OTX2; RCVRN; MIP; ISL1; GRM6; TRPM1; GRIK1; GNAO1; VSX2; CABP5; VSX1
"15,3",PCL:0015033,Inh L2-5 VIP BSPRY primary motor cortex GABAergic interneuron (Hsap),1,allen-brain,1,https://doi.org/10.1038/s41586-021-03465-8,PDE3A,PDE3A; ST18
"15,3",CL:1000350,basal cell of epithelium of terminal bronchiole,1,lung,1,https://doi.org/10.1148/93.3.507; https://doi.org/10.1136/thx.13.2.110,EPCAM,NGFR; FXYD3; ELF3; TSPAN1; CDH1; KRT5; TRPC6; TP63; EPCAM
"15,3",CL:0009071,medullary thymic epithelial cell type 1,1,thymus,1,https://doi.org/10.3791/50951; https://doi.org/10.1038/s41467-021-21346-6; https://doi.org/10.1126/science.aay3224,EPCAM,PTPRC; SAA1; EPCAM; KRT5; CCL19; CH25H; CLU; FN1; CDR2; KRT14; KRT19; KRT15; PTGDS; ASCL1
"15,3",CL:0002196,hepatic oval stem cell,1,liver,1,https://doi.org/10.1634/stemcells.2007-0176; https://doi.org/10.1053/j.gastro.2012.08.024; https://doi.org/10.1038/ng.722; https://doi.org/10.1038/nature11826,EPCAM,OPHN1; LGR5; EPCAM; PROM1; SOX9
"15,3",CL:0009072,medullary thymic epithelial cell type 2,1,thymus,1,https://doi.org/10.3791/50951; https://doi.org/10.1038/s41467-021-21346-6; https://doi.org/10.1080/01926230600865549; https://doi.org/10.1126/science.aay3224,EPCAM,TYW3; CDR2; HLA-DQA1; KRT17; AIRE; NTHL1; PTPRC; KRT5; CCL19; VIM; EPCAM; SNCG; CSTA; FGF17; CALML3
"15,3",PCL:0015016,Inh L1 PVALB-like SST ASIC4 primary motor cortex GABAergic interneuron (Hsap),1,allen-brain,1,https://doi.org/10.1038/s41586-021-03465-8,PRELID2,NCKAP5; PRELID2; ADAM33
"15,3",PCL:0015103,Exc L5-6 FEZF2 SH2D1B primary motor cortex glutamatergic neuron (Hsap),1,allen-brain,1,https://doi.org/10.1038/s41586-021-03465-8,PAPSS2,PAPSS2; NLGN4Y; MEIS2; ADAMTSL1
"15,3",CL:1000351,basal cell of epithelium of respiratory bronchiole,1,lung,1,https://doi.org/10.1148/93.3.507; https://doi.org/10.1136/thx.13.2.110,EPCAM,ELF3; SCGB3A2; TSPAN1; CDH1; SCGB1A1; EPCAM; SOX4; KLK11; FXYD3
"15,3",CL:0002364,cortical thymic epithelial cell,1,thymus,1,https://doi.org/10.1182/blood-2008-11-187633.; https://doi.org/10.1126/science.aay3224; https://doi.org/10.3791/50951,EPCAM,PSMB9; PSMB10; PDLIM1; PTPRC; PSMB11; PRSS16; CDR2; PLTP; CCL25; EPCAM; COX7A1; SCX; CTSV; S100A14; GNG11
"15,3",CL:0000764,erythroid lineage cell,1,bone-marrow,1,https://doi.org/10.1371/journal.pone.0162209,EPCAM,KIT; PTPRC; GYPA; APOC1; ENG; KLF1; GATA1; CD36; MYC; TFRC; KCNH2; PRSS57; EPCAM
"15,3",PCL:0015051,Inh L1-3 SST FAM20A primary motor cortex GABAergic interneuron (Hsap),1,allen-brain,1,https://doi.org/10.1038/s41586-021-03465-8,PCSK5,PCSK5; TAC1
"15,3",CL:0009075,myo-medullary thymic epithelial cell,1,thymus,1,https://doi.org/10.1126/science.aay3224; https://doi.org/10.3791/50951; https://doi.org/10.1038/s41467-021-21346-6; https://doi.org/10.1080/01926230600865549,EPCAM,TTN; TPM2; TNNT3; EPCAM; PTPRC; NEB; MYOG; ACTA1; NNAT; CDR2; TNNI2; MYL11; KLHL41
"15,3",PCL:0015003,Inh L1-6 LAMP5 AARD primary motor cortex GABAergic interneuron (Hsap),1,allen-brain,1,https://doi.org/10.1038/s41586-021-03465-8,PRELID2,KIT; PRELID2; FREM1; FBXL7
"15,4",CL:0002071,enterocyte of epithelium of large intestine,44,large-intestine,1,https://doi.org/10.1038/s42003-020-01181-z,BEST4; KRT20,KRT20; BEST4
"15,4",ASCTB-TEMP:luminal-epithelial-cell,luminal epithelial cell,36,uterus,1,https://doi.org/10.1101/2021.01.02.425073,EPCAM,PTGS1; LGR5; EPCAM
"15,4",ASCTB-TEMP:glandular-epithelial-cell,glandular epithelial cell,36,uterus,1,https://doi.org/10.1101/2021.01.02.425073,EPCAM,SCGB2A2; PAEP; EPCAM; CXCL8
"15,4",CL:1000321,large intestine crypt goblet cell,22,large-intestine,1,https://doi.org/10.1038/s42003-020-01181-z,KRT20,MUC2; KRT20
"15,4",ASCTB-TEMP:sox9-epithelial-cell,SOX9+ epithelial cell,18,uterus,1,https://doi.org/10.1101/2021.01.02.425073,EPCAM,SOX9; MMP7; EPCAM
"15,4",ASCTB-TEMP:ciliated-epithelial-cell,ciliated epithelial cell,18,uterus,1,https://doi.org/10.1101/2021.01.02.425073,EPCAM,TPPP3; PIFO; FOXJ1; EPCAM
"15,4",CL:0009011,transit amplifying cell of colon,11,large-intestine,1,https://doi.org/10.1038/s42003-020-01181-z,KRT20,KRT20
"15,4",CL:0002138,endothelial cell of lymphatic vessel,11,kidney; lymph-node; thymus; spleen,4,https://doi.org/10.1080/01926230600865549; https://doi.org/10.1126/science.aay3224; PMID:16515224; https://doi.org/10.1369%2Fjhc.4A6514.2005; https://doi.org/10.1369/jhc.4A6514.2005; https://doi.org/10.1016/j.immuni.2019.06.027; https://doi.org/10.3389/fcvm.2020.00052; https://doi.org/10.1038/s41467-019-10861-2; https://doi.org/10.1038/s41467-019-12872-5; https://doi.org/10.1172/jci.insight.133267; https://doi.org/10.1038/s41586-020-2941-1,PROX1,NTS; FABP5; STAB2; CAV1; TBX1; LYVE1; LAPTM5; CLEC4M; PROX1; PDPN; CD209; CLEC4G; ACKR4; CD274; NUDT4; PECAM1; VWF; CCL21; MMRN1; TFF3; ICAM1; CLDN11; MARCO; MFAP4; NT5E; NUPR1; PTPRC; Ulex+; CAVIN2; TNFRSF9; TFPI
"15,4",CL:0019032,intestinal tuft cell,11,large-intestine,1,https://doi.org/10.1038/s41598-019-53997-3; https://doi.org/10.1038/s42003-020-01181-z; https://doi.org/10.4049/jimmunol.1801069,KRT20,KRT20; POU2F3; TRPM5; PTGS1; DCLK1
"15,4",CL:0000071,blood vessel endothelial cell,9,lymph-node,1,https://doi.org/10.1007/s00441-008-0706-5; https://doi.org/10.1371/journal.pone.0094781; https://doi.org/10.1369/jhc.4A6514.2005,PROX1,GJA5; CD59; PECAM1; MARCO; ICAM1; HLA-DPB1; HLA-DPA1; FLT1; NECTIN2; CCL14; ESAM; SPARCL1; CD209; PLVAP; CD74; CDH5; ACKR1; JAM2; CAV1; HLA-DRA; CD34; ENG; EMCN; PROX1; HLA-DRB1; PDPN; CD300LG
"15,4",CL:4033014,peg cell,5,fallopian-tube,1,PMID:22911892,EPCAM,ITGA6; CD44; EPCAM
"15,4",CL:0000242,Merkel cell,4,large-intestine; skin,2,https://doi.org/10.1111/1523-1747.ep12319788; https://doi.org/10.1083/jcb.200603161; https://doi.org/10.1159/000248491; https://doi.org/10.1111/1523-1747.ep12606183; ISBN:978-1496398949,KRT20,CHGA; SYP; Synaptophysin; synaptophysin; chromogranin A; KRT20
"15,4",CL:0002063,pulmonary alveolar type 2 cell,3,lung,1,https://doi.org/10.1148/93.3.507; https://doi.org/10.1136/thx.13.2.110,EPCAM,FXYD3; SFTPA2; EPCAM; BMP1; CDH1; SLC39A8; HOPX; MFSD2A; LAMP3; SFTA2; ABCA3; ELF3; SFTPC; KRT1
"15,4",CL:0002062,pulmonary alveolar type 1 cell,3,lung,1,https://doi.org/10.1148/93.3.507; https://doi.org/10.1136/thx.13.2.110,EPCAM,AQP4; FXYD3; SCEL; ELF3; SEMA3B; CDH1; CLIC5; SFTA2; EPCAM; RTKN2; SLC39A8; AGER; HOPX; GRAMD2A; KRT1
"15,4",CL:0009084,glandular epithelial cell of endometrium,3,placenta,1,https://doi.org/10.1186/s13287-018-0962-6; https://doi.org/10.1177/1933719118756745; https://doi.org/10.1093/humrep/det285,EPCAM,KRT19; KRT18; FUT4; EPCAM
"15,4",CL:0009073,medullary thymic epithelial cell type 3,2,thymus,1,https://doi.org/10.1038/nature03886.; https://doi.org/10.4049/jimmunol.1002151; https://doi.org/10.1038/s41467-021-21346-6; https://doi.org/10.3791/50951; https://doi.org/10.1080/01926230600865549; https://doi.org/10.1126/science.aay3224,EPCAM,SOX2; TSLP; S100A9; SFN; PERP; IVL; KRT6A; EPCAM; SUCO; LY6D; SPINK5; CDR2; CALML5; KRT10; DEFB1; PTPRC; KRT19
"15,4",CL:0000540,neuron,2,spinal-cord,1,https://doi.org/10.1016/j.neuron.2023.01.007,PROX1,NFIX; PROX1; PDYN; RORB
"15,4",CL:0009074,medullary thymic epithelial cell type 4,2,thymus,1,https://doi.org/10.3791/50951; https://doi.org/10.1038/s41586-018-0345-2; https://doi.org/10.1080/01926230600865549; https://doi.org/10.1126/science.aay3224,EPCAM; HEPACAM2,PTPRC; IRAG2; KRT8; FOXI1; DCLK1; KRT18; ANXA4; RASSF6; ANXA1; CDR2; EPCAM; HEPACAM2; BMX
"15,4",CL:1000271,lung multiciliated epithelial cell,2,lung,1,https://doi.org/10.1148/93.3.507; https://doi.org/10.1136/thx.13.2.110,EPCAM,DYNLRB2; CDHR3; TSPAN1; CDH1; RSPH1; EPCAM; FXYD3; TUBB4B; FOXJ1; ELF3; CDHR4
"15,4",CL:0000158,club cell,2,lung,1,https://doi.org/10.1148/93.3.507; https://doi.org/10.1136/thx.13.2.110,EPCAM,ELF3; CYP2F1; SCGB3A2; TSPAN1; CDH1; SCGB1A1; EPCAM; FXYD3
"15,4",CL:0002196,hepatic oval stem cell,1,liver,1,https://doi.org/10.1634/stemcells.2007-0176; https://doi.org/10.1053/j.gastro.2012.08.024; https://doi.org/10.1038/ng.722; https://doi.org/10.1038/nature11826,EPCAM,OPHN1; LGR5; EPCAM; PROM1; SOX9
"15,4",PCL:0051424,Splat_423 neuron (Hsap),1,allen-brain,1,https://doi.org/10.1101/2022.10.12.511898,PROX1,PROX1; SOX6; TSHZ2
"15,4",PCL:0015033,Inh L2-5 VIP BSPRY primary motor cortex GABAergic interneuron (Hsap),1,allen-brain,1,https://doi.org/10.1038/s41586-021-03465-8,PDE3A,PDE3A; ST18
"15,4",CL:1001107,kidney loop of Henle thin ascending limb epithelial cell,1,kidney,1,https://doi.org/10.1016/j.devcel.2019.10.005; https://doi.org/10.1038/s41467-019-10861-2,PROX1,CLCNKA; CLDN3; CDH1; PROX1; TACSTD2; CRYAB; SH3GL3
"15,4",CL:0009086,endothelial cell of respiratory system lymphatic vessel,1,lung,1,https://doi.org/10.1148/93.3.507; https://doi.org/10.1136/thx.13.2.110,PROX1,PROX1; PECAM1; ECSCR; MMRN1; CLDN5; LYVE1; CCL21
"15,4",CL:0009108,lymphatic endothelial cell of subcapsular sinus floor,1,lymph-node,1,https://doi.org/10.1016/j.immuni.2019.06.027; https://doi.org/10.3389/fcvm.2020.00052,PROX1,NT5E; MFAP4; MARCO; LYZ; ICAM1; PECAM1; CXCL1; PTPRC; ACKR4; CD9; CXCL5; THY1; PROX1; PDPN; CCL20; TNFRSF9; LYVE1; CD274; ACKR1; CLDN11; CAV1
"15,4",CL:0000764,erythroid lineage cell,1,bone-marrow,1,https://doi.org/10.1371/journal.pone.0162209,EPCAM,KIT; PTPRC; GYPA; APOC1; ENG; KLF1; GATA1; CD36; MYC; TFRC; KCNH2; PRSS57; EPCAM
"15,4",CL:1000350,basal cell of epithelium of terminal bronchiole,1,lung,1,https://doi.org/10.1148/93.3.507; https://doi.org/10.1136/thx.13.2.110,EPCAM,NGFR; FXYD3; ELF3; TSPAN1; CDH1; KRT5; TRPC6; TP63; EPCAM
"15,4",CL:0009107,lymphatic endothelial cell of subcapsular sinus ceiling,1,lymph-node,1,https://doi.org/10.1016/j.immuni.2019.06.027; https://doi.org/10.3389/fcvm.2020.00052,PROX1,NUDT4; NT5E; MFAP4; MARCO; PTPRC; PROX1; PDPN; ACKR4; CAV1; PECAM1; CLDN11; LYVE1; TNFRSF9
"15,4",CL:1000351,basal cell of epithelium of respiratory bronchiole,1,lung,1,https://doi.org/10.1148/93.3.507; https://doi.org/10.1136/thx.13.2.110,EPCAM,ELF3; SCGB3A2; TSPAN1; CDH1; SCGB1A1; EPCAM; SOX4; KLK11; FXYD3
"15,4",CL:1001108,kidney loop of Henle medullary thick ascending limb epithelial cell,1,kidney,1,https://doi.org/10.1681/ASN.2020010071; https://doi.org/10.1172/jci.insight.133267; https://doi.org/10.1016/j.devcel.2019.10.005; https://doi.org/10.1038/s41467-019-10861-2,PROX1,SLC12A1; CASR; CDH1; UMOD; RAP1GAP; PROX1; ATP1A1
"15,4",CL:0009071,medullary thymic epithelial cell type 1,1,thymus,1,https://doi.org/10.3791/50951; https://doi.org/10.1038/s41467-021-21346-6; https://doi.org/10.1126/science.aay3224,EPCAM,PTPRC; SAA1; EPCAM; KRT5; CCL19; CH25H; CLU; FN1; CDR2; KRT14; KRT19; KRT15; PTGDS; ASCL1
"15,4",PCL:0051412,Splat_411 neuron (Hsap),1,allen-brain,1,https://doi.org/10.1101/2022.10.12.511898,PDE3A,PDE3A; PPP1R17; RORB
"15,4",CL:0009076,neuro-medullary thymic epithelial cell,1,thymus,1,https://doi.org/10.3791/50951; https://doi.org/10.1038/s41467-021-21346-6; https://doi.org/10.1080/01926230600865549; https://doi.org/10.1126/science.aay3224,EPCAM,MAP1B; HES6; NNAT; CDR2; KIF19; CLDN3; CAMK2B; CIB2; EPCAM; PTPRC; SYP; BEX1
"15,4",CL:0009110,lymphatic endothelial cell of medulla ceiling,1,lymph-node,1,https://doi.org/10.1016/j.immuni.2019.06.027; https://doi.org/10.3389/fcvm.2020.00052,PROX1,NT5E; MFAP4; MARCO; PTPRC; PROX1; PDPN; ACKR4; CAV1; PECAM1; CLDN11; LYVE1; TNFRSF9
"15,4",CL:0009072,medullary thymic epithelial cell type 2,1,thymus,1,https://doi.org/10.3791/50951; https://doi.org/10.1038/s41467-021-21346-6; https://doi.org/10.1080/01926230600865549; https://doi.org/10.1126/science.aay3224,EPCAM,TYW3; CDR2; HLA-DQA1; KRT17; AIRE; NTHL1; PTPRC; KRT5; CCL19; VIM; EPCAM; SNCG; CSTA; FGF17; CALML3
"15,4",CL:0000182,hepatocyte,1,liver,1,https://doi.org/10.1097/00000478-200110000-00011; https://doi.org/10.1007/s00424-006-0152-8,HNF4A,MME; ALB; CYP2D6; HNF4A; ABCB11
"15,4",CL:0002364,cortical thymic epithelial cell,1,thymus,1,https://doi.org/10.1182/blood-2008-11-187633.; https://doi.org/10.1126/science.aay3224; https://doi.org/10.3791/50951,EPCAM,PSMB9; PSMB10; PDLIM1; PTPRC; PSMB11; PRSS16; CDR2; PLTP; CCL25; EPCAM; COX7A1; SCX; CTSV; S100A14; GNG11
"15,4",CL:0009075,myo-medullary thymic epithelial cell,1,thymus,1,https://doi.org/10.1126/science.aay3224; https://doi.org/10.3791/50951; https://doi.org/10.1038/s41467-021-21346-6; https://doi.org/10.1080/01926230600865549,EPCAM,TTN; TPM2; TNNT3; EPCAM; PTPRC; NEB; MYOG; ACTA1; NNAT; CDR2; TNNI2; MYL11; KLHL41
"15,4",CL:0009109,lymphatic endothelial cell of trabecula,1,lymph-node,1,https://doi.org/10.1016/j.immuni.2019.06.027; https://doi.org/10.3389/fcvm.2020.00052,PROX1,NT5E; MFAP4; MARCO; PTPRC; PROX1; PDPN; ACKR4; CAV1; PECAM1; CLDN11; LYVE1; TNFRSF9
"15,5",PCL:0015048,Inh L5-6 SST PAWR primary motor cortex GABAergic interneuron (Hsap),1,allen-brain,1,https://doi.org/10.1038/s41586-021-03465-8,TRHDE,TRHDE; NDST4; EPB41L4A
"15,5",PCL:0015042,Inh L5 SST RPL35AP11 primary motor cortex GABAergic interneuron (Hsap),1,allen-brain,1,https://doi.org/10.1038/s41586-021-03465-8,TRHDE,EDNRA; TRHDE; FREM1
"15,5",PCL:0015053,Inh L5-6 SST BEAN1 primary motor cortex GABAergic interneuron (Hsap),1,allen-brain,1,https://doi.org/10.1038/s41586-021-03465-8,TRHDE,TRHDE; THSD7B; ADAMTSL1; SEMA5A
"15,5",PCL:0051356,Splat_355 neuron (Hsap),1,allen-brain,1,https://doi.org/10.1101/2022.10.12.511898,TRHDE,KIZ-AS1; ZFPM2-AS1; GATA3; TRHDE
"15,6",CL:0000540,neuron,4,spinal-cord,1,https://doi.org/10.1016/j.neuron.2023.01.007,ADARB2; CAPN8,NFATC1; ADARB2; CDHR3; PENK; CDH7; RASSF3; LETR1; CAPN8; NR2F2
"15,6",PCL:0051251,MGE_250 medial ganglionic eminence derived interneuron (Hsap),1,allen-brain,1,https://doi.org/10.1101/2022.10.12.511898,PROM1,ADAMTS9-AS2; ADGRG6; PROM1
"15,6",PCL:0051268,LLC_267 interneuron (Hsap),1,allen-brain,1,https://doi.org/10.1101/2022.10.12.511898,CHST9,CHST9; MET; DDR2
"15,6",PCL:0051423,Splat_422 neuron (Hsap),1,allen-brain,1,https://doi.org/10.1101/2022.10.12.511898,ADARB2,TMEM255A; ADARB2; LHX6; PEG10
"15,6",CL:0002196,hepatic oval stem cell,1,liver,1,https://doi.org/10.1634/stemcells.2007-0176; https://doi.org/10.1053/j.gastro.2012.08.024; https://doi.org/10.1038/ng.722; https://doi.org/10.1038/nature11826,PROM1,OPHN1; LGR5; EPCAM; PROM1; SOX9
"15,6",PCL:0051269,LLC_268 interneuron (Hsap),1,allen-brain,1,https://doi.org/10.1101/2022.10.12.511898,CHST9,EYA4; CHST9; CMTM8; TACR1
"15,6",PCL:0051274,LLC_273 interneuron (Hsap),1,allen-brain,1,https://doi.org/10.1101/2022.10.12.511898,CHST9,LRP2; CHST9; RP11-563D10.1; FBN2
"15,6",PCL:0051270,LLC_269 interneuron (Hsap),1,allen-brain,1,https://doi.org/10.1101/2022.10.12.511898,CHST9,CHST9; IFI44; ISM1
"18,0",CL:0008036,extravillous trophoblast,9,placenta,1,PMID:8804361; https://doi.org/10.1155/2021/6662201; https://doi.org/10.1095/biolreprod.106.055244; https://doi.org/10.1093/humrep/dem265; https://doi.org/10.1053/plac.2000.0559; https://doi.org/10.1016/j.jim.2003.03.001; https://doi.org/10.1242/dev.148932; https://doi.org/10.1016/0198-8859(93)90138-Q,PLAC8,HLA-G; KRT7; PLAC8; MCAM
"18,0",CL:0000942,thymic plasmacytoid dendritic cell,2,thymus,1,https://doi.org/10.1172/JCI11734; https://doi.org/10.1172/JCI11734.; https://doi.org/10.1126/science.aay3224; https://doi.org/10.1182/blood-2008-11-187633,PLAC8,CCDC50; ANPEP; CD33; PLAC8; PLD4; IL3RA; UGCG; GZMB; PSMB11; ITGAX; PTPRC; IRF8; IRF7; JCHAIN; CLEC4C; LILRA4
"18,0",PCL:0051374,Splat_373 neuron (Hsap),1,allen-brain,1,https://doi.org/10.1101/2022.10.12.511898,TCF7L2,LHX2; PDGFD; TCF7L2; SHOX2
"18,0",PCL:0051367,Splat_366 neuron (Hsap),1,allen-brain,1,https://doi.org/10.1101/2022.10.12.511898,TCF7L2,DACH1; EBF3; TCF7L2; KLHL1
"18,0",CL:4030012,kidney loop of Henle short descending thin limb epithelial cell,1,kidney,1,https://doi.org/10.1681/ASN.2020010071; https://doi.org/10.1152/ajprenal.2000.278.1.F52; https://doi.org/10.1172/jci.insight.133267; https://doi.org/10.1038/s41467-019-10861-2,SATB2,ID1; CRYAB; SATB2; JAG1; TACSTD2; SPP1; CPE; SLC14A2
"18,0",PCL:0051369,Splat_368 neuron (Hsap),1,allen-brain,1,https://doi.org/10.1101/2022.10.12.511898,TCF7L2,SNHG14; EBF1; EBF3; TCF7L2
"18,0",PCL:0051457,Thex_456 thalamic excitatory neuron (Hsap),1,allen-brain,1,https://doi.org/10.1101/2022.10.12.511898,TCF7L2,LINC02296; ST8SIA6; TCF7L2; BMP6
"18,0",CL:0000899,T-helper 17 cell,1,thymus,1,https://doi.org/10.1084/jem.20080397; https://doi.org/10.1126/science.aay3224,PLAC8,PLAC8; NOSIP; KLRB1; CARHSP1; ANXA1; CD4; IL7R; ZBTB16; CD40LG; SORL1
"18,0",CL:4033062,interstitial extravillous trophoblast cell,1,placenta,1,https://doi.org/10.1242/dev.148932; https://doi.org/10.1016/0198-8859(93)90138-Q; PMID:8804361; https://doi.org/10.1155/2021/6662201; https://doi.org/10.1095/biolreprod.106.055244; https://doi.org/10.1093/humrep/dem265; https://doi.org/10.1053/plac.2000.0559; https://doi.org/10.1016/j.jim.2003.03.001,PLAC8,MCAM; HLA-G; KRT7; PLAC8
"18,0",PCL:0051368,Splat_367 neuron (Hsap),1,allen-brain,1,https://doi.org/10.1101/2022.10.12.511898,TCF7L2,PRLR; TCF7L2; TAC1
"18,0",PCL:0051355,Splat_354 neuron (Hsap),1,allen-brain,1,https://doi.org/10.1101/2022.10.12.511898,TCF7L2,RP11-66G15.1; LHX1; TCF7L2
"18,0",CL:0000540,neuron,1,spinal-cord,1,https://doi.org/10.1016/j.neuron.2023.01.007,SATB2,NFIX; SATB2; TAC3
"18,0",PCL:0051373,Thex_372 thalamic excitatory neuron (Hsap),1,allen-brain,1,https://doi.org/10.1101/2022.10.12.511898,TCF7L2,PTH2R; RNF220; FAM9B; TCF7L2
"18,0",CL:1001111,kidney loop of Henle thin descending limb epithelial cell,1,kidney,1,https://doi.org/10.1681/ASN.2020010071; https://doi.org/10.1172/jci.insight.133267; https://doi.org/10.1038/s41467-019-10861-2,SATB2,CRYAB; SATB2; CDH1; VIM; VCAM1; SLC44A5; SPP1
"18,0",CL:0000561,amacrine cell,1,eye,1,https://doi.org/10.1523/JNEUROSCI.0907-11.2011; https://doi.org/10.1016/j.preteyeres.2020.100844; https://doi.org/10.1002/cne.10985,SATB2,PVALB; SATB2; SLC17A8; EBF3; CALB2; PYGB; SYT2
"18,0",PCL:0051383,Splat_382 neuron (Hsap),1,allen-brain,1,https://doi.org/10.1101/2022.10.12.511898,TCF7L2,RSPO3; TCF7L2; SST
"18,0",CL:4030011,epithelial cell of proximal tubule segment 3,1,kidney,1,https://doi.org/10.1073/pnas.2005477117; https://doi.org/10.1038/s41586-020-2941-1; https://doi.org/10.1016/j.devcel.2019.10.005; https://doi.org/10.1038/s41467-019-10861-2; https://doi.org/10.1681/ASN.2020010071,SATB2,AQP1; SLC5A11; MOGAT1; SLC22A7; SLC17A1; SATB2
"18,1",CL:0009009,paneth cell of colon,11,large-intestine,1,https://doi.org/10.1016/j.humpath.2008.12.003,DEFA5,DEFA5
"18,2",CL:0000866,thymic macrophage,3,thymus,1,https://doi.org/10.1016/j.imbio.2008.07.032; https://doi.org/10.1016/s0065-2776(08)60900-1; https://doi.org/10.1016/j.imbio.2008.07.032.; https://doi.org/10.1126/science.aay3224,SELENOP,LGMN; LYZ; ITGAX; ICAM1; MS4A7; CD68; SELENOP; SLC40A1; C1QB; C1QA; ITGAM; C1QC; CD163; RNASE1; CD209; APOE; STAB1
"18,2",CL:0002306,epithelial cell of proximal tubule,2,kidney,1,https://doi.org/10.1681/ASN.2020010071; https://doi.org/10.1073/pnas.2005477117; https://doi.org/10.1172/jci.insight.133267; https://doi.org/10.1038/s41586-020-2941-1; https://doi.org/10.1038/s41467-019-10861-2,CUBN; SLC13A1,LRP2; GATM; ALDOB; CUBN; SLC13A1
"18,2",PCL:0015033,Inh L2-5 VIP BSPRY primary motor cortex GABAergic interneuron (Hsap),1,allen-brain,1,https://doi.org/10.1038/s41586-021-03465-8,PDE3A,PDE3A; ST18
"18,2",CL:0000882,thymic medullary macrophage,1,thymus,1,https://doi.org/10.1016/s0065-2776(08)60900-1; https://doi.org/10.1016/j.imbio.2008.07.032; https://doi.org/10.1126/science.aay3224,SELENOP,ITGAX; ICAM1; STAB1; APOE; LYZ; LGMN; SELENOP; MS4A7; CD68; SLC40A1; C1QB; C1QA; ITGAM; C1QC; CD163; RNASE1; CD209
"18,2",PCL:0051250,MGE_249 sst GABAergic cortical interneuron (Hsap),1,allen-brain,1,https://doi.org/10.1101/2022.10.12.511898,SOX6,RSPO3; TRPC7; SOX6; SST; SEMA3A
"18,2",PCL:0051242,MGE_241 sst GABAergic cortical interneuron (Hsap),1,allen-brain,1,https://doi.org/10.1101/2022.10.12.511898,SOX6,RP11-656G20.1; ANKRD30B; SOX6; BMP6
"18,2",CL:4030009,epithelial cell of proximal tubule segment 1,1,kidney,1,https://doi.org/10.1681/ASN.2020010071; https://doi.org/10.1073/pnas.2005477117; https://doi.org/10.1172/jci.insight.133267; https://doi.org/10.1038/s41586-020-2941-1; https://doi.org/10.1016/j.devcel.2019.10.005; https://doi.org/10.1038/s41467-019-10861-2,SLC5A12,PRODH; SLC34A1; SLC5A12; SLC22A8; SLC22A6; SLC5A2
"18,2",PCL:0051424,Splat_423 neuron (Hsap),1,allen-brain,1,https://doi.org/10.1101/2022.10.12.511898,SOX6,PROX1; SOX6; TSHZ2
"18,2",CL:0000883,thymic cortical macrophage,1,thymus,1,https://doi.org/10.1016/s0065-2776(08)60900-1,SELENOP,STAB1; APOE; C1QC; C1QB; TMSB4X; SLC40A1; LGMN; SELENOP; MS4A7; C1QA; RNASE1
"18,2",PCL:0015068,Inh L1-2 SST CLIC6 primary motor cortex GABAergic interneuron (Hsap),1,allen-brain,1,https://doi.org/10.1038/s41586-021-03465-8,NEDD4,NEDD4; ARHGAP42; TAC1
"18,2",PCL:0051412,Splat_411 neuron (Hsap),1,allen-brain,1,https://doi.org/10.1101/2022.10.12.511898,PDE3A,PDE3A; PPP1R17; RORB
"18,2",PCL:0051243,MGE_242 medial ganglionic eminence derived interneuron (Hsap),1,allen-brain,1,https://doi.org/10.1101/2022.10.12.511898,SOX6,MME; MCUB; FBN2; SOX6; ADAMTSL1
"18,3",CL:1000412,endothelial cell of arteriole,67,large-intestine,1,isBN:978-1496398949; ISBN:978-1496398949; https://doi.org/10.1007/978-1-4939-0897-4_3,CD36,PECAM1; CD36; CD34
"18,3",CL:1000414,endothelial cell of venule,65,large-intestine,1,isBN:978-1496398949; ISBN:978-1496398949; https://doi.org/10.1007/978-1-4939-0897-4_3,CD36,PECAM1; CD36; CD34
"18,3",CL:0002144,capillary endothelial cell,25,large-intestine,1,https://doi.org/10.1034/j.1600-065x.2003.00072.x; https://doi.org/10.1111/j.1440-1827.1989.tb02421.x; isBN:978-1496398949; ISBN:978-1496398949,CD36,PECAM1; CD36; CD34
"18,3",CL:0002255,stromal cell of endometrium,3,placenta,1,https://doi.org/10.5966/sctm.2015-0022; https://doi.org/10.3346/jkms.2012.27.8.857; https://doi.org/10.1093/humrep/den051; https://doi.org/10.3390/cells1041061; https://doi.org/10.1186/s13287-017-0757-1; https://doi.org/10.1182/blood.V74.2.751.751; https://doi.org/10.1016/s1472-6483(10)61745-2; https://doi.org/10.1095/biolreprod51.4.739; https://doi.org/10.1095/biolreprod.108.075226; https://doi.org/10.1016/j.jcyt.2017.03.001,MME,MME; ENG; CD44; ANPEP; THY1
"18,3",CL:0000788,naive B cell,3,blood-pelvis; lymph-node,2,ISBN:9781933477060; ISBN:9781933477381; PMCID:PMC1900414; https://doi.org/10.1038/s41467-019-12464-3,MME,PTPRC; CD1C; CD40; BCL2; PAX5; IGHM; CD19; FCAMR; CD74; CR2; HLA-DRA; CD27; CD24; CD38; MS4A1; IGHD; FCER2; MME; SELL
"18,3",CL:0002543,vein endothelial cell,2,large-intestine,1,ISBN:978-1496398949,CD36,PECAM1; CD36; CD34
"18,3",CL:0000817,precursor B cell,1,bone-marrow,1,https://doi.org/10.1016/j.exphem.2018.09.004,MME,PAX5; IL7R; MME; IGHD; IGHM; CD34; CD19
"18,3",CL:0000540,neuron,1,spinal-cord,1,https://doi.org/10.1016/j.neuron.2023.01.007,ASAH2,GAS1RR; ZFHX3; ASAH2
"18,3",PCL:0051219,MSN_218 medium spiny neuron (Hsap),1,allen-brain,1,https://doi.org/10.1101/2022.10.12.511898,MME,RP11-142I20.2; MME; DRD3
"18,3",CL:0009083,rearranging double negative thymocyte (Homo sapiens),1,thymus,1,https://doi.org/10.3389/fimmu.2019.00447.; https://doi.org/10.1016/j.immuni.2020.03.019,MME,RAG2; CD79B; PTCRA; CD7; CD5; MME; DNTT; CD3E; CD1A; BCL11B; TCF7
"18,3",CL:0009111,centrocyte,1,lymph-node,1,ISBN:9781933477381; https://doi.org/10.1182/blood-2012-03-415380; ISBN:9781933477060,MME,BCL2; MKI67; MME; IGHD; CD38; CR2; CD19; CD83; CD27; MS4A1; CXCR5; BCL6
"18,3",CL:0000764,erythroid lineage cell,1,bone-marrow,1,https://doi.org/10.1371/journal.pone.0162209,CD36,KIT; PTPRC; GYPA; APOC1; ENG; KLF1; GATA1; CD36; MYC; TFRC; KCNH2; PRSS57; EPCAM
"18,3",CL:0009081,specified double negative thymocyte (Homo sapiens),1,thymus,1,https://doi.org/10.3389/fimmu.2019.00447.; https://doi.org/10.1016/j.immuni.2020.03.019,MME,CD79B; PTCRA; CD7; CD5; CD44; MME; CD3E; CD34; BCL11B; TCF7; SPI1
"18,3",CL:0000826,pro-B cell,1,bone-marrow,1,https://doi.org/10.1073/pnas.172384399,MME,IL7R; RAG1; MME; DNTT; CD34; CD19; VPREB1
"18,3",PCL:0051089,DLNP_88 near-projecting glutamatergic cortical neuron (Hsap),1,allen-brain,1,https://doi.org/10.1101/2022.10.12.511898,CD36,RP11-421N8.3; IFNG-AS1; NPSR1; CD36
"18,3",PCL:0051208,MSN_207 indirect pathway medium spiny neuron (Hsap),1,allen-brain,1,https://doi.org/10.1101/2022.10.12.511898,MME,MME; LINC01378; DRD2
"18,3",PCL:0051334,Mmb_333 mammillary body neuron (Hsap),1,allen-brain,1,https://doi.org/10.1101/2022.10.12.511898,CD36,LTBP1; CD36; SIM1
"18,3",CL:0000787,memory B cell,1,bone-marrow,1,https://doi.org/10.1002/jcla.20001,MME,MME; IGHD; IGHA1; MS4A1; CD38; CD82; CD24; IGHG1; CR2; CD19; CD27; SELL
"18,3",PCL:0051406,Amex_405 amygdala excitatory neuron (Hsap),1,allen-brain,1,https://doi.org/10.1101/2022.10.12.511898,MEIS2,PRLR; MEIS2; NDST4; RXFP1; CDH13
"18,3",CL:0009112,centroblast,1,lymph-node,1,ISBN:9781933477381; https://doi.org/10.1182/blood-2012-03-415380; PMCID:PMC1900414,MME,CD38; CD19; AICDA; CD27; MKI67; LMO2; MME; IGHD; BCL2; CD74; MS4A1; CXCR4; BCL6
"18,3",PCL:0051243,MGE_242 medial ganglionic eminence derived interneuron (Hsap),1,allen-brain,1,https://doi.org/10.1101/2022.10.12.511898,MME,MME; MCUB; FBN2; SOX6; ADAMTSL1
"18,3",CL:0000816,immature B cell,1,blood-pelvis,1,https://doi.org/10.3389/fimmu.2012.00302,MME,PAX5; IGHM; MME; IGHD; MS4A1; CD19
"18,3",PCL:0051366,Splat_365 neuron (Hsap),1,allen-brain,1,https://doi.org/10.1101/2022.10.12.511898,MEIS2,MEIS2; GNAS; HTR2C; ZFHX3; CNTN1; CALM1
"18,3",CL:0009082,committed double negative thymocyte (Homo sapiens),1,thymus,1,https://doi.org/10.3389/fimmu.2019.00447.; https://doi.org/10.1016/j.immuni.2020.03.019,MME,CD79B; PTCRA; CD7; CD5; MME; CD3E; RAG2; CD34; BCL11B; TCF7
"18,3",CL:0000840,immature conventional dendritic cell,1,bone-marrow,1,https://doi.org/10.1182/blood-2004-02-0769,CD36,AXL; KIT; PTPRC; GYPA; CD36; ENG; CD22; TFRC; SIGLEC6
"18,3",PCL:0051316,LRL_315 neuron (Hsap),1,allen-brain,1,https://doi.org/10.1101/2022.10.12.511898,MME,MME; SMOC1; TENT5A
"18,3",PCL:0051104,DLCT6b_103 glutamatergic neuron (Hsap),1,allen-brain,1,https://doi.org/10.1101/2022.10.12.511898,PLA2G4A,RP11-467L24.1; PLA2G4A; CCN2
"18,3",PCL:0015114,Exc L5 FEZF2 NREP-AS1 primary motor cortex glutamatergic neuron (Hsap),1,allen-brain,1,https://doi.org/10.1038/s41586-021-03465-8,CD36,CD36; ADAMTS12
"18,3",PCL:0051153,DLIT_152 intratelencephalic-projecting glutamatergic cortical neuron (Hsap),1,allen-brain,1,https://doi.org/10.1101/2022.10.12.511898,PLA2G4A,PLA2G4A; STK32B
"18,3",PCL:0015115,Exc L5 FEZF2 RNF144A-AS1 primary motor cortex glutamatergic neuron (Hsap),1,allen-brain,1,https://doi.org/10.1038/s41586-021-03465-8,CD36,CD36
"18,3",CL:0001056,"dendritic cell, human",1,bone-marrow,1,https://doi.org/10.1002/cyto.a.23724,CD36,NCAM1; ITGAX; IL3RA; S100A9; S100A8; CD3E; HLA-DRA; CLEC4C; CLEC10A; CD163; CD19; FCGR3A; CD14; CD1C; CD36; FCER1A
"18,3",CL:0019029,centrilobular region hepatocyte,1,liver,1,https://doi.org/10.1053/j.gastro.2009.02.063; https://doi.org/10.1038/ncb3337; https://doi.org/10.1038/nature14863,CYP3A4,GLUL; CYP3A4
"18,3",CL:0000818,transitional stage B cell,1,blood-pelvis,1,https://doi.org/10.1073/pnas.172384399,MME,MME; IGHD; TCL1A; SOX4; CD24; CD27; IGLL5; CD19; CR2; CD22; BCL7A; CD38; MS4A1; CD5; FCRLA
"18,3",CL:0002399,CD1c-positive myeloid dendritic cell,1,blood-pelvis,1,https://doi.org/10.1002/cyto.a.23724,CD36,NCAM1; ITGAX; IL3RA; S100A9; S100A8; CD3E; HLA-DRA; CD19; FCGR3A; CD14; CD1C; CD36; THBD; FCER1A; CD163; CLEC10A
"18,3",PCL:0015103,Exc L5-6 FEZF2 SH2D1B primary motor cortex glutamatergic neuron (Hsap),1,allen-brain,1,https://doi.org/10.1038/s41586-021-03465-8,MEIS2,PAPSS2; NLGN4Y; MEIS2; ADAMTSL1
"18,3",PCL:0051400,Splat_399 neuron (Hsap),1,allen-brain,1,https://doi.org/10.1101/2022.10.12.511898,MEIS2,MEIS2; RNF220; TFAP2B
"18,3",CL:0009069,CD8aa(II) thymocyte,1,thymus,1,https://doi.org/10.1126/science.aay3224,MME,MME; SMIM24; CTSW; HCST; CD7; ACTN1; SMC4; ZNF683; IKZF2; TRGC2
"18,3",CL:0000182,hepatocyte,1,liver,1,https://doi.org/10.1097/00000478-200110000-00011; https://doi.org/10.1007/s00424-006-0152-8,MME,MME; ALB; CYP2D6; HNF4A; ABCB11
"19,0",CL:0002063,pulmonary alveolar type 2 cell,3,lung,1,https://doi.org/10.1148/93.3.507; https://doi.org/10.1136/thx.13.2.110,SFTPC,FXYD3; SFTPA2; EPCAM; BMP1; CDH1; SLC39A8; HOPX; MFSD2A; LAMP3; SFTA2; ABCA3; ELF3; SFTPC; KRT1
"19,0",PCL:0051372,Splat_371 neuron (Hsap),1,allen-brain,1,https://doi.org/10.1101/2022.10.12.511898,BNC2,BNC2; NPSR1; CPA6
"19,0",PCL:0051406,Amex_405 amygdala excitatory neuron (Hsap),1,allen-brain,1,https://doi.org/10.1101/2022.10.12.511898,MEIS2,PRLR; MEIS2; NDST4; RXFP1; CDH13
"19,0",PCL:0051366,Splat_365 neuron (Hsap),1,allen-brain,1,https://doi.org/10.1101/2022.10.12.511898,MEIS2,MEIS2; GNAS; HTR2C; ZFHX3; CNTN1; CALM1
"19,0",PCL:0051032,Fbl_31 arachnoid barrier cell (Hsap),1,allen-brain,1,https://doi.org/10.1101/2022.10.12.511898,BNC2,PTGDR; BNC2
"19,0",CL:0000940,mucosal-associated invariant T cell,1,thymus,1,https://doi.org/10.1038/ni.3565.,IL18R1,KLRB1; IL18R1; CD8A; CD4; ZBTB16; CD27; RORC
"19,0",PCL:0015103,Exc L5-6 FEZF2 SH2D1B primary motor cortex glutamatergic neuron (Hsap),1,allen-brain,1,https://doi.org/10.1038/s41586-021-03465-8,MEIS2,PAPSS2; NLGN4Y; MEIS2; ADAMTSL1
"19,0",PCL:0051400,Splat_399 neuron (Hsap),1,allen-brain,1,https://doi.org/10.1101/2022.10.12.511898,MEIS2,MEIS2; RNF220; TFAP2B
"19,1",ASCTB-TEMP:glandular-epithelial-cell,glandular epithelial cell,36,uterus,1,https://doi.org/10.1101/2021.01.02.425073,EPCAM,SCGB2A2; PAEP; EPCAM; CXCL8
"19,1",ASCTB-TEMP:luminal-epithelial-cell,luminal epithelial cell,36,uterus,1,https://doi.org/10.1101/2021.01.02.425073,EPCAM,PTGS1; LGR5; EPCAM
"19,1",CL:0002088,interstitial cell of Cajal,26,large-intestine,1,https://doi.org/10.1152/ajpgi.00432.2011; https://doi.org/10.1007/978-1-4939-0897-4_3,KIT,KIT; CD34
"19,1",CL:0000097,mast cell,21,thymus; lymph-node; skin; kidney; large-intestine,5,https://doi.org/10.1126/science.aay3224; https://doi.org/10.1159/000053694; https://doi.org/10.1038/s41467-019-10861-2; https://doi.org/10.1038/s41586-020-2941-1; https://doi.org/10.1016/j.iac.2014.01.005; No DOI; https://doi.org/10.1172/jci.insight.133267; https://doi.org/10.1016/j.immuni.2020.02.001; https://doi.org/10.1101/2021.07.28.454201; https://doi.org/10.1016/j.beha.2010.07.003.; https://doi.org/10.1097/00000478-199003000-00010; ISBN:978-1496398949; https://doi.org/10.3389/fimmu.2020.01234; https://doi.org/10.1111/imr.12639.; https://doi.org/10.1111/imr.12639; https://doi.org/10.1159/000053694.,IL1RL1; KIT; CPA3,LMO4; IL1RL1; CPA3; HECA; KIT; TPSB2; TPSAB1; CCR3; TNFSF10; HPGDS; SLC16A1; PLIN2; MS4A2; ENPP3; GATA2
"19,1",ASCTB-TEMP:mast-cell,mast cell,18,uterus,1,https://doi.org/10.1101/2021.01.02.425073,KIT,MS4A2; KIT; CSF1; CD69
"19,1",ASCTB-TEMP:sox9-epithelial-cell,SOX9+ epithelial cell,18,uterus,1,https://doi.org/10.1101/2021.01.02.425073,EPCAM,SOX9; MMP7; EPCAM
"19,1",ASCTB-TEMP:ciliated-epithelial-cell,ciliated epithelial cell,18,uterus,1,https://doi.org/10.1101/2021.01.02.425073,EPCAM,TPPP3; PIFO; FOXJ1; EPCAM
"19,1",ASCTB-TEMP:innate-lymphoid-cell,innate lymphoid cell,18,uterus,1,https://doi.org/10.1101/2021.01.02.425073,KIT,SPINK2; KIT; IL7R; CXCR4; CD69; CCL5
"19,1",CL:0009018,lymphocyte of large intestine lamina propria,11,large-intestine,1,https://doi.org/10.1016/j.immuni.2020.02.001,KIT,KLRB1; KIT; IL7R
"19,1",CL:1000457,mesothelial cell of visceral peritoneum,10,large-intestine,1,isBN:978-1496398949; ISBN:978-1496398949,KRT8,KRT8; KRT18; CALB2
"19,1",CL:0002063,pulmonary alveolar type 2 cell,6,lung,1,https://doi.org/10.1148/93.3.507; https://doi.org/10.1136/thx.13.2.110,EPCAM; FXYD3,FXYD3; SFTPA2; EPCAM; BMP1; CDH1; SLC39A8; HOPX; MFSD2A; LAMP3; SFTA2; ABCA3; ELF3; SFTPC; KRT1
"19,1",CL:0002062,pulmonary alveolar type 1 cell,6,lung,1,https://doi.org/10.1148/93.3.507; https://doi.org/10.1136/thx.13.2.110,EPCAM; FXYD3,AQP4; FXYD3; SCEL; ELF3; SEMA3B; CDH1; CLIC5; SFTA2; EPCAM; RTKN2; SLC39A8; AGER; HOPX; GRAMD2A; KRT1
"19,1",CL:4033014,peg cell,5,fallopian-tube,1,PMID:22911892,EPCAM,ITGA6; CD44; EPCAM
"19,1",CL:0000158,club cell,4,lung,1,https://doi.org/10.1148/93.3.507; https://doi.org/10.1136/thx.13.2.110,EPCAM; FXYD3,ELF3; CYP2F1; SCGB3A2; TSPAN1; CDH1; SCGB1A1; EPCAM; FXYD3
"19,1",CL:1000271,lung multiciliated epithelial cell,4,lung,1,https://doi.org/10.1148/93.3.507; https://doi.org/10.1136/thx.13.2.110,EPCAM; FXYD3,DYNLRB2; CDHR3; TSPAN1; CDH1; RSPH1; EPCAM; FXYD3; TUBB4B; FOXJ1; ELF3; CDHR4
"19,1",CL:0009084,glandular epithelial cell of endometrium,3,placenta,1,https://doi.org/10.1186/s13287-018-0962-6; https://doi.org/10.1177/1933719118756745; https://doi.org/10.1093/humrep/det285,EPCAM,KRT19; KRT18; FUT4; EPCAM
"19,1",CL:0009073,medullary thymic epithelial cell type 3,2,thymus,1,https://doi.org/10.1038/nature03886.; https://doi.org/10.4049/jimmunol.1002151; https://doi.org/10.1038/s41467-021-21346-6; https://doi.org/10.3791/50951; https://doi.org/10.1080/01926230600865549; https://doi.org/10.1126/science.aay3224,EPCAM,SOX2; TSLP; S100A9; SFN; PERP; IVL; KRT6A; EPCAM; SUCO; LY6D; SPINK5; CDR2; CALML5; KRT10; DEFB1; PTPRC; KRT19
"19,1",CL:1000351,basal cell of epithelium of respiratory bronchiole,2,lung,1,https://doi.org/10.1148/93.3.507; https://doi.org/10.1136/thx.13.2.110,EPCAM; FXYD3,ELF3; SCGB3A2; TSPAN1; CDH1; SCGB1A1; EPCAM; SOX4; KLK11; FXYD3
"19,1",CL:1000350,basal cell of epithelium of terminal bronchiole,2,lung,1,https://doi.org/10.1148/93.3.507; https://doi.org/10.1136/thx.13.2.110,EPCAM; FXYD3,NGFR; FXYD3; ELF3; TSPAN1; CDH1; KRT5; TRPC6; TP63; EPCAM
"19,1",CL:0000764,erythroid lineage cell,2,bone-marrow,1,https://doi.org/10.1371/journal.pone.0162209,EPCAM; KIT,KIT; PTPRC; GYPA; APOC1; ENG; KLF1; GATA1; CD36; MYC; TFRC; KCNH2; PRSS57; EPCAM
"19,1",CL:0002196,hepatic oval stem cell,2,liver,1,https://doi.org/10.1634/stemcells.2007-0176; https://doi.org/10.1053/j.gastro.2012.08.024; https://doi.org/10.1038/nature11826; https://doi.org/10.1038/ng.722; https://doi.org/10.1053/gast.2001.21175; https://doi.org/10.1136/gut.2007.143321,EPCAM; KIT,OPHN1; LGR5; EPCAM; PROM1; SOX9; OV-6 ANTIGEN; THY1; KIT
"19,1",CL:0001078,"group 3 innate lymphoid cell, human",2,thymus; spleen,2,https://doi.org/10.1126/science.aay3224; https://doi.org/10.1038/ni.2830; https://doi.org/10.3389/fimmu.2017.01047; https://doi.org/10.1186/s13059-019-1906-x,KIT,KRT86; TMIGD2; CD52; RORC; NCR2; S100A4; JAML; AHR; IL7R; CD96; KIT; LST1; KLRB1; NCAM1; ID2; TRDC; LTB
"19,1",CL:0000623,natural killer cell,2,lymph-node,1,https://doi.org/10.1038/nri.2016.34; ISBN:9781933477060,KIT,NCAM1; KLRC1; IL7R; FCGR3A; KLRK1; KIT; GEM; KLRD1; CD3G; CD3E; ID2; CD40LG
"19,1",CL:0009075,myo-medullary thymic epithelial cell,2,thymus,1,https://doi.org/10.1126/science.aay3224; https://doi.org/10.3791/50951; https://doi.org/10.1038/s41467-021-21346-6; https://doi.org/10.1080/01926230600865549,EPCAM; TTN,TTN; TPM2; TNNT3; EPCAM; PTPRC; NEB; MYOG; ACTA1; NNAT; CDR2; TNNI2; MYL11; KLHL41
"19,1",CL:0009074,medullary thymic epithelial cell type 4,2,thymus,1,https://doi.org/10.3791/50951; https://doi.org/10.1038/s41586-018-0345-2; https://doi.org/10.1080/01926230600865549; https://doi.org/10.1126/science.aay3224,KRT8; EPCAM,PTPRC; IRAG2; KRT8; FOXI1; DCLK1; KRT18; ANXA4; RASSF6; ANXA1; CDR2; EPCAM; HEPACAM2; BMX
"19,1",CL:0009071,medullary thymic epithelial cell type 1,1,thymus,1,https://doi.org/10.3791/50951; https://doi.org/10.1038/s41467-021-21346-6; https://doi.org/10.1126/science.aay3224,EPCAM,PTPRC; SAA1; EPCAM; KRT5; CCL19; CH25H; CLU; FN1; CDR2; KRT14; KRT19; KRT15; PTGDS; ASCL1
"19,1",PCL:0051152,DLIT_151 intratelencephalic-projecting glutamatergic cortical neuron (Hsap),1,allen-brain,1,https://doi.org/10.1101/2022.10.12.511898,ATP10A,RP11-81F8.1; ATP10A
"19,1",CL:0000940,mucosal-associated invariant T cell,1,thymus,1,https://doi.org/10.1038/ni.3565.,IL18R1,KLRB1; IL18R1; CD8A; CD4; ZBTB16; CD27; RORC
"19,1",CL:4030015,kidney collecting duct alpha-intercalated cell,1,kidney,1,https://doi.org/10.1172/jci.insight.133267; https://doi.org/10.1016/j.devcel.2019.10.005; https://doi.org/10.1038/s41467-019-10861-2,KIT,AQP6; KIT; TMEM213; SLC26A7; SLC4A1
"19,1",PCL:0051193,CA4_192 hippocampal CA4 neuron (Hsap),1,allen-brain,1,https://doi.org/10.1101/2022.10.12.511898,ATP10A,ITGA4; CASR; ATP10A
"19,1",CL:0000840,immature conventional dendritic cell,1,bone-marrow,1,https://doi.org/10.1182/blood-2004-02-0769,KIT,AXL; KIT; PTPRC; GYPA; CD36; ENG; CD22; TFRC; SIGLEC6
"19,1",CL:0002138,endothelial cell of lymphatic vessel,1,thymus,1,https://doi.org/10.1080/01926230600865549; https://doi.org/10.1126/science.aay3224,TFF3,NTS; MMRN1; FABP5; NUPR1; LAPTM5; TFPI; TFF3; PROX1; CAVIN2; LYVE1; CCL21
"19,1",CL:1000717,kidney outer medulla collecting duct intercalated cell,1,kidney,1,https://doi.org/10.1038/s41467-019-10861-2; https://doi.org/10.1126/science.aat1699,KIT,KIT; SLC26A7; CALCA; SLC4A1
"19,1",CL:1000454,kidney collecting duct epithelial cell,1,kidney,1,https://doi.org/10.1681/ASN.2020010071; https://doi.org/10.1172/jci.insight.133267; https://doi.org/10.1038/s41467-019-10861-2,KRT8,KRT8; GATA3; CDH1
"19,1",CL:0002619,adult endothelial progenitor cell,1,lung,1,https://doi.org/10.1148/93.3.507; https://doi.org/10.1136/thx.13.2.110,KIT,KIT; APLNR
"19,1",CL:0009076,neuro-medullary thymic epithelial cell,1,thymus,1,https://doi.org/10.3791/50951; https://doi.org/10.1038/s41467-021-21346-6; https://doi.org/10.1080/01926230600865549; https://doi.org/10.1126/science.aay3224,EPCAM,MAP1B; HES6; NNAT; CDR2; KIF19; CLDN3; CAMK2B; CIB2; EPCAM; PTPRC; SYP; BEX1
"19,1",PCL:0051190,CA13_189 hippocampal CA1-3 neuron (Hsap),1,allen-brain,1,https://doi.org/10.1101/2022.10.12.511898,ATP10A,CTXND1; CCN1; ATP10A
"19,1",CL:1000715,kidney cortex collecting duct intercalated cell,1,kidney,1,https://doi.org/10.1172/jci.insight.133267; https://doi.org/10.1016/j.devcel.2019.10.005; https://doi.org/10.1038/s41467-019-10861-2,KIT,AQP6; KIT; SLC26A7; SLC4A1
"19,1",ASCTB-TEMP:splenic-stromal-cell-non-frc-non-fdc-,Splenic Stromal Cell (non-FRC/non-FDC),1,spleen,1,https://doi.org/10.1111/imm.12469,KRT8,NGFR; MADCAM1; KRT8; ACTA2
"19,1",PCL:0015003,Inh L1-6 LAMP5 AARD primary motor cortex GABAergic interneuron (Hsap),1,allen-brain,1,https://doi.org/10.1038/s41586-021-03465-8,KIT,KIT; PRELID2; FREM1; FBXL7
"19,1",CL:0002364,cortical thymic epithelial cell,1,thymus,1,https://doi.org/10.1182/blood-2008-11-187633.; https://doi.org/10.1126/science.aay3224; https://doi.org/10.3791/50951,EPCAM,PSMB9; PSMB10; PDLIM1; PTPRC; PSMB11; PRSS16; CDR2; PLTP; CCL25; EPCAM; COX7A1; SCX; CTSV; S100A14; GNG11
"19,1",PCL:0015097,Exc L5-6 THEMIS SMYD1 primary motor cortex glutamatergic neuron (Hsap),1,allen-brain,1,https://doi.org/10.1038/s41586-021-03465-8,ATP10A,ATP10A; TRPC5
"19,1",CL:0009072,medullary thymic epithelial cell type 2,1,thymus,1,https://doi.org/10.3791/50951; https://doi.org/10.1038/s41467-021-21346-6; https://doi.org/10.1080/01926230600865549; https://doi.org/10.1126/science.aay3224,EPCAM,TYW3; CDR2; HLA-DQA1; KRT17; AIRE; NTHL1; PTPRC; KRT5; CCL19; VIM; EPCAM; SNCG; CSTA; FGF17; CALML3
"19,1",CL:0000037,hematopoietic stem cell,1,spleen,1,https://doi.org/10.1111/imcb.12035; https://doi.org/10.1101/2020.01.26.919753,CPA3,SOX4; IGLL1; PTPRC; CPA3; HPGDS; CD38; CD34; CD19; THY1
"19,1",PCL:0015004,Inh L1-6 LAMP5 NES primary motor cortex GABAergic interneuron (Hsap),1,allen-brain,1,https://doi.org/10.1038/s41586-021-03465-8,KIT,RO; KIT; EYA4; NTNG1; EPHA3
"19,1",PCL:0051117,Misc_116 cerebral cortex neuron (Hsap),1,allen-brain,1,https://doi.org/10.1101/2022.10.12.511898,ATP10A,FAM160A1; PCSK6; ERG; ATP10A
"19,2",CL:0000071,blood vessel endothelial cell,21,lymph-node; thymus,2,https://doi.org/10.1126/science.aay3224; https://doi.org/10.1080/01926230600865549; https://doi.org/10.1007/s00441-008-0706-5; https://doi.org/10.1038/nri32982012.; https://doi.org/10.1371/journal.pone.0094781; https://doi.org/10.1369/jhc.4A6514.2005,SPARCL1,RAMP2; IFI27; TM4SF1; RNASE1; CD300LG; HLA-DRB1; PDPN; PROX1; NPDC1; EMCN; CD59; HLA-DPA1; ENG; CD34; AQP1; HLA-DRA; CAV1; ACKR1; PLVAP; A2M; SPARCL1; ESAM; CCL14; NECTIN2; BCAM; HLA-DPB1; GJA5; ICAM1; MARCO; PECAM1; CDH5; FLT1; COL4A2; CD74; ACTA2; JAM2; CD209; NTAN1; IL3RA
"19,2",CL:0002364,cortical thymic epithelial cell,1,thymus,1,https://doi.org/10.1182/blood-2008-11-187633.; https://doi.org/10.1126/science.aay3224; https://doi.org/10.3791/50951,COX7A1,PSMB9; PSMB10; PDLIM1; PTPRC; PSMB11; PRSS16; CDR2; PLTP; CCL25; EPCAM; COX7A1; SCX; CTSV; S100A14; GNG11
"19,2",CL:0009078,thymic fibroblast type 1,1,thymus,1,https://doi.org/10.1126/science.aay3224,SPARCL1,PTGDS; MFAP4; HSPB6; RSPO3; PTN; RBP5; DPT; C7; SRPX; SPARCL1
"19,2",CL:0009075,myo-medullary thymic epithelial cell,1,thymus,1,https://doi.org/10.1126/science.aay3224; https://doi.org/10.3791/50951; https://doi.org/10.1038/s41467-021-21346-6; https://doi.org/10.1080/01926230600865549,TTN,TTN; TPM2; TNNT3; EPCAM; PTPRC; NEB; MYOG; ACTA1; NNAT; CDR2; TNNI2; MYL11; KLHL41
"19,2",CL:4030012,kidney loop of Henle short descending thin limb epithelial cell,1,kidney,1,https://doi.org/10.1681/ASN.2020010071; https://doi.org/10.1152/ajprenal.2000.278.1.F52; https://doi.org/10.1172/jci.insight.133267; https://doi.org/10.1038/s41467-019-10861-2,CRYAB,ID1; CRYAB; SATB2; JAG1; TACSTD2; SPP1; CPE; SLC14A2
"19,2",CL:4030013,kidney loop of Henle long descending thin limb outer medulla epithelial cell,1,kidney,1,https://doi.org/10.1681/ASN.2020010071; https://doi.org/10.1152/ajprenal.2000.278.1.F52; https://doi.org/10.1101/2021.07.28.454201; https://doi.org/10.1016/j.devcel.2019.10.005; https://doi.org/10.1038/s41467-019-10861-2,CRYAB,CRYAB; SLC39A8; AQP1; SLC4A11; TACSTD2; SLC9A3
"19,2",CL:1001107,kidney loop of Henle thin ascending limb epithelial cell,1,kidney,1,https://doi.org/10.1016/j.devcel.2019.10.005; https://doi.org/10.1038/s41467-019-10861-2,CRYAB,CLCNKA; CLDN3; CDH1; PROX1; TACSTD2; CRYAB; SH3GL3
"19,2",PCL:0051050,Oligo_49 oligodendrocyte (Hsap),1,allen-brain,1,https://doi.org/10.1101/2022.10.12.511898,CRYAB,CARNS1; CRYAB; AC084149.2; SLC5A11; TF
"19,2",CL:1001111,kidney loop of Henle thin descending limb epithelial cell,1,kidney,1,https://doi.org/10.1681/ASN.2020010071; https://doi.org/10.1172/jci.insight.133267; https://doi.org/10.1038/s41467-019-10861-2,CRYAB,CRYAB; SATB2; CDH1; VIM; VCAM1; SLC44A5; SPP1
"19,2",CL:4030014,kidney loop of Henle long descending thin limb inner medulla epithelial cell,1,kidney,1,https://doi.org/10.1681/ASN.2020010071; https://doi.org/10.1152/ajprenal.2000.278.2.F202; https://doi.org/10.1152/ajprenal.2000.278.1.F52; https://doi.org/10.1101/2021.07.28.454201; https://doi.org/10.1016/j.devcel.2019.10.005; https://doi.org/10.1038/s41467-019-10861-2,CRYAB,SH3GL3; CRYAB; CLDN1; SLC4A11; TACSTD2; CPE; SLC14A2
"19,2",PCL:0051064,Astro_63 astrocyte (Hsap),1,allen-brain,1,https://doi.org/10.1101/2022.10.12.511898,CRYAB,GFAP; CRYAB
"19,2",ASCTB-TEMP:geniculate-ganglion-sparcl1-neuron,geniculate ganglion SPARCL1 neuron,1,peripheral-nervous-system,1,https://doi.org/10.1159/000470835,SPARCL1,SPARCL1
"19,2",CL:0000940,mucosal-associated invariant T cell,1,thymus,1,https://doi.org/10.1038/ni.3565.,IL18R1,KLRB1; IL18R1; CD8A; CD4; ZBTB16; CD27; RORC
"19,2",ASCTB-TEMP:jugular-ganglion-sparcl1-neuron,jugular ganglion SPARCL1 neuron,1,peripheral-nervous-system,1,https://doi.org/10.1016/j.tice.2020.101344,SPARCL1,SPARCL1
"19,3",CL:0000576,monocyte,1,thymus,1,https://doi.org/10.1126/science.aay3224,S100A6,CTSS; VCAN; LYZ; CD52; S100A9; S100A8; FCN1; S100A6; S100A4; S100A12
"19,3",PCL:0051195,CA4_194 hippocampal CA4 neuron (Hsap),1,allen-brain,1,https://doi.org/10.1101/2022.10.12.511898,RPL26,C9orf16; HOPX; RPL26
"19,4",PCL:0015089,Exc L5-6 THEMIS TNFAIP6 primary motor cortex glutamatergic neuron (Hsap),1,allen-brain,1,https://doi.org/10.1038/s41586-021-03465-8,LTBP1,LTBP1; TSHZ2
"19,4",PCL:0051230,EMSN_229 medium spiny neuron (Hsap),1,allen-brain,1,https://doi.org/10.1101/2022.10.12.511898,MEIS1,PTH2R; MEIS1; ADAMTSL1; CACNG5; TSHZ1
"19,4",PCL:0051340,Splat_339 neuron (Hsap),1,allen-brain,1,https://doi.org/10.1101/2022.10.12.511898,MEIS1,MEIS1; LINC01798; SLC6A5
"19,4",PCL:0051436,Midi_435 midbrain-derived inhibitory neuron (Hsap),1,allen-brain,1,https://doi.org/10.1101/2022.10.12.511898,LTBP1,LTBP1; NR2F2-AS1; NPSR1; TRPC7
"19,4",PCL:0051452,Thex_451 thalamic excitatory neuron (Hsap),1,allen-brain,1,https://doi.org/10.1101/2022.10.12.511898,CD226,AC092684.1; CD226; CASQ2
"19,4",PCL:0051229,EMSN_228 medium spiny neuron (Hsap),1,allen-brain,1,https://doi.org/10.1101/2022.10.12.511898,MEIS1,MEIS1; NPFFR2; ADAMTSL1; RP11-154H17.1; SEMA3C
"19,4",PCL:0015054,Inh L5-6 SST DNAJC14 primary motor cortex GABAergic interneuron (Hsap),1,allen-brain,1,https://doi.org/10.1038/s41586-021-03465-8,STON2,ITGA1; STON2; HGF
"19,4",PCL:0051427,EMSN_426 medium spiny neuron (Hsap),1,allen-brain,1,https://doi.org/10.1101/2022.10.12.511898,MEIS1,MEIS1; RP11-537P24.1; TSHZ1
"19,4",CL:0000233,platelet,1,spleen,1,https://doi.org/10.1002/cyto.a.20133; https://doi.org/10.1046/j.1537-2995.1985.25385219900.x; https://doi.org/10.1186/s13059-019-1906-x,ITGA2B,PF4; ITGA2B; GP9; GP1BA
"19,4",PCL:0051334,Mmb_333 mammillary body neuron (Hsap),1,allen-brain,1,https://doi.org/10.1101/2022.10.12.511898,LTBP1,LTBP1; CD36; SIM1
"19,5",CL:0019032,intestinal tuft cell,22,large-intestine,1,https://doi.org/10.1038/s41598-019-53997-3; https://doi.org/10.1038/s42003-020-01181-z; https://doi.org/10.4049/jimmunol.1801069,TRPM5; POU2F3,KRT20; POU2F3; TRPM5; PTGS1; DCLK1
"19,5",CL:0000540,neuron,8,spinal-cord,1,https://doi.org/10.1016/j.neuron.2023.01.007,ZFHX3,POU6F2; RNF220; FOXP2; GATA3; ASAH2; ISL1; NR4A2; ONECUT2; LMX1B; ZFHX3; GAS1RR; CDH9; TAC1
"19,5",CL:0002062,pulmonary alveolar type 1 cell,3,lung,1,https://doi.org/10.1148/93.3.507; https://doi.org/10.1136/thx.13.2.110,CLIC5,AQP4; FXYD3; SCEL; ELF3; SEMA3B; CDH1; CLIC5; SFTA2; EPCAM; RTKN2; SLC39A8; AGER; HOPX; GRAMD2A; KRT1
"19,5",CL:0009074,medullary thymic epithelial cell type 4,2,thymus,1,https://doi.org/10.3791/50951; https://doi.org/10.1038/s41586-018-0345-2; https://doi.org/10.1080/01926230600865549; https://doi.org/10.1126/science.aay3224,BMX; RASSF6,PTPRC; IRAG2; KRT8; FOXI1; DCLK1; KRT18; ANXA4; RASSF6; ANXA1; CDR2; EPCAM; HEPACAM2; BMX
"19,5",PCL:0051377,Splat_376 neuron (Hsap),1,allen-brain,1,https://doi.org/10.1101/2022.10.12.511898,ZFHX3,RP11-491F9.1; ZFHX3
"19,5",PCL:0051239,Splat_238 neuron (Hsap),1,allen-brain,1,https://doi.org/10.1101/2022.10.12.511898,ST18,IL1RAPL2; ST18
"19,5",PCL:0051359,Splat_358 neuron (Hsap),1,allen-brain,1,https://doi.org/10.1101/2022.10.12.511898,ZFHX3,GRIK1; GATA3; ZFHX3; TAFA1; TFAP2B
"19,5",PCL:0051410,Splat_409 neuron (Hsap),1,allen-brain,1,https://doi.org/10.1101/2022.10.12.511898,ST18,GLP1R; ST18; TAC3
"19,5",PCL:0051356,Splat_355 neuron (Hsap),1,allen-brain,1,https://doi.org/10.1101/2022.10.12.511898,TRHDE,KIZ-AS1; ZFPM2-AS1; GATA3; TRHDE
"19,5",PCL:0051192,CA4_191 hippocampal CA4 neuron (Hsap),1,allen-brain,1,https://doi.org/10.1101/2022.10.12.511898,ST18,NTS; ST18
"19,5",PCL:0015048,Inh L5-6 SST PAWR primary motor cortex GABAergic interneuron (Hsap),1,allen-brain,1,https://doi.org/10.1038/s41586-021-03465-8,TRHDE,TRHDE; NDST4; EPB41L4A
"19,5",PCL:0015033,Inh L2-5 VIP BSPRY primary motor cortex GABAergic interneuron (Hsap),1,allen-brain,1,https://doi.org/10.1038/s41586-021-03465-8,ST18,PDE3A; ST18
"19,5",PCL:0051366,Splat_365 neuron (Hsap),1,allen-brain,1,https://doi.org/10.1101/2022.10.12.511898,ZFHX3,MEIS2; GNAS; HTR2C; ZFHX3; CNTN1; CALM1
"19,5",PCL:0015042,Inh L5 SST RPL35AP11 primary motor cortex GABAergic interneuron (Hsap),1,allen-brain,1,https://doi.org/10.1038/s41586-021-03465-8,TRHDE,EDNRA; TRHDE; FREM1
"19,5",PCL:0015053,Inh L5-6 SST BEAN1 primary motor cortex GABAergic interneuron (Hsap),1,allen-brain,1,https://doi.org/10.1038/s41586-021-03465-8,TRHDE,TRHDE; THSD7B; ADAMTSL1; SEMA5A
"19,5",PCL:0015119,Oligo L3-6 OPALIN-like ENPP6 primary motor cortex oligodendrocyte (Hsap),1,allen-brain,1,https://doi.org/10.1038/s41586-021-03465-8,ST18,MBP; LINC01378; ENPP2; ST18
"19,5",PCL:0015020,Inh L1-2 VIP EXPH5 primary motor cortex GABAergic interneuron (Hsap),1,allen-brain,1,https://doi.org/10.1038/s41586-021-03465-8,ST18,ST18; SCTR
"19,5",PCL:0051307,CBI_306 cerebellar inhibitory GABAergic interneuron (Hsap),1,allen-brain,1,https://doi.org/10.1101/2022.10.12.511898,PTPRK,PTPRK; MARCHF11; SCGN
"19,5",PCL:0051363,Splat_362 neuron (Hsap),1,allen-brain,1,https://doi.org/10.1101/2022.10.12.511898,PTPRK,PTPRK; LUZP2; PREX2; FSTL5
"19,5",PCL:0051252,MGE_251 medial ganglionic eminence derived interneuron (Hsap),1,allen-brain,1,https://doi.org/10.1101/2022.10.12.511898,ADGRG6,RP11-387P12.1; RELN; ADGRG6; SST
"19,5",PCL:0051087,DLNP_86 near-projecting glutamatergic cortical neuron (Hsap),1,allen-brain,1,https://doi.org/10.1101/2022.10.12.511898,PTPRT,PTPRT; PLPP3; IFNG-AS1; ADRA1A
"19,5",PCL:0051392,Splat_391 neuron (Hsap),1,allen-brain,1,https://doi.org/10.1101/2022.10.12.511898,ST18,CTC-535M15.2; CTC-340A15.2; PDGFD; ST18; CDH12
"19,5",PCL:0051204,DG_203 dentate gyrus granule cell (Hsap),1,allen-brain,1,https://doi.org/10.1101/2022.10.12.511898,ST18,RP11-484N11.1; LINC02248; ST18
"19,5",PCL:0051272,LLC_271 interneuron (Hsap),1,allen-brain,1,https://doi.org/10.1101/2022.10.12.511898,ADGRG6,RP11-563D10.1; ADGRG6; SFRP1
"19,5",CL:0000653,podocyte,1,kidney,1,https://doi.org/10.1073/pnas.2005477117; https://doi.org/10.1172/jci.insight.133267; https://doi.org/10.1038/s41586-020-2941-1; https://doi.org/10.1038/s41467-019-10861-2,CLIC5,PODXL; NPHS1; PTPRQ; NTNG1; CLIC5; NPHS2
"19,5",PCL:0051333,Mmb_332 mammillary body neuron (Hsap),1,allen-brain,1,https://doi.org/10.1101/2022.10.12.511898,MYO1B,ONECUT2; MYO1B; FRMPD2; SIM1
"19,5",PCL:0051077,Chrp_76 choroid plexus epithelial cell (Hsap),1,allen-brain,1,https://doi.org/10.1101/2022.10.12.511898,ST18,RP11-690J15.1; OTX2-AS1; ST18; PLP1
"19,5",PCL:0051251,MGE_250 medial ganglionic eminence derived interneuron (Hsap),1,allen-brain,1,https://doi.org/10.1101/2022.10.12.511898,ADGRG6,ADAMTS9-AS2; ADGRG6; PROM1
"20,0",CL:2000053,splenic endothelial cell,13,spleen,1,https://doi.org/ 10.1182/ bloodadvances.2017015073; https://doi.org/10.1182/ bloodadvances.2017015073; https://doi.org/10.1111/j.1365-2559.1986.tb02482.x; https://doi.org/10.1111/j.1365-2559.1985.tb02841.x; https://doi.org/10.1017/CBO9780511545979; https://doi.org/10.1182/bloodadvances.2017015073; https://doi.org/10.1016/j.aanat.2019.05.004; https://doi.org/10.1007/s00418-007-0320-8; https://doi.org/10.1111/imm.12469,VWF,CD8A; THBD; VCAM1; CD34; PECAM1; VWF
"20,0",CL:0000071,blood vessel endothelial cell,8,placenta,1,https://doi.org/10.1290/1071-2690(2001)037<0408:IOECFH>2.0.CO;2; PMID:8804361; https://doi.org/10.1093/humrep/dem265; https://doi.org/10.1371/journal.pone.0169849; https://doi.org/10.1155/2021/6662201; https://doi.org/10.1093/oxfordjournals.humrep.a136040,VWF,MCAM; VWF; PECAM1
"20,0",CL:0002138,endothelial cell of lymphatic vessel,5,spleen,1,PMID:16515224; https://doi.org/10.1369%2Fjhc.4A6514.2005; https://doi.org/10.1369/jhc.4A6514.2005,VWF,Ulex+; PECAM1; PROX1; PDPN; LYVE1; VWF
"20,0",CL:2000091,endometrial microvascular endothelial cell,3,placenta,1,https://doi.org/10.1290/1071-2690(2001)037<0408:IOECFH>2.0.CO;2; PMID:8804361; https://doi.org/10.1155/2021/6662201; https://doi.org/10.1093/oxfordjournals.humrep.a136040; https://doi.org/10.1093/humrep/dem265,VWF,MCAM; VWF
"20,0",CL:2000062,placental villus capillary endothelial cell,3,placenta,1,https://doi.org/10.1290/1071-2690(2001)037<0408:IOECFH>2.0.CO;2; https://doi.org/10.1016/j.ajog.2009.01.025; PMID:8804361; https://doi.org/10.1155/2021/6662201; https://doi.org/10.1093/oxfordjournals.humrep.a136040; https://doi.org/10.1093/humrep/dem265,VWF,RARA; MCAM; ESR2; VWF; RXRA
"20,0",ASCTB-TEMP:effector-chondrocyte,Effector Chondrocyte,2,knee,1,https://doi.org/10.1136/ard-2022-223227,IGFBP7,IGFBP7; CHAD; STC2
"20,0",CL:0002543,vein endothelial cell,2,liver; spleen,2,https://doi.org/10.1182/bloodadvances.2017015073; https://doi.org/10.1016/j.aanat.2019.05.004; https://doi.org/10.1007/s00418-007-0320-8; https://doi.org/10.1038/srep44356,VWF,PECAM1; THBD; CD34; PLVAP; VWF; SELE
"20,0",PCL:0051168,Misc_167 cerebral cortex neuron (Hsap),2,allen-brain,1,https://doi.org/10.1101/2022.10.12.511898,ANO2; TSHZ2,RP4-678D15.1; TSHZ2; TRPC6; ANO2
"20,0",PCL:0015089,Exc L5-6 THEMIS TNFAIP6 primary motor cortex glutamatergic neuron (Hsap),1,allen-brain,1,https://doi.org/10.1038/s41586-021-03465-8,TSHZ2,LTBP1; TSHZ2
"20,0",CL:4033008,vein endothelial cell of respiratory system,1,lung,1,https://doi.org/10.1148/93.3.507; https://doi.org/10.1136/thx.13.2.110,VWF,NOTCH4; ACKR1; PDZRN4; EMCN; VWF; PECAM1; ECSCR; NR2F2; CLEC14A; CLDN5
"20,0",PCL:0051424,Splat_423 neuron (Hsap),1,allen-brain,1,https://doi.org/10.1101/2022.10.12.511898,TSHZ2,PROX1; SOX6; TSHZ2
"20,0",ASCTB-TEMP:splenic-littoral-cell,Splenic Littoral Cell,1,spleen,1,https://doi.org/10.4049/jimmunol.1103086; https://doi.org/10.1182/blood.V126.23.3594.3594; https://doi.org/10.1182/bloodadvances.2017015073,VWF,PTPRC; ACKR1; MRC1; SIRPA; CR2; FHOD1; CD8A; PECAM1; CD3E; CD34; CD14; VWF
"20,0",PCL:0051232,EMSN_231 medium spiny neuron (Hsap),1,allen-brain,1,https://doi.org/10.1101/2022.10.12.511898,TLL1,VWC2L; NPFFR2; LMNTD1; RXFP1; PCDH11Y; TLL1
"20,0",CL:1000413,endothelial cell of artery,1,spleen,1,https://doi.org/10.1182/bloodadvances.2017015073; https://doi.org/10.1016/j.aanat.2019.05.004; https://doi.org/10.1007/s00418-007-0320-8,VWF,PECAM1; CD34; VWF; THBD
"20,0",PCL:0015039,Inh L3-5 VIP TAC3 primary motor cortex GABAergic interneuron (Hsap),1,allen-brain,1,https://doi.org/10.1038/s41586-021-03465-8,TSHZ2,COL19A1; SOX2-OT; TSHZ2
"20,0",PCL:0015011,Inh L2 PAX6 FREM2 primary motor cortex GABAergic interneuron (Hsap),1,allen-brain,1,https://doi.org/10.1038/s41586-021-03465-8,IGFBP7,IGFBP7; CILP2
"20,1",ASCTB-TEMP:effector-chondrocyte,Effector Chondrocyte,2,knee,1,https://doi.org/10.1136/ard-2022-223227,IGFBP7,IGFBP7; CHAD; STC2
"20,1",CL:0002436,mature CD4 single-positive thymocyte,2,thymus,1,https://doi.org/10.1172/JCI7558.; https://doi.org/10.1126/science.aay3224; https://doi.org/10.3389/fimmu.2019.00447; https://doi.org/10.1038/s41467-021-21346-6,RPL17,CD8A; CD3E; CD38; GIMAP7; ADD3; ID2; CD27; DENND2D; ABLIM1; ARMH1; PTPRC; CD69; RPL17; SELL; CAMK4; CD1A; CD4
"20,1",PCL:0015011,Inh L2 PAX6 FREM2 primary motor cortex GABAergic interneuron (Hsap),1,allen-brain,1,https://doi.org/10.1038/s41586-021-03465-8,IGFBP7,IGFBP7; CILP2
"20,1",PCL:0051195,CA4_194 hippocampal CA4 neuron (Hsap),1,allen-brain,1,https://doi.org/10.1101/2022.10.12.511898,RPL26,C9orf16; HOPX; RPL26
"20,2",CL:0000071,blood vessel endothelial cell,10,lymph-node; thymus,2,https://doi.org/10.1126/science.aay3224; https://doi.org/10.1080/01926230600865549; https://doi.org/10.1007/s00441-008-0706-5,A2M; GJA5,RAMP2; IFI27; NPDC1; EMCN; CD34; CAV1; ACKR1; CDH5; PDPN; CD300LG; HLA-DRB1; PROX1; CD74; PLVAP; JAM2; CD209; RNASE1; A2M; SPARCL1; HLA-DRA; AQP1; ESAM; CCL14; NECTIN2; CD59; ENG; HLA-DPA1; BCAM; HLA-DPB1; GJA5; ICAM1; MARCO; PECAM1; TM4SF1
"20,2",CL:0000540,neuron,5,spinal-cord,1,https://doi.org/10.1016/j.neuron.2023.01.007,SOX5,ISM1; LMO3; CARTPT; IGF1; NMU; CALCB; TAC1; SOX5
"20,2",CL:1000489,reticular cell of splenic cord,3,spleen,1,https://doi.org/10.55418/9781933477060.; https://doi.org/10.1111/imm.12469; https://doi.org/10.1038/s41467-019-09728-3,ENPP2,NGFR; IL7; ENG; DSC2; CR2; CD74; CLU; CFB; CCL21; ACTA2; MFGE8; CXCL9; BST1; MADCAM1; DCN; CTSS; CXCL13; THBD; ENPP2; CCL19; C3; THY1
"20,2",CL:1001285,vasa recta descending limb cell,2,kidney,1,https://doi.org/10.1038/s41467-019-12872-5; https://doi.org/10.1101/2021.07.28.454201; https://doi.org/10.1038/s41467-019-10861-2,PALMD; MCTP1,MCTP1; ADAMTS6; SERPINE2; PALMD; PECAM1; TM4SF1; SLC14A1
"20,2",PCL:0015051,Inh L1-3 SST FAM20A primary motor cortex GABAergic interneuron (Hsap),1,allen-brain,1,https://doi.org/10.1038/s41586-021-03465-8,PCSK5,PCSK5; TAC1
"20,2",PCL:0015007,Inh L3-6 PAX6 LINC01497 primary motor cortex GABAergic interneuron (Hsap),1,allen-brain,1,https://doi.org/10.1038/s41586-021-03465-8,PALMD,RELN; PALMD
"20,2",PCL:0051019,VendA_18 endothelial cell of artery (Hsap),1,allen-brain,1,https://doi.org/10.1101/2022.10.12.511898,MECOM,MGP; MECOM
"20,2",PCL:0015079,Oligo L2-6 OPALIN MAP6D1 primary motor cortex oligodendrocyte (Hsap),1,allen-brain,1,https://doi.org/10.1038/s41586-021-03465-8,ENPP2,ENPP2
"20,2",PCL:0015119,Oligo L3-6 OPALIN-like ENPP6 primary motor cortex oligodendrocyte (Hsap),1,allen-brain,1,https://doi.org/10.1038/s41586-021-03465-8,ENPP2,MBP; LINC01378; ENPP2; ST18
"20,2",PCL:0051177,Misc_176 neuron (Hsap),1,allen-brain,1,https://doi.org/10.1101/2022.10.12.511898,COBLL1,RP11-719N9.1; FREM2; COBLL1; CARM1P1
"20,2",CL:1001099,kidney efferent arteriole endothelial cell,1,kidney,1,https://doi.org/10.1172/jci.insight.133267; https://doi.org/10.1038/s41467-019-10861-2,PALMD,ADAMTS6; SOX17; SERPINE2; PALMD; PECAM1; TM4SF1; SLC14A1
"20,2",PCL:0051005,Mgl_4 microglial cell (Hsap),1,allen-brain,1,https://doi.org/10.1101/2022.10.12.511898,SRGN,SRGN; HIF1A-AS3
"20,2",PCL:0051018,VendV_17 vein endothelial cell (Hsap),1,allen-brain,1,https://doi.org/10.1101/2022.10.12.511898,SRGN,SRGN; IL1R1
"20,2",PCL:0051016,VendC_15 capillary endothelial cell (Hsap),1,allen-brain,1,https://doi.org/10.1101/2022.10.12.511898,MECOM,ABCG2; MECOM; HMCN1
"20,2",PCL:0051178,Misc_177 neuron (Hsap),1,allen-brain,1,https://doi.org/10.1101/2022.10.12.511898,COBLL1,CTC-535M15.2; RP11-719N9.1; COBLL1; CALCRL; VIPR2
"20,2",CL:1001096,kidney afferent arteriole endothelial cell,1,kidney,1,https://doi.org/10.1172/jci.insight.133267; https://doi.org/10.1038/s41467-019-10861-2,PALMD,ADAMTS6; SOX17; SERPINE2; PALMD; PECAM1; TM4SF1; SLC14A1
"20,2",CL:0009103,lymph node marginal reticular cell,1,lymph-node,1,https://doi.org/10.3389/fimmu.2011.00035; https://doi.org/10.1016/j.jcyt.2017.01.010; https://doi.org/10.1016/j.ajpath.2010.12.039,ENPP2,PDPN; ENPP2; DES; ACTA2; VIM; TNFSF11; PECAM1; CXCL13
"20,2",PCL:0015080,Exc L2-3 RORB CCDC68 primary motor cortex glutamatergic neuron (Hsap),1,allen-brain,1,https://doi.org/10.1038/s41586-021-03465-8,COBLL1,PRSS12; COBLL1; COL5A2
"20,2",PCL:0051020,Vsmc_19 brain vascular cell (Hsap),1,allen-brain,1,https://doi.org/10.1101/2022.10.12.511898,MECOM,MECOM; ACTA2
"20,2",PCL:0051017,VendVC_16 capillary endothelial cell (Hsap),1,allen-brain,1,https://doi.org/10.1101/2022.10.12.511898,MECOM,MECOM; TRPM6
"20,3",CL:0000442,follicular dendritic cell,5,spleen,1,PMID: 20126587; https://doi.org/10.1007/s00418-011-0799-x; https://doi.org/10.1111/imm.12469; https://doi.org/10.1038/s41467-019-09728-3,POSTN,CR1; FCER2; PTHLH; NGFR; CXCL13; THBD; KLF6; THY1; ACTA2; MFGE8; ENG; SOX9; FNBP1; CR2; POSTN; FCGR2B; MADCAM1
"20,3",CL:4028004,alveolar type 1 fibroblast cell,3,lung,1,https://doi.org/10.1148/93.3.507; https://doi.org/10.1136/thx.13.2.110,PCDH15,INMT; VEGFD; LUM; PCDH15; PLIN2; DCN; COL1A2; FGFR4; TCF21; MFAP4; FBLN1; SAA1; WNT2; COL6A3; CES1
"20,3",PCL:0015060,Inh L5-6 PVALB ZFPM2-AS1 primary motor cortex GABAergic interneuron (Hsap),1,allen-brain,1,https://doi.org/10.1038/s41586-021-03465-8,PCDH15,ZFPM2-AS1; SEMA6D; PCDH15
"20,3",PCL:0051151,DLIT_150 intratelencephalic-projecting glutamatergic cortical neuron (Hsap),1,allen-brain,1,https://doi.org/10.1101/2022.10.12.511898,POSTN,THEMIS; POSTN; HPSE2
"20,3",PCL:0051200,DG_199 dentate gyrus granule cell (Hsap),1,allen-brain,1,https://doi.org/10.1101/2022.10.12.511898,POSTN,bP-21201H5.1; POSTN
"20,3",CL:1000742,glomerular mesangial cell,1,kidney,1,https://doi.org/10.1681/ASN.2020010071; https://doi.org/10.1073/pnas.2005477117; https://doi.org/10.1172/jci.insight.133267; https://doi.org/10.1038/s41586-020-2941-1; https://doi.org/10.1038/s41467-019-10861-2,POSTN,PDGFRB; ITGA8; PIEZO2; SYNPO2; POSTN; ROBO1
"20,3",PCL:0015064,Inh L2-5 PVALB RPH3AL primary motor cortex GABAergic interneuron (Hsap),1,allen-brain,1,https://doi.org/10.1038/s41586-021-03465-8,POSTN,MYO5B; ARHGAP42; WIF1; POSTN
"20,3",PCL:0051016,VendC_15 capillary endothelial cell (Hsap),1,allen-brain,1,https://doi.org/10.1101/2022.10.12.511898,HMCN1,ABCG2; MECOM; HMCN1
"20,3",PCL:0015029,Inh L1-5 VIP SMOC1 primary motor cortex GABAergic interneuron (Hsap),1,allen-brain,1,https://doi.org/10.1038/s41586-021-03465-8,SMOC1,ANGPT1; SMOC1; VIP
"20,3",PCL:0015053,Inh L5-6 SST BEAN1 primary motor cortex GABAergic interneuron (Hsap),1,allen-brain,1,https://doi.org/10.1038/s41586-021-03465-8,ADAMTSL1,TRHDE; THSD7B; ADAMTSL1; SEMA5A
"20,3",PCL:0015066,Inh L1-2 PVALB CDK20 primary motor cortex GABAergic interneuron (Hsap),1,allen-brain,1,https://doi.org/10.1038/s41586-021-03465-8,TMEM132C,TMEM132C; SYT10; ADAMTS12
"20,3",PCL:0051229,EMSN_228 medium spiny neuron (Hsap),1,allen-brain,1,https://doi.org/10.1101/2022.10.12.511898,ADAMTSL1,MEIS1; NPFFR2; ADAMTSL1; RP11-154H17.1; SEMA3C
"20,3",PCL:0015034,Inh L2-5 VIP SOX11 primary motor cortex GABAergic interneuron (Hsap),1,allen-brain,1,https://doi.org/10.1038/s41586-021-03465-8,ADAMTSL1,HTR2C; THSD7B; ADAMTSL1
"20,3",PCL:0051160,Amex_159 amygdala excitatory neuron (Hsap),1,allen-brain,1,https://doi.org/10.1101/2022.10.12.511898,POSTN,LINC01821; POSTN; CALCRL
"20,3",PCL:0051109,DLCT6b_108 glutamatergic neuron (Hsap),1,allen-brain,1,https://doi.org/10.1101/2022.10.12.511898,ADAMTSL1,CTB-57H20.1; RP11-369E15.3; LINC01821; ADAMTSL1; SEMA3E
"20,3",PCL:0015050,Inh L1-2 SST CCNJL primary motor cortex GABAergic interneuron (Hsap),1,allen-brain,1,https://doi.org/10.1038/s41586-021-03465-8,TMEM132C,SPHKAP; TMEM132C; CALB1
"20,3",PCL:0051163,Amex_162 amygdala excitatory neuron (Hsap),1,allen-brain,1,https://doi.org/10.1101/2022.10.12.511898,POSTN,AC067959.1; CCBE1; POSTN
"20,3",CL:0009074,medullary thymic epithelial cell type 4,1,thymus,1,https://doi.org/10.3791/50951; https://doi.org/10.1038/s41586-018-0345-2; https://doi.org/10.1080/01926230600865549; https://doi.org/10.1126/science.aay3224,BMX,PTPRC; IRAG2; KRT8; FOXI1; DCLK1; KRT18; ANXA4; RASSF6; ANXA1; CDR2; EPCAM; HEPACAM2; BMX
"20,3",CL:0000540,neuron,1,spinal-cord,1,https://doi.org/10.1016/j.neuron.2023.01.007,HMCN1,NPY; SAMD3; HMCN1
"20,3",PCL:0051230,EMSN_229 medium spiny neuron (Hsap),1,allen-brain,1,https://doi.org/10.1101/2022.10.12.511898,ADAMTSL1,PTH2R; MEIS1; ADAMTSL1; CACNG5; TSHZ1
"20,3",PCL:0051243,MGE_242 medial ganglionic eminence derived interneuron (Hsap),1,allen-brain,1,https://doi.org/10.1101/2022.10.12.511898,ADAMTSL1,MME; MCUB; FBN2; SOX6; ADAMTSL1
"20,3",PCL:0051018,VendV_17 vein endothelial cell (Hsap),1,allen-brain,1,https://doi.org/10.1101/2022.10.12.511898,IL1R1,SRGN; IL1R1
"20,3",PCL:0051085,DLCT6b_84 glutamatergic neuron (Hsap),1,allen-brain,1,https://doi.org/10.1101/2022.10.12.511898,POSTN,NPSR1-AS1; SLC9C1; POSTN
"20,3",PCL:0051316,LRL_315 neuron (Hsap),1,allen-brain,1,https://doi.org/10.1101/2022.10.12.511898,SMOC1,MME; SMOC1; TENT5A
"20,3",PCL:0051437,Midi_436 midbrain-derived inhibitory neuron (Hsap),1,allen-brain,1,https://doi.org/10.1101/2022.10.12.511898,HMCN1,OTX2-AS1; HMCN1; BMPR1B
"20,3",PCL:0015103,Exc L5-6 FEZF2 SH2D1B primary motor cortex glutamatergic neuron (Hsap),1,allen-brain,1,https://doi.org/10.1038/s41586-021-03465-8,ADAMTSL1,PAPSS2; NLGN4Y; MEIS2; ADAMTSL1
"20,3",PCL:0051103,DLCT6b_102 glutamatergic neuron (Hsap),1,allen-brain,1,https://doi.org/10.1101/2022.10.12.511898,ADAMTSL1,RP11-467L24.1; AC064875.2; LINC01821; ADAMTSL1
"20,3",PCL:0051351,Splat_350 neuron (Hsap),1,allen-brain,1,https://doi.org/10.1101/2022.10.12.511898,ADAMTSL1,HTR2C; ADAMTSL1; TTR; SLC6A5
"20,3",PCL:0051164,CA13_163 hippocampal CA1-3 neuron (Hsap),1,allen-brain,1,https://doi.org/10.1101/2022.10.12.511898,POSTN,AC004862.6; POSTN
"20,4",ASCTB-TEMP:t-cell,T cell,18,uterus,1,https://doi.org/10.1101/2021.01.02.425073,IL7R,IL7R; CXCR4; HMGB2; CD69; CD3G; CCL5
"20,4",ASCTB-TEMP:innate-lymphoid-cell,innate lymphoid cell,18,uterus,1,https://doi.org/10.1101/2021.01.02.425073,IL7R,SPINK2; KIT; IL7R; CXCR4; CD69; CCL5
"20,4",CL:0009018,lymphocyte of large intestine lamina propria,11,large-intestine,1,https://doi.org/10.1016/j.immuni.2020.02.001,IL7R,KLRB1; KIT; IL7R
"20,4",CL:0002063,pulmonary alveolar type 2 cell,3,lung,1,https://doi.org/10.1148/93.3.507; https://doi.org/10.1136/thx.13.2.110,SFTPC,FXYD3; SFTPA2; EPCAM; BMP1; CDH1; SLC39A8; HOPX; MFSD2A; LAMP3; SFTA2; ABCA3; ELF3; SFTPC; KRT1
"20,4",CL:4028002,alveolar capillary type 1 endothelial cell,3,lung,1,https://doi.org/10.1148/93.3.507; https://doi.org/10.1136/thx.13.2.110,IL7R,APLNR; DTL; GPIHBP1; PLVAP; CLEC14A; CLDN5; NOTCH4; IL7R; PECAM1; ECSCR
"20,4",CL:0000899,T-helper 17 cell,3,thymus; lymph-node,2,https://doi.org/10.1084/jem.20080397; https://doi.org/10.1126/science.aay3224; ISBN:9781933477060; https://doi.org/10.4049/jimmunol.1701025,IL7R,ANXA1; PLAC8; NOSIP; RORC; ID2; CD40LG; CCR6; CD4; CD8A; IL7R; ZBTB16; CD3D; KLRB1; CARHSP1; CD3G; SORL1
"20,4",CL:0000546,T-helper 2 cell,2,lymph-node,1,ISBN:9781933477060; https://doi.org/10.4049/jimmunol.1701025,IL7R,ID2; CXCR3; PTGDR2; GATA3; CD8A; CD4; CD3G; IL7R; CCR4; CD3D
"20,4",CL:0001078,"group 3 innate lymphoid cell, human",2,thymus; spleen,2,https://doi.org/10.1126/science.aay3224; https://doi.org/10.1038/ni.2830; https://doi.org/10.3389/fimmu.2017.01047; https://doi.org/10.1186/s13059-019-1906-x,IL7R,KRT86; TMIGD2; CD52; RORC; NCR2; S100A4; JAML; AHR; IL7R; CD96; KIT; LST1; KLRB1; NCAM1; ID2; TRDC; LTB
"20,4",CL:0000815,regulatory T cell,2,spleen,1,https://doi.org/10.1016/j.immuni.2012.09.020; https://doi.org/10.1007/s00262-015-1729-x; https://doi.org/10.1186/s13059-019-1906-x,IL7R,PTPRC; CD4; CD3E; FOXP3; IL7R; IL2RA; CCR7
"20,4",CL:0000623,natural killer cell,2,lymph-node,1,https://doi.org/10.1038/nri.2016.34; ISBN:9781933477060,IL7R,NCAM1; KLRC1; IL7R; FCGR3A; KLRK1; KIT; GEM; KLRD1; CD3G; CD3E; ID2; CD40LG
"20,4",CL:0002437,mature CD8 single-positive thymocyte,2,thymus,1,https://doi.org/10.1172/JCI7558.; https://doi.org/10.3389/fimmu.2019.00447; https://doi.org/10.1038/s41467-021-21346-6; https://doi.org/10.1126/science.aay3224,IL7R,CD4; CD38; STK17A; CD27; IL7R; CD69; CD7; CD8A; CD8B; CD1A; LRRN3; CD3E; CHI3L2; PTPRC; ACTN1; GZMM
"20,4",CL:0000545,T-helper 1 cell,2,lymph-node,1,ISBN:9781933477060; https://doi.org/10.4049/jimmunol.1701025,IL7R,CXCR3; CD8A; CD4; CD3G; IL7R; CCR4; CD3D; ID2; CCR6; TBX21
"20,4",PCL:0051229,EMSN_228 medium spiny neuron (Hsap),1,allen-brain,1,https://doi.org/10.1101/2022.10.12.511898,MEIS1,MEIS1; NPFFR2; ADAMTSL1; RP11-154H17.1; SEMA3C
"20,4",PCL:0051297,CGE_296 VIP GABAergic cortical interneuron (Hsap),1,allen-brain,1,https://doi.org/10.1101/2022.10.12.511898,CMTM8,LYPD6; CMTM8; TAC3; CXCL14
"20,4",CL:0000817,precursor B cell,1,bone-marrow,1,https://doi.org/10.1016/j.exphem.2018.09.004,IL7R,PAX5; IL7R; MME; IGHD; IGHM; CD34; CD19
"20,4",PCL:0051230,EMSN_229 medium spiny neuron (Hsap),1,allen-brain,1,https://doi.org/10.1101/2022.10.12.511898,MEIS1,PTH2R; MEIS1; ADAMTSL1; CACNG5; TSHZ1
"20,4",CL:0000897,"CD4-positive, alpha-beta memory T cell",1,thymus,1,https://doi.org/10.1126/science.aay3224,IL7R,IL7R; ANXA1; GPR183; KLF2; RGCC; AP3M2; CD69; CCR7; LTB; RPL36A
"20,4",PCL:0051427,EMSN_426 medium spiny neuron (Hsap),1,allen-brain,1,https://doi.org/10.1101/2022.10.12.511898,MEIS1,MEIS1; RP11-537P24.1; TSHZ1
"20,4",PCL:0051144,DLIT_143 intratelencephalic-projecting glutamatergic cortical neuron (Hsap),1,allen-brain,1,https://doi.org/10.1101/2022.10.12.511898,CMTM8,AC005150.1; LINC01821; CMTM8
"20,4",PCL:0051340,Splat_339 neuron (Hsap),1,allen-brain,1,https://doi.org/10.1101/2022.10.12.511898,MEIS1,MEIS1; LINC01798; SLC6A5
"20,4",CL:1000695,kidney interstitial alternatively activated macrophage,1,kidney,1,https://doi.org/10.1038/s41586-020-2941-1; https://doi.org/10.1038/s41467-019-10861-2; https://doi.org/10.1126/science.aat5031,IL7R,ITGAX; IL7R; HLA-DRA; MRC1; CD163; CD14
"20,4",PCL:0051238,Splat_237 sst GABAergic cortical interneuron (Hsap),1,allen-brain,1,https://doi.org/10.1101/2022.10.12.511898,CMTM8,PDGFD; BCHE; CMTM8
"20,4",PCL:0051269,LLC_268 interneuron (Hsap),1,allen-brain,1,https://doi.org/10.1101/2022.10.12.511898,CMTM8,EYA4; CHST9; CMTM8; TACR1
"20,4",CL:0000826,pro-B cell,1,bone-marrow,1,https://doi.org/10.1073/pnas.172384399,IL7R,IL7R; RAG1; MME; DNTT; CD34; CD19; VPREB1
"20,4",CL:0000071,blood vessel endothelial cell,1,lymph-node,1,https://doi.org/10.1038/nri32982012.,COL4A2,PECAM1; MARCO; IL3RA; ICAM1; HLA-DPB1; HLA-DPA1; HLA-DRB1; CD300LG; NECTIN2; CCL14; ESAM; SPARCL1; ACTA2; CD209; PLVAP; CD74; NTAN1; ACKR1; JAM2; CAV1; HLA-DRA; CD34; EMCN; COL4A2
"20,4",PCL:0051398,Splat_397 neuron (Hsap),1,allen-brain,1,https://doi.org/10.1101/2022.10.12.511898,SLC6A4,TPH2; SLC6A4
"20,4",CL:0000914,immature NK T cell,1,thymus,1,https://doi.org/10.1111/cei.12045; https://doi.org/10.1002/eji.200425958; https://doi.org/10.1126/science.aay3224,IL7R,NKG7; LAIR1; IL7R; IL4; CCL5; XCL1; CD4; SELL; PTPRC; CCR7; CD3E; CD8A; CST7; SAMD3; KLRB1; IFNG; GIMAP4; GZMK; GZMM
"20,4",CL:0000940,mucosal-associated invariant T cell,1,thymus,1,https://doi.org/10.1038/ni.3565.,IL18R1,KLRB1; IL18R1; CD8A; CD4; ZBTB16; CD27; RORC
"20,4",CL:0002038,T follicular helper cell,1,thymus,1,https://doi.org/10.1126/science.aay3224,IL7R,NR4A2; NDUFV2; FOSB; FLT3LG; ALG13; DDIT4; IL7R; FAM177A1; EIF4A3; CCNH
"20,4",CL:1001005,glomerular capillary endothelial cell,1,kidney,1,https://doi.org/10.1038/s41467-019-12872-5; https://doi.org/10.1172/jci.insight.133267; https://doi.org/10.1038/s41586-020-2941-1; https://doi.org/10.1038/s41467-019-10861-2,HECW2,FLT1; EHD3; HECW2; AQP1; PLAT; EMCN
"20,5",CL:0000115,endothelial cell,9,fallopian-tube; spinal-cord,2,https://doi.org/10.1016/j.neuron.2023.01.007; https://doi.org/10.1016/j.celrep.2021.108978,CLDN5,CLDN5
"20,5",CL:0000071,blood vessel endothelial cell,9,thymus,1,https://doi.org/10.1126/science.aay3224; https://doi.org/10.1080/01926230600865549,AQP1,NPDC1; RAMP2; A2M; BCAM; AQP1; PLVAP; PECAM1; IFI27; TM4SF1; SPARCL1; RNASE1
"20,5",CL:4028003,alveolar capillary type 2 endothelial cell,6,lung,1,https://doi.org/10.1148/93.3.507; https://doi.org/10.1136/thx.13.2.110,EDNRB; CLDN5,EDNRB; NOTCH4; PECAM1; ECSCR; APLN; CLEC14A; CLDN5; CA4
"20,5",CL:0002063,pulmonary alveolar type 2 cell,3,lung,1,https://doi.org/10.1148/93.3.507; https://doi.org/10.1136/thx.13.2.110,SFTPC,FXYD3; SFTPA2; EPCAM; BMP1; CDH1; SLC39A8; HOPX; MFSD2A; LAMP3; SFTA2; ABCA3; ELF3; SFTPC; KRT1
"20,5",CL:4028002,alveolar capillary type 1 endothelial cell,3,lung,1,https://doi.org/10.1148/93.3.507; https://doi.org/10.1136/thx.13.2.110,CLDN5,APLNR; DTL; GPIHBP1; PLVAP; CLEC14A; CLDN5; NOTCH4; IL7R; PECAM1; ECSCR
"20,5",CL:1001005,glomerular capillary endothelial cell,2,kidney,1,https://doi.org/10.1038/s41467-019-12872-5; https://doi.org/10.1172/jci.insight.133267; https://doi.org/10.1038/s41586-020-2941-1; https://doi.org/10.1038/s41467-019-10861-2,HECW2; AQP1,FLT1; EHD3; HECW2; AQP1; PLAT; EMCN
"20,5",PCL:0015044,Inh L5-6 PVALB SST CRHR2 primary motor cortex GABAergic interneuron (Hsap),1,allen-brain,1,https://doi.org/10.1038/s41586-021-03465-8,HPGD,HPGD; SPON1; RGS5
"20,5",PCL:0051062,Astro_61 astrocyte (Hsap),1,allen-brain,1,https://doi.org/10.1101/2022.10.12.511898,AQP1,RP11-259K15.2; GFAP; AQP1
"20,5",CL:0009086,endothelial cell of respiratory system lymphatic vessel,1,lung,1,https://doi.org/10.1148/93.3.507; https://doi.org/10.1136/thx.13.2.110,CLDN5,PROX1; PECAM1; ECSCR; MMRN1; CLDN5; LYVE1; CCL21
"20,5",CL:0000049,common myeloid progenitor,1,bone-marrow,1,https://doi.org/10.1038/ni.1889,HPGD,PTPRC; CD38; CD14; CD3E; FLT3; CYTL1; SERPINB1; FCGR3A; HPGD; IL3RA; CD34; GATA2; MEST; NCAM1
"20,5",PCL:0051427,EMSN_426 medium spiny neuron (Hsap),1,allen-brain,1,https://doi.org/10.1101/2022.10.12.511898,MEIS1,MEIS1; RP11-537P24.1; TSHZ1
"20,5",PCL:0015112,Exc L3-5 FEZF2 LINC01107 primary motor cortex glutamatergic neuron (Hsap),1,allen-brain,1,https://doi.org/10.1038/s41586-021-03465-8,EDNRB,EDNRB; BTNL9
"20,5",CL:0000066,epithelial cell,1,eye,1,https://doi.org/10.3390/cell7110210,AQP1,ATP1A2; AQP4; AQP1
"20,5",PCL:0051354,Splat_353 neuron (Hsap),1,allen-brain,1,https://doi.org/10.1101/2022.10.12.511898,HPGD,CTC-535M15.2; HPGD; GATA3
"20,5",PCL:0051230,EMSN_229 medium spiny neuron (Hsap),1,allen-brain,1,https://doi.org/10.1101/2022.10.12.511898,MEIS1,PTH2R; MEIS1; ADAMTSL1; CACNG5; TSHZ1
"20,5",PCL:0051340,Splat_339 neuron (Hsap),1,allen-brain,1,https://doi.org/10.1101/2022.10.12.511898,MEIS1,MEIS1; LINC01798; SLC6A5
"20,5",CL:0002304,non-pigmented ciliary epithelial cell,1,eye,1,https://doi.org/10.3390/cell7110210,AQP1,ATP1A2; AQP4; AQP1
"20,5",CL:4033008,vein endothelial cell of respiratory system,1,lung,1,https://doi.org/10.1148/93.3.507; https://doi.org/10.1136/thx.13.2.110,CLDN5,NOTCH4; ACKR1; PDZRN4; EMCN; VWF; PECAM1; ECSCR; NR2F2; CLEC14A; CLDN5
"20,5",PCL:0051229,EMSN_228 medium spiny neuron (Hsap),1,allen-brain,1,https://doi.org/10.1101/2022.10.12.511898,MEIS1,MEIS1; NPFFR2; ADAMTSL1; RP11-154H17.1; SEMA3C
"20,5",PCL:0051450,Thex_449 thalamic excitatory neuron (Hsap),1,allen-brain,1,https://doi.org/10.1101/2022.10.12.511898,EDNRB,NTS; EDNRB; CASQ2
"20,5",CL:1000489,reticular cell of splenic cord,1,spleen,1,https://doi.org/10.1038/nri2588; https://doi.org/10.1111/imm.12469,ITGA3,PDGFRA; ITGB1; ITGA5; PDGFRB; ITGA3; ITGA4; ICAM1; DES; CXCL12
"20,5",PCL:0051061,Astro_60 astrocyte (Hsap),1,allen-brain,1,https://doi.org/10.1101/2022.10.12.511898,EDNRB,LINC00499; TNC; EDNRB; APOE
"20,5",CL:4030011,epithelial cell of proximal tubule segment 3,1,kidney,1,https://doi.org/10.1073/pnas.2005477117; https://doi.org/10.1038/s41586-020-2941-1; https://doi.org/10.1016/j.devcel.2019.10.005; https://doi.org/10.1038/s41467-019-10861-2; https://doi.org/10.1681/ASN.2020010071,AQP1,AQP1; SLC5A11; MOGAT1; SLC22A7; SLC17A1; SATB2
"20,5",PCL:0015125,Endo L2-5 NOSTRIN SRGN primary motor cortex endothelial cell (Hsap),1,allen-brain,1,https://doi.org/10.1038/s41586-021-03465-8,CLDN5,CLDN5
"20,5",CL:4030013,kidney loop of Henle long descending thin limb outer medulla epithelial cell,1,kidney,1,https://doi.org/10.1681/ASN.2020010071; https://doi.org/10.1152/ajprenal.2000.278.1.F52; https://doi.org/10.1101/2021.07.28.454201; https://doi.org/10.1016/j.devcel.2019.10.005; https://doi.org/10.1038/s41467-019-10861-2,AQP1,CRYAB; SLC39A8; AQP1; SLC4A11; TACSTD2; SLC9A3
"20,6",CL:0002059,CD8-alpha-positive thymic conventional dendritic cell,2,thymus,1,https://doi.org/10.1172/JCI11734; https://doi.org/10.1038/cti.2015.21; https://doi.org/10.1126/science.aay3224,RGCC,PTPRC; ITGAX; LYZ; LGALS2; CPVL; SIRPA; ITGAM; XCR1; CD33; BATF3; IRF8; C1orf54; CD4; DNASE1L3; CD83; RGCC; HLA-DPA1; THBD; CLEC9A
"20,6",CL:0000940,mucosal-associated invariant T cell,2,thymus,1,https://doi.org/10.1038/ni.3565.,IL18R1; ZBTB16,KLRB1; IL18R1; CD8A; CD4; ZBTB16; CD27; RORC
"20,6",PCL:0015103,Exc L5-6 FEZF2 SH2D1B primary motor cortex glutamatergic neuron (Hsap),1,allen-brain,1,https://doi.org/10.1038/s41586-021-03465-8,PAPSS2,PAPSS2; NLGN4Y; MEIS2; ADAMTSL1
"20,6",PCL:0015016,Inh L1 PVALB-like SST ASIC4 primary motor cortex GABAergic interneuron (Hsap),1,allen-brain,1,https://doi.org/10.1038/s41586-021-03465-8,NCKAP5,NCKAP5; PRELID2; ADAM33
"20,6",CL:0000909,"CD8-positive, alpha-beta memory T cell",1,thymus,1,https://doi.org/10.1126/science.aay3224,RGCC,NKG7; GZMK; LYAR; CRTAM; RGCC; CD8B; CST7; CD8A; CCL5; CCL4
"20,6",PCL:0051398,Splat_397 neuron (Hsap),1,allen-brain,1,https://doi.org/10.1101/2022.10.12.511898,SLC6A4,TPH2; SLC6A4
"20,6",CL:1001005,glomerular capillary endothelial cell,1,kidney,1,https://doi.org/10.1038/s41467-019-12872-5; https://doi.org/10.1172/jci.insight.133267; https://doi.org/10.1038/s41586-020-2941-1; https://doi.org/10.1038/s41467-019-10861-2,HECW2,FLT1; EHD3; HECW2; AQP1; PLAT; EMCN
"20,6",CL:0000897,"CD4-positive, alpha-beta memory T cell",1,thymus,1,https://doi.org/10.1126/science.aay3224,RGCC,IL7R; ANXA1; GPR183; KLF2; RGCC; AP3M2; CD69; CCR7; LTB; RPL36A
"20,6",CL:0000899,T-helper 17 cell,1,thymus,1,https://doi.org/10.1084/jem.20080397; https://doi.org/10.1126/science.aay3224,ZBTB16,PLAC8; NOSIP; KLRB1; CARHSP1; ANXA1; CD4; IL7R; ZBTB16; CD40LG; SORL1
"20,6",CL:1001033,peritubular capillary endothelial cell,1,kidney,1,https://doi.org/10.1038/s41467-019-12872-5; https://doi.org/10.1172/jci.insight.133267; https://doi.org/10.1038/s41467-019-10861-2,RAMP3,RAMP3; PECAM1; DNASE1L3; PLVAP
"20,6",PCL:0051391,Splat_390 neuron (Hsap),1,allen-brain,1,https://doi.org/10.1101/2022.10.12.511898,NRXN3,POU6F2; SNHG14; NRXN3; ZIC1
"20,6",PCL:0015112,Exc L3-5 FEZF2 LINC01107 primary motor cortex glutamatergic neuron (Hsap),1,allen-brain,1,https://doi.org/10.1038/s41586-021-03465-8,BTNL9,EDNRB; BTNL9
"20,6",PCL:0015088,Exc L5 THEMIS SLC22A18 primary motor cortex glutamatergic neuron (Hsap),1,allen-brain,1,https://doi.org/10.1038/s41586-021-03465-8,BTNL9,CCBE1; BTNL9; SLC7A11
"20,6",PCL:0051271,LLC_270 interneuron (Hsap),1,allen-brain,1,https://doi.org/10.1101/2022.10.12.511898,ARHGAP6,NOS1; ARHGAP6; ADAMTS9-AS2; PREX2; TAC1
"20,6",PCL:0051317,LRL_316 neuron (Hsap),1,allen-brain,1,https://doi.org/10.1101/2022.10.12.511898,BTNL9,EYA2; BTNL9; ADAMTS20
"22,0",ASCTB-TEMP:columnar-ovarian-surface-epithelial-cell,columnar ovarian surface epithelial cell,12,ovary,1,https://doi.org/10.1371/journal.pone.0055578; https://doi.org/10.1016/0090-8258(79)90005-2; PMID:13774016; PMID:4143757; ISBN:9781496398949,MSLN,MSLN; CALB2
"22,0",CL:0002095,hilus cell of ovary,1,ovary,1,PMID:14287465; PMID:13774016; ISBN:9781496398949; https://doi.org/10.1097/00004347-199804000-00001; https://doi.org/10.1097/00000478-199805000-00011,INHBB,non-specific esterase; cholesterol esters; alkaline phosphatase; acid phosphatase; INHBC; INHBB; INHBA; INHA; MLANA; INHBE; CALB2
"22,0",PCL:0051168,Misc_167 cerebral cortex neuron (Hsap),1,allen-brain,1,https://doi.org/10.1101/2022.10.12.511898,ANO2,RP4-678D15.1; TSHZ2; TRPC6; ANO2
"22,0",CL:4030014,kidney loop of Henle long descending thin limb inner medulla epithelial cell,1,kidney,1,https://doi.org/10.1681/ASN.2020010071; https://doi.org/10.1152/ajprenal.2000.278.2.F202; https://doi.org/10.1152/ajprenal.2000.278.1.F52; https://doi.org/10.1101/2021.07.28.454201; https://doi.org/10.1016/j.devcel.2019.10.005; https://doi.org/10.1038/s41467-019-10861-2,SH3GL3,SH3GL3; CRYAB; CLDN1; SLC4A11; TACSTD2; CPE; SLC14A2
"22,0",CL:1001107,kidney loop of Henle thin ascending limb epithelial cell,1,kidney,1,https://doi.org/10.1016/j.devcel.2019.10.005; https://doi.org/10.1038/s41467-019-10861-2,SH3GL3,CLCNKA; CLDN3; CDH1; PROX1; TACSTD2; CRYAB; SH3GL3
"22,1",CL:1000271,lung multiciliated epithelial cell,2,lung,1,https://doi.org/10.1148/93.3.507; https://doi.org/10.1136/thx.13.2.110,CDHR3,DYNLRB2; CDHR3; TSPAN1; CDH1; RSPH1; EPCAM; FXYD3; TUBB4B; FOXJ1; ELF3; CDHR4
"22,1",CL:0000540,neuron,2,spinal-cord,1,https://doi.org/10.1016/j.neuron.2023.01.007,CDHR3,NFATC1; CDHR3; ADARB2; CDH7
"22,1",PCL:0051316,LRL_315 neuron (Hsap),1,allen-brain,1,https://doi.org/10.1101/2022.10.12.511898,TENT5A,MME; SMOC1; TENT5A
"22,1",PCL:0051402,Misc_401 neuron of the forebrain (Hsap),1,allen-brain,1,https://doi.org/10.1101/2022.10.12.511898,CCBE1,NR2F2-AS1; CCBE1; SOX11
"22,1",PCL:0051189,CA13_188 hippocampal CA1-3 neuron (Hsap),1,allen-brain,1,https://doi.org/10.1101/2022.10.12.511898,CCBE1,LINC02055; CTXND1; CCBE1; COL24A1
"22,1",PCL:0051427,EMSN_426 medium spiny neuron (Hsap),1,allen-brain,1,https://doi.org/10.1101/2022.10.12.511898,MEIS1,MEIS1; RP11-537P24.1; TSHZ1
"22,1",PCL:0051052,Bgl_51 Bergmann glial cell (Hsap),1,allen-brain,1,https://doi.org/10.1101/2022.10.12.511898,LAMA2,LAMA2; LINC01727
"22,1",PCL:0051041,Oligo_40 oligodendrocyte (Hsap),1,allen-brain,1,https://doi.org/10.1101/2022.10.12.511898,ERBB4,ERBB4; OPALIN; PLP1
"22,1",PCL:0051229,EMSN_228 medium spiny neuron (Hsap),1,allen-brain,1,https://doi.org/10.1101/2022.10.12.511898,MEIS1,MEIS1; NPFFR2; ADAMTSL1; RP11-154H17.1; SEMA3C
"22,1",CL:0000940,mucosal-associated invariant T cell,1,thymus,1,https://doi.org/10.1038/ni.3565.,ZBTB16,KLRB1; IL18R1; CD8A; CD4; ZBTB16; CD27; RORC
"22,1",PCL:0051129,ULIT_128 intratelencephalic-projecting glutamatergic cortical neuron (Hsap),1,allen-brain,1,https://doi.org/10.1101/2022.10.12.511898,LAMA2,RP11-387P12.1; LAMA2; LINC02055; COL5A2
"22,1",PCL:0051340,Splat_339 neuron (Hsap),1,allen-brain,1,https://doi.org/10.1101/2022.10.12.511898,MEIS1,MEIS1; LINC01798; SLC6A5
"22,1",PCL:0015088,Exc L5 THEMIS SLC22A18 primary motor cortex glutamatergic neuron (Hsap),1,allen-brain,1,https://doi.org/10.1038/s41586-021-03465-8,CCBE1,CCBE1; BTNL9; SLC7A11
"22,1",PCL:0051230,EMSN_229 medium spiny neuron (Hsap),1,allen-brain,1,https://doi.org/10.1101/2022.10.12.511898,MEIS1,PTH2R; MEIS1; ADAMTSL1; CACNG5; TSHZ1
"22,1",CL:0000899,T-helper 17 cell,1,thymus,1,https://doi.org/10.1084/jem.20080397; https://doi.org/10.1126/science.aay3224,ZBTB16,PLAC8; NOSIP; KLRB1; CARHSP1; ANXA1; CD4; IL7R; ZBTB16; CD40LG; SORL1
"22,1",PCL:0051163,Amex_162 amygdala excitatory neuron (Hsap),1,allen-brain,1,https://doi.org/10.1101/2022.10.12.511898,CCBE1,AC067959.1; CCBE1; POSTN
"22,1",PCL:0015082,Exc L3 THEMIS ENPEP primary motor cortex glutamatergic neuron (Hsap),1,allen-brain,1,https://doi.org/10.1038/s41586-021-03465-8,LAMA2,LAMA2; FAP
"22,2",CL:1000489,reticular cell of splenic cord,3,spleen,1,https://doi.org/10.55418/9781933477060.; https://doi.org/10.1111/imm.12469; https://doi.org/10.1038/s41467-019-09728-3,C3,NGFR; IL7; ENG; DSC2; CR2; CD74; CLU; CFB; CCL21; ACTA2; MFGE8; CXCL9; BST1; MADCAM1; DCN; CTSS; CXCL13; THBD; ENPP2; CCL19; C3; THY1
"22,2",CL:0000866,thymic macrophage,3,thymus,1,https://doi.org/10.1016/j.imbio.2008.07.032; https://doi.org/10.1016/s0065-2776(08)60900-1; https://doi.org/10.1016/j.imbio.2008.07.032.; https://doi.org/10.1126/science.aay3224,SLC40A1,LGMN; LYZ; ITGAX; ICAM1; MS4A7; CD68; SELENOP; SLC40A1; C1QB; C1QA; ITGAM; C1QC; CD163; RNASE1; CD209; APOE; STAB1
"22,2",CL:0000882,thymic medullary macrophage,1,thymus,1,https://doi.org/10.1016/s0065-2776(08)60900-1; https://doi.org/10.1016/j.imbio.2008.07.032; https://doi.org/10.1126/science.aay3224,SLC40A1,ITGAX; ICAM1; STAB1; APOE; LYZ; LGMN; SELENOP; MS4A7; CD68; SLC40A1; C1QB; C1QA; ITGAM; C1QC; CD163; RNASE1; CD209
"22,2",PCL:0051422,Splat_421 neuron (Hsap),1,allen-brain,1,https://doi.org/10.1101/2022.10.12.511898,ESR1,ESR1; STK32B
"22,2",PCL:0051018,VendV_17 vein endothelial cell (Hsap),1,allen-brain,1,https://doi.org/10.1101/2022.10.12.511898,IL1R1,SRGN; IL1R1
"22,2",PCL:0051041,Oligo_40 oligodendrocyte (Hsap),1,allen-brain,1,https://doi.org/10.1101/2022.10.12.511898,ERBB4,ERBB4; OPALIN; PLP1
"22,2",CL:0000883,thymic cortical macrophage,1,thymus,1,https://doi.org/10.1016/s0065-2776(08)60900-1,SLC40A1,STAB1; APOE; C1QC; C1QB; TMSB4X; SLC40A1; LGMN; SELENOP; MS4A7; C1QA; RNASE1
"22,2",PCL:0051426,Splat_425 neuron (Hsap),1,allen-brain,1,https://doi.org/10.1101/2022.10.12.511898,ESR1,SATB1-AS1; NR2F2-AS1; ESR1; LHX6
"22,3",CL:0002394,CD141-positive myeloid dendritic cell,2,blood-pelvis; lymph-node,2,https://doi.org/10.1016/j.immuni.2017.02.019; https://doi.org/10.1016/S0002-94401061694-X; https://doi.org/10.3109/10428194.2013.781167,CADM1,IDO1; CD74; ANPEP; CADM1; CD19; FCGR3A; IL3RA; XCR1; BATF3; CD1C; CD14; CD3E; HLA-DRA; THBD; CLEC9A; ITGAX; NCAM1
"22,3",CL:0000990,conventional dendritic cell,1,bone-marrow,1,https://doi.org/10.3109/10428194.2013.781167,CADM1,NCAM1; ITGAX; CLEC9A; HLA-DRA; CD3E; CD14; CD1C; XCR1; IL3RA; FCGR3A; CD19; CADM1; THBD
"22,3",PCL:0015062,Inh L5 PVALB LRIG3 primary motor cortex GABAergic interneuron (Hsap),1,allen-brain,1,https://doi.org/10.1038/s41586-021-03465-8,PLCE1,GPC5; CDH6; PLCE1
"22,4",CL:0002063,pulmonary alveolar type 2 cell,3,lung,1,https://doi.org/10.1148/93.3.507; https://doi.org/10.1136/thx.13.2.110,SFTPC,FXYD3; SFTPA2; EPCAM; BMP1; CDH1; SLC39A8; HOPX; MFSD2A; LAMP3; SFTA2; ABCA3; ELF3; SFTPC; KRT1
"22,4",CL:0000540,neuron,2,spinal-cord,1,https://doi.org/10.1016/j.neuron.2023.01.007,FOXP2,GATA3; ZFHX3; RNF220; FOXP2
"22,4",PCL:0051225,EMSN_224 medium spiny neuron (Hsap),1,allen-brain,1,https://doi.org/10.1101/2022.10.12.511898,FOXP2,ALK; RXFP1; FOXP2; TACR1
"22,4",PCL:0051220,MSN_219 direct pathway medium spiny neuron (Hsap),1,allen-brain,1,https://doi.org/10.1101/2022.10.12.511898,FOXP2,ISL1; FOXP2; CXCL14
"22,4",PCL:0051274,LLC_273 interneuron (Hsap),1,allen-brain,1,https://doi.org/10.1101/2022.10.12.511898,CHST9,LRP2; CHST9; RP11-563D10.1; FBN2
"22,4",PCL:0051333,Mmb_332 mammillary body neuron (Hsap),1,allen-brain,1,https://doi.org/10.1101/2022.10.12.511898,FRMPD2,ONECUT2; MYO1B; FRMPD2; SIM1
"22,4",PCL:0051434,Midi_433 midbrain-derived inhibitory neuron (Hsap),1,allen-brain,1,https://doi.org/10.1101/2022.10.12.511898,PRSS12,PRSS12; OTX2-AS1; RELN; HHIP
"22,4",PCL:0015032,Inh L1-5 VIP CD27-AS1 primary motor cortex GABAergic interneuron (Hsap),1,allen-brain,1,https://doi.org/10.1038/s41586-021-03465-8,ANKFN1,IQGAP2; ANKFN1; EGFEM1P
"22,4",PCL:0051268,LLC_267 interneuron (Hsap),1,allen-brain,1,https://doi.org/10.1101/2022.10.12.511898,CHST9,CHST9; MET; DDR2
"22,4",PCL:0015080,Exc L2-3 RORB CCDC68 primary motor cortex glutamatergic neuron (Hsap),1,allen-brain,1,https://doi.org/10.1038/s41586-021-03465-8,PRSS12,PRSS12; COBLL1; COL5A2
"22,4",PCL:0051270,LLC_269 interneuron (Hsap),1,allen-brain,1,https://doi.org/10.1101/2022.10.12.511898,CHST9,CHST9; IFI44; ISM1
"22,4",PCL:0051269,LLC_268 interneuron (Hsap),1,allen-brain,1,https://doi.org/10.1101/2022.10.12.511898,CHST9,EYA4; CHST9; CMTM8; TACR1
"22,4",PCL:0015101,Exc L5-6 FEZF2 C9orf135-AS1 primary motor cortex glutamatergic neuron (Hsap),1,allen-brain,1,https://doi.org/10.1038/s41586-021-03465-8,FOXP2,EGFEM1P; FOXP2; SEMA5A
"22,4",PCL:0051440,Midi_439 midbrain-derived inhibitory neuron (Hsap),1,allen-brain,1,https://doi.org/10.1101/2022.10.12.511898,PRSS12,PRSS12; LINC02055; OTX2-AS1; SEMA3C
"23,0",PCL:0051041,Oligo_40 oligodendrocyte (Hsap),1,allen-brain,1,https://doi.org/10.1101/2022.10.12.511898,ERBB4,ERBB4; OPALIN; PLP1
"23,0",PCL:0051227,EMSN_226 medium spiny neuron (Hsap),1,allen-brain,1,https://doi.org/10.1101/2022.10.12.511898,EYA2,EYA2; PTPRQ; RXFP1; CXCL14
"23,0",PCL:0051427,EMSN_426 medium spiny neuron (Hsap),1,allen-brain,1,https://doi.org/10.1101/2022.10.12.511898,MEIS1,MEIS1; RP11-537P24.1; TSHZ1
"23,0",CL:0000897,"CD4-positive, alpha-beta memory T cell",1,thymus,1,https://doi.org/10.1126/science.aay3224,ANXA1,IL7R; ANXA1; GPR183; KLF2; RGCC; AP3M2; CD69; CCR7; LTB; RPL36A
"23,0",PCL:0051422,Splat_421 neuron (Hsap),1,allen-brain,1,https://doi.org/10.1101/2022.10.12.511898,ESR1,ESR1; STK32B
"23,0",PCL:0015004,Inh L1-6 LAMP5 NES primary motor cortex GABAergic interneuron (Hsap),1,allen-brain,1,https://doi.org/10.1038/s41586-021-03465-8,EYA4,RO; KIT; EYA4; NTNG1; EPHA3
"23,0",PCL:0051340,Splat_339 neuron (Hsap),1,allen-brain,1,https://doi.org/10.1101/2022.10.12.511898,MEIS1,MEIS1; LINC01798; SLC6A5
"23,0",PCL:0051032,Fbl_31 arachnoid barrier cell (Hsap),1,allen-brain,1,https://doi.org/10.1101/2022.10.12.511898,BNC2,PTGDR; BNC2
"23,0",PCL:0051269,LLC_268 interneuron (Hsap),1,allen-brain,1,https://doi.org/10.1101/2022.10.12.511898,EYA4,EYA4; CHST9; CMTM8; TACR1
"23,0",PCL:0051229,EMSN_228 medium spiny neuron (Hsap),1,allen-brain,1,https://doi.org/10.1101/2022.10.12.511898,MEIS1,MEIS1; NPFFR2; ADAMTSL1; RP11-154H17.1; SEMA3C
"23,0",PCL:0051244,MGE_243 sst GABAergic cortical interneuron (Hsap),1,allen-brain,1,https://doi.org/10.1101/2022.10.12.511898,EYA4,CTD-2533K21.4; PENK; EYA4; CALB1
"23,0",PCL:0051230,EMSN_229 medium spiny neuron (Hsap),1,allen-brain,1,https://doi.org/10.1101/2022.10.12.511898,MEIS1,PTH2R; MEIS1; ADAMTSL1; CACNG5; TSHZ1
"23,0",PCL:0051231,EMSN_230 medium spiny neuron (Hsap),1,allen-brain,1,https://doi.org/10.1101/2022.10.12.511898,EYA2,HRH3; EYA2; ADAMTS3; RXFP1
"23,0",CL:0000798,gamma-delta T cell,1,thymus,1,https://doi.org/10.1126/science.aay3224; https://doi.org/10.4049/jimmunol.1303119,ANXA1,LAT; CD1A; CCR9; IFNG; TLE5; CD3E; SH3BP5; FCGRT; SELL; TESPA1; TRD; ANXA1; PTPRC; CD27; TRG; TRDC; SMPD3
"23,0",CL:0000899,T-helper 17 cell,1,thymus,1,https://doi.org/10.1084/jem.20080397; https://doi.org/10.1126/science.aay3224,ANXA1,PLAC8; NOSIP; KLRB1; CARHSP1; ANXA1; CD4; IL7R; ZBTB16; CD40LG; SORL1
"23,0",CL:0009074,medullary thymic epithelial cell type 4,1,thymus,1,https://doi.org/10.3791/50951; https://doi.org/10.1038/s41586-018-0345-2; https://doi.org/10.1080/01926230600865549; https://doi.org/10.1126/science.aay3224,ANXA1,PTPRC; IRAG2; KRT8; FOXI1; DCLK1; KRT18; ANXA4; RASSF6; ANXA1; CDR2; EPCAM; HEPACAM2; BMX
"23,0",PCL:0051288,CGE_287 lamp5 GABAergic cortical interneuron (Hsap),1,allen-brain,1,https://doi.org/10.1101/2022.10.12.511898,EYA4,MYH11; EYA4; ADAMTS20
"23,0",PCL:0051426,Splat_425 neuron (Hsap),1,allen-brain,1,https://doi.org/10.1101/2022.10.12.511898,ESR1,SATB1-AS1; NR2F2-AS1; ESR1; LHX6
"23,0",PCL:0015025,Inh L1-3 VIP CHRNA2 primary motor cortex GABAergic interneuron (Hsap),1,allen-brain,1,https://doi.org/10.1038/s41586-021-03465-8,EYA4,EYA4; PPP1R1C
"23,0",PCL:0051372,Splat_371 neuron (Hsap),1,allen-brain,1,https://doi.org/10.1101/2022.10.12.511898,BNC2,BNC2; NPSR1; CPA6
"23,0",PCL:0051391,Splat_390 neuron (Hsap),1,allen-brain,1,https://doi.org/10.1101/2022.10.12.511898,NRXN3,POU6F2; SNHG14; NRXN3; ZIC1
"23,0",PCL:0051317,LRL_316 neuron (Hsap),1,allen-brain,1,https://doi.org/10.1101/2022.10.12.511898,EYA2,EYA2; BTNL9; ADAMTS20
"23,0",PCL:0051217,MSN_216 indirect pathway medium spiny neuron (Hsap),1,allen-brain,1,https://doi.org/10.1101/2022.10.12.511898,EYA2,CTC-340A15.2; PENK; EYA2; RP11-97F8.2; DRD2
"23,1",CL:0000540,neuron,5,spinal-cord,1,https://doi.org/10.1016/j.neuron.2023.01.007,SOX5,ISM1; LMO3; CARTPT; IGF1; NMU; CALCB; TAC1; SOX5
"23,1",CL:0000186,myofibroblast cell,3,spleen,1,PMID: 3310649; PMID: 20126587; https://doi.org/10.1038/s41598-018-34105-3,CALD1,CALD1; ACTA2
"23,1",ASCTB-TEMP:effector-chondrocyte,Effector Chondrocyte,2,knee,1,https://doi.org/10.1136/ard-2022-223227,IGFBP7,IGFBP7; CHAD; STC2
"23,1",CL:0000359,vascular associated smooth muscle cell,2,skin,1,https://doi.org/10.1083/jcb.113.1.147; No DOI,CALD1,CNN1; CALD1; ACTA2
"23,1",PCL:0015089,Exc L5-6 THEMIS TNFAIP6 primary motor cortex glutamatergic neuron (Hsap),1,allen-brain,1,https://doi.org/10.1038/s41586-021-03465-8,TSHZ2,LTBP1; TSHZ2
"23,1",PCL:0015011,Inh L2 PAX6 FREM2 primary motor cortex GABAergic interneuron (Hsap),1,allen-brain,1,https://doi.org/10.1038/s41586-021-03465-8,IGFBP7,IGFBP7; CILP2
"23,1",PCL:0051168,Misc_167 cerebral cortex neuron (Hsap),1,allen-brain,1,https://doi.org/10.1101/2022.10.12.511898,TSHZ2,RP4-678D15.1; TSHZ2; TRPC6; ANO2
"23,1",PCL:0015045,Inh L3-5 SST OR5AH1P primary motor cortex GABAergic interneuron (Hsap),1,allen-brain,1,https://doi.org/10.1038/s41586-021-03465-8,FBXL7,ADAMTS5; FBXL7; SST
"23,1",CL:0009070,corticomedullary thymic epithelial cell,1,thymus,1,https://doi.org/10.1038/s41467-021-21346-6; https://doi.org/10.1126/science.aay3224,P3H2,KRT5; CTSV; HCFC1R1; PLTP; P3H2; TFPI2; CCN1; CRIPTO; CCL25; CCL2
"23,1",PCL:0051424,Splat_423 neuron (Hsap),1,allen-brain,1,https://doi.org/10.1101/2022.10.12.511898,TSHZ2,PROX1; SOX6; TSHZ2
"23,1",CL:0000132,corneal endothelial cell,1,eye,1,https://doi.org/10.1038/srep29047,CDH2,CDH2
"23,1",PCL:0051330,Mmb_329 mammillary body neuron (Hsap),1,allen-brain,1,https://doi.org/10.1101/2022.10.12.511898,FBXL7,PRLR; LINC02196; FBXL7; SIM1
"23,1",PCL:0015003,Inh L1-6 LAMP5 AARD primary motor cortex GABAergic interneuron (Hsap),1,allen-brain,1,https://doi.org/10.1038/s41586-021-03465-8,FBXL7,KIT; PRELID2; FREM1; FBXL7
"23,1",PCL:0015039,Inh L3-5 VIP TAC3 primary motor cortex GABAergic interneuron (Hsap),1,allen-brain,1,https://doi.org/10.1038/s41586-021-03465-8,TSHZ2,COL19A1; SOX2-OT; TSHZ2
"23,3",CL:1000321,large intestine crypt goblet cell,22,large-intestine,1,https://doi.org/10.1038/s42003-020-01181-z,MUC2,MUC2; KRT20
"23,3",CL:0002138,endothelial cell of lymphatic vessel,1,thymus,1,https://doi.org/10.1080/01926230600865549; https://doi.org/10.1126/science.aay3224,TFF3,NTS; MMRN1; FABP5; NUPR1; LAPTM5; TFPI; TFF3; PROX1; CAVIN2; LYVE1; CCL21
"23,3",PCL:0051038,COP_37 committed oligodendrocyte precursor (Hsap),1,allen-brain,1,https://doi.org/10.1101/2022.10.12.511898,BCAS1,BCAS1; PRRX1; GPR17
"23,3",PCL:0051039,COP_38 committed oligodendrocyte precursor (Hsap),1,allen-brain,1,https://doi.org/10.1101/2022.10.12.511898,BCAS1,RP11-89N17.4; BCAS1
"23,4",CL:0009009,paneth cell of colon,11,large-intestine,1,https://doi.org/10.1016/j.humpath.2008.12.003,DEFA5,DEFA5
"23,4",CL:0002255,stromal cell of endometrium,6,placenta,1,https://doi.org/10.5966/sctm.2015-0022; https://doi.org/10.3346/jkms.2012.27.8.857; https://doi.org/10.1093/humrep/den051; https://doi.org/10.3390/cells1041061; https://doi.org/10.1186/s13287-017-0757-1; https://doi.org/10.1182/blood.V74.2.751.751; https://doi.org/10.1016/s1472-6483(10)61745-2; https://doi.org/10.1095/biolreprod51.4.739; https://doi.org/10.1095/biolreprod.108.075226; https://doi.org/10.1016/j.jcyt.2017.03.001,ANPEP; MME,MME; ENG; CD44; ANPEP; THY1
"23,4",CL:0000788,naive B cell,3,lymph-node; blood-pelvis,2,ISBN:9781933477060; ISBN:9781933477381; PMCID:PMC1900414; https://doi.org/10.1038/s41467-019-12464-3,MME,PTPRC; CD1C; CD40; BCL2; PAX5; IGHM; CD19; FCAMR; CD74; CR2; HLA-DRA; CD27; CD24; CD38; MS4A1; IGHD; FCER2; MME; SELL
"23,4",CL:0000540,neuron,2,spinal-cord,1,https://doi.org/10.1016/j.neuron.2023.01.007,ONECUT2,ONECUT2; ZFHX3; POU6F2
"23,4",PCL:0051243,MGE_242 medial ganglionic eminence derived interneuron (Hsap),2,allen-brain,1,https://doi.org/10.1101/2022.10.12.511898,SOX6; MME,MME; MCUB; FBN2; SOX6; ADAMTSL1
"23,4",CL:0000942,thymic plasmacytoid dendritic cell,2,thymus,1,https://doi.org/10.1172/JCI11734; https://doi.org/10.1172/JCI11734.; https://doi.org/10.1126/science.aay3224; https://doi.org/10.1182/blood-2008-11-187633,ANPEP,CCDC50; ANPEP; CD33; PLAC8; PLD4; IL3RA; UGCG; GZMB; PSMB11; ITGAX; PTPRC; IRF8; IRF7; JCHAIN; CLEC4C; LILRA4
"23,4",PCL:0015014,Inh L1 LAMP5 BMP2 primary motor cortex GABAergic interneuron (Hsap),1,allen-brain,1,https://doi.org/10.1038/s41586-021-03465-8,FREM1,FREM1; COL5A2
"23,4",PCL:0051424,Splat_423 neuron (Hsap),1,allen-brain,1,https://doi.org/10.1101/2022.10.12.511898,SOX6,PROX1; SOX6; TSHZ2
"23,4",PCL:0015042,Inh L5 SST RPL35AP11 primary motor cortex GABAergic interneuron (Hsap),1,allen-brain,1,https://doi.org/10.1038/s41586-021-03465-8,FREM1,EDNRA; TRHDE; FREM1
"23,4",CL:0009112,centroblast,1,lymph-node,1,ISBN:9781933477381; https://doi.org/10.1182/blood-2012-03-415380; PMCID:PMC1900414,MME,CD38; CD19; AICDA; CD27; MKI67; LMO2; MME; IGHD; BCL2; CD74; MS4A1; CXCR4; BCL6
"23,4",CL:0000817,precursor B cell,1,bone-marrow,1,https://doi.org/10.1016/j.exphem.2018.09.004,MME,PAX5; IL7R; MME; IGHD; IGHM; CD34; CD19
"23,4",CL:0000745,retina horizontal cell,1,eye,1,https://doi.org/10.1016/j.preteyeres.2020.100844; https://doi.org/10.1016/j.exer.2016.01.002,ONECUT2,ONECUT2; LHX1; ONECUT1; PVALB; CALB1
"23,4",CL:0002306,epithelial cell of proximal tubule,1,kidney,1,https://doi.org/10.1681/ASN.2020010071; https://doi.org/10.1073/pnas.2005477117; https://doi.org/10.1172/jci.insight.133267; https://doi.org/10.1038/s41586-020-2941-1; https://doi.org/10.1038/s41467-019-10861-2,ALDOB,LRP2; GATM; ALDOB; CUBN; SLC13A1
"23,4",CL:0009111,centrocyte,1,lymph-node,1,ISBN:9781933477381; https://doi.org/10.1182/blood-2012-03-415380; ISBN:9781933477060,MME,BCL2; MKI67; MME; IGHD; CD38; CR2; CD19; CD83; CD27; MS4A1; CXCR5; BCL6
"23,4",PCL:0015041,Inh L3-5 SST CDH3 primary motor cortex GABAergic interneuron (Hsap),1,allen-brain,1,https://doi.org/10.1038/s41586-021-03465-8,FREM1,NPNT; FREM1; QRFPR
"23,4",PCL:0015003,Inh L1-6 LAMP5 AARD primary motor cortex GABAergic interneuron (Hsap),1,allen-brain,1,https://doi.org/10.1038/s41586-021-03465-8,FREM1,KIT; PRELID2; FREM1; FBXL7
"23,4",PCL:0051316,LRL_315 neuron (Hsap),1,allen-brain,1,https://doi.org/10.1101/2022.10.12.511898,MME,MME; SMOC1; TENT5A
"23,4",CL:0000816,immature B cell,1,blood-pelvis,1,https://doi.org/10.3389/fimmu.2012.00302,MME,PAX5; IGHM; MME; IGHD; MS4A1; CD19
"23,4",PCL:0051219,MSN_218 medium spiny neuron (Hsap),1,allen-brain,1,https://doi.org/10.1101/2022.10.12.511898,MME,RP11-142I20.2; MME; DRD3
"23,4",CL:0000818,transitional stage B cell,1,blood-pelvis,1,https://doi.org/10.1073/pnas.172384399,MME,MME; IGHD; TCL1A; SOX4; CD24; CD27; IGLL5; CD19; CR2; CD22; BCL7A; CD38; MS4A1; CD5; FCRLA
"23,4",PCL:0015002,Inh L1 LAMP5 RAB11FIP1 primary motor cortex GABAergic interneuron (Hsap),1,allen-brain,1,https://doi.org/10.1038/s41586-021-03465-8,FREM1,FREM1; ADAMTS20
"23,4",CL:0000787,memory B cell,1,bone-marrow,1,https://doi.org/10.1002/jcla.20001,MME,MME; IGHD; IGHA1; MS4A1; CD38; CD82; CD24; IGHG1; CR2; CD19; CD27; SELL
"23,4",CL:0009069,CD8aa(II) thymocyte,1,thymus,1,https://doi.org/10.1126/science.aay3224,MME,MME; SMIM24; CTSW; HCST; CD7; ACTN1; SMC4; ZNF683; IKZF2; TRGC2
"23,4",CL:0000182,hepatocyte,1,liver,1,https://doi.org/10.1097/00000478-200110000-00011; https://doi.org/10.1007/s00424-006-0152-8,MME,MME; ALB; CYP2D6; HNF4A; ABCB11
"23,4",PCL:0051250,MGE_249 sst GABAergic cortical interneuron (Hsap),1,allen-brain,1,https://doi.org/10.1101/2022.10.12.511898,SOX6,RSPO3; TRPC7; SOX6; SST; SEMA3A
"23,4",PCL:0051242,MGE_241 sst GABAergic cortical interneuron (Hsap),1,allen-brain,1,https://doi.org/10.1101/2022.10.12.511898,SOX6,RP11-656G20.1; ANKRD30B; SOX6; BMP6
"23,4",PCL:0051333,Mmb_332 mammillary body neuron (Hsap),1,allen-brain,1,https://doi.org/10.1101/2022.10.12.511898,ONECUT2,ONECUT2; MYO1B; FRMPD2; SIM1
"23,4",CL:0009083,rearranging double negative thymocyte (Homo sapiens),1,thymus,1,https://doi.org/10.3389/fimmu.2019.00447.; https://doi.org/10.1016/j.immuni.2020.03.019,MME,RAG2; CD79B; PTCRA; CD7; CD5; MME; DNTT; CD3E; CD1A; BCL11B; TCF7
"23,4",CL:0009081,specified double negative thymocyte (Homo sapiens),1,thymus,1,https://doi.org/10.3389/fimmu.2019.00447.; https://doi.org/10.1016/j.immuni.2020.03.019,MME,CD79B; PTCRA; CD7; CD5; CD44; MME; CD3E; CD34; BCL11B; TCF7; SPI1
"23,4",CL:0000826,pro-B cell,1,bone-marrow,1,https://doi.org/10.1073/pnas.172384399,MME,IL7R; RAG1; MME; DNTT; CD34; CD19; VPREB1
"23,4",CL:0002394,CD141-positive myeloid dendritic cell,1,lymph-node,1,https://doi.org/10.1016/j.immuni.2017.02.019; https://doi.org/10.1016/S0002-94401061694-X,ANPEP,BATF3; ITGAX; CLEC9A; CD74; XCR1; IDO1; CADM1; ANPEP; THBD
"23,4",CL:0009082,committed double negative thymocyte (Homo sapiens),1,thymus,1,https://doi.org/10.3389/fimmu.2019.00447.; https://doi.org/10.1016/j.immuni.2020.03.019,MME,CD79B; PTCRA; CD7; CD5; MME; CD3E; RAG2; CD34; BCL11B; TCF7
"23,4",PCL:0015051,Inh L1-3 SST FAM20A primary motor cortex GABAergic interneuron (Hsap),1,allen-brain,1,https://doi.org/10.1038/s41586-021-03465-8,PCSK5,PCSK5; TAC1
"23,4",PCL:0051208,MSN_207 indirect pathway medium spiny neuron (Hsap),1,allen-brain,1,https://doi.org/10.1101/2022.10.12.511898,MME,MME; LINC01378; DRD2
"23,4",PCL:0051228,EMSN_227 medium spiny neuron (Hsap),1,allen-brain,1,https://doi.org/10.1101/2022.10.12.511898,ONECUT2,ONECUT2; FAM160A1; NPFFR2; XACT
"23,5",CL:0002063,pulmonary alveolar type 2 cell,3,lung,1,https://doi.org/10.1148/93.3.507; https://doi.org/10.1136/thx.13.2.110,FXYD3,FXYD3; SFTPA2; EPCAM; BMP1; CDH1; SLC39A8; HOPX; MFSD2A; LAMP3; SFTA2; ABCA3; ELF3; SFTPC; KRT1
"23,5",CL:0002062,pulmonary alveolar type 1 cell,3,lung,1,https://doi.org/10.1148/93.3.507; https://doi.org/10.1136/thx.13.2.110,FXYD3,AQP4; FXYD3; SCEL; ELF3; SEMA3B; CDH1; CLIC5; SFTA2; EPCAM; RTKN2; SLC39A8; AGER; HOPX; GRAMD2A; KRT1
"23,5",CL:1000271,lung multiciliated epithelial cell,2,lung,1,https://doi.org/10.1148/93.3.507; https://doi.org/10.1136/thx.13.2.110,FXYD3,DYNLRB2; CDHR3; TSPAN1; CDH1; RSPH1; EPCAM; FXYD3; TUBB4B; FOXJ1; ELF3; CDHR4
"23,5",PCL:0015053,Inh L5-6 SST BEAN1 primary motor cortex GABAergic interneuron (Hsap),2,allen-brain,1,https://doi.org/10.1038/s41586-021-03465-8,SEMA5A; ADAMTSL1,TRHDE; THSD7B; ADAMTSL1; SEMA5A
"23,5",CL:0000158,club cell,2,lung,1,https://doi.org/10.1148/93.3.507; https://doi.org/10.1136/thx.13.2.110,FXYD3,ELF3; CYP2F1; SCGB3A2; TSPAN1; CDH1; SCGB1A1; EPCAM; FXYD3
"23,5",PCL:0015034,Inh L2-5 VIP SOX11 primary motor cortex GABAergic interneuron (Hsap),1,allen-brain,1,https://doi.org/10.1038/s41586-021-03465-8,ADAMTSL1,HTR2C; THSD7B; ADAMTSL1
"23,5",PCL:0015101,Exc L5-6 FEZF2 C9orf135-AS1 primary motor cortex glutamatergic neuron (Hsap),1,allen-brain,1,https://doi.org/10.1038/s41586-021-03465-8,SEMA5A,EGFEM1P; FOXP2; SEMA5A
"23,5",PCL:0051019,VendA_18 endothelial cell of artery (Hsap),1,allen-brain,1,https://doi.org/10.1101/2022.10.12.511898,MECOM,MGP; MECOM
"23,5",CL:1000350,basal cell of epithelium of terminal bronchiole,1,lung,1,https://doi.org/10.1148/93.3.507; https://doi.org/10.1136/thx.13.2.110,FXYD3,NGFR; FXYD3; ELF3; TSPAN1; CDH1; KRT5; TRPC6; TP63; EPCAM
"23,5",PCL:0051020,Vsmc_19 brain vascular cell (Hsap),1,allen-brain,1,https://doi.org/10.1101/2022.10.12.511898,MECOM,MECOM; ACTA2
"23,5",PCL:0051229,EMSN_228 medium spiny neuron (Hsap),1,allen-brain,1,https://doi.org/10.1101/2022.10.12.511898,ADAMTSL1,MEIS1; NPFFR2; ADAMTSL1; RP11-154H17.1; SEMA3C
"23,5",PCL:0051109,DLCT6b_108 glutamatergic neuron (Hsap),1,allen-brain,1,https://doi.org/10.1101/2022.10.12.511898,ADAMTSL1,CTB-57H20.1; RP11-369E15.3; LINC01821; ADAMTSL1; SEMA3E
"23,5",PCL:0015103,Exc L5-6 FEZF2 SH2D1B primary motor cortex glutamatergic neuron (Hsap),1,allen-brain,1,https://doi.org/10.1038/s41586-021-03465-8,ADAMTSL1,PAPSS2; NLGN4Y; MEIS2; ADAMTSL1
"23,5",PCL:0051017,VendVC_16 capillary endothelial cell (Hsap),1,allen-brain,1,https://doi.org/10.1101/2022.10.12.511898,MECOM,MECOM; TRPM6
"23,5",PCL:0015062,Inh L5 PVALB LRIG3 primary motor cortex GABAergic interneuron (Hsap),1,allen-brain,1,https://doi.org/10.1038/s41586-021-03465-8,PLCE1,GPC5; CDH6; PLCE1
"23,5",PCL:0051351,Splat_350 neuron (Hsap),1,allen-brain,1,https://doi.org/10.1101/2022.10.12.511898,ADAMTSL1,HTR2C; ADAMTSL1; TTR; SLC6A5
"23,5",PCL:0051412,Splat_411 neuron (Hsap),1,allen-brain,1,https://doi.org/10.1101/2022.10.12.511898,PDE3A,PDE3A; PPP1R17; RORB
"23,5",PCL:0051101,DLCT6b_100 glutamatergic neuron (Hsap),1,allen-brain,1,https://doi.org/10.1101/2022.10.12.511898,SEMA5A,SULF1; LINC02232; RXFP1; SEMA5A
"23,5",CL:1000351,basal cell of epithelium of respiratory bronchiole,1,lung,1,https://doi.org/10.1148/93.3.507; https://doi.org/10.1136/thx.13.2.110,FXYD3,ELF3; SCGB3A2; TSPAN1; CDH1; SCGB1A1; EPCAM; SOX4; KLK11; FXYD3
"23,5",CL:0000540,neuron,1,spinal-cord,1,https://doi.org/10.1016/j.neuron.2023.01.007,SATB2,NFIX; SATB2; TAC3
"23,5",PCL:0015059,Inh L5-6 PVALB KCNIP2 primary motor cortex GABAergic interneuron (Hsap),1,allen-brain,1,https://doi.org/10.1038/s41586-021-03465-8,VAV3,NPFFR2; GPC5; VAV3
"23,5",PCL:0051230,EMSN_229 medium spiny neuron (Hsap),1,allen-brain,1,https://doi.org/10.1101/2022.10.12.511898,ADAMTSL1,PTH2R; MEIS1; ADAMTSL1; CACNG5; TSHZ1
"23,5",CL:4030012,kidney loop of Henle short descending thin limb epithelial cell,1,kidney,1,https://doi.org/10.1681/ASN.2020010071; https://doi.org/10.1152/ajprenal.2000.278.1.F52; https://doi.org/10.1172/jci.insight.133267; https://doi.org/10.1038/s41467-019-10861-2,SATB2,ID1; CRYAB; SATB2; JAG1; TACSTD2; SPP1; CPE; SLC14A2
"23,5",PCL:0051243,MGE_242 medial ganglionic eminence derived interneuron (Hsap),1,allen-brain,1,https://doi.org/10.1101/2022.10.12.511898,ADAMTSL1,MME; MCUB; FBN2; SOX6; ADAMTSL1
"23,5",PCL:0051317,LRL_316 neuron (Hsap),1,allen-brain,1,https://doi.org/10.1101/2022.10.12.511898,EYA2,EYA2; BTNL9; ADAMTS20
"23,5",CL:4030011,epithelial cell of proximal tubule segment 3,1,kidney,1,https://doi.org/10.1073/pnas.2005477117; https://doi.org/10.1038/s41586-020-2941-1; https://doi.org/10.1016/j.devcel.2019.10.005; https://doi.org/10.1038/s41467-019-10861-2; https://doi.org/10.1681/ASN.2020010071,SATB2,AQP1; SLC5A11; MOGAT1; SLC22A7; SLC17A1; SATB2
"23,5",PCL:0051103,DLCT6b_102 glutamatergic neuron (Hsap),1,allen-brain,1,https://doi.org/10.1101/2022.10.12.511898,ADAMTSL1,RP11-467L24.1; AC064875.2; LINC01821; ADAMTSL1
"23,5",CL:1001111,kidney loop of Henle thin descending limb epithelial cell,1,kidney,1,https://doi.org/10.1681/ASN.2020010071; https://doi.org/10.1172/jci.insight.133267; https://doi.org/10.1038/s41467-019-10861-2,SATB2,CRYAB; SATB2; CDH1; VIM; VCAM1; SLC44A5; SPP1
"23,5",PCL:0051016,VendC_15 capillary endothelial cell (Hsap),1,allen-brain,1,https://doi.org/10.1101/2022.10.12.511898,MECOM,ABCG2; MECOM; HMCN1
"23,5",CL:0000075,columnar/cuboidal epithelial cell,1,liver,1,https://doi.org/10.3748/wjg.v12.i22.3523,CFTR,CFTR
"23,5",PCL:0051231,EMSN_230 medium spiny neuron (Hsap),1,allen-brain,1,https://doi.org/10.1101/2022.10.12.511898,EYA2,HRH3; EYA2; ADAMTS3; RXFP1
"23,5",PCL:0051217,MSN_216 indirect pathway medium spiny neuron (Hsap),1,allen-brain,1,https://doi.org/10.1101/2022.10.12.511898,EYA2,CTC-340A15.2; PENK; EYA2; RP11-97F8.2; DRD2
"23,5",CL:0000561,amacrine cell,1,eye,1,https://doi.org/10.1523/JNEUROSCI.0907-11.2011; https://doi.org/10.1016/j.preteyeres.2020.100844; https://doi.org/10.1002/cne.10985,SATB2,PVALB; SATB2; SLC17A8; EBF3; CALB2; PYGB; SYT2
"23,5",PCL:0051227,EMSN_226 medium spiny neuron (Hsap),1,allen-brain,1,https://doi.org/10.1101/2022.10.12.511898,EYA2,EYA2; PTPRQ; RXFP1; CXCL14
"23,5",PCL:0015033,Inh L2-5 VIP BSPRY primary motor cortex GABAergic interneuron (Hsap),1,allen-brain,1,https://doi.org/10.1038/s41586-021-03465-8,PDE3A,PDE3A; ST18
"23,5",PCL:0051372,Splat_371 neuron (Hsap),1,allen-brain,1,https://doi.org/10.1101/2022.10.12.511898,CPA6,BNC2; NPSR1; CPA6
"24,0",CL:0000071,blood vessel endothelial cell,9,thymus,1,https://doi.org/10.1126/science.aay3224; https://doi.org/10.1080/01926230600865549,AQP1,NPDC1; RAMP2; A2M; BCAM; AQP1; PLVAP; PECAM1; IFI27; TM4SF1; SPARCL1; RNASE1
"24,0",CL:4030011,epithelial cell of proximal tubule segment 3,2,kidney,1,https://doi.org/10.1073/pnas.2005477117; https://doi.org/10.1038/s41586-020-2941-1; https://doi.org/10.1016/j.devcel.2019.10.005; https://doi.org/10.1038/s41467-019-10861-2; https://doi.org/10.1681/ASN.2020010071,SATB2; AQP1,AQP1; SLC5A11; MOGAT1; SLC22A7; SLC17A1; SATB2
"24,0",CL:0000740,retinal ganglion cell,1,eye,1,https://doi.org/10.1017/S0952523819000087; https://doi.org/10.1016/j.cell.2019.01.004,RBPMS,POU4F1; NEFL; NEFM; TUBB; RBPMS; SLC17A6; POU4F3; OPN4; POU4F2; THY1; SNCG
"24,0",CL:4030013,kidney loop of Henle long descending thin limb outer medulla epithelial cell,1,kidney,1,https://doi.org/10.1681/ASN.2020010071; https://doi.org/10.1152/ajprenal.2000.278.1.F52; https://doi.org/10.1101/2021.07.28.454201; https://doi.org/10.1016/j.devcel.2019.10.005; https://doi.org/10.1038/s41467-019-10861-2,AQP1,CRYAB; SLC39A8; AQP1; SLC4A11; TACSTD2; SLC9A3
"24,0",PCL:0051230,EMSN_229 medium spiny neuron (Hsap),1,allen-brain,1,https://doi.org/10.1101/2022.10.12.511898,PTH2R,PTH2R; MEIS1; ADAMTSL1; CACNG5; TSHZ1
"24,0",PCL:0051395,Splat_394 neuron (Hsap),1,allen-brain,1,https://doi.org/10.1101/2022.10.12.511898,NPNT,LINC01798; NPNT; LHX9
"24,0",CL:0000066,epithelial cell,1,eye,1,https://doi.org/10.3390/cell7110210,AQP1,ATP1A2; AQP4; AQP1
"24,0",PCL:0015072,Inh L1-6 PVALB COL15A1 primary motor cortex GABAergic interneuron (Hsap),1,allen-brain,1,https://doi.org/10.1038/s41586-021-03465-8,NPNT,NPNT; COL15A1
"24,0",CL:0002306,epithelial cell of proximal tubule,1,kidney,1,https://doi.org/10.1681/ASN.2020010071; https://doi.org/10.1073/pnas.2005477117; https://doi.org/10.1172/jci.insight.133267; https://doi.org/10.1038/s41586-020-2941-1; https://doi.org/10.1038/s41467-019-10861-2,LRP2,LRP2; GATM; ALDOB; CUBN; SLC13A1
"24,0",PCL:0051373,Thex_372 thalamic excitatory neuron (Hsap),1,allen-brain,1,https://doi.org/10.1101/2022.10.12.511898,PTH2R,PTH2R; RNF220; FAM9B; TCF7L2
"24,0",CL:1001005,glomerular capillary endothelial cell,1,kidney,1,https://doi.org/10.1038/s41467-019-12872-5; https://doi.org/10.1172/jci.insight.133267; https://doi.org/10.1038/s41586-020-2941-1; https://doi.org/10.1038/s41467-019-10861-2,AQP1,FLT1; EHD3; HECW2; AQP1; PLAT; EMCN
"24,0",CL:1001111,kidney loop of Henle thin descending limb epithelial cell,1,kidney,1,https://doi.org/10.1681/ASN.2020010071; https://doi.org/10.1172/jci.insight.133267; https://doi.org/10.1038/s41467-019-10861-2,SATB2,CRYAB; SATB2; CDH1; VIM; VCAM1; SLC44A5; SPP1
"24,0",CL:4030012,kidney loop of Henle short descending thin limb epithelial cell,1,kidney,1,https://doi.org/10.1681/ASN.2020010071; https://doi.org/10.1152/ajprenal.2000.278.1.F52; https://doi.org/10.1172/jci.insight.133267; https://doi.org/10.1038/s41467-019-10861-2,SATB2,ID1; CRYAB; SATB2; JAG1; TACSTD2; SPP1; CPE; SLC14A2
"24,0",PCL:0051062,Astro_61 astrocyte (Hsap),1,allen-brain,1,https://doi.org/10.1101/2022.10.12.511898,AQP1,RP11-259K15.2; GFAP; AQP1
"24,0",PCL:0051142,DLIT_141 intratelencephalic-projecting glutamatergic cortical neuron (Hsap),1,allen-brain,1,https://doi.org/10.1101/2022.10.12.511898,NPNT,RP11-511B7.2; RP11-320L2.1; NPNT; RORB
"24,0",PCL:0051242,MGE_241 sst GABAergic cortical interneuron (Hsap),1,allen-brain,1,https://doi.org/10.1101/2022.10.12.511898,SOX6,RP11-656G20.1; ANKRD30B; SOX6; BMP6
"24,0",PCL:0051250,MGE_249 sst GABAergic cortical interneuron (Hsap),1,allen-brain,1,https://doi.org/10.1101/2022.10.12.511898,SOX6,RSPO3; TRPC7; SOX6; SST; SEMA3A
"24,0",PCL:0015041,Inh L3-5 SST CDH3 primary motor cortex GABAergic interneuron (Hsap),1,allen-brain,1,https://doi.org/10.1038/s41586-021-03465-8,NPNT,NPNT; FREM1; QRFPR
"24,0",CL:0000540,neuron,1,spinal-cord,1,https://doi.org/10.1016/j.neuron.2023.01.007,SATB2,NFIX; SATB2; TAC3
"24,0",CL:0002304,non-pigmented ciliary epithelial cell,1,eye,1,https://doi.org/10.3390/cell7110210,AQP1,ATP1A2; AQP4; AQP1
"24,0",PCL:0051196,CA4_195 hippocampal CA4 neuron (Hsap),1,allen-brain,1,https://doi.org/10.1101/2022.10.12.511898,NPNT,ITGA4; COL5A2; NPNT; HHIP
"24,0",PCL:0051119,L5ET_118 L5 extratelencephalic projecting glutamatergic cortical neuron (Hsap),1,allen-brain,1,https://doi.org/10.1101/2022.10.12.511898,LRP2,RP4-678D15.1; LRP2; CSN1S1
"24,0",PCL:0051420,Amex_419 amygdala excitatory neuron (Hsap),1,allen-brain,1,https://doi.org/10.1101/2022.10.12.511898,PTH2R,CTC-552D5.1; PTH2R; NR2F2-AS1; CARM1P1; SCN5A
"24,0",CL:0000561,amacrine cell,1,eye,1,https://doi.org/10.1523/JNEUROSCI.0907-11.2011; https://doi.org/10.1016/j.preteyeres.2020.100844; https://doi.org/10.1002/cne.10985,SATB2,PVALB; SATB2; SLC17A8; EBF3; CALB2; PYGB; SYT2
"24,0",PCL:0051274,LLC_273 interneuron (Hsap),1,allen-brain,1,https://doi.org/10.1101/2022.10.12.511898,LRP2,LRP2; CHST9; RP11-563D10.1; FBN2
"24,0",PCL:0051243,MGE_242 medial ganglionic eminence derived interneuron (Hsap),1,allen-brain,1,https://doi.org/10.1101/2022.10.12.511898,SOX6,MME; MCUB; FBN2; SOX6; ADAMTSL1
"24,0",PCL:0051424,Splat_423 neuron (Hsap),1,allen-brain,1,https://doi.org/10.1101/2022.10.12.511898,SOX6,PROX1; SOX6; TSHZ2
"24,0",PCL:0051118,L5ET_117 von Economo neuron (Hsap),1,allen-brain,1,https://doi.org/10.1101/2022.10.12.511898,LRP2,RP11-622O11.6; LRP2; GABRQ
"24,1",CL:4030012,kidney loop of Henle short descending thin limb epithelial cell,3,kidney,1,https://doi.org/10.1681/ASN.2020010071; https://doi.org/10.1152/ajprenal.2000.278.1.F52; https://doi.org/10.1172/jci.insight.133267; https://doi.org/10.1038/s41467-019-10861-2,JAG1; ID1; SATB2,ID1; CRYAB; SATB2; JAG1; TACSTD2; SPP1; CPE; SLC14A2
"24,1",CL:0000540,neuron,3,spinal-cord,1,https://doi.org/10.1016/j.neuron.2023.01.007,FOXP2; SATB2,GATA3; ZFHX3; RNF220; FOXP2; NFIX; SATB2; TAC3
"24,1",CL:1001106,kidney loop of Henle thick ascending limb epithelial cell,2,kidney,1,https://doi.org/10.1681/ASN.2020010071; https://doi.org/10.1172/jci.insight.133267; https://doi.org/10.1038/s41586-020-2941-1; https://doi.org/10.1016/j.devcel.2019.10.005; https://doi.org/10.1038/s41467-019-10861-2,SLC12A1; UMOD,ATP1A1; CDH1; UMOD; CASR; SLC12A1
"24,1",CL:1001108,kidney loop of Henle medullary thick ascending limb epithelial cell,2,kidney,1,https://doi.org/10.1681/ASN.2020010071; https://doi.org/10.1172/jci.insight.133267; https://doi.org/10.1016/j.devcel.2019.10.005; https://doi.org/10.1038/s41467-019-10861-2,SLC12A1; UMOD,SLC12A1; CASR; CDH1; UMOD; RAP1GAP; PROX1; ATP1A1
"24,1",CL:1001109,kidney loop of Henle cortical thick ascending limb epithelial cell,2,kidney,1,https://doi.org/10.1681/ASN.2020010071; https://doi.org/10.1016/j.devcel.2019.10.005; https://doi.org/10.1038/s41467-019-10861-2,SLC12A1; UMOD,ATP1A1; TMEM207; CLDN16; CDH1; UMOD; CASR; SLC12A1
"24,1",CL:1001111,kidney loop of Henle thin descending limb epithelial cell,1,kidney,1,https://doi.org/10.1681/ASN.2020010071; https://doi.org/10.1172/jci.insight.133267; https://doi.org/10.1038/s41467-019-10861-2,SATB2,CRYAB; SATB2; CDH1; VIM; VCAM1; SLC44A5; SPP1
"24,1",PCL:0051356,Splat_355 neuron (Hsap),1,allen-brain,1,https://doi.org/10.1101/2022.10.12.511898,TRHDE,KIZ-AS1; ZFPM2-AS1; GATA3; TRHDE
"24,1",CL:1000850,macula densa epithelial cell,1,kidney,1,https://doi.org/10.1681/ASN.2020010071; https://doi.org/10.1016/j.devcel.2019.10.005; https://doi.org/10.1038/s41467-019-10861-2,SLC12A1,ATP1A1; NOS1; CDH1; SLC12A1; ROBO2
"24,1",PCL:0051059,Astro_58 astrocyte (Hsap),1,allen-brain,1,https://doi.org/10.1101/2022.10.12.511898,ID3,ID3; LINC00499; FGFR3
"24,1",PCL:0051225,EMSN_224 medium spiny neuron (Hsap),1,allen-brain,1,https://doi.org/10.1101/2022.10.12.511898,FOXP2,ALK; RXFP1; FOXP2; TACR1
"24,1",PCL:0015053,Inh L5-6 SST BEAN1 primary motor cortex GABAergic interneuron (Hsap),1,allen-brain,1,https://doi.org/10.1038/s41586-021-03465-8,TRHDE,TRHDE; THSD7B; ADAMTSL1; SEMA5A
"24,1",PCL:0015042,Inh L5 SST RPL35AP11 primary motor cortex GABAergic interneuron (Hsap),1,allen-brain,1,https://doi.org/10.1038/s41586-021-03465-8,TRHDE,EDNRA; TRHDE; FREM1
"24,1",PCL:0051153,DLIT_152 intratelencephalic-projecting glutamatergic cortical neuron (Hsap),1,allen-brain,1,https://doi.org/10.1101/2022.10.12.511898,STK32B,PLA2G4A; STK32B
"24,1",PCL:0051422,Splat_421 neuron (Hsap),1,allen-brain,1,https://doi.org/10.1101/2022.10.12.511898,STK32B,ESR1; STK32B
"24,1",CL:4030011,epithelial cell of proximal tubule segment 3,1,kidney,1,https://doi.org/10.1073/pnas.2005477117; https://doi.org/10.1038/s41586-020-2941-1; https://doi.org/10.1016/j.devcel.2019.10.005; https://doi.org/10.1038/s41467-019-10861-2; https://doi.org/10.1681/ASN.2020010071,SATB2,AQP1; SLC5A11; MOGAT1; SLC22A7; SLC17A1; SATB2
"24,1",CL:0000561,amacrine cell,1,eye,1,https://doi.org/10.1523/JNEUROSCI.0907-11.2011; https://doi.org/10.1016/j.preteyeres.2020.100844; https://doi.org/10.1002/cne.10985,SATB2,PVALB; SATB2; SLC17A8; EBF3; CALB2; PYGB; SYT2
"24,1",PCL:0015048,Inh L5-6 SST PAWR primary motor cortex GABAergic interneuron (Hsap),1,allen-brain,1,https://doi.org/10.1038/s41586-021-03465-8,TRHDE,TRHDE; NDST4; EPB41L4A
"24,1",PCL:0051429,Splat_428 neuron (Hsap),1,allen-brain,1,https://doi.org/10.1101/2022.10.12.511898,STK32B,RP11-649A16.1; FREM2; STK32B
"24,1",PCL:0015101,Exc L5-6 FEZF2 C9orf135-AS1 primary motor cortex glutamatergic neuron (Hsap),1,allen-brain,1,https://doi.org/10.1038/s41586-021-03465-8,FOXP2,EGFEM1P; FOXP2; SEMA5A
"24,1",PCL:0051220,MSN_219 direct pathway medium spiny neuron (Hsap),1,allen-brain,1,https://doi.org/10.1101/2022.10.12.511898,FOXP2,ISL1; FOXP2; CXCL14
"24,2",CL:4030012,kidney loop of Henle short descending thin limb epithelial cell,2,kidney,1,https://doi.org/10.1681/ASN.2020010071; https://doi.org/10.1152/ajprenal.2000.278.1.F52; https://doi.org/10.1172/jci.insight.133267; https://doi.org/10.1038/s41467-019-10861-2,CPE; SLC14A2,ID1; CRYAB; SATB2; JAG1; TACSTD2; SPP1; CPE; SLC14A2
"24,2",CL:1000489,reticular cell of splenic cord,2,spleen,1,https://doi.org/10.55418/9781933477060.; https://doi.org/10.1111/imm.12469; https://doi.org/10.1038/s41467-019-09728-3,CLU,MADCAM1; NGFR; IL7; ENPP2; CCL19; CCL21; BST1; DSC2; THBD; ACTA2; THY1; C3; CLU; CD74; CR2; DCN; ENG
"24,2",CL:4028006,alveolar adventitial fibroblast,2,lung,1,https://doi.org/10.1148/93.3.507; https://doi.org/10.1136/thx.13.2.110,SLPI,MFAP4; MFAP5; FBLN1; SCARA5; DCN; PLA2G2A; LUM; COL1A2; COL6A3; PI16; DCLK1; CDON; SLPI
"24,2",CL:4030014,kidney loop of Henle long descending thin limb inner medulla epithelial cell,2,kidney,1,https://doi.org/10.1681/ASN.2020010071; https://doi.org/10.1152/ajprenal.2000.278.2.F202; https://doi.org/10.1152/ajprenal.2000.278.1.F52; https://doi.org/10.1101/2021.07.28.454201; https://doi.org/10.1016/j.devcel.2019.10.005; https://doi.org/10.1038/s41467-019-10861-2,CPE; SLC14A2,SH3GL3; CRYAB; CLDN1; SLC4A11; TACSTD2; CPE; SLC14A2
"24,2",CL:0000576,monocyte,2,thymus,1,https://doi.org/10.1126/science.aay3224,S100A4; S100A6,CTSS; VCAN; LYZ; CD52; S100A9; S100A8; FCN1; S100A6; S100A4; S100A12
"24,2",ASCTB-TEMP:fibrocartilage-chondrocyte-2,Fibrocartilage Chondrocyte 2,2,knee,1,https://doi.org/10.1136/ard-2022-223227,IGFBP5,IGFBP5; CTHRC1; PRG4
"24,2",CL:0009071,medullary thymic epithelial cell type 1,1,thymus,1,https://doi.org/10.3791/50951; https://doi.org/10.1038/s41467-021-21346-6; https://doi.org/10.1126/science.aay3224,CLU,PTPRC; SAA1; EPCAM; KRT5; CCL19; CH25H; CLU; FN1; CDR2; KRT14; KRT19; KRT15; PTGDS; ASCL1
"24,2",CL:1000718,kidney inner medulla collecting duct principal cell,1,kidney,1,https://doi.org/10.1681/ASN.2020010071; https://doi.org/10.1101/2021.07.28.454201; https://doi.org/10.1016/j.devcel.2019.10.005; https://doi.org/10.1038/s41467-019-10861-2,SLC14A2,AQP2; SLC14A2
"24,2",CL:0002677,naive regulatory T cell,1,thymus,1,https://doi.org/10.3389/fimmu.2019.00447; https://doi.org/10.1038/nature03886; https://doi.org/10.1126/science.aay3224,S100A4,PMAIP1; PIM2; BATF; FOXP3; TIGIT; GBP2; CARD16; IL32; CD4; IKZF2; CTLA4; S100A4
"24,2",CL:0009077,subcapsular thymic epithelial cell,1,thymus,1,https://doi.org/10.1016/s0065-2776(08)60900-1,TMSB4X,PTMA; TMSB4X
"24,2",CL:0000883,thymic cortical macrophage,1,thymus,1,https://doi.org/10.1016/s0065-2776(08)60900-1,TMSB4X,STAB1; APOE; C1QC; C1QB; TMSB4X; SLC40A1; LGMN; SELENOP; MS4A7; C1QA; RNASE1
"24,2",CL:1001111,kidney loop of Henle thin descending limb epithelial cell,1,kidney,1,https://doi.org/10.1681/ASN.2020010071; https://doi.org/10.1172/jci.insight.133267; https://doi.org/10.1038/s41467-019-10861-2,SLC44A5,CRYAB; SATB2; CDH1; VIM; VCAM1; SLC44A5; SPP1
"24,2",CL:0000636,Mueller cell,1,eye,1,https://doi.org/10.1155/2007/39245; https://doi.org/10.1016/j.ophtha.2017.09.016,CLU,GFAP; CRYM; CLU; CRABP1; SLC1A3; GLUL; DKK3; APOE; RLBP1
"24,2",CL:0009111,centrocyte,1,lymph-node,1,ISBN:9781933477381; https://doi.org/10.1182/blood-2012-03-415380; ISBN:9781933477060,BCL6,BCL2; MKI67; MME; IGHD; CD38; CR2; CD19; CD83; CD27; MS4A1; CXCR5; BCL6
"24,2",CL:0001078,"group 3 innate lymphoid cell, human",1,thymus,1,https://doi.org/10.3389/fimmu.2017.01047; https://doi.org/10.1126/science.aay3224,S100A4,KLRB1; IL7R; JAML; CD52; KRT86; KIT; LST1; TMIGD2; LTB; TRDC; NCR2; S100A4
"24,2",PCL:0015021,Inh L1-3 VIP HSPB6 primary motor cortex GABAergic interneuron (Hsap),1,allen-brain,1,https://doi.org/10.1038/s41586-021-03465-8,IGFBP5,IGFBP5; CCNG2
"24,2",CL:0009112,centroblast,1,lymph-node,1,ISBN:9781933477381; https://doi.org/10.1182/blood-2012-03-415380; PMCID:PMC1900414,BCL6,CD38; CD19; AICDA; CD27; MKI67; LMO2; MME; IGHD; BCL2; CD74; MS4A1; CXCR4; BCL6
"24,3",CL:1000452,parietal epithelial cell,3,kidney,1,https://doi.org/10.1172/jci.insight.133267; https://doi.org/10.1038/s41467-019-10861-2,VCAM1; CFH; ALDH1A2,CFH; CRB2; ALDH1A2; VIM; VCAM1
"24,3",CL:0000442,follicular dendritic cell,2,lymph-node,1,https://doi.org/10.1097/PAI.0b013e318183a8e2; https://doi.org/10.1016/j.smim.2007.12.001; https://doi.org/10.1016/j.ajpath.2010.12.039,VCAM1,MADCAM1; FCGR1BP; FCGR2B; CR2; CR1; PDPN; CD74; FCER2; MFGE8; VCAM1; ICAM1; CXCL13
"24,3",PCL:0015026,Inh L2 VIP SLC6A16 primary motor cortex GABAergic interneuron (Hsap),1,allen-brain,1,https://doi.org/10.1038/s41586-021-03465-8,KCNT2,KCNT2
"24,3",PCL:0015045,Inh L3-5 SST OR5AH1P primary motor cortex GABAergic interneuron (Hsap),1,allen-brain,1,https://doi.org/10.1038/s41586-021-03465-8,FBXL7,ADAMTS5; FBXL7; SST
"24,3",PCL:0015103,Exc L5-6 FEZF2 SH2D1B primary motor cortex glutamatergic neuron (Hsap),1,allen-brain,1,https://doi.org/10.1038/s41586-021-03465-8,MEIS2,PAPSS2; NLGN4Y; MEIS2; ADAMTSL1
"24,3",PCL:0015062,Inh L5 PVALB LRIG3 primary motor cortex GABAergic interneuron (Hsap),1,allen-brain,1,https://doi.org/10.1038/s41586-021-03465-8,PLCE1,GPC5; CDH6; PLCE1
"24,3",PCL:0051119,L5ET_118 L5 extratelencephalic projecting glutamatergic cortical neuron (Hsap),1,allen-brain,1,https://doi.org/10.1101/2022.10.12.511898,LRP2,RP4-678D15.1; LRP2; CSN1S1
"24,3",PCL:0051285,CGE_284 VIP GABAergic cortical interneuron (Hsap),1,allen-brain,1,https://doi.org/10.1101/2022.10.12.511898,CCN2,RP1-35C21.2; CCN2; PCDH18; CXCL14
"24,3",PCL:0051274,LLC_273 interneuron (Hsap),1,allen-brain,1,https://doi.org/10.1101/2022.10.12.511898,LRP2,LRP2; CHST9; RP11-563D10.1; FBN2
"24,3",PCL:0051406,Amex_405 amygdala excitatory neuron (Hsap),1,allen-brain,1,https://doi.org/10.1101/2022.10.12.511898,MEIS2,PRLR; MEIS2; NDST4; RXFP1; CDH13
"24,3",CL:2000053,splenic endothelial cell,1,spleen,1,https://doi.org/10.1182/bloodadvances.2017015073; https://doi.org/10.1017/CBO9780511545979,VCAM1,PECAM1; VWF; CD34; VCAM1
"24,3",PCL:0051366,Splat_365 neuron (Hsap),1,allen-brain,1,https://doi.org/10.1101/2022.10.12.511898,MEIS2,MEIS2; GNAS; HTR2C; ZFHX3; CNTN1; CALM1
"24,3",PCL:0051118,L5ET_117 von Economo neuron (Hsap),1,allen-brain,1,https://doi.org/10.1101/2022.10.12.511898,LRP2,RP11-622O11.6; LRP2; GABRQ
"24,3",CL:0000818,transitional stage B cell,1,spleen,1,https://doi.org/10.1186/s13059-019-1906-x; https://doi.org/10.1111/imm.12469; https://doi.org/10.1093/intimm/14.2.157,VCAM1,CD79A; MS4A1; PDPN; FCER2; FCGR2B; CR2; CD19; VCAM1; CR1; NGFR; CXCL13; ICAM1
"24,3",PCL:0051259,MGE_258 sst GABAergic cortical interneuron (Hsap),1,allen-brain,1,https://doi.org/10.1101/2022.10.12.511898,PAWR,PAWR; WNT16; SST
"24,3",PCL:0015003,Inh L1-6 LAMP5 AARD primary motor cortex GABAergic interneuron (Hsap),1,allen-brain,1,https://doi.org/10.1038/s41586-021-03465-8,FBXL7,KIT; PRELID2; FREM1; FBXL7
"24,3",PCL:0051106,DLCT6b_105 glutamatergic neuron (Hsap),1,allen-brain,1,https://doi.org/10.1101/2022.10.12.511898,CCN2,RP4-736H5.3; LINC01680; CCN2
"24,3",PCL:0051330,Mmb_329 mammillary body neuron (Hsap),1,allen-brain,1,https://doi.org/10.1101/2022.10.12.511898,FBXL7,PRLR; LINC02196; FBXL7; SIM1
"24,3",CL:1001111,kidney loop of Henle thin descending limb epithelial cell,1,kidney,1,https://doi.org/10.1681/ASN.2020010071; https://doi.org/10.1172/jci.insight.133267; https://doi.org/10.1038/s41467-019-10861-2,VCAM1,CRYAB; SATB2; CDH1; VIM; VCAM1; SLC44A5; SPP1
"24,3",PCL:0051400,Splat_399 neuron (Hsap),1,allen-brain,1,https://doi.org/10.1101/2022.10.12.511898,MEIS2,MEIS2; RNF220; TFAP2B
"24,3",CL:0009100,hepatic portal fibroblast,1,liver,1,https://doi.org/10.1007/s00441-007-0437-z,CCN2,CCN2; THY1
"24,3",PCL:0051104,DLCT6b_103 glutamatergic neuron (Hsap),1,allen-brain,1,https://doi.org/10.1101/2022.10.12.511898,CCN2,RP11-467L24.1; PLA2G4A; CCN2
"24,3",CL:0002306,epithelial cell of proximal tubule,1,kidney,1,https://doi.org/10.1681/ASN.2020010071; https://doi.org/10.1073/pnas.2005477117; https://doi.org/10.1172/jci.insight.133267; https://doi.org/10.1038/s41586-020-2941-1; https://doi.org/10.1038/s41467-019-10861-2,LRP2,LRP2; GATM; ALDOB; CUBN; SLC13A1
"24,3",PCL:0051041,Oligo_40 oligodendrocyte (Hsap),1,allen-brain,1,https://doi.org/10.1101/2022.10.12.511898,ERBB4,ERBB4; OPALIN; PLP1
"24,4",CL:0009016,intestinal crypt stem cell of large intestine,11,large-intestine,1,https://doi.org/10.1038/nature06196,CD44,RGMB; SMOC2; LRIG1; CD44; LGR5; SOX9
"24,4",CL:0002558,fibroblast of villous mesenchyme,8,placenta,1,https://doi.org/10.5966/sctm.2015-0022; https://doi.org/10.3346/jkms.2012.27.8.857; https://doi.org/10.1093/humrep/den051; https://doi.org/10.3390/cells1041061; https://doi.org/10.1186/s13287-017-0757-1; https://doi.org/10.1182/blood.V74.2.751.751; https://doi.org/10.1095/biolreprod51.4.739; https://doi.org/10.1095/biolreprod.108.075226; https://doi.org/10.1016/j.jcyt.2017.03.001,CD44,NT5E; ENG; CD44; THY1
"24,4",CL:4033014,peg cell,5,fallopian-tube,1,PMID:22911892,CD44,ITGA6; CD44; EPCAM
"24,4",CL:0000442,follicular dendritic cell,5,spleen,1,PMID: 20126587; https://doi.org/10.1007/s00418-011-0799-x; https://doi.org/10.1111/imm.12469; https://doi.org/10.1038/s41467-019-09728-3,KLF6,CR1; FCER2; PTHLH; NGFR; CXCL13; THBD; KLF6; THY1; ACTA2; MFGE8; ENG; SOX9; FNBP1; CR2; POSTN; FCGR2B; MADCAM1
"24,4",CL:0002255,stromal cell of endometrium,3,placenta,1,https://doi.org/10.5966/sctm.2015-0022; https://doi.org/10.3346/jkms.2012.27.8.857; https://doi.org/10.1093/humrep/den051; https://doi.org/10.3390/cells1041061; https://doi.org/10.1186/s13287-017-0757-1; https://doi.org/10.1182/blood.V74.2.751.751; https://doi.org/10.1016/s1472-6483(10)61745-2; https://doi.org/10.1095/biolreprod51.4.739; https://doi.org/10.1095/biolreprod.108.075226; https://doi.org/10.1016/j.jcyt.2017.03.001,CD44,MME; ENG; CD44; ANPEP; THY1
"24,4",CL:2000061,placental amniotic mesenchymal stromal cell,3,placenta,1,https://doi.org/10.5966/sctm.2015-0022; https://doi.org/10.3346/jkms.2012.27.8.857; https://doi.org/10.1093/humrep/den051; https://doi.org/10.3390/cells1041061; https://doi.org/10.1186/s13287-017-0757-1; https://doi.org/10.1182/blood.V74.2.751.751; https://doi.org/10.1095/biolreprod51.4.739; https://doi.org/10.1095/biolreprod.108.075226; https://doi.org/10.1016/j.jcyt.2017.03.001,CD44,NT5E; ENG; CD44; THY1
"24,4",CL:0000236,B cell,3,placenta,1,https://doi.org/10.1186/s13287-017-0757-1; https://doi.org/10.1182/blood.V74.2.751.751; https://doi.org/10.1095/biolreprod51.4.739; https://doi.org/10.1095/biolreprod.108.075226; https://doi.org/10.1093/intimm/7.7.1087; https://doi.org/10.3390/cells1041061; https://doi.org/10.1091/mbc.1.1.27; https://doi.org/10.1016/j.jcyt.2017.03.001,CD44,CD44; HLA-DRA; SDC1
"24,4",PCL:0051020,Vsmc_19 brain vascular cell (Hsap),1,allen-brain,1,https://doi.org/10.1101/2022.10.12.511898,MECOM,MECOM; ACTA2
"24,4",PCL:0051016,VendC_15 capillary endothelial cell (Hsap),1,allen-brain,1,https://doi.org/10.1101/2022.10.12.511898,MECOM,ABCG2; MECOM; HMCN1
"24,4",CL:0002568,mesenchymal stem cell of Wharton's jelly,1,placenta,1,https://doi.org/10.5966/sctm.2015-0022; https://doi.org/10.3346/jkms.2012.27.8.857; https://doi.org/10.1093/humrep/den051; https://doi.org/10.3390/cells1041061; https://doi.org/10.1186/s13287-017-0757-1; https://doi.org/10.1182/blood.V74.2.751.751; https://doi.org/10.1095/biolreprod51.4.739; https://doi.org/10.1095/biolreprod.108.075226; https://doi.org/10.1016/j.jcyt.2017.03.001,CD44,NT5E; ENG; CD44; THY1
"24,4",PCL:0051019,VendA_18 endothelial cell of artery (Hsap),1,allen-brain,1,https://doi.org/10.1101/2022.10.12.511898,MECOM,MGP; MECOM
"24,4",CL:0002425,early T lineage precursor,1,thymus,1,https://doi.org/10.3389/fimmu.2019.00447.; https://doi.org/10.1016/j.immuni.2020.03.019,CD44,CD79B; MPO; CD7; CD44; IRF8; CD34; CD19; BCL11B; SPI1
"24,4",CL:1000489,reticular cell of splenic cord,1,spleen,1,https://doi.org/10.1038/nri2588; https://doi.org/10.1111/imm.12469,ITGA3,PDGFRA; ITGB1; ITGA5; PDGFRB; ITGA3; ITGA4; ICAM1; DES; CXCL12
"24,4",CL:0009081,specified double negative thymocyte (Homo sapiens),1,thymus,1,https://doi.org/10.3389/fimmu.2019.00447.; https://doi.org/10.1016/j.immuni.2020.03.019,CD44,CD79B; PTCRA; CD7; CD5; CD44; MME; CD3E; CD34; BCL11B; TCF7; SPI1
"24,4",PCL:0051017,VendVC_16 capillary endothelial cell (Hsap),1,allen-brain,1,https://doi.org/10.1101/2022.10.12.511898,MECOM,MECOM; TRPM6
"24,5",CL:0002138,endothelial cell of lymphatic vessel,11,thymus; lymph-node; spleen; kidney,4,https://doi.org/10.1080/01926230600865549; https://doi.org/10.1126/science.aay3224; PMID:16515224; https://doi.org/10.1369%2Fjhc.4A6514.2005; https://doi.org/10.1369/jhc.4A6514.2005; https://doi.org/10.1016/j.immuni.2019.06.027; https://doi.org/10.3389/fcvm.2020.00052; https://doi.org/10.1038/s41467-019-10861-2; https://doi.org/10.1038/s41467-019-12872-5; https://doi.org/10.1172/jci.insight.133267; https://doi.org/10.1038/s41586-020-2941-1,PROX1,NTS; FABP5; STAB2; CAV1; TBX1; LYVE1; LAPTM5; CLEC4M; PROX1; PDPN; CD209; CLEC4G; ACKR4; CD274; NUDT4; PECAM1; VWF; CCL21; MMRN1; TFF3; ICAM1; CLDN11; MARCO; MFAP4; NT5E; NUPR1; PTPRC; Ulex+; CAVIN2; TNFRSF9; TFPI
"24,5",CL:0000071,blood vessel endothelial cell,9,lymph-node,1,https://doi.org/10.1007/s00441-008-0706-5; https://doi.org/10.1371/journal.pone.0094781; https://doi.org/10.1369/jhc.4A6514.2005,PROX1,GJA5; CD59; PECAM1; MARCO; ICAM1; HLA-DPB1; HLA-DPA1; FLT1; NECTIN2; CCL14; ESAM; SPARCL1; CD209; PLVAP; CD74; CDH5; ACKR1; JAM2; CAV1; HLA-DRA; CD34; ENG; EMCN; PROX1; HLA-DRB1; PDPN; CD300LG
"24,5",CL:1001107,kidney loop of Henle thin ascending limb epithelial cell,3,kidney,1,https://doi.org/10.1016/j.devcel.2019.10.005; https://doi.org/10.1038/s41467-019-10861-2,CLCNKA; SH3GL3; PROX1,CLCNKA; CLDN3; CDH1; PROX1; TACSTD2; CRYAB; SH3GL3
"24,5",PCL:0015059,Inh L5-6 PVALB KCNIP2 primary motor cortex GABAergic interneuron (Hsap),2,allen-brain,1,https://doi.org/10.1038/s41586-021-03465-8,GPC5; VAV3,NPFFR2; GPC5; VAV3
"24,5",CL:0000540,neuron,2,spinal-cord,1,https://doi.org/10.1016/j.neuron.2023.01.007,PROX1,NFIX; PROX1; PDYN; RORB
"24,5",CL:1001108,kidney loop of Henle medullary thick ascending limb epithelial cell,1,kidney,1,https://doi.org/10.1681/ASN.2020010071; https://doi.org/10.1172/jci.insight.133267; https://doi.org/10.1016/j.devcel.2019.10.005; https://doi.org/10.1038/s41467-019-10861-2,PROX1,SLC12A1; CASR; CDH1; UMOD; RAP1GAP; PROX1; ATP1A1
"24,5",CL:0009109,lymphatic endothelial cell of trabecula,1,lymph-node,1,https://doi.org/10.1016/j.immuni.2019.06.027; https://doi.org/10.3389/fcvm.2020.00052,PROX1,NT5E; MFAP4; MARCO; PTPRC; PROX1; PDPN; ACKR4; CAV1; PECAM1; CLDN11; LYVE1; TNFRSF9
"24,5",CL:0009110,lymphatic endothelial cell of medulla ceiling,1,lymph-node,1,https://doi.org/10.1016/j.immuni.2019.06.027; https://doi.org/10.3389/fcvm.2020.00052,PROX1,NT5E; MFAP4; MARCO; PTPRC; PROX1; PDPN; ACKR4; CAV1; PECAM1; CLDN11; LYVE1; TNFRSF9
"24,5",CL:0009108,lymphatic endothelial cell of subcapsular sinus floor,1,lymph-node,1,https://doi.org/10.1016/j.immuni.2019.06.027; https://doi.org/10.3389/fcvm.2020.00052,PROX1,NT5E; MFAP4; MARCO; LYZ; ICAM1; PECAM1; CXCL1; PTPRC; ACKR4; CD9; CXCL5; THY1; PROX1; PDPN; CCL20; TNFRSF9; LYVE1; CD274; ACKR1; CLDN11; CAV1
"24,5",PCL:0015062,Inh L5 PVALB LRIG3 primary motor cortex GABAergic interneuron (Hsap),1,allen-brain,1,https://doi.org/10.1038/s41586-021-03465-8,GPC5,GPC5; CDH6; PLCE1
"24,5",PCL:0051016,VendC_15 capillary endothelial cell (Hsap),1,allen-brain,1,https://doi.org/10.1101/2022.10.12.511898,MECOM,ABCG2; MECOM; HMCN1
"24,5",PCL:0051039,COP_38 committed oligodendrocyte precursor (Hsap),1,allen-brain,1,https://doi.org/10.1101/2022.10.12.511898,BCAS1,RP11-89N17.4; BCAS1
"24,5",PCL:0051424,Splat_423 neuron (Hsap),1,allen-brain,1,https://doi.org/10.1101/2022.10.12.511898,PROX1,PROX1; SOX6; TSHZ2
"24,5",PCL:0051017,VendVC_16 capillary endothelial cell (Hsap),1,allen-brain,1,https://doi.org/10.1101/2022.10.12.511898,MECOM,MECOM; TRPM6
"24,5",CL:0009086,endothelial cell of respiratory system lymphatic vessel,1,lung,1,https://doi.org/10.1148/93.3.507; https://doi.org/10.1136/thx.13.2.110,PROX1,PROX1; PECAM1; ECSCR; MMRN1; CLDN5; LYVE1; CCL21
"24,5",CL:4030014,kidney loop of Henle long descending thin limb inner medulla epithelial cell,1,kidney,1,https://doi.org/10.1681/ASN.2020010071; https://doi.org/10.1152/ajprenal.2000.278.2.F202; https://doi.org/10.1152/ajprenal.2000.278.1.F52; https://doi.org/10.1101/2021.07.28.454201; https://doi.org/10.1016/j.devcel.2019.10.005; https://doi.org/10.1038/s41467-019-10861-2,SH3GL3,SH3GL3; CRYAB; CLDN1; SLC4A11; TACSTD2; CPE; SLC14A2
"24,5",PCL:0051019,VendA_18 endothelial cell of artery (Hsap),1,allen-brain,1,https://doi.org/10.1101/2022.10.12.511898,MECOM,MGP; MECOM
"24,5",PCL:0051080,Chrp_79 choroid plexus epithelial cell (Hsap),1,allen-brain,1,https://doi.org/10.1101/2022.10.12.511898,ABCA4,POU2AF1; TRPV4; ABCA4
"24,5",PCL:0015069,Inh L5-6 PVALB GAPDHP60 primary motor cortex GABAergic interneuron (Hsap),1,allen-brain,1,https://doi.org/10.1038/s41586-021-03465-8,GPC5,MYBPC1; GPC5; SEMA3C
"24,5",PCL:0051020,Vsmc_19 brain vascular cell (Hsap),1,allen-brain,1,https://doi.org/10.1101/2022.10.12.511898,MECOM,MECOM; ACTA2
"24,5",CL:0009107,lymphatic endothelial cell of subcapsular sinus ceiling,1,lymph-node,1,https://doi.org/10.1016/j.immuni.2019.06.027; https://doi.org/10.3389/fcvm.2020.00052,PROX1,NUDT4; NT5E; MFAP4; MARCO; PTPRC; PROX1; PDPN; ACKR4; CAV1; PECAM1; CLDN11; LYVE1; TNFRSF9
"24,5",PCL:0051057,Astro_56 astrocyte (Hsap),1,allen-brain,1,https://doi.org/10.1101/2022.10.12.511898,GPC5,GPC5; OBI1-AS1; TNC
"24,5",PCL:0051038,COP_37 committed oligodendrocyte precursor (Hsap),1,allen-brain,1,https://doi.org/10.1101/2022.10.12.511898,BCAS1,BCAS1; PRRX1; GPR17
"25,00",PCL:0051300,CBI_299 cerebellar inhibitory GABAergic interneuron (Hsap),1,allen-brain,1,https://doi.org/10.1101/2022.10.12.511898,IGF2BP2,IGF2BP2; FNDC1; SLC6A5
"25,00",PCL:0051041,Oligo_40 oligodendrocyte (Hsap),1,allen-brain,1,https://doi.org/10.1101/2022.10.12.511898,ERBB4,ERBB4; OPALIN; PLP1
"25,1",CL:4033017,bronchiolar smooth muscle cell,1,lung,1,https://doi.org/10.1148/93.3.507; https://doi.org/10.1136/thx.13.2.110,ACTG1,COL1A2; DES; CNN1; LGR6; ACTG1; ACTA2; DCN; TAGLN; PLN; MYH11; MFAP4
"25,1",PCL:0051195,CA4_194 hippocampal CA4 neuron (Hsap),1,allen-brain,1,https://doi.org/10.1101/2022.10.12.511898,RPL26,C9orf16; HOPX; RPL26
"25,2",CL:1000457,mesothelial cell of visceral peritoneum,20,large-intestine,1,isBN:978-1496398949; ISBN:978-1496398949,KRT8; KRT18,KRT8; KRT18; CALB2
"25,2",CL:0009084,glandular epithelial cell of endometrium,6,placenta,1,https://doi.org/10.1186/s13287-018-0962-6; https://doi.org/10.1177/1933719118756745; https://doi.org/10.1093/humrep/det285,KRT18; KRT19,KRT19; KRT18; FUT4; EPCAM
"25,2",CL:0009073,medullary thymic epithelial cell type 3,2,thymus,1,https://doi.org/10.1038/nature03886.; https://doi.org/10.4049/jimmunol.1002151; https://doi.org/10.1038/s41467-021-21346-6; https://doi.org/10.3791/50951; https://doi.org/10.1080/01926230600865549; https://doi.org/10.1126/science.aay3224,KRT19,SOX2; TSLP; S100A9; SFN; PERP; IVL; KRT6A; EPCAM; SUCO; LY6D; SPINK5; CDR2; CALML5; KRT10; DEFB1; PTPRC; KRT19
"25,2",CL:0009074,medullary thymic epithelial cell type 4,2,thymus,1,https://doi.org/10.3791/50951; https://doi.org/10.1038/s41586-018-0345-2; https://doi.org/10.1080/01926230600865549; https://doi.org/10.1126/science.aay3224,KRT8; KRT18,PTPRC; IRAG2; KRT8; FOXI1; DCLK1; KRT18; ANXA4; RASSF6; ANXA1; CDR2; EPCAM; HEPACAM2; BMX
"25,2",ASCTB-TEMP:splenic-stromal-cell-non-frc-non-fdc-,Splenic Stromal Cell (non-FRC/non-FDC),1,spleen,1,https://doi.org/10.1111/imm.12469,KRT8,NGFR; MADCAM1; KRT8; ACTA2
"25,2",CL:0000244,transitional epithelial cell,1,large-intestine,1,ISBN:978-1496398949,KRT19,KRT7; KRT19
"25,2",CL:1000417,myoepithelial cell of sweat gland,1,skin,1,https://doi.org/10.1111/1523-1747.ep12277180; https://doi.org/10.1046/j.1365-2133.1997.17651853.x,KRT19,KRT19; KRT26; S100A2
"25,2",CL:0009071,medullary thymic epithelial cell type 1,1,thymus,1,https://doi.org/10.3791/50951; https://doi.org/10.1038/s41467-021-21346-6; https://doi.org/10.1126/science.aay3224,KRT19,PTPRC; SAA1; EPCAM; KRT5; CCL19; CH25H; CLU; FN1; CDR2; KRT14; KRT19; KRT15; PTGDS; ASCL1
"25,2",CL:1000454,kidney collecting duct epithelial cell,1,kidney,1,https://doi.org/10.1681/ASN.2020010071; https://doi.org/10.1172/jci.insight.133267; https://doi.org/10.1038/s41467-019-10861-2,KRT8,KRT8; GATA3; CDH1
"25,2",CL:0000241,stratified cuboidal epithelial cell,1,liver,1,https://doi.org/10.1111/j.1365-2559.2009.03391.x,KRT19,KRT7; KRT19
"26,0",CL:0000788,naive B cell,2,lymph-node,1,ISBN:9781933477060; ISBN:9781933477381; PMCID:PMC1900414,BCL2,BCL2; PTPRC; IGHD; SELL; HLA-DRA; CD27; CD19; CD1C; CD38; MME; FCER2; CR2; FCAMR; CD74; MS4A1
"26,0",CL:0000561,amacrine cell,1,eye,1,https://doi.org/10.1523/JNEUROSCI.0907-11.2011; https://doi.org/10.1016/j.preteyeres.2020.100844; https://doi.org/10.1002/cne.10985,SATB2,PVALB; SATB2; SLC17A8; EBF3; CALB2; PYGB; SYT2
"26,0",PCL:0015102,Exc L5-6 FEZF2 FILIP1L primary motor cortex glutamatergic neuron (Hsap),1,allen-brain,1,https://doi.org/10.1038/s41586-021-03465-8,MCTP2,SEC16B; MCTP2; SULF1
"26,0",PCL:0051412,Splat_411 neuron (Hsap),1,allen-brain,1,https://doi.org/10.1101/2022.10.12.511898,PDE3A,PDE3A; PPP1R17; RORB
"26,0",CL:0009112,centroblast,1,lymph-node,1,ISBN:9781933477381; https://doi.org/10.1182/blood-2012-03-415380; PMCID:PMC1900414,BCL2,CD38; CD19; AICDA; CD27; MKI67; LMO2; MME; IGHD; BCL2; CD74; MS4A1; CXCR4; BCL6
"26,0",PCL:0015033,Inh L2-5 VIP BSPRY primary motor cortex GABAergic interneuron (Hsap),1,allen-brain,1,https://doi.org/10.1038/s41586-021-03465-8,PDE3A,PDE3A; ST18
"26,0",CL:0009111,centrocyte,1,lymph-node,1,ISBN:9781933477381; https://doi.org/10.1182/blood-2012-03-415380; ISBN:9781933477060,BCL2,BCL2; MKI67; MME; IGHD; CD38; CR2; CD19; CD83; CD27; MS4A1; CXCR5; BCL6
"26,0",CL:4030012,kidney loop of Henle short descending thin limb epithelial cell,1,kidney,1,https://doi.org/10.1681/ASN.2020010071; https://doi.org/10.1152/ajprenal.2000.278.1.F52; https://doi.org/10.1172/jci.insight.133267; https://doi.org/10.1038/s41467-019-10861-2,SATB2,ID1; CRYAB; SATB2; JAG1; TACSTD2; SPP1; CPE; SLC14A2
"26,0",CL:0000540,neuron,1,spinal-cord,1,https://doi.org/10.1016/j.neuron.2023.01.007,SATB2,NFIX; SATB2; TAC3
"26,0",CL:1001111,kidney loop of Henle thin descending limb epithelial cell,1,kidney,1,https://doi.org/10.1681/ASN.2020010071; https://doi.org/10.1172/jci.insight.133267; https://doi.org/10.1038/s41467-019-10861-2,SATB2,CRYAB; SATB2; CDH1; VIM; VCAM1; SLC44A5; SPP1
"26,0",CL:4030011,epithelial cell of proximal tubule segment 3,1,kidney,1,https://doi.org/10.1073/pnas.2005477117; https://doi.org/10.1038/s41586-020-2941-1; https://doi.org/10.1016/j.devcel.2019.10.005; https://doi.org/10.1038/s41467-019-10861-2; https://doi.org/10.1681/ASN.2020010071,SATB2,AQP1; SLC5A11; MOGAT1; SLC22A7; SLC17A1; SATB2
"26,1",CL:0008036,extravillous trophoblast,9,placenta,1,PMID:8804361; https://doi.org/10.1155/2021/6662201; https://doi.org/10.1095/biolreprod.106.055244; https://doi.org/10.1093/humrep/dem265; https://doi.org/10.1053/plac.2000.0559; https://doi.org/10.1016/j.jim.2003.03.001; https://doi.org/10.1242/dev.148932; https://doi.org/10.1016/0198-8859(93)90138-Q,PLAC8,HLA-G; KRT7; PLAC8; MCAM
"26,1",CL:0002062,pulmonary alveolar type 1 cell,3,lung,1,https://doi.org/10.1148/93.3.507; https://doi.org/10.1136/thx.13.2.110,CLIC5,AQP4; FXYD3; SCEL; ELF3; SEMA3B; CDH1; CLIC5; SFTA2; EPCAM; RTKN2; SLC39A8; AGER; HOPX; GRAMD2A; KRT1
"26,1",CL:0000540,neuron,2,spinal-cord,1,https://doi.org/10.1016/j.neuron.2023.01.007,CAPN8,PENK; RASSF3; LETR1; CAPN8; NR2F2
"26,1",CL:0000158,club cell,2,lung,1,https://doi.org/10.1148/93.3.507; https://doi.org/10.1136/thx.13.2.110,TSPAN1,ELF3; CYP2F1; SCGB3A2; TSPAN1; CDH1; SCGB1A1; EPCAM; FXYD3
"26,1",CL:0000942,thymic plasmacytoid dendritic cell,2,thymus,1,https://doi.org/10.1172/JCI11734; https://doi.org/10.1172/JCI11734.; https://doi.org/10.1126/science.aay3224; https://doi.org/10.1182/blood-2008-11-187633,PLAC8,CCDC50; ANPEP; CD33; PLAC8; PLD4; IL3RA; UGCG; GZMB; PSMB11; ITGAX; PTPRC; IRF8; IRF7; JCHAIN; CLEC4C; LILRA4
"26,1",CL:1000271,lung multiciliated epithelial cell,2,lung,1,https://doi.org/10.1148/93.3.507; https://doi.org/10.1136/thx.13.2.110,TSPAN1,DYNLRB2; CDHR3; TSPAN1; CDH1; RSPH1; EPCAM; FXYD3; TUBB4B; FOXJ1; ELF3; CDHR4
"26,1",PCL:0051367,Splat_366 neuron (Hsap),1,allen-brain,1,https://doi.org/10.1101/2022.10.12.511898,TCF7L2,DACH1; EBF3; TCF7L2; KLHL1
"26,1",PCL:0051383,Splat_382 neuron (Hsap),1,allen-brain,1,https://doi.org/10.1101/2022.10.12.511898,TCF7L2,RSPO3; TCF7L2; SST
"26,1",CL:1000351,basal cell of epithelium of respiratory bronchiole,1,lung,1,https://doi.org/10.1148/93.3.507; https://doi.org/10.1136/thx.13.2.110,TSPAN1,ELF3; SCGB3A2; TSPAN1; CDH1; SCGB1A1; EPCAM; SOX4; KLK11; FXYD3
"26,1",PCL:0051355,Splat_354 neuron (Hsap),1,allen-brain,1,https://doi.org/10.1101/2022.10.12.511898,TCF7L2,RP11-66G15.1; LHX1; TCF7L2
"26,1",CL:0000899,T-helper 17 cell,1,thymus,1,https://doi.org/10.1084/jem.20080397; https://doi.org/10.1126/science.aay3224,PLAC8,PLAC8; NOSIP; KLRB1; CARHSP1; ANXA1; CD4; IL7R; ZBTB16; CD40LG; SORL1
"26,1",PCL:0015017,Inh L1 SST P4HA3 primary motor cortex GABAergic interneuron (Hsap),1,allen-brain,1,https://doi.org/10.1038/s41586-021-03465-8,FOXO1,FOXO1; ARHGAP42; ST8SIA6
"26,1",PCL:0051374,Splat_373 neuron (Hsap),1,allen-brain,1,https://doi.org/10.1101/2022.10.12.511898,TCF7L2,LHX2; PDGFD; TCF7L2; SHOX2
"26,1",CL:1000350,basal cell of epithelium of terminal bronchiole,1,lung,1,https://doi.org/10.1148/93.3.507; https://doi.org/10.1136/thx.13.2.110,TSPAN1,NGFR; FXYD3; ELF3; TSPAN1; CDH1; KRT5; TRPC6; TP63; EPCAM
"26,1",CL:0000653,podocyte,1,kidney,1,https://doi.org/10.1073/pnas.2005477117; https://doi.org/10.1172/jci.insight.133267; https://doi.org/10.1038/s41586-020-2941-1; https://doi.org/10.1038/s41467-019-10861-2,CLIC5,PODXL; NPHS1; PTPRQ; NTNG1; CLIC5; NPHS2
"26,1",PCL:0051369,Splat_368 neuron (Hsap),1,allen-brain,1,https://doi.org/10.1101/2022.10.12.511898,TCF7L2,SNHG14; EBF1; EBF3; TCF7L2
"26,1",PCL:0051368,Splat_367 neuron (Hsap),1,allen-brain,1,https://doi.org/10.1101/2022.10.12.511898,TCF7L2,PRLR; TCF7L2; TAC1
"26,1",PCL:0051373,Thex_372 thalamic excitatory neuron (Hsap),1,allen-brain,1,https://doi.org/10.1101/2022.10.12.511898,TCF7L2,PTH2R; RNF220; FAM9B; TCF7L2
"26,1",PCL:0051457,Thex_456 thalamic excitatory neuron (Hsap),1,allen-brain,1,https://doi.org/10.1101/2022.10.12.511898,TCF7L2,LINC02296; ST8SIA6; TCF7L2; BMP6
"26,1",CL:4033062,interstitial extravillous trophoblast cell,1,placenta,1,https://doi.org/10.1242/dev.148932; https://doi.org/10.1016/0198-8859(93)90138-Q; PMID:8804361; https://doi.org/10.1155/2021/6662201; https://doi.org/10.1095/biolreprod.106.055244; https://doi.org/10.1093/humrep/dem265; https://doi.org/10.1053/plac.2000.0559; https://doi.org/10.1016/j.jim.2003.03.001,PLAC8,MCAM; HLA-G; KRT7; PLAC8
"26,3",CL:1000321,large intestine crypt goblet cell,22,large-intestine,1,https://doi.org/10.1038/s42003-020-01181-z,MUC2,MUC2; KRT20
"26,3",CL:0009009,paneth cell of colon,11,large-intestine,1,https://doi.org/10.1016/j.humpath.2008.12.003,DEFA5,DEFA5
"26,3",CL:0002255,stromal cell of endometrium,3,placenta,1,https://doi.org/10.5966/sctm.2015-0022; https://doi.org/10.3346/jkms.2012.27.8.857; https://doi.org/10.1093/humrep/den051; https://doi.org/10.3390/cells1041061; https://doi.org/10.1186/s13287-017-0757-1; https://doi.org/10.1182/blood.V74.2.751.751; https://doi.org/10.1016/s1472-6483(10)61745-2; https://doi.org/10.1095/biolreprod51.4.739; https://doi.org/10.1095/biolreprod.108.075226; https://doi.org/10.1016/j.jcyt.2017.03.001,ANPEP,MME; ENG; CD44; ANPEP; THY1
"26,3",CL:0000942,thymic plasmacytoid dendritic cell,2,thymus,1,https://doi.org/10.1172/JCI11734; https://doi.org/10.1172/JCI11734.; https://doi.org/10.1126/science.aay3224; https://doi.org/10.1182/blood-2008-11-187633,ANPEP,CCDC50; ANPEP; CD33; PLAC8; PLD4; IL3RA; UGCG; GZMB; PSMB11; ITGAX; PTPRC; IRF8; IRF7; JCHAIN; CLEC4C; LILRA4
"26,3",PCL:0015085,Exc L5 THEMIS VILL primary motor cortex glutamatergic neuron (Hsap),1,allen-brain,1,https://doi.org/10.1038/s41586-021-03465-8,DACH1,TNC; DACH1
"26,3",CL:0002394,CD141-positive myeloid dendritic cell,1,lymph-node,1,https://doi.org/10.1016/j.immuni.2017.02.019; https://doi.org/10.1016/S0002-94401061694-X,ANPEP,BATF3; ITGAX; CLEC9A; CD74; XCR1; IDO1; CADM1; ANPEP; THBD
"26,3",PCL:0051279,CGE_278 caudal ganglionic eminence derived cortical interneuron (Hsap),1,allen-brain,1,https://doi.org/10.1101/2022.10.12.511898,CHRNA7,CHRNA7; WIF1; DDR2
"26,3",CL:0002306,epithelial cell of proximal tubule,1,kidney,1,https://doi.org/10.1681/ASN.2020010071; https://doi.org/10.1073/pnas.2005477117; https://doi.org/10.1172/jci.insight.133267; https://doi.org/10.1038/s41586-020-2941-1; https://doi.org/10.1038/s41467-019-10861-2,ALDOB,LRP2; GATM; ALDOB; CUBN; SLC13A1
"26,3",PCL:0051038,COP_37 committed oligodendrocyte precursor (Hsap),1,allen-brain,1,https://doi.org/10.1101/2022.10.12.511898,BCAS1,BCAS1; PRRX1; GPR17
"26,3",PCL:0051039,COP_38 committed oligodendrocyte precursor (Hsap),1,allen-brain,1,https://doi.org/10.1101/2022.10.12.511898,BCAS1,RP11-89N17.4; BCAS1
"26,3",PCL:0015009,Inh L1 PAX6 CHRFAM7A primary motor cortex GABAergic interneuron (Hsap),1,allen-brain,1,https://doi.org/10.1038/s41586-021-03465-8,CHRNA7,LINC01539; CNR1; CHRNA7
"26,3",PCL:0051367,Splat_366 neuron (Hsap),1,allen-brain,1,https://doi.org/10.1101/2022.10.12.511898,DACH1,DACH1; EBF3; TCF7L2; KLHL1
"26,3",PCL:0051390,Splat_389 neuron (Hsap),1,allen-brain,1,https://doi.org/10.1101/2022.10.12.511898,DACH1,GATA3; DACH1; FIGN
"26,4",CL:0009009,paneth cell of colon,11,large-intestine,1,https://doi.org/10.1016/j.humpath.2008.12.003,DEFA5,DEFA5
"26,4",CL:0009016,intestinal crypt stem cell of large intestine,11,large-intestine,1,https://doi.org/10.1038/nature06196,SMOC2,RGMB; SMOC2; LRIG1; CD44; LGR5; SOX9
"26,4",CL:4028006,alveolar adventitial fibroblast,2,lung,1,https://doi.org/10.1148/93.3.507; https://doi.org/10.1136/thx.13.2.110,PLA2G2A,MFAP4; MFAP5; FBLN1; SCARA5; DCN; PLA2G2A; LUM; COL1A2; COL6A3; PI16; DCLK1; CDON; SLPI
"26,4",PCL:0051250,MGE_249 sst GABAergic cortical interneuron (Hsap),1,allen-brain,1,https://doi.org/10.1101/2022.10.12.511898,SOX6,RSPO3; TRPC7; SOX6; SST; SEMA3A
"26,4",PCL:0051243,MGE_242 medial ganglionic eminence derived interneuron (Hsap),1,allen-brain,1,https://doi.org/10.1101/2022.10.12.511898,SOX6,MME; MCUB; FBN2; SOX6; ADAMTSL1
"26,4",PCL:0051390,Splat_389 neuron (Hsap),1,allen-brain,1,https://doi.org/10.1101/2022.10.12.511898,DACH1,GATA3; DACH1; FIGN
"26,4",PCL:0051251,MGE_250 medial ganglionic eminence derived interneuron (Hsap),1,allen-brain,1,https://doi.org/10.1101/2022.10.12.511898,PROM1,ADAMTS9-AS2; ADGRG6; PROM1
"26,4",CL:0002196,hepatic oval stem cell,1,liver,1,https://doi.org/10.1634/stemcells.2007-0176; https://doi.org/10.1053/j.gastro.2012.08.024; https://doi.org/10.1038/ng.722; https://doi.org/10.1038/nature11826,PROM1,OPHN1; LGR5; EPCAM; PROM1; SOX9
"26,4",PCL:0051367,Splat_366 neuron (Hsap),1,allen-brain,1,https://doi.org/10.1101/2022.10.12.511898,DACH1,DACH1; EBF3; TCF7L2; KLHL1
"26,4",PCL:0051242,MGE_241 sst GABAergic cortical interneuron (Hsap),1,allen-brain,1,https://doi.org/10.1101/2022.10.12.511898,SOX6,RP11-656G20.1; ANKRD30B; SOX6; BMP6
"26,4",PCL:0015085,Exc L5 THEMIS VILL primary motor cortex glutamatergic neuron (Hsap),1,allen-brain,1,https://doi.org/10.1038/s41586-021-03465-8,DACH1,TNC; DACH1
"26,4",PCL:0051424,Splat_423 neuron (Hsap),1,allen-brain,1,https://doi.org/10.1101/2022.10.12.511898,SOX6,PROX1; SOX6; TSHZ2
"26,5",CL:1000457,mesothelial cell of visceral peritoneum,10,large-intestine,1,isBN:978-1496398949; ISBN:978-1496398949,KRT18,KRT8; KRT18; CALB2
"26,5",CL:0009084,glandular epithelial cell of endometrium,3,placenta,1,https://doi.org/10.1186/s13287-018-0962-6; https://doi.org/10.1177/1933719118756745; https://doi.org/10.1093/humrep/det285,KRT18,KRT19; KRT18; FUT4; EPCAM
"26,5",CL:0000576,monocyte,1,thymus,1,https://doi.org/10.1126/science.aay3224,S100A6,CTSS; VCAN; LYZ; CD52; S100A9; S100A8; FCN1; S100A6; S100A4; S100A12
"26,5",CL:0009077,subcapsular thymic epithelial cell,1,thymus,1,https://doi.org/10.1016/s0065-2776(08)60900-1,TMSB4X,PTMA; TMSB4X
"26,5",CL:0002138,endothelial cell of lymphatic vessel,1,thymus,1,https://doi.org/10.1080/01926230600865549; https://doi.org/10.1126/science.aay3224,TFF3,NTS; MMRN1; FABP5; NUPR1; LAPTM5; TFPI; TFF3; PROX1; CAVIN2; LYVE1; CCL21
"26,5",CL:0009074,medullary thymic epithelial cell type 4,1,thymus,1,https://doi.org/10.3791/50951; https://doi.org/10.1038/s41586-018-0345-2; https://doi.org/10.1080/01926230600865549; https://doi.org/10.1126/science.aay3224,KRT18,PTPRC; IRAG2; KRT8; FOXI1; DCLK1; KRT18; ANXA4; RASSF6; ANXA1; CDR2; EPCAM; HEPACAM2; BMX
"26,5",CL:0000883,thymic cortical macrophage,1,thymus,1,https://doi.org/10.1016/s0065-2776(08)60900-1,TMSB4X,STAB1; APOE; C1QC; C1QB; TMSB4X; SLC40A1; LGMN; SELENOP; MS4A7; C1QA; RNASE1
"26,6",CL:0000576,monocyte,6,fallopian-tube; thymus,2,https://doi.org/10.1126/science.aay3224; https://doi.org/10.1016/j.celrep.2021.108978,LYZ,CTSS; VCAN; S100A9; S100A8; FCN1; S100A6; S100A4; S100A12; CD52; LYZ
"26,6",CL:0000235,macrophage,5,fallopian-tube,1,https://doi.org/10.1016/j.celrep.2021.108978,LYZ,LYZ; CD163
"26,6",CL:0000451,dendritic cell,5,fallopian-tube,1,https://doi.org/10.1016/j.celrep.2021.108978,LYZ,LYZ; ITGAX
"26,6",CL:0000866,thymic macrophage,3,thymus,1,https://doi.org/10.1016/j.imbio.2008.07.032; https://doi.org/10.1016/s0065-2776(08)60900-1; https://doi.org/10.1016/j.imbio.2008.07.032.; https://doi.org/10.1126/science.aay3224,LYZ,LGMN; LYZ; ITGAX; ICAM1; MS4A7; CD68; SELENOP; SLC40A1; C1QB; C1QA; ITGAM; C1QC; CD163; RNASE1; CD209; APOE; STAB1
"26,6",CL:0002059,CD8-alpha-positive thymic conventional dendritic cell,2,thymus,1,https://doi.org/10.1172/JCI11734; https://doi.org/10.1038/cti.2015.21; https://doi.org/10.1126/science.aay3224,LYZ,PTPRC; ITGAX; LYZ; LGALS2; CPVL; SIRPA; ITGAM; XCR1; CD33; BATF3; IRF8; C1orf54; CD4; DNASE1L3; CD83; RGCC; HLA-DPA1; THBD; CLEC9A
"26,6",CL:0000540,neuron,2,spinal-cord,1,https://doi.org/10.1016/j.neuron.2023.01.007,ONECUT2,ONECUT2; ZFHX3; POU6F2
"26,6",PCL:0051273,LLC_272 interneuron (Hsap),1,allen-brain,1,https://doi.org/10.1101/2022.10.12.511898,PDGFD,PDGFD; FREM2; LAMP5; SFRP1
"26,6",PCL:0051123,ULIT_122 intratelencephalic-projecting glutamatergic cortical neuron (Hsap),1,allen-brain,1,https://doi.org/10.1101/2022.10.12.511898,PDGFD,LINC01500; LINC00507; PDGFD
"26,6",PCL:0051094,DLNP_93 near-projecting glutamatergic cortical neuron (Hsap),1,allen-brain,1,https://doi.org/10.1101/2022.10.12.511898,ROR1,CTB-57H20.1; NXPH2; IFNG-AS1; ROR1
"26,6",PCL:0051017,VendVC_16 capillary endothelial cell (Hsap),1,allen-brain,1,https://doi.org/10.1101/2022.10.12.511898,MECOM,MECOM; TRPM6
"26,6",CL:0009108,lymphatic endothelial cell of subcapsular sinus floor,1,lymph-node,1,https://doi.org/10.1016/j.immuni.2019.06.027; https://doi.org/10.3389/fcvm.2020.00052,LYZ,NT5E; MFAP4; MARCO; LYZ; ICAM1; PECAM1; CXCL1; PTPRC; ACKR4; CD9; CXCL5; THY1; PROX1; PDPN; CCL20; TNFRSF9; LYVE1; CD274; ACKR1; CLDN11; CAV1
"26,6",PCL:0015006,Inh L5-6 LAMP5 CRABP1 primary motor cortex GABAergic interneuron (Hsap),1,allen-brain,1,https://doi.org/10.1038/s41586-021-03465-8,PDGFD,PDGFD
"26,6",CL:0000882,thymic medullary macrophage,1,thymus,1,https://doi.org/10.1016/s0065-2776(08)60900-1; https://doi.org/10.1016/j.imbio.2008.07.032; https://doi.org/10.1126/science.aay3224,LYZ,ITGAX; ICAM1; STAB1; APOE; LYZ; LGMN; SELENOP; MS4A7; CD68; SLC40A1; C1QB; C1QA; ITGAM; C1QC; CD163; RNASE1; CD209
"26,6",PCL:0051228,EMSN_227 medium spiny neuron (Hsap),1,allen-brain,1,https://doi.org/10.1101/2022.10.12.511898,ONECUT2,ONECUT2; FAM160A1; NPFFR2; XACT
"26,6",CL:0000075,columnar/cuboidal epithelial cell,1,liver,1,https://doi.org/10.3748/wjg.v12.i22.3523,CFTR,CFTR
"26,6",CL:0000745,retina horizontal cell,1,eye,1,https://doi.org/10.1016/j.preteyeres.2020.100844; https://doi.org/10.1016/j.exer.2016.01.002,ONECUT2,ONECUT2; LHX1; ONECUT1; PVALB; CALB1
"26,6",PCL:0051019,VendA_18 endothelial cell of artery (Hsap),1,allen-brain,1,https://doi.org/10.1101/2022.10.12.511898,MECOM,MGP; MECOM
"26,6",PCL:0051374,Splat_373 neuron (Hsap),1,allen-brain,1,https://doi.org/10.1101/2022.10.12.511898,PDGFD,LHX2; PDGFD; TCF7L2; SHOX2
"26,6",PCL:0051333,Mmb_332 mammillary body neuron (Hsap),1,allen-brain,1,https://doi.org/10.1101/2022.10.12.511898,ONECUT2,ONECUT2; MYO1B; FRMPD2; SIM1
"26,6",PCL:0051238,Splat_237 sst GABAergic cortical interneuron (Hsap),1,allen-brain,1,https://doi.org/10.1101/2022.10.12.511898,PDGFD,PDGFD; BCHE; CMTM8
"26,6",PCL:0051124,ULIT_123 intratelencephalic-projecting glutamatergic cortical neuron (Hsap),1,allen-brain,1,https://doi.org/10.1101/2022.10.12.511898,PDGFD,RP11-191L9.4; LINC02306; LINC02263; PDGFD
"26,6",PCL:0051020,Vsmc_19 brain vascular cell (Hsap),1,allen-brain,1,https://doi.org/10.1101/2022.10.12.511898,MECOM,MECOM; ACTA2
"26,6",PCL:0051276,LLC_275 interneuron (Hsap),1,allen-brain,1,https://doi.org/10.1101/2022.10.12.511898,PDGFD,PDGFD; SFRP1; CA2; CXCL14
"26,6",PCL:0051016,VendC_15 capillary endothelial cell (Hsap),1,allen-brain,1,https://doi.org/10.1101/2022.10.12.511898,MECOM,ABCG2; MECOM; HMCN1
"26,6",PCL:0051406,Amex_405 amygdala excitatory neuron (Hsap),1,allen-brain,1,https://doi.org/10.1101/2022.10.12.511898,MEIS2,PRLR; MEIS2; NDST4; RXFP1; CDH13
"26,6",PCL:0051400,Splat_399 neuron (Hsap),1,allen-brain,1,https://doi.org/10.1101/2022.10.12.511898,MEIS2,MEIS2; RNF220; TFAP2B
"26,6",PCL:0051366,Splat_365 neuron (Hsap),1,allen-brain,1,https://doi.org/10.1101/2022.10.12.511898,MEIS2,MEIS2; GNAS; HTR2C; ZFHX3; CNTN1; CALM1
"26,6",PCL:0015103,Exc L5-6 FEZF2 SH2D1B primary motor cortex glutamatergic neuron (Hsap),1,allen-brain,1,https://doi.org/10.1038/s41586-021-03465-8,MEIS2,PAPSS2; NLGN4Y; MEIS2; ADAMTSL1
"26,6",PCL:0051392,Splat_391 neuron (Hsap),1,allen-brain,1,https://doi.org/10.1101/2022.10.12.511898,PDGFD,CTC-535M15.2; CTC-340A15.2; PDGFD; ST18; CDH12
"27,0",CL:0009016,intestinal crypt stem cell of large intestine,11,large-intestine,1,https://doi.org/10.1038/nature06196,CD44,RGMB; SMOC2; LRIG1; CD44; LGR5; SOX9
"27,0",CL:0002558,fibroblast of villous mesenchyme,8,placenta,1,https://doi.org/10.5966/sctm.2015-0022; https://doi.org/10.3346/jkms.2012.27.8.857; https://doi.org/10.1093/humrep/den051; https://doi.org/10.3390/cells1041061; https://doi.org/10.1186/s13287-017-0757-1; https://doi.org/10.1182/blood.V74.2.751.751; https://doi.org/10.1095/biolreprod51.4.739; https://doi.org/10.1095/biolreprod.108.075226; https://doi.org/10.1016/j.jcyt.2017.03.001,CD44,NT5E; ENG; CD44; THY1
"27,0",CL:4033014,peg cell,5,fallopian-tube,1,PMID:22911892,CD44,ITGA6; CD44; EPCAM
"27,0",CL:0000236,B cell,3,placenta,1,https://doi.org/10.1186/s13287-017-0757-1; https://doi.org/10.1182/blood.V74.2.751.751; https://doi.org/10.1095/biolreprod51.4.739; https://doi.org/10.1095/biolreprod.108.075226; https://doi.org/10.1093/intimm/7.7.1087; https://doi.org/10.3390/cells1041061; https://doi.org/10.1091/mbc.1.1.27; https://doi.org/10.1016/j.jcyt.2017.03.001,CD44,CD44; HLA-DRA; SDC1
"27,0",CL:0002255,stromal cell of endometrium,3,placenta,1,https://doi.org/10.5966/sctm.2015-0022; https://doi.org/10.3346/jkms.2012.27.8.857; https://doi.org/10.1093/humrep/den051; https://doi.org/10.3390/cells1041061; https://doi.org/10.1186/s13287-017-0757-1; https://doi.org/10.1182/blood.V74.2.751.751; https://doi.org/10.1016/s1472-6483(10)61745-2; https://doi.org/10.1095/biolreprod51.4.739; https://doi.org/10.1095/biolreprod.108.075226; https://doi.org/10.1016/j.jcyt.2017.03.001,CD44,MME; ENG; CD44; ANPEP; THY1
"27,0",CL:2000061,placental amniotic mesenchymal stromal cell,3,placenta,1,https://doi.org/10.5966/sctm.2015-0022; https://doi.org/10.3346/jkms.2012.27.8.857; https://doi.org/10.1093/humrep/den051; https://doi.org/10.3390/cells1041061; https://doi.org/10.1186/s13287-017-0757-1; https://doi.org/10.1182/blood.V74.2.751.751; https://doi.org/10.1095/biolreprod51.4.739; https://doi.org/10.1095/biolreprod.108.075226; https://doi.org/10.1016/j.jcyt.2017.03.001,CD44,NT5E; ENG; CD44; THY1
"27,0",CL:0000540,neuron,2,spinal-cord,1,https://doi.org/10.1016/j.neuron.2023.01.007,POU6F2,ONECUT2; ZFHX3; POU6F2
"27,0",PCL:0015103,Exc L5-6 FEZF2 SH2D1B primary motor cortex glutamatergic neuron (Hsap),1,allen-brain,1,https://doi.org/10.1038/s41586-021-03465-8,MEIS2,PAPSS2; NLGN4Y; MEIS2; ADAMTSL1
"27,0",CL:1001106,kidney loop of Henle thick ascending limb epithelial cell,1,kidney,1,https://doi.org/10.1681/ASN.2020010071; https://doi.org/10.1172/jci.insight.133267; https://doi.org/10.1038/s41586-020-2941-1; https://doi.org/10.1016/j.devcel.2019.10.005; https://doi.org/10.1038/s41467-019-10861-2,CASR,ATP1A1; CDH1; UMOD; CASR; SLC12A1
"27,0",PCL:0051134,ULIT_133 intratelencephalic-projecting glutamatergic cortical neuron (Hsap),1,allen-brain,1,https://doi.org/10.1101/2022.10.12.511898,POU6F2,POU6F2; ADAMTS17; TRPC3; RORB
"27,0",PCL:0051270,LLC_269 interneuron (Hsap),1,allen-brain,1,https://doi.org/10.1101/2022.10.12.511898,CHST9,CHST9; IFI44; ISM1
"27,0",PCL:0051406,Amex_405 amygdala excitatory neuron (Hsap),1,allen-brain,1,https://doi.org/10.1101/2022.10.12.511898,MEIS2,PRLR; MEIS2; NDST4; RXFP1; CDH13
"27,0",CL:0009081,specified double negative thymocyte (Homo sapiens),1,thymus,1,https://doi.org/10.3389/fimmu.2019.00447.; https://doi.org/10.1016/j.immuni.2020.03.019,CD44,CD79B; PTCRA; CD7; CD5; CD44; MME; CD3E; CD34; BCL11B; TCF7; SPI1
"27,0",CL:1001108,kidney loop of Henle medullary thick ascending limb epithelial cell,1,kidney,1,https://doi.org/10.1681/ASN.2020010071; https://doi.org/10.1172/jci.insight.133267; https://doi.org/10.1016/j.devcel.2019.10.005; https://doi.org/10.1038/s41467-019-10861-2,CASR,SLC12A1; CASR; CDH1; UMOD; RAP1GAP; PROX1; ATP1A1
"27,0",CL:0000745,retina horizontal cell,1,eye,1,https://doi.org/10.1016/j.preteyeres.2020.100844; https://doi.org/10.1016/j.exer.2016.01.002,ONECUT1,ONECUT2; LHX1; ONECUT1; PVALB; CALB1
"27,0",PCL:0051193,CA4_192 hippocampal CA4 neuron (Hsap),1,allen-brain,1,https://doi.org/10.1101/2022.10.12.511898,CASR,ITGA4; CASR; ATP10A
"27,0",CL:0002568,mesenchymal stem cell of Wharton's jelly,1,placenta,1,https://doi.org/10.5966/sctm.2015-0022; https://doi.org/10.3346/jkms.2012.27.8.857; https://doi.org/10.1093/humrep/den051; https://doi.org/10.3390/cells1041061; https://doi.org/10.1186/s13287-017-0757-1; https://doi.org/10.1182/blood.V74.2.751.751; https://doi.org/10.1095/biolreprod51.4.739; https://doi.org/10.1095/biolreprod.108.075226; https://doi.org/10.1016/j.jcyt.2017.03.001,CD44,NT5E; ENG; CD44; THY1
"27,0",PCL:0051392,Splat_391 neuron (Hsap),1,allen-brain,1,https://doi.org/10.1101/2022.10.12.511898,PDGFD,CTC-535M15.2; CTC-340A15.2; PDGFD; ST18; CDH12
"27,0",PCL:0051276,LLC_275 interneuron (Hsap),1,allen-brain,1,https://doi.org/10.1101/2022.10.12.511898,PDGFD,PDGFD; SFRP1; CA2; CXCL14
"27,0",PCL:0051412,Splat_411 neuron (Hsap),1,allen-brain,1,https://doi.org/10.1101/2022.10.12.511898,PDE3A,PDE3A; PPP1R17; RORB
"27,0",PCL:0051427,EMSN_426 medium spiny neuron (Hsap),1,allen-brain,1,https://doi.org/10.1101/2022.10.12.511898,MEIS1,MEIS1; RP11-537P24.1; TSHZ1
"27,0",PCL:0051374,Splat_373 neuron (Hsap),1,allen-brain,1,https://doi.org/10.1101/2022.10.12.511898,PDGFD,LHX2; PDGFD; TCF7L2; SHOX2
"27,0",PCL:0051268,LLC_267 interneuron (Hsap),1,allen-brain,1,https://doi.org/10.1101/2022.10.12.511898,CHST9,CHST9; MET; DDR2
"27,0",PCL:0051400,Splat_399 neuron (Hsap),1,allen-brain,1,https://doi.org/10.1101/2022.10.12.511898,MEIS2,MEIS2; RNF220; TFAP2B
"27,0",PCL:0051337,Splat_336 neuron (Hsap),1,allen-brain,1,https://doi.org/10.1101/2022.10.12.511898,ONECUT1,ONECUT1; FAM83B
"27,0",CL:1001109,kidney loop of Henle cortical thick ascending limb epithelial cell,1,kidney,1,https://doi.org/10.1681/ASN.2020010071; https://doi.org/10.1016/j.devcel.2019.10.005; https://doi.org/10.1038/s41467-019-10861-2,CASR,ATP1A1; TMEM207; CLDN16; CDH1; UMOD; CASR; SLC12A1
"27,0",CL:0002425,early T lineage precursor,1,thymus,1,https://doi.org/10.3389/fimmu.2019.00447.; https://doi.org/10.1016/j.immuni.2020.03.019,CD44,CD79B; MPO; CD7; CD44; IRF8; CD34; CD19; BCL11B; SPI1
"27,0",PCL:0015006,Inh L5-6 LAMP5 CRABP1 primary motor cortex GABAergic interneuron (Hsap),1,allen-brain,1,https://doi.org/10.1038/s41586-021-03465-8,PDGFD,PDGFD
"27,0",PCL:0051229,EMSN_228 medium spiny neuron (Hsap),1,allen-brain,1,https://doi.org/10.1101/2022.10.12.511898,MEIS1,MEIS1; NPFFR2; ADAMTSL1; RP11-154H17.1; SEMA3C
"27,0",PCL:0051379,Splat_378 neuron (Hsap),1,allen-brain,1,https://doi.org/10.1101/2022.10.12.511898,ONECUT1,ISL1; ONECUT1
"27,0",PCL:0015020,Inh L1-2 VIP EXPH5 primary motor cortex GABAergic interneuron (Hsap),1,allen-brain,1,https://doi.org/10.1038/s41586-021-03465-8,SCTR,ST18; SCTR
"27,0",PCL:0051443,Midi_442 midbrain-derived inhibitory neuron (Hsap),1,allen-brain,1,https://doi.org/10.1101/2022.10.12.511898,CASR,NPSR1; TSPAN12; CASR
"27,0",PCL:0051124,ULIT_123 intratelencephalic-projecting glutamatergic cortical neuron (Hsap),1,allen-brain,1,https://doi.org/10.1101/2022.10.12.511898,PDGFD,RP11-191L9.4; LINC02306; LINC02263; PDGFD
"27,0",PCL:0051238,Splat_237 sst GABAergic cortical interneuron (Hsap),1,allen-brain,1,https://doi.org/10.1101/2022.10.12.511898,PDGFD,PDGFD; BCHE; CMTM8
"27,0",PCL:0051391,Splat_390 neuron (Hsap),1,allen-brain,1,https://doi.org/10.1101/2022.10.12.511898,POU6F2,POU6F2; SNHG14; NRXN3; ZIC1
"27,0",CL:0009074,medullary thymic epithelial cell type 4,1,thymus,1,https://doi.org/10.3791/50951; https://doi.org/10.1038/s41586-018-0345-2; https://doi.org/10.1080/01926230600865549; https://doi.org/10.1126/science.aay3224,ANXA4,PTPRC; IRAG2; KRT8; FOXI1; DCLK1; KRT18; ANXA4; RASSF6; ANXA1; CDR2; EPCAM; HEPACAM2; BMX
"27,0",PCL:0051340,Splat_339 neuron (Hsap),1,allen-brain,1,https://doi.org/10.1101/2022.10.12.511898,MEIS1,MEIS1; LINC01798; SLC6A5
"27,0",CL:0000075,columnar/cuboidal epithelial cell,1,liver,1,https://doi.org/10.3748/wjg.v12.i22.3523,CFTR,CFTR
"27,0",PCL:0051274,LLC_273 interneuron (Hsap),1,allen-brain,1,https://doi.org/10.1101/2022.10.12.511898,CHST9,LRP2; CHST9; RP11-563D10.1; FBN2
"27,0",PCL:0051341,Splat_340 neuron (Hsap),1,allen-brain,1,https://doi.org/10.1101/2022.10.12.511898,ONECUT1,LINC01798; ONECUT1; LHX9
"27,0",PCL:0051273,LLC_272 interneuron (Hsap),1,allen-brain,1,https://doi.org/10.1101/2022.10.12.511898,PDGFD,PDGFD; FREM2; LAMP5; SFRP1
"27,0",PCL:0051230,EMSN_229 medium spiny neuron (Hsap),1,allen-brain,1,https://doi.org/10.1101/2022.10.12.511898,MEIS1,PTH2R; MEIS1; ADAMTSL1; CACNG5; TSHZ1
"27,0",PCL:0051149,DLIT_148 intratelencephalic-projecting glutamatergic cortical neuron (Hsap),1,allen-brain,1,https://doi.org/10.1101/2022.10.12.511898,POU6F2,MCUB; ADAMTS3; POU6F2
"27,0",PCL:0051269,LLC_268 interneuron (Hsap),1,allen-brain,1,https://doi.org/10.1101/2022.10.12.511898,CHST9,EYA4; CHST9; CMTM8; TACR1
"27,0",PCL:0051366,Splat_365 neuron (Hsap),1,allen-brain,1,https://doi.org/10.1101/2022.10.12.511898,MEIS2,MEIS2; GNAS; HTR2C; ZFHX3; CNTN1; CALM1
"27,0",CL:0009075,myo-medullary thymic epithelial cell,1,thymus,1,https://doi.org/10.1126/science.aay3224; https://doi.org/10.3791/50951; https://doi.org/10.1038/s41467-021-21346-6; https://doi.org/10.1080/01926230600865549,TTN,TTN; TPM2; TNNT3; EPCAM; PTPRC; NEB; MYOG; ACTA1; NNAT; CDR2; TNNI2; MYL11; KLHL41
"27,0",PCL:0051123,ULIT_122 intratelencephalic-projecting glutamatergic cortical neuron (Hsap),1,allen-brain,1,https://doi.org/10.1101/2022.10.12.511898,PDGFD,LINC01500; LINC00507; PDGFD
"27,0",PCL:0015033,Inh L2-5 VIP BSPRY primary motor cortex GABAergic interneuron (Hsap),1,allen-brain,1,https://doi.org/10.1038/s41586-021-03465-8,PDE3A,PDE3A; ST18
"27,0",PCL:0051338,Splat_337 neuron (Hsap),1,allen-brain,1,https://doi.org/10.1101/2022.10.12.511898,ONECUT1,ONECUT1; LINC03122; TAFA4
"27,1",CL:1000768,kidney connecting tubule epithelial cell,4,kidney,1,https://doi.org/10.1681/ASN.2020010071; https://doi.org/10.1038/s41467-019-10861-2,SLC8A1; HSD11B2; CALB1; SCN2A,HSD11B2; GATA3; TRPV5; CALB1; SLC8A1; SCNN1G; CDH1; SCN2A
"27,1",CL:4030017,epithelial cell of late distal convoluted tubule,3,kidney,1,https://doi.org/10.1681/ASN.2020010071; https://doi.org/10.1038/s41467-019-10861-2,SLC8A1; HSD11B2; CALB1,HSD11B2; TRPV5; CALB1; SLC8A1; SLC12A3; SCNN1G
"27,1",CL:0009073,medullary thymic epithelial cell type 3,2,thymus,1,https://doi.org/10.1038/nature03886.; https://doi.org/10.4049/jimmunol.1002151; https://doi.org/10.1038/s41467-021-21346-6; https://doi.org/10.3791/50951; https://doi.org/10.1080/01926230600865549; https://doi.org/10.1126/science.aay3224,DEFB1,SOX2; TSLP; S100A9; SFN; PERP; IVL; KRT6A; EPCAM; SUCO; LY6D; SPINK5; CDR2; CALML5; KRT10; DEFB1; PTPRC; KRT19
"27,1",CL:0000561,amacrine cell,1,eye,1,https://doi.org/10.1016/j.preteyeres.2020.100844; https://doi.org/10.1016/j.cell.2019.01.004; https://doi.org/10.1002/cne.23821,CALB1,GAD1; C1QL2; SCGN; GAD2; C1QL1; TFAP2C; CALB1; TFAP2B; TFAP2A; SLC6A9
"27,1",PCL:0015043,Inh L5-6 SST ISX primary motor cortex GABAergic interneuron (Hsap),1,allen-brain,1,https://doi.org/10.1038/s41586-021-03465-8,TRPM3,COL19A1; TRPM3
"27,1",CL:4030020,kidney connecting tubule alpha-intercalated cell,1,kidney,1,https://doi.org/10.1681/ASN.2020010071; https://doi.org/10.1038/s41467-019-10861-2,SLC8A1,NXPH2; AQP6; SLC26A7; SLC8A1; SLC4A1
"27,1",PCL:0051161,Amex_160 amygdala excitatory neuron (Hsap),1,allen-brain,1,https://doi.org/10.1101/2022.10.12.511898,PTGER3,PTGER3; MSC-AS1; NPFFR2; PLEKHG4B
"27,1",CL:0000745,retina horizontal cell,1,eye,1,https://doi.org/10.1016/j.preteyeres.2020.100844; https://doi.org/10.1016/j.exer.2016.01.002,CALB1,ONECUT2; LHX1; ONECUT1; PVALB; CALB1
"27,1",PCL:0051390,Splat_389 neuron (Hsap),1,allen-brain,1,https://doi.org/10.1101/2022.10.12.511898,DACH1,GATA3; DACH1; FIGN
"27,1",PCL:0015085,Exc L5 THEMIS VILL primary motor cortex glutamatergic neuron (Hsap),1,allen-brain,1,https://doi.org/10.1038/s41586-021-03465-8,DACH1,TNC; DACH1
"27,1",PCL:0051155,Amex_154 amygdala excitatory neuron (Hsap),1,allen-brain,1,https://doi.org/10.1101/2022.10.12.511898,PTGER3,RP11-412K20.1; RP11-33A14.1; PTGER3; DCSTAMP
"27,1",PCL:0051420,Amex_419 amygdala excitatory neuron (Hsap),1,allen-brain,1,https://doi.org/10.1101/2022.10.12.511898,PTH2R,CTC-552D5.1; PTH2R; NR2F2-AS1; CARM1P1; SCN5A
"27,1",PCL:0051244,MGE_243 sst GABAergic cortical interneuron (Hsap),1,allen-brain,1,https://doi.org/10.1101/2022.10.12.511898,CALB1,CTD-2533K21.4; PENK; EYA4; CALB1
"27,1",PCL:0051041,Oligo_40 oligodendrocyte (Hsap),1,allen-brain,1,https://doi.org/10.1101/2022.10.12.511898,ERBB4,ERBB4; OPALIN; PLP1
"27,1",CL:1000849,kidney distal convoluted tubule epithelial cell,1,kidney,1,https://doi.org/10.1681/ASN.2020010071; https://doi.org/10.1038/s41467-019-10861-2,CALB1,TRPM6; ATP1A1; CALB1; CDH1; SLC12A3; SALL3
"27,1",CL:4030019,kidney connecting tubule intercalated cell,1,kidney,1,https://doi.org/10.1038/s41586-020-2941-1; https://doi.org/10.1038/s41467-019-10861-2; https://doi.org/10.1681/ASN.2020010071,SLC8A1,SLC8A1; ATP6V0D2; CA2
"27,1",PCL:0051373,Thex_372 thalamic excitatory neuron (Hsap),1,allen-brain,1,https://doi.org/10.1101/2022.10.12.511898,PTH2R,PTH2R; RNF220; FAM9B; TCF7L2
"27,1",PCL:0015050,Inh L1-2 SST CCNJL primary motor cortex GABAergic interneuron (Hsap),1,allen-brain,1,https://doi.org/10.1038/s41586-021-03465-8,CALB1,SPHKAP; TMEM132C; CALB1
"27,1",PCL:0051230,EMSN_229 medium spiny neuron (Hsap),1,allen-brain,1,https://doi.org/10.1101/2022.10.12.511898,PTH2R,PTH2R; MEIS1; ADAMTSL1; CACNG5; TSHZ1
"27,1",CL:0000750,OFF-bipolar cell,1,eye,1,https://doi.org/10.1523/JNEUROSCI.1249-13.2013; https://doi.org/10.1002/cne.10491; https://doi.org/10.1016/j.preteyeres.2020.100844,CALB1,CALB1; CABP1; SCN1A; HCN1
"27,1",PCL:0051367,Splat_366 neuron (Hsap),1,allen-brain,1,https://doi.org/10.1101/2022.10.12.511898,DACH1,DACH1; EBF3; TCF7L2; KLHL1
"27,1",PCL:0051147,DLIT_146 intratelencephalic-projecting glutamatergic cortical neuron (Hsap),1,allen-brain,1,https://doi.org/10.1101/2022.10.12.511898,ADAMTS16,ADAMTS16; CBLN2; SNTG2; FBXL21P
"27,1",PCL:0051234,EMSN_233 medium spiny neuron (Hsap),1,allen-brain,1,https://doi.org/10.1101/2022.10.12.511898,CADPS2,PCDH11X; AC133680.1; ZNF736P9Y; CADPS2
"27,2",CL:1000716,kidney outer medulla collecting duct principal cell,4,kidney,1,https://doi.org/10.1172/jci.insight.133267; https://doi.org/10.1016/j.devcel.2019.10.005; https://doi.org/10.1038/s41467-019-10861-2,AQP3; AQP2; GATA3; SCNN1G,AQP3; AQP2; GATA3; FXYD4; SCNN1G
"27,2",CL:1001431,kidney collecting duct principal cell,4,kidney,1,https://doi.org/10.1172/jci.insight.133267; https://doi.org/10.1038/s41586-020-2941-1; https://doi.org/10.1016/j.devcel.2019.10.005; https://doi.org/10.1038/s41467-019-10861-2,AQP3; AQP2; GATA3; SCNN1G,AQP3; AQP2; GATA3; FXYD4; SCNN1G
"27,2",CL:1000714,kidney cortex collecting duct principal cell,4,kidney,1,https://doi.org/10.1172/jci.insight.133267; https://doi.org/10.1016/j.devcel.2019.10.005; https://doi.org/10.1038/s41467-019-10861-2,AQP3; AQP2; GATA3; SCNN1G,AQP3; AQP2; GATA3; FXYD4; SCNN1G
"27,2",CL:4030018,kidney connecting tubule principal cell,3,kidney,1,https://doi.org/10.1681/ASN.2020010071; https://doi.org/10.1038/s41586-020-2941-1; https://doi.org/10.1038/s41467-019-10861-2,AQP3; AQP2; SCNN1G,AQP3; AQP2; FXYD4; SCNN1G
"27,2",CL:1001109,kidney loop of Henle cortical thick ascending limb epithelial cell,2,kidney,1,https://doi.org/10.1681/ASN.2020010071; https://doi.org/10.1016/j.devcel.2019.10.005; https://doi.org/10.1038/s41467-019-10861-2,SLC12A1; UMOD,ATP1A1; TMEM207; CLDN16; CDH1; UMOD; CASR; SLC12A1
"27,2",CL:1000768,kidney connecting tubule epithelial cell,2,kidney,1,https://doi.org/10.1681/ASN.2020010071; https://doi.org/10.1038/s41467-019-10861-2,GATA3; SCNN1G,HSD11B2; GATA3; TRPV5; CALB1; SLC8A1; SCNN1G; CDH1; SCN2A
"27,2",CL:1001108,kidney loop of Henle medullary thick ascending limb epithelial cell,2,kidney,1,https://doi.org/10.1681/ASN.2020010071; https://doi.org/10.1172/jci.insight.133267; https://doi.org/10.1016/j.devcel.2019.10.005; https://doi.org/10.1038/s41467-019-10861-2,SLC12A1; UMOD,SLC12A1; CASR; CDH1; UMOD; RAP1GAP; PROX1; ATP1A1
"27,2",CL:0000546,T-helper 2 cell,2,lymph-node,1,ISBN:9781933477060; https://doi.org/10.4049/jimmunol.1701025,GATA3,ID2; CXCR3; PTGDR2; GATA3; CD8A; CD4; CD3G; IL7R; CCR4; CD3D
"27,2",CL:1001106,kidney loop of Henle thick ascending limb epithelial cell,2,kidney,1,https://doi.org/10.1681/ASN.2020010071; https://doi.org/10.1172/jci.insight.133267; https://doi.org/10.1038/s41586-020-2941-1; https://doi.org/10.1016/j.devcel.2019.10.005; https://doi.org/10.1038/s41467-019-10861-2,SLC12A1; UMOD,ATP1A1; CDH1; UMOD; CASR; SLC12A1
"27,2",CL:1000850,macula densa epithelial cell,1,kidney,1,https://doi.org/10.1681/ASN.2020010071; https://doi.org/10.1016/j.devcel.2019.10.005; https://doi.org/10.1038/s41467-019-10861-2,SLC12A1,ATP1A1; NOS1; CDH1; SLC12A1; ROBO2
"27,2",PCL:0051234,EMSN_233 medium spiny neuron (Hsap),1,allen-brain,1,https://doi.org/10.1101/2022.10.12.511898,CADPS2,PCDH11X; AC133680.1; ZNF736P9Y; CADPS2
"27,2",CL:4030017,epithelial cell of late distal convoluted tubule,1,kidney,1,https://doi.org/10.1681/ASN.2020010071; https://doi.org/10.1038/s41467-019-10861-2,SCNN1G,HSD11B2; TRPV5; CALB1; SLC8A1; SLC12A3; SCNN1G
"27,2",PCL:0051230,EMSN_229 medium spiny neuron (Hsap),1,allen-brain,1,https://doi.org/10.1101/2022.10.12.511898,PTH2R,PTH2R; MEIS1; ADAMTSL1; CACNG5; TSHZ1
"27,2",PCL:0051353,Splat_352 neuron (Hsap),1,allen-brain,1,https://doi.org/10.1101/2022.10.12.511898,GATA3,LHX1; LINC01210; GATA3; EBF3
"27,2",PCL:0051016,VendC_15 capillary endothelial cell (Hsap),1,allen-brain,1,https://doi.org/10.1101/2022.10.12.511898,MECOM,ABCG2; MECOM; HMCN1
"27,2",PCL:0051030,Fbl_29 fibroblast (Hsap),1,allen-brain,1,https://doi.org/10.1101/2022.10.12.511898,BMPR1B,EBF2; SLC2A1; BMPR1B
"27,2",PCL:0051362,Splat_361 neuron (Hsap),1,allen-brain,1,https://doi.org/10.1101/2022.10.12.511898,GATA3,GATA3; TAC1; SIX3
"27,2",PCL:0051437,Midi_436 midbrain-derived inhibitory neuron (Hsap),1,allen-brain,1,https://doi.org/10.1101/2022.10.12.511898,BMPR1B,OTX2-AS1; HMCN1; BMPR1B
"27,2",PCL:0051357,Splat_356 neuron (Hsap),1,allen-brain,1,https://doi.org/10.1101/2022.10.12.511898,GATA3,CTC-535M15.2; SATB1-AS1; GATA3
"27,2",PCL:0051390,Splat_389 neuron (Hsap),1,allen-brain,1,https://doi.org/10.1101/2022.10.12.511898,GATA3,GATA3; DACH1; FIGN
"27,2",PCL:0051420,Amex_419 amygdala excitatory neuron (Hsap),1,allen-brain,1,https://doi.org/10.1101/2022.10.12.511898,PTH2R,CTC-552D5.1; PTH2R; NR2F2-AS1; CARM1P1; SCN5A
"27,2",PCL:0015043,Inh L5-6 SST ISX primary motor cortex GABAergic interneuron (Hsap),1,allen-brain,1,https://doi.org/10.1038/s41586-021-03465-8,TRPM3,COL19A1; TRPM3
"27,2",PCL:0051449,Thex_448 thalamic excitatory neuron (Hsap),1,allen-brain,1,https://doi.org/10.1101/2022.10.12.511898,NDRG1,NDRG1; ETV1
"27,2",CL:0001069,group 2 innate lymphoid cell,1,skin,1,https://doi.org/10.1126/science.aaa6566,GATA3,NCAM1; GATA3; CD3D
"27,2",PCL:0051373,Thex_372 thalamic excitatory neuron (Hsap),1,allen-brain,1,https://doi.org/10.1101/2022.10.12.511898,PTH2R,PTH2R; RNF220; FAM9B; TCF7L2
"27,2",CL:1000454,kidney collecting duct epithelial cell,1,kidney,1,https://doi.org/10.1681/ASN.2020010071; https://doi.org/10.1172/jci.insight.133267; https://doi.org/10.1038/s41467-019-10861-2,GATA3,KRT8; GATA3; CDH1
"27,2",CL:0000540,neuron,1,spinal-cord,1,https://doi.org/10.1016/j.neuron.2023.01.007,GATA3,GATA3; ZFHX3; FOXP2
"27,2",PCL:0051019,VendA_18 endothelial cell of artery (Hsap),1,allen-brain,1,https://doi.org/10.1101/2022.10.12.511898,MECOM,MGP; MECOM
"27,2",PCL:0051438,Midi_437 midbrain-derived inhibitory neuron (Hsap),1,allen-brain,1,https://doi.org/10.1101/2022.10.12.511898,BMPR1B,CH17-174L20.1; OTX2-AS1; BMPR1B; RORB
"27,2",PCL:0051359,Splat_358 neuron (Hsap),1,allen-brain,1,https://doi.org/10.1101/2022.10.12.511898,GATA3,GRIK1; GATA3; ZFHX3; TAFA1; TFAP2B
"27,2",PCL:0051289,CGE_288 lamp5 GABAergic cortical interneuron (Hsap),1,allen-brain,1,https://doi.org/10.1101/2022.10.12.511898,ROR2,CRH; CA2; CXCL14; ROR2
"27,2",CL:1000417,myoepithelial cell of sweat gland,1,skin,1,https://doi.org/10.1097/DAD.0000000000000306; https://doi.org/10.1083/jcb.95.2.580; https://doi.org/10.1046/j.0022-202x.2001.00005.x,GATA3,PIP; GATA3
"27,2",PCL:0051397,Splat_396 neuron (Hsap),1,allen-brain,1,https://doi.org/10.1101/2022.10.12.511898,GATA3,LMX1B; GATA3; SEMA3D
"27,2",PCL:0051354,Splat_353 neuron (Hsap),1,allen-brain,1,https://doi.org/10.1101/2022.10.12.511898,GATA3,CTC-535M15.2; HPGD; GATA3
"27,2",PCL:0051020,Vsmc_19 brain vascular cell (Hsap),1,allen-brain,1,https://doi.org/10.1101/2022.10.12.511898,MECOM,MECOM; ACTA2
"27,2",PCL:0051356,Splat_355 neuron (Hsap),1,allen-brain,1,https://doi.org/10.1101/2022.10.12.511898,GATA3,KIZ-AS1; ZFPM2-AS1; GATA3; TRHDE
"27,2",PCL:0015077,Exc L2-3 LINC00507 DSG3 primary motor cortex glutamatergic neuron (Hsap),1,allen-brain,1,https://doi.org/10.1038/s41586-021-03465-8,BMPR1B,BMPR1B; BDNF
"27,2",PCL:0051017,VendVC_16 capillary endothelial cell (Hsap),1,allen-brain,1,https://doi.org/10.1101/2022.10.12.511898,MECOM,MECOM; TRPM6
"27,2",PCL:0051306,CBI_305 cerebellar inhibitory GABAergic interneuron (Hsap),1,allen-brain,1,https://doi.org/10.1101/2022.10.12.511898,BMPR1B,NTN1; LINC02552; TFAP2B; BMPR1B
"27,2",CL:1000718,kidney inner medulla collecting duct principal cell,1,kidney,1,https://doi.org/10.1681/ASN.2020010071; https://doi.org/10.1101/2021.07.28.454201; https://doi.org/10.1016/j.devcel.2019.10.005; https://doi.org/10.1038/s41467-019-10861-2,AQP2,AQP2; SLC14A2
"27,3",CL:0000540,neuron,7,spinal-cord,1,https://doi.org/10.1016/j.neuron.2023.01.007,CAPN8; SOX5,ISM1; LMO3; CARTPT; RASSF3; CAPN8; NR2F2; IGF1; LETR1; NMU; CALCB; TAC1; PENK; SOX5
"27,3",CL:1000489,reticular cell of splenic cord,2,spleen,1,https://doi.org/10.55418/9781933477060.; https://doi.org/10.1111/imm.12469; https://doi.org/10.1038/s41467-019-09728-3,CLU,MADCAM1; NGFR; IL7; ENPP2; CCL19; CCL21; BST1; DSC2; THBD; ACTA2; THY1; C3; CLU; CD74; CR2; DCN; ENG
"27,3",CL:4028006,alveolar adventitial fibroblast,2,lung,1,https://doi.org/10.1148/93.3.507; https://doi.org/10.1136/thx.13.2.110,SLPI,MFAP4; MFAP5; FBLN1; SCARA5; DCN; PLA2G2A; LUM; COL1A2; COL6A3; PI16; DCLK1; CDON; SLPI
"27,3",CL:1000714,kidney cortex collecting duct principal cell,2,kidney,1,https://doi.org/10.1172/jci.insight.133267; https://doi.org/10.1016/j.devcel.2019.10.005; https://doi.org/10.1038/s41467-019-10861-2,AQP2; FXYD4,AQP3; AQP2; GATA3; FXYD4; SCNN1G
"27,3",CL:4030012,kidney loop of Henle short descending thin limb epithelial cell,2,kidney,1,https://doi.org/10.1681/ASN.2020010071; https://doi.org/10.1152/ajprenal.2000.278.1.F52; https://doi.org/10.1172/jci.insight.133267; https://doi.org/10.1038/s41467-019-10861-2,CRYAB; SLC14A2,ID1; CRYAB; SATB2; JAG1; TACSTD2; SPP1; CPE; SLC14A2
"27,3",CL:4030014,kidney loop of Henle long descending thin limb inner medulla epithelial cell,2,kidney,1,https://doi.org/10.1681/ASN.2020010071; https://doi.org/10.1152/ajprenal.2000.278.2.F202; https://doi.org/10.1152/ajprenal.2000.278.1.F52; https://doi.org/10.1101/2021.07.28.454201; https://doi.org/10.1016/j.devcel.2019.10.005; https://doi.org/10.1038/s41467-019-10861-2,CRYAB; SLC14A2,SH3GL3; CRYAB; CLDN1; SLC4A11; TACSTD2; CPE; SLC14A2
"27,3",CL:1000716,kidney outer medulla collecting duct principal cell,2,kidney,1,https://doi.org/10.1172/jci.insight.133267; https://doi.org/10.1016/j.devcel.2019.10.005; https://doi.org/10.1038/s41467-019-10861-2,AQP2; FXYD4,AQP3; AQP2; GATA3; FXYD4; SCNN1G
"27,3",CL:1001431,kidney collecting duct principal cell,2,kidney,1,https://doi.org/10.1172/jci.insight.133267; https://doi.org/10.1038/s41586-020-2941-1; https://doi.org/10.1016/j.devcel.2019.10.005; https://doi.org/10.1038/s41467-019-10861-2,AQP2; FXYD4,AQP3; AQP2; GATA3; FXYD4; SCNN1G
"27,3",CL:1000718,kidney inner medulla collecting duct principal cell,2,kidney,1,https://doi.org/10.1681/ASN.2020010071; https://doi.org/10.1101/2021.07.28.454201; https://doi.org/10.1016/j.devcel.2019.10.005; https://doi.org/10.1038/s41467-019-10861-2,AQP2; SLC14A2,AQP2; SLC14A2
"27,3",CL:4030018,kidney connecting tubule principal cell,2,kidney,1,https://doi.org/10.1681/ASN.2020010071; https://doi.org/10.1038/s41586-020-2941-1; https://doi.org/10.1038/s41467-019-10861-2,AQP2; FXYD4,AQP3; AQP2; FXYD4; SCNN1G
"27,3",CL:1001111,kidney loop of Henle thin descending limb epithelial cell,1,kidney,1,https://doi.org/10.1681/ASN.2020010071; https://doi.org/10.1172/jci.insight.133267; https://doi.org/10.1038/s41467-019-10861-2,CRYAB,CRYAB; SATB2; CDH1; VIM; VCAM1; SLC44A5; SPP1
"27,3",CL:0000883,thymic cortical macrophage,1,thymus,1,https://doi.org/10.1016/s0065-2776(08)60900-1,TMSB4X,STAB1; APOE; C1QC; C1QB; TMSB4X; SLC40A1; LGMN; SELENOP; MS4A7; C1QA; RNASE1
"27,3",CL:0000576,monocyte,1,thymus,1,https://doi.org/10.1126/science.aay3224,S100A6,CTSS; VCAN; LYZ; CD52; S100A9; S100A8; FCN1; S100A6; S100A4; S100A12
"27,3",CL:0000636,Mueller cell,1,eye,1,https://doi.org/10.1155/2007/39245; https://doi.org/10.1016/j.ophtha.2017.09.016,CLU,GFAP; CRYM; CLU; CRABP1; SLC1A3; GLUL; DKK3; APOE; RLBP1
"27,3",PCL:0015025,Inh L1-3 VIP CHRNA2 primary motor cortex GABAergic interneuron (Hsap),1,allen-brain,1,https://doi.org/10.1038/s41586-021-03465-8,EYA4,EYA4; PPP1R1C
"27,3",CL:1001107,kidney loop of Henle thin ascending limb epithelial cell,1,kidney,1,https://doi.org/10.1016/j.devcel.2019.10.005; https://doi.org/10.1038/s41467-019-10861-2,CRYAB,CLCNKA; CLDN3; CDH1; PROX1; TACSTD2; CRYAB; SH3GL3
"27,3",PCL:0015001,Inh L1 LAMP5 PVRL2 primary motor cortex GABAergic interneuron (Hsap),1,allen-brain,1,https://doi.org/10.1038/s41586-021-03465-8,HS3ST5,RELN; HS3ST5; CBLN4; TRPC3
"27,3",ASCTB-TEMP:transitional-principal-intercalated-cell,Transitional principal-intercalated cell,1,kidney,1,https://doi.org/10.1172/jci.insight.133267; https://doi.org/10.1038/s41467-019-10861-2,FXYD4,FXYD4; SLC26A7; SLC4A9
"27,3",PCL:0015004,Inh L1-6 LAMP5 NES primary motor cortex GABAergic interneuron (Hsap),1,allen-brain,1,https://doi.org/10.1038/s41586-021-03465-8,EYA4,RO; KIT; EYA4; NTNG1; EPHA3
"27,3",CL:0009077,subcapsular thymic epithelial cell,1,thymus,1,https://doi.org/10.1016/s0065-2776(08)60900-1,TMSB4X,PTMA; TMSB4X
"27,3",PCL:0051050,Oligo_49 oligodendrocyte (Hsap),1,allen-brain,1,https://doi.org/10.1101/2022.10.12.511898,CRYAB,CARNS1; CRYAB; AC084149.2; SLC5A11; TF
"27,3",PCL:0051269,LLC_268 interneuron (Hsap),1,allen-brain,1,https://doi.org/10.1101/2022.10.12.511898,EYA4,EYA4; CHST9; CMTM8; TACR1
"27,3",CL:4030013,kidney loop of Henle long descending thin limb outer medulla epithelial cell,1,kidney,1,https://doi.org/10.1681/ASN.2020010071; https://doi.org/10.1152/ajprenal.2000.278.1.F52; https://doi.org/10.1101/2021.07.28.454201; https://doi.org/10.1016/j.devcel.2019.10.005; https://doi.org/10.1038/s41467-019-10861-2,CRYAB,CRYAB; SLC39A8; AQP1; SLC4A11; TACSTD2; SLC9A3
"27,3",PCL:0051288,CGE_287 lamp5 GABAergic cortical interneuron (Hsap),1,allen-brain,1,https://doi.org/10.1101/2022.10.12.511898,EYA4,MYH11; EYA4; ADAMTS20
"27,3",PCL:0051244,MGE_243 sst GABAergic cortical interneuron (Hsap),1,allen-brain,1,https://doi.org/10.1101/2022.10.12.511898,EYA4,CTD-2533K21.4; PENK; EYA4; CALB1
"27,3",PCL:0051064,Astro_63 astrocyte (Hsap),1,allen-brain,1,https://doi.org/10.1101/2022.10.12.511898,CRYAB,GFAP; CRYAB
"27,3",CL:0009071,medullary thymic epithelial cell type 1,1,thymus,1,https://doi.org/10.3791/50951; https://doi.org/10.1038/s41467-021-21346-6; https://doi.org/10.1126/science.aay3224,CLU,PTPRC; SAA1; EPCAM; KRT5; CCL19; CH25H; CLU; FN1; CDR2; KRT14; KRT19; KRT15; PTGDS; ASCL1
"28,0",CL:0009018,lymphocyte of large intestine lamina propria,33,large-intestine,1,https://doi.org/10.1007/978-1-4939-0897-4_3; https://doi.org/10.1016/j.immuni.2020.02.001,MS4A1,CD79A; MS4A1; CR2; CD19
"28,0",ASCTB-TEMP:b-cell,B cell,18,uterus,1,https://doi.org/10.1101/2021.01.02.425073,MS4A1,CCL5; MS4A1; CXCR4; CD69
"28,0",CL:0000788,naive B cell,11,thymus; lymph-node; blood-pelvis; bone-marrow; spleen,5,https://doi.org/10.1126/sciimmunol.aah4447; https://doi.org/10.1111/imm.12469; https://doi.org/10.1007/s00418-013-1172-z; ISBN:9781933477060; ISBN:9781933477381; https://doi.org/10.1186/s13059-019-1906-x; PMCID:PMC1900414; https://doi.org/10.1126/science.aay3224; https://doi.org/10.1038/s41467-019-12464-3,PAX5; MS4A1,HLA-DQB1; BIRC3; YBX3; IL4R; CD79A; PTPRC; CD1C; SELL; CD40; BCL2; PAX5; CD22; IGHM; CD19; FCAMR; CD74; CR2; HLA-DRA; CD27; CD24; CD38; MS4A1; IGHD; FCER2; MME; TCL1A; SDC1
"28,0",CL:0000787,memory B cell,9,lymph-node; blood-pelvis; bone-marrow; spleen,4,https://doi.org/10.1111/j.1365-2567.2005.02242.x; https://doi.org/10.1111/imm.12469; https://doi.org/10.1007/s00418-013-1172-z; ISBN:9781933477381; https://doi.org/10.1186/s13059-019-1906-x; PMCID:PMC1900414; ISBN:9781933477060; https://doi.org/10.1002/jcla.20001,MS4A1,PTPRC; CD79A; MME; SELL; CD74; CR2; CD19; IGHG1; IGHM; CD22; MS4A1; CD82; HLA-DRA; CD27; CD24; IGHD; IGHA1; CD38
"28,0",CL:0000442,follicular dendritic cell,6,spleen; lymph-node,2,PMID: 20126587; https://doi.org/10.1111/imm.12469; https://doi.org/10.1038/s41467-019-09728-3; https://doi.org/10.1007/s00418-011-0799-x; https://doi.org/10.1097/PAI.0b013e318183a8e2; https://doi.org/10.1016/j.smim.2007.12.001; https://doi.org/10.1016/j.ajpath.2010.12.039,CR1,PTHLH; NGFR; ENG; KLF6; THY1; THBD; CXCL13; ICAM1; VCAM1; ACTA2; MFGE8; FCER2; PDPN; CR1; FNBP1; SOX9; CD74; CR2; POSTN; FCGR2B; FCGR1BP; MADCAM1
"28,0",CL:0000972,class switched memory B cell,6,thymus; spleen,2,https://doi.org/10.1126/sciimmunol.aah4447; https://doi.org/10.1080/01926230600865549; https://doi.org/10.1126/science.aay3224; https://https://doi.org/.org/10.1186/s13059-019-1906-x; https://doi.org/10.1007/s00418-020-01924-3; https://doi.org/10.1007/s00418-013-1172-z; https://doi.org/10.1186/s13059-019-1906-x,BANK1; ADAM28; MS4A1,CD19; MS4A1; HLA-DRA; CD27; IGHM; IGHD; CRIP1; LY86; CD79A; ADAM28; HLA-DQA1; BANK1; IGHA1; TNFRSF13B; GPR183
"28,0",CL:0000236,B cell,6,kidney; allen-brain; lymph-node; skin; spleen,5,https://doi.org/10.1111/imm.12469; https://doi.org/10.4049/jimmunol.1801211; ISBN:9781933477060; https://doi.org/10.1186/s13059-019-1906-x; PMCID:PMC1900414; https://doi.org/10.1172/jci.insight.133267; https://doi.org/10.1038/s41586-020-2941-1; https://doi.org/10.1038/s41573-020-00092-2; https://doi.org/10.1038/s41467-019-10861-2; https://doi.org/10.1126/science.aat5031; https://doi.org/10.1101/2022.10.12.511898,MS4A1,CD19; JCHAIN; HLA-DRA; CD79A; MS4A1
"28,0",CL:0000980,plasmablast,5,spleen; lymph-node,2,https://doi.org/10.55418/9781933477060.; https://doi.org/10.1002/eji.200425442; https://doi.org/10.1186/s13059-019-1906-x; ISBN:9781933477060,MS4A1,JCHAIN; IGHG1; XBP1; IRF4; CD79A; CXCR4; MS4A1; CD38; IGHM; CD27; PRDM1; SDC1
"28,0",CL:0000818,transitional stage B cell,5,blood-pelvis; spleen,2,https://doi.org/10.1038/s41421-020-0157-z; https://doi.org/10.1093/intimm/14.2.157; https://doi.org/10.1111/imm.12469; https://doi.org/10.1186/s13059-019-1906-x; https://doi.org/10.1073/pnas.172384399,CR1; MS4A1,CXCR4; IL4R; PLPP5; FCGR2B; PDPN; VCAM1; NGFR; ICAM1; CD79A; FCER2; MME; IGHD; TCL1A; SOX4; CD24; CD27; CXCL13; IGLL5; CD19; APLP2; CR2; IGHM; CD22; BCL7A; CD38; CR1; MS4A1; CD5; FCRLA
"28,0",CL:0000816,immature B cell,4,blood-pelvis; bone-marrow,2,https://doi.org/10.3389/fimmu.2012.00302,PAX5; MS4A1,CD22; PAX5; CD27; IGHM; MME; IGHD; MS4A1; CR2; CD19
"28,0",CL:0000786,plasma cell,4,spleen; thymus; lymph-node,3,https://doi.org/10.1126/sciimmunol.aah4447; https://doi.org/10.1080/01926230600865549; https://doi.org/10.1126/science.aay3224; https://doi.org/10.55418/9781933477060.; https://doi.org/10.1002/eji.200425442; https://doi.org/10.1186/s13059-019-1906-x; PMCID:PMC1900414; ISBN:9781933477060,MS4A1,IGKC; IGHG3; MZB1; FKBP11; DERL3; SSR4; SDC1; CXCR4; PRDM1; CD27; SEC11C; IGHM; CD79A; XBP1; CD28; CD19; IGHG1; CD38; IRF4; JCHAIN; MS4A1; ITGAL
"28,0",ASCTB-TEMP:cycling-b,Cycling B,3,palatine-tonsil,1,https://doi.org/10.1101/2022.06.24.497299; https://doi.org/10.1126/sciimmunol.abh3768,MS4A1,CD19; KIF4A; CDCA2; MYBL1; MKI67; NUGGC; E2F8; FAM111B; NUF2; CLSPN; ANLN; GTSE1; MS4A1
"28,0",CL:0000970,unswitched memory B cell,3,thymus,1,https://doi.org/10.1126/sciimmunol.aah4447; https://doi.org/10.1080/01926230600865549; https://doi.org/10.1126/science.aay3224,BANK1; ADAM28; MS4A1,GPR183; HLA-DRA; ADAM28; BANK1; TNFRSF13B; IGHA1; HLA-DQA1; LY86; CRIP1; MS4A1; CD19; IGHM; CD27
"28,0",CL:0000817,precursor B cell,1,bone-marrow,1,https://doi.org/10.1016/j.exphem.2018.09.004,PAX5,PAX5; IL7R; MME; IGHD; IGHM; CD34; CD19
"28,0",PCL:0015039,Inh L3-5 VIP TAC3 primary motor cortex GABAergic interneuron (Hsap),1,allen-brain,1,https://doi.org/10.1038/s41586-021-03465-8,COL19A1,COL19A1; SOX2-OT; TSHZ2
"28,0",CL:0009111,centrocyte,1,lymph-node,1,ISBN:9781933477381; https://doi.org/10.1182/blood-2012-03-415380; ISBN:9781933477060,MS4A1,BCL2; MKI67; MME; IGHD; CD38; CR2; CD19; CD83; CD27; MS4A1; CXCR5; BCL6
"28,0",PCL:0051388,Splat_387 neuron (Hsap),1,allen-brain,1,https://doi.org/10.1101/2022.10.12.511898,PAX5,PAX5; EBF2
"28,0",CL:0000844,germinal center B cell,1,spleen,1,https://doi.org/10.1371/journal.pone.0229778; https://doi.org/10.1111/j.1365-2559.1986.tb02482.x; https://doi.org/10.1111/j.1365-2559.1985.tb02841.x; https://doi.org/10.1186/s13059-019-1906-x,MS4A1,MKI67; IGHD; MS4A1; AICDA; CD27
"28,0",PCL:0015043,Inh L5-6 SST ISX primary motor cortex GABAergic interneuron (Hsap),1,allen-brain,1,https://doi.org/10.1038/s41586-021-03465-8,COL19A1,COL19A1; TRPM3
"28,0",CL:0000934,"CD4-positive, alpha-beta cytotoxic T cell",1,thymus,1,https://doi.org/10.1126/science.aay3224,ARID5B,IL10; GZMK; DUSP4; CST7; RGS1; ARID5B; GZMA; RNF19A; CKLF; PRDM1
"28,0",ASCTB-TEMP:splenic-stromal-cell-non-frc-non-fdc-,Splenic Stromal Cell (non-FRC/non-FDC),1,spleen,1,https://doi.org/10.1111/imm.12469,CR1,ENG; PDPN; CR2; NGFR; CR1; MADCAM1; TNFSF11; ACTA2; THY1; THBD; CXCL13
"28,0",ASCTB-TEMP:mantle-zone-b-cell,Mantle Zone B Cell,1,spleen,1,https://doi.org/10.1111/imm.12325; https://doi.org/10.1111/imm.12469; https://doi.org/10.1186/s13059-019-1906-x,MS4A1,IGHD; TNFRSF13B; MS4A1; IGHM; CD27
"28,0",CL:0000845,marginal zone B cell of spleen,1,spleen,1,https://doi.org/10.1182/blood-2004-01-0346; https://doi.org/10.1111/imm.12469,MS4A1,CD1D; CD1C; FCER2; IL6; CD27; IGHM; IGHD; CR2; MS4A1
"28,0",CL:0009112,centroblast,1,lymph-node,1,ISBN:9781933477381; https://doi.org/10.1182/blood-2012-03-415380; PMCID:PMC1900414,MS4A1,CD38; CD19; AICDA; CD27; MKI67; LMO2; MME; IGHD; BCL2; CD74; MS4A1; CXCR4; BCL6
"28,1",ASCTB-TEMP:lymphocyte,lymphocyte,18,uterus,1,https://doi.org/10.1101/2021.01.02.425073,PTPRC,PTPRC; NCAM1
"28,1",CL:0000909,"CD8-positive, alpha-beta memory T cell",5,lymph-node; spleen,2,https://doi.org/10.1111/j.1365-2362.2006.01626.x; https://doi.org/10.1126/sciimmunol.aau6085; https://doi.org/10.1186/s13059-019-1906-x; https://doi.org/10.1002/cyto.a.20643; ISBN:9781933477060,PTPRC,PRF1; CD27; CD3E; ITGA1; CD8A; GNLY; CD4; PTPRC; CD3G; GZMB; CXCR6; CD3D
"28,1",CL:0000900,"naive thymus-derived CD8-positive, alpha-beta T cell",4,spleen; lymph-node,2,https://doi.org/10.1126/sciimmunol.aau6085; https://doi.org/10.1186/s13059-019-1906-x; https://doi.org/10.1002/cyto.a.20643; ISBN:9781933477060,PTPRC,CD8A; CD4; PTPRC; CD3G; CD3E; CD28; CCR7; CD3D; SELL
"28,1",CL:0002436,mature CD4 single-positive thymocyte,4,thymus,1,https://doi.org/10.1172/JCI7558.; https://doi.org/10.1126/science.aay3224; https://doi.org/10.3389/fimmu.2019.00447; https://doi.org/10.1038/s41467-021-21346-6,PTPRC; CAMK4,CD8A; CD3E; CD38; GIMAP7; ADD3; ID2; CD27; DENND2D; ABLIM1; ARMH1; PTPRC; CD69; RPL17; SELL; CAMK4; CD1A; CD4
"28,1",CL:0000895,"naive thymus-derived CD4-positive, alpha-beta T cell",4,spleen; lymph-node,2,https://doi.org/10.1126/sciimmunol.aau6085; https://doi.org/10.1186/s13059-019-1906-x; ISBN:9781933477060; https://doi.org/10.4049/jimmunol.1701025,PTPRC,CD8A; CD4; PTPRC; CD3G; CD3E; CD28; CCR7; CD3D; SELL
"28,1",CL:0002138,endothelial cell of lymphatic vessel,4,lymph-node,1,https://doi.org/10.1016/j.immuni.2019.06.027; https://doi.org/10.3389/fcvm.2020.00052,PTPRC,PTPRC; PECAM1; NT5E; MFAP4; CLEC4M; LYVE1; NUDT4; CD274; ICAM1; CLDN11; CAV1; ACKR4; PROX1; TNFRSF9; PDPN; STAB2; CD209; CLEC4G; MARCO
"28,1",CL:0000897,"CD4-positive, alpha-beta memory T cell",3,spleen; lymph-node,2,https://doi.org/10.1111/j.1365-2362.2006.01626.x; https://doi.org/10.1186/s13059-019-1906-x; ISBN:9781933477060; https://doi.org/10.4049/jimmunol.1701025,PTPRC,CD27; CD3E; ITGA1; CD8A; CD4; PTPRC; CD3G; CXCR6; CD3D
"28,1",CL:0000084,T cell,3,kidney; allen-brain,2,https://doi.org/10.1172/jci.insight.133267; https://doi.org/10.1038/s41586-020-2941-1; https://doi.org/10.1038/s41467-019-10861-2; https://doi.org/10.1126/science.aat5031; https://doi.org/10.1101/2022.10.12.511898,CD247; CD96; THEMIS,CD247; CD3G; CD96; CD3D; CD40LG; THEMIS; CD2
"28,1",CL:0002460,CD8-alpha-negative thymic conventional dendritic cell,2,thymus,1,https://doi.org/10.1172/JCI11734; https://doi.org/10.1038/cti.2015.21; https://doi.org/10.1126/science.aay3224,PTPRC,MNDA; LGALS2; ITGAX; XCR1; CD1C; CD33; HLA-DQB1; THBD; ALDH2; SIRPA; ITGAM; CD4; PTPRC; CLEC10A; GSN; HLA-DQA1; CD83; JAML; CTSH
"28,1",CL:0000788,naive B cell,2,lymph-node,1,ISBN:9781933477060; ISBN:9781933477381; PMCID:PMC1900414,PTPRC,BCL2; PTPRC; IGHD; SELL; HLA-DRA; CD27; CD19; CD1C; CD38; MME; FCER2; CR2; FCAMR; CD74; MS4A1
"28,1",CL:0000814,mature NK T cell,2,kidney,1,https://doi.org/10.1172/jci.insight.133267; https://doi.org/10.1038/s41586-020-2941-1; https://doi.org/10.1038/s41467-019-10861-2,CD247; CD96,NKG7; CD96; GNLY; CD247; GZMA; CD3G; RUNX3
"28,1",CL:0002059,CD8-alpha-positive thymic conventional dendritic cell,2,thymus,1,https://doi.org/10.1172/JCI11734; https://doi.org/10.1038/cti.2015.21; https://doi.org/10.1126/science.aay3224,PTPRC,PTPRC; ITGAX; LYZ; LGALS2; CPVL; SIRPA; ITGAM; XCR1; CD33; BATF3; IRF8; C1orf54; CD4; DNASE1L3; CD83; RGCC; HLA-DPA1; THBD; CLEC9A
"28,1",CL:0009073,medullary thymic epithelial cell type 3,2,thymus,1,https://doi.org/10.1038/nature03886.; https://doi.org/10.4049/jimmunol.1002151; https://doi.org/10.1038/s41467-021-21346-6; https://doi.org/10.3791/50951; https://doi.org/10.1080/01926230600865549; https://doi.org/10.1126/science.aay3224,PTPRC,SOX2; TSLP; S100A9; SFN; PERP; IVL; KRT6A; EPCAM; SUCO; LY6D; SPINK5; CDR2; CALML5; KRT10; DEFB1; PTPRC; KRT19
"28,1",CL:0000787,memory B cell,2,lymph-node,1,ISBN:9781933477381; PMCID:PMC1900414; ISBN:9781933477060,PTPRC,CD27; HLA-DRA; CD79A; PTPRC; CD74; MS4A1; CD19
"28,1",CL:0000749,ON-bipolar cell,2,eye,1,https://doi.org/10.1002/cne.22756; https://doi.org/10.1002/cne.10491,PRKCA,CACNA1G; SCN1A; HCN1; PRKCA
"28,1",CL:0002437,mature CD8 single-positive thymocyte,2,thymus,1,https://doi.org/10.1172/JCI7558.; https://doi.org/10.3389/fimmu.2019.00447; https://doi.org/10.1038/s41467-021-21346-6; https://doi.org/10.1126/science.aay3224,PTPRC,CD4; CD38; STK17A; CD27; IL7R; CD69; CD7; CD8A; CD8B; CD1A; LRRN3; CD3E; CHI3L2; PTPRC; ACTN1; GZMM
"28,1",CL:0000942,thymic plasmacytoid dendritic cell,2,thymus,1,https://doi.org/10.1172/JCI11734; https://doi.org/10.1172/JCI11734.; https://doi.org/10.1126/science.aay3224; https://doi.org/10.1182/blood-2008-11-187633,PTPRC,CCDC50; ANPEP; CD33; PLAC8; PLD4; IL3RA; UGCG; GZMB; PSMB11; ITGAX; PTPRC; IRF8; IRF7; JCHAIN; CLEC4C; LILRA4
"28,1",CL:0009108,lymphatic endothelial cell of subcapsular sinus floor,1,lymph-node,1,https://doi.org/10.1016/j.immuni.2019.06.027; https://doi.org/10.3389/fcvm.2020.00052,PTPRC,NT5E; MFAP4; MARCO; LYZ; ICAM1; PECAM1; CXCL1; PTPRC; ACKR4; CD9; CXCL5; THY1; PROX1; PDPN; CCL20; TNFRSF9; LYVE1; CD274; ACKR1; CLDN11; CAV1
"28,1",PCL:0051151,DLIT_150 intratelencephalic-projecting glutamatergic cortical neuron (Hsap),1,allen-brain,1,https://doi.org/10.1101/2022.10.12.511898,THEMIS,THEMIS; POSTN; HPSE2
"28,1",CL:0000798,gamma-delta T cell,1,thymus,1,https://doi.org/10.1126/science.aay3224; https://doi.org/10.4049/jimmunol.1303119,PTPRC,LAT; CD1A; CCR9; IFNG; TLE5; CD3E; SH3BP5; FCGRT; SELL; TESPA1; TRD; ANXA1; PTPRC; CD27; TRG; TRDC; SMPD3
"28,1",CL:0000815,regulatory T cell,1,spleen,1,https://doi.org/10.1016/j.immuni.2012.09.020; https://doi.org/10.1007/s00262-015-1729-x; https://doi.org/10.1186/s13059-019-1906-x,PTPRC,PTPRC; FOXP3; IL7R; CD4; CD3E; IL2RA; CCR7
"28,1",PCL:0051143,DLIT_142 intratelencephalic-projecting glutamatergic cortical neuron (Hsap),1,allen-brain,1,https://doi.org/10.1101/2022.10.12.511898,THEMIS,CTD-2195H9.1; CTC-535M15.2; THEMIS
"28,1",CL:0002425,early T lineage precursor,1,thymus,1,https://doi.org/10.3389/fimmu.2019.00447.; https://doi.org/10.1016/j.immuni.2020.03.019,BCL11B,CD79B; MPO; CD7; CD44; IRF8; CD34; CD19; BCL11B; SPI1
"28,1",ASCTB-TEMP:splenic-littoral-cell,Splenic Littoral Cell,1,spleen,1,https://doi.org/10.4049/jimmunol.1103086; https://doi.org/10.1182/blood.V126.23.3594.3594; https://doi.org/10.1182/bloodadvances.2017015073,PTPRC,PTPRC; ACKR1; MRC1; SIRPA; CR2; FHOD1; CD8A; PECAM1; CD3E; CD34; CD14; VWF
"28,1",CL:0002364,cortical thymic epithelial cell,1,thymus,1,https://doi.org/10.1182/blood-2008-11-187633.; https://doi.org/10.1126/science.aay3224; https://doi.org/10.3791/50951,PTPRC,PSMB9; PSMB10; PDLIM1; PTPRC; PSMB11; PRSS16; CDR2; PLTP; CCL25; EPCAM; COX7A1; SCX; CTSV; S100A14; GNG11
"28,1",CL:0009075,myo-medullary thymic epithelial cell,1,thymus,1,https://doi.org/10.1126/science.aay3224; https://doi.org/10.3791/50951; https://doi.org/10.1038/s41467-021-21346-6; https://doi.org/10.1080/01926230600865549,PTPRC,TTN; TPM2; TNNT3; EPCAM; PTPRC; NEB; MYOG; ACTA1; NNAT; CDR2; TNNI2; MYL11; KLHL41
"28,1",CL:0009109,lymphatic endothelial cell of trabecula,1,lymph-node,1,https://doi.org/10.1016/j.immuni.2019.06.027; https://doi.org/10.3389/fcvm.2020.00052,PTPRC,NT5E; MFAP4; MARCO; PTPRC; PROX1; PDPN; ACKR4; CAV1; PECAM1; CLDN11; LYVE1; TNFRSF9
"28,1",CL:0000557,granulocyte monocyte progenitor cell,1,bone-marrow,1,https://doi.org/10.1038/ni.1889,PTPRC,NCAM1; MPO; PTPRC; AZU1; FLT3; CD3E; CD38; CD34; CD14; CALR; IL3RA; FCGR3A; CLEC11A
"28,1",PCL:0015100,Exc L5 THEMIS RGPD6 primary motor cortex glutamatergic neuron (Hsap),1,allen-brain,1,https://doi.org/10.1038/s41586-021-03465-8,THEMIS,THEMIS; DDR2
"28,1",CL:0009074,medullary thymic epithelial cell type 4,1,thymus,1,https://doi.org/10.3791/50951; https://doi.org/10.1038/s41586-018-0345-2; https://doi.org/10.1080/01926230600865549; https://doi.org/10.1126/science.aay3224,PTPRC,PTPRC; IRAG2; KRT8; FOXI1; DCLK1; KRT18; ANXA4; RASSF6; ANXA1; CDR2; EPCAM; HEPACAM2; BMX
"28,1",CL:0000936,early lymphoid progenitor,1,bone-marrow,1,https://doi.org/10.1038/ni.1889,PTPRC,NCAM1; PTPRC; IL2RG; SOX4; SYK; CD2; CD14; CD34; GYPA; CD19; BCL11A; FCGR3A; JCHAIN; CD38; CD3E
"28,1",CL:0000748,retinal bipolar neuron,1,eye,1,https://doi.org/10.1016/j.brainres.2007.06.007; https://doi.org/10.1016/j.exer.2016.01.002; https://doi.org/10.1016/j.cell.2019.01.004,PRKCA,PRKCA; OTX2; RCVRN; MIP; ISL1; GRM6; TRPM1; GRIK1; GNAO1; VSX2; CABP5; VSX1
"28,1",CL:0000037,hematopoietic stem cell,1,spleen,1,https://doi.org/10.1111/imcb.12035; https://doi.org/10.1101/2020.01.26.919753,PTPRC,SOX4; IGLL1; PTPRC; CPA3; HPGDS; CD38; CD34; CD19; THY1
"28,1",CL:0009081,specified double negative thymocyte (Homo sapiens),1,thymus,1,https://doi.org/10.3389/fimmu.2019.00447.; https://doi.org/10.1016/j.immuni.2020.03.019,BCL11B,CD79B; PTCRA; CD7; CD5; CD44; MME; CD3E; CD34; BCL11B; TCF7; SPI1
"28,1",CL:0009076,neuro-medullary thymic epithelial cell,1,thymus,1,https://doi.org/10.3791/50951; https://doi.org/10.1038/s41467-021-21346-6; https://doi.org/10.1080/01926230600865549; https://doi.org/10.1126/science.aay3224,PTPRC,MAP1B; HES6; NNAT; CDR2; KIF19; CLDN3; CAMK2B; CIB2; EPCAM; PTPRC; SYP; BEX1
"28,1",PCL:0051150,DLIT_149 intratelencephalic-projecting glutamatergic cortical neuron (Hsap),1,allen-brain,1,https://doi.org/10.1101/2022.10.12.511898,THEMIS,RP11-191L9.4; CTD-2050E21.2; LINC00343; TESPA1; THEMIS
"28,1",CL:0009110,lymphatic endothelial cell of medulla ceiling,1,lymph-node,1,https://doi.org/10.1016/j.immuni.2019.06.027; https://doi.org/10.3389/fcvm.2020.00052,PTPRC,NT5E; MFAP4; MARCO; PTPRC; PROX1; PDPN; ACKR4; CAV1; PECAM1; CLDN11; LYVE1; TNFRSF9
"28,1",CL:0009071,medullary thymic epithelial cell type 1,1,thymus,1,https://doi.org/10.3791/50951; https://doi.org/10.1038/s41467-021-21346-6; https://doi.org/10.1126/science.aay3224,PTPRC,PTPRC; SAA1; EPCAM; KRT5; CCL19; CH25H; CLU; FN1; CDR2; KRT14; KRT19; KRT15; PTGDS; ASCL1
"28,1",CL:0001058,"plasmacytoid dendritic cell, human",1,lymph-node,1,https://doi.org/10.1097/pap.0b013e3181bb6bc2; https://doi.org/10.1016/S0002-94401061694-X,PTPRC,PTPRC; ITGAX; IL3RA; JCHAIN; GZMB; CLEC4C; TCF4
"28,1",CL:0000914,immature NK T cell,1,thymus,1,https://doi.org/10.1111/cei.12045; https://doi.org/10.1002/eji.200425958; https://doi.org/10.1126/science.aay3224,PTPRC,NKG7; LAIR1; IL7R; IL4; CCL5; XCL1; CD4; SELL; PTPRC; CCR7; CD3E; CD8A; CST7; SAMD3; KLRB1; IFNG; GIMAP4; GZMK; GZMM
"28,1",CL:0000972,class switched memory B cell,1,thymus,1,https://doi.org/10.1126/sciimmunol.aah4447; https://doi.org/10.1080/01926230600865549; https://doi.org/10.1126/science.aay3224,BANK1,GPR183; HLA-DRA; ADAM28; BANK1; TNFRSF13B; IGHA1; HLA-DQA1; LY86; CRIP1; MS4A1; CD19; CD27
"28,1",CL:0009083,rearranging double negative thymocyte (Homo sapiens),1,thymus,1,https://doi.org/10.3389/fimmu.2019.00447.; https://doi.org/10.1016/j.immuni.2020.03.019,BCL11B,RAG2; CD79B; PTCRA; CD7; CD5; MME; DNTT; CD3E; CD1A; BCL11B; TCF7
"28,1",CL:0000764,erythroid lineage cell,1,bone-marrow,1,https://doi.org/10.1371/journal.pone.0162209,PTPRC,KIT; PTPRC; GYPA; APOC1; ENG; KLF1; GATA1; CD36; MYC; TFRC; KCNH2; PRSS57; EPCAM
"28,1",CL:0000049,common myeloid progenitor,1,bone-marrow,1,https://doi.org/10.1038/ni.1889,PTPRC,PTPRC; CD38; CD14; CD3E; FLT3; CYTL1; SERPINB1; FCGR3A; HPGD; IL3RA; CD34; GATA2; MEST; NCAM1
"28,1",CL:0000970,unswitched memory B cell,1,thymus,1,https://doi.org/10.1126/sciimmunol.aah4447; https://doi.org/10.1080/01926230600865549; https://doi.org/10.1126/science.aay3224,BANK1,GPR183; HLA-DRA; ADAM28; BANK1; TNFRSF13B; IGHA1; HLA-DQA1; LY86; CRIP1; MS4A1; CD19; IGHM; CD27
"28,1",CL:0000840,immature conventional dendritic cell,1,bone-marrow,1,https://doi.org/10.1182/blood-2004-02-0769,PTPRC,AXL; KIT; PTPRC; GYPA; CD36; ENG; CD22; TFRC; SIGLEC6
"28,1",CL:0000050,megakaryocyte-erythroid progenitor cell,1,bone-marrow,1,https://doi.org/10.1038/ni.1889,PTPRC,PTPRC; NCAM1; IL3RA; SPINK2; CTNNBL1; CD3E; PRSS57; FLT3; CD14; IL1B; CD38; TESPA1; FCGR3A; GATA1; CD34; GATA2
"28,1",CL:0009107,lymphatic endothelial cell of subcapsular sinus ceiling,1,lymph-node,1,https://doi.org/10.1016/j.immuni.2019.06.027; https://doi.org/10.3389/fcvm.2020.00052,PTPRC,NUDT4; NT5E; MFAP4; MARCO; PTPRC; PROX1; PDPN; ACKR4; CAV1; PECAM1; CLDN11; LYVE1; TNFRSF9
"28,1",CL:0009072,medullary thymic epithelial cell type 2,1,thymus,1,https://doi.org/10.3791/50951; https://doi.org/10.1038/s41467-021-21346-6; https://doi.org/10.1080/01926230600865549; https://doi.org/10.1126/science.aay3224,PTPRC,TYW3; CDR2; HLA-DQA1; KRT17; AIRE; NTHL1; PTPRC; KRT5; CCL19; VIM; EPCAM; SNCG; CSTA; FGF17; CALML3
"28,1",CL:0009082,committed double negative thymocyte (Homo sapiens),1,thymus,1,https://doi.org/10.3389/fimmu.2019.00447.; https://doi.org/10.1016/j.immuni.2020.03.019,BCL11B,CD79B; PTCRA; CD7; CD5; MME; CD3E; RAG2; CD34; BCL11B; TCF7
"28,1",CL:0001078,"group 3 innate lymphoid cell, human",1,spleen,1,https://doi.org/10.1038/ni.2830; https://doi.org/10.1186/s13059-019-1906-x,CD96,NCAM1; KLRB1; KIT; IL7R; ID2; AHR; NCR2; CD96; RORC
"28,2",CL:0000866,thymic macrophage,3,thymus,1,https://doi.org/10.1016/j.imbio.2008.07.032; https://doi.org/10.1016/s0065-2776(08)60900-1; https://doi.org/10.1016/j.imbio.2008.07.032.; https://doi.org/10.1126/science.aay3224,SLC40A1,LGMN; LYZ; ITGAX; ICAM1; MS4A7; CD68; SELENOP; SLC40A1; C1QB; C1QA; ITGAM; C1QC; CD163; RNASE1; CD209; APOE; STAB1
"28,2",CL:0002063,pulmonary alveolar type 2 cell,3,lung,1,https://doi.org/10.1148/93.3.507; https://doi.org/10.1136/thx.13.2.110,SLC39A8,FXYD3; SFTPA2; EPCAM; BMP1; CDH1; SLC39A8; HOPX; MFSD2A; LAMP3; SFTA2; ABCA3; ELF3; SFTPC; KRT1
"28,2",CL:0002062,pulmonary alveolar type 1 cell,3,lung,1,https://doi.org/10.1148/93.3.507; https://doi.org/10.1136/thx.13.2.110,SLC39A8,AQP4; FXYD3; SCEL; ELF3; SEMA3B; CDH1; CLIC5; SFTA2; EPCAM; RTKN2; SLC39A8; AGER; HOPX; GRAMD2A; KRT1
"28,2",PCL:0051457,Thex_456 thalamic excitatory neuron (Hsap),1,allen-brain,1,https://doi.org/10.1101/2022.10.12.511898,ST8SIA6,LINC02296; ST8SIA6; TCF7L2; BMP6
"28,2",PCL:0051448,Thex_447 thalamic excitatory neuron (Hsap),1,allen-brain,1,https://doi.org/10.1101/2022.10.12.511898,ST8SIA6,LINC01695; ST8SIA6; KCNH8; TGFBR2
"28,2",CL:0000883,thymic cortical macrophage,1,thymus,1,https://doi.org/10.1016/s0065-2776(08)60900-1,SLC40A1,STAB1; APOE; C1QC; C1QB; TMSB4X; SLC40A1; LGMN; SELENOP; MS4A7; C1QA; RNASE1
"28,2",PCL:0015017,Inh L1 SST P4HA3 primary motor cortex GABAergic interneuron (Hsap),1,allen-brain,1,https://doi.org/10.1038/s41586-021-03465-8,ST8SIA6,FOXO1; ARHGAP42; ST8SIA6
"28,2",CL:4030013,kidney loop of Henle long descending thin limb outer medulla epithelial cell,1,kidney,1,https://doi.org/10.1681/ASN.2020010071; https://doi.org/10.1152/ajprenal.2000.278.1.F52; https://doi.org/10.1101/2021.07.28.454201; https://doi.org/10.1016/j.devcel.2019.10.005; https://doi.org/10.1038/s41467-019-10861-2,SLC39A8,CRYAB; SLC39A8; AQP1; SLC4A11; TACSTD2; SLC9A3
"28,2",PCL:0051364,Splat_363 neuron (Hsap),1,allen-brain,1,https://doi.org/10.1101/2022.10.12.511898,ST8SIA6,NR2F2-AS1; ST8SIA6; EBF2
"28,2",CL:0000882,thymic medullary macrophage,1,thymus,1,https://doi.org/10.1016/s0065-2776(08)60900-1; https://doi.org/10.1016/j.imbio.2008.07.032; https://doi.org/10.1126/science.aay3224,SLC40A1,ITGAX; ICAM1; STAB1; APOE; LYZ; LGMN; SELENOP; MS4A7; CD68; SLC40A1; C1QB; C1QA; ITGAM; C1QC; CD163; RNASE1; CD209
"28,3",ASCTB-TEMP:innate-lymphoid-cell,innate lymphoid cell,18,uterus,1,https://doi.org/10.1101/2021.01.02.425073,SPINK2,SPINK2; KIT; IL7R; CXCR4; CD69; CCL5
"28,3",CL:0000129,microglial cell,4,spinal-cord,1,https://doi.org/10.1016/j.neuron.2023.01.007,AIF1,AIF1
"28,3",CL:0002620,skin fibroblast,2,skin,1,https://doi.org/10.1111/j.1365-2133.1989.tb15509.x; https://doi.org/10.1097/00000372-199606000-00008; https://doi.org/10.1074/jbc.M701586200,VIM,F3; CD34; VIM
"28,3",CL:0000186,myofibroblast cell,2,lymph-node,1,PMCID:PMC1899700; https://www.pathologyoutlines.com/topic/lymphnodesanatomy.html; https://doi.org/10.1002/ar.1091830404; https://fblt.cz/en/skripta/v-krev-a-organy-imunitniho-systemu/6-thymus-mizni-uzliny-a-difuzni-imunitni-system/,VIM,DES; COL1A1; ELN; COL3A1; ACTA2; VIM
"28,3",CL:0009105,T cell zone reticular cell,2,lymph-node,1,https://doi.org/10.3389/fimmu.2011.00035; https://doi.org/10.1016/j.jcyt.2017.01.010; https://doi.org/10.1016/j.ajpath.2010.12.039,VIM,PECAM1; IL7; PDPN; DES; ACTA2; VIM; CCL21; CCL19
"28,3",CL:0002038,T follicular helper cell,1,thymus,1,https://doi.org/10.1126/science.aay3224,FOSB,NR4A2; NDUFV2; FOSB; FLT3LG; ALG13; DDIT4; IL7R; FAM177A1; EIF4A3; CCNH
"28,3",CL:0000798,gamma-delta T cell,1,thymus,1,https://doi.org/10.1126/science.aay3224; https://doi.org/10.4049/jimmunol.1303119,ANXA1,LAT; CD1A; CCR9; IFNG; TLE5; CD3E; SH3BP5; FCGRT; SELL; TESPA1; TRD; ANXA1; PTPRC; CD27; TRG; TRDC; SMPD3
"28,3",PCL:0051005,Mgl_4 microglial cell (Hsap),1,allen-brain,1,https://doi.org/10.1101/2022.10.12.511898,SRGN,SRGN; HIF1A-AS3
"28,3",PCL:0051251,MGE_250 medial ganglionic eminence derived interneuron (Hsap),1,allen-brain,1,https://doi.org/10.1101/2022.10.12.511898,PROM1,ADAMTS9-AS2; ADGRG6; PROM1
"28,3",PCL:0051394,Splat_393 neuron (Hsap),1,allen-brain,1,https://doi.org/10.1101/2022.10.12.511898,RNF220,ISL1; RNF220; SIX3
"28,3",CL:0009104,B cell zone reticular cell,1,lymph-node,1,ISBN:9781933477381; https://doi.org/10.1080/01926230600867727,VIM,PECAM1; PDPN; DES; ACTA2; VIM; TNFSF11; CXCL12
"28,3",CL:0009103,lymph node marginal reticular cell,1,lymph-node,1,https://doi.org/10.3389/fimmu.2011.00035; https://doi.org/10.1016/j.jcyt.2017.01.010; https://doi.org/10.1016/j.ajpath.2010.12.039,VIM,PDPN; ENPP2; DES; ACTA2; VIM; TNFSF11; PECAM1; CXCL13
"28,3",CL:0009074,medullary thymic epithelial cell type 4,1,thymus,1,https://doi.org/10.3791/50951; https://doi.org/10.1038/s41586-018-0345-2; https://doi.org/10.1080/01926230600865549; https://doi.org/10.1126/science.aay3224,ANXA1,PTPRC; IRAG2; KRT8; FOXI1; DCLK1; KRT18; ANXA4; RASSF6; ANXA1; CDR2; EPCAM; HEPACAM2; BMX
"28,3",PCL:0051018,VendV_17 vein endothelial cell (Hsap),1,allen-brain,1,https://doi.org/10.1101/2022.10.12.511898,SRGN,SRGN; IL1R1
"28,3",CL:0000899,T-helper 17 cell,1,thymus,1,https://doi.org/10.1084/jem.20080397; https://doi.org/10.1126/science.aay3224,ANXA1,PLAC8; NOSIP; KLRB1; CARHSP1; ANXA1; CD4; IL7R; ZBTB16; CD40LG; SORL1
"28,3",CL:0000540,neuron,1,spinal-cord,1,https://doi.org/10.1016/j.neuron.2023.01.007,RNF220,ZFHX3; RNF220; FOXP2
"28,3",CL:0002196,hepatic oval stem cell,1,liver,1,https://doi.org/10.1634/stemcells.2007-0176; https://doi.org/10.1053/j.gastro.2012.08.024; https://doi.org/10.1038/ng.722; https://doi.org/10.1038/nature11826,PROM1,OPHN1; LGR5; EPCAM; PROM1; SOX9
"28,3",CL:1000452,parietal epithelial cell,1,kidney,1,https://doi.org/10.1172/jci.insight.133267; https://doi.org/10.1038/s41467-019-10861-2,VIM,CFH; CRB2; ALDH1A2; VIM; VCAM1
"28,3",PCL:0051373,Thex_372 thalamic excitatory neuron (Hsap),1,allen-brain,1,https://doi.org/10.1101/2022.10.12.511898,RNF220,PTH2R; RNF220; FAM9B; TCF7L2
"28,3",PCL:0051010,Mgl_9 microglial cell (Hsap),1,allen-brain,1,https://doi.org/10.1101/2022.10.12.511898,AIF1,LINC02712; AIF1; CX3CR1
"28,3",CL:0009072,medullary thymic epithelial cell type 2,1,thymus,1,https://doi.org/10.3791/50951; https://doi.org/10.1038/s41467-021-21346-6; https://doi.org/10.1080/01926230600865549; https://doi.org/10.1126/science.aay3224,VIM,TYW3; CDR2; HLA-DQA1; KRT17; AIRE; NTHL1; PTPRC; KRT5; CCL19; VIM; EPCAM; SNCG; CSTA; FGF17; CALML3
"28,3",CL:1001285,vasa recta descending limb cell,1,kidney,1,https://doi.org/10.1038/s41467-019-12872-5; https://doi.org/10.1101/2021.07.28.454201; https://doi.org/10.1038/s41467-019-10861-2,MCTP1,MCTP1; ADAMTS6; SERPINE2; PALMD; PECAM1; TM4SF1; SLC14A1
"28,3",CL:0000897,"CD4-positive, alpha-beta memory T cell",1,thymus,1,https://doi.org/10.1126/science.aay3224,ANXA1,IL7R; ANXA1; GPR183; KLF2; RGCC; AP3M2; CD69; CCR7; LTB; RPL36A
"28,3",ASCTB-TEMP:interdigitating-dendritic-cells,Interdigitating Dendritic Cells,1,spleen,1,https://doi.org/10.1309/M95G-7DQ2-TLQL-7Q11,VIM,CD68; CD1A; VIM; S100B
"28,3",PCL:0051300,CBI_299 cerebellar inhibitory GABAergic interneuron (Hsap),1,allen-brain,1,https://doi.org/10.1101/2022.10.12.511898,IGF2BP2,IGF2BP2; FNDC1; SLC6A5
"28,3",PCL:0051400,Splat_399 neuron (Hsap),1,allen-brain,1,https://doi.org/10.1101/2022.10.12.511898,RNF220,MEIS2; RNF220; TFAP2B
"28,3",CL:0000050,megakaryocyte-erythroid progenitor cell,1,bone-marrow,1,https://doi.org/10.1038/ni.1889,SPINK2,PTPRC; NCAM1; IL3RA; SPINK2; CTNNBL1; CD3E; PRSS57; FLT3; CD14; IL1B; CD38; TESPA1; FCGR3A; GATA1; CD34; GATA2
"28,3",CL:0011004,lens fiber cell,1,eye,1,https://doi.org/10.1167/iovs.15-18117,VIM,AQP0 residues 1-263 +fatty acyl; VIM
"28,3",CL:0009106,medullary reticular cell,1,lymph-node,1,https://doi.org/10.3389/fimmu.2011.00035.; https://doi.org/10.1016/j.jcyt.2017.01.010; https://doi.org/10.1016/j.ajpath.2010.12.039,VIM,PECAM1; PDPN; DES; ACTA2; VIM; TNFSF11; CXCL12
"28,3",CL:0000775,neutrophil,1,kidney,1,https://doi.org/10.1016/j.exphem.2016.10.008; https://doi.org/10.1172/jci.insight.133267; https://doi.org/10.1101/2021.07.28.454201; https://doi.org/10.1038/s41586-020-2941-1; https://doi.org/10.1126/science.aat5031,CSF3R,FCGR3B; CSF3R; S100A9; S100A8
"28,3",PCL:0051460,Thex_459 thalamic excitatory neuron (Hsap),1,allen-brain,1,https://doi.org/10.1101/2022.10.12.511898,RNF220,MCUB; RNF220; SLITRK6
"28,3",CL:1001111,kidney loop of Henle thin descending limb epithelial cell,1,kidney,1,https://doi.org/10.1681/ASN.2020010071; https://doi.org/10.1172/jci.insight.133267; https://doi.org/10.1038/s41467-019-10861-2,VIM,CRYAB; SATB2; CDH1; VIM; VCAM1; SLC44A5; SPP1
"28,3",CL:1000692,kidney interstitial fibroblast,1,kidney,1,https://doi.org/10.1172/jci.insight.133267; https://doi.org/10.1038/s41467-019-10861-2,VIM,LUM; COL1A2; COL1A1; DCN; ZEB2; C7; VIM
"28,4",CL:0002573,Schwann cell,117,large-intestine,1,https://doi.org/10.1034/j.1600-065x.2003.00072.x; PMCID:PMC1256735; https://doi.org/10.1111/j.1440-1827.1989.tb02421.x; isBN:978-1496398949; ISBN:978-1496398949; https://doi.org/10.1007/978-1-4939-0897-4_3,BID,NCAM1; UCHL1; BST2; BID
"28,4",CL:0000136,adipocyte,27,large-intestine,1,isBN:978-1496398949; ISBN:978-1496398949,BID,BID
"28,4",CL:0000942,thymic plasmacytoid dendritic cell,4,thymus,1,https://doi.org/10.1172/JCI11734; https://doi.org/10.1172/JCI11734.; https://doi.org/10.1126/science.aay3224; https://doi.org/10.1182/blood-2008-11-187633,CCDC50; IRF8,CCDC50; ANPEP; CD33; PLAC8; PLD4; IL3RA; UGCG; GZMB; PSMB11; ITGAX; PTPRC; IRF8; IRF7; JCHAIN; CLEC4C; LILRA4
"28,4",CL:0000866,thymic macrophage,3,thymus,1,https://doi.org/10.1016/j.imbio.2008.07.032; https://doi.org/10.1016/s0065-2776(08)60900-1; https://doi.org/10.1016/j.imbio.2008.07.032.; https://doi.org/10.1126/science.aay3224,LGMN,LGMN; LYZ; ITGAX; ICAM1; MS4A7; CD68; SELENOP; SLC40A1; C1QB; C1QA; ITGAM; C1QC; CD163; RNASE1; CD209; APOE; STAB1
"28,4",CL:0002059,CD8-alpha-positive thymic conventional dendritic cell,2,thymus,1,https://doi.org/10.1172/JCI11734; https://doi.org/10.1038/cti.2015.21; https://doi.org/10.1126/science.aay3224,IRF8,PTPRC; ITGAX; LYZ; LGALS2; CPVL; SIRPA; ITGAM; XCR1; CD33; BATF3; IRF8; C1orf54; CD4; DNASE1L3; CD83; RGCC; HLA-DPA1; THBD; CLEC9A
"28,4",CL:0000557,granulocyte monocyte progenitor cell,1,bone-marrow,1,https://doi.org/10.1038/ni.1889,FLT3,NCAM1; MPO; PTPRC; AZU1; FLT3; CD3E; CD38; CD34; CD14; CALR; IL3RA; FCGR3A; CLEC11A
"28,4",CL:0001058,"plasmacytoid dendritic cell, human",1,kidney,1,https://doi.org/10.1101/2021.07.28.454201; https://doi.org/10.1038/s41467-019-10861-2,FLT3,IL3RA; FLT3
"28,4",CL:0000049,common myeloid progenitor,1,bone-marrow,1,https://doi.org/10.1038/ni.1889,FLT3,PTPRC; CD38; CD14; CD3E; FLT3; CYTL1; SERPINB1; FCGR3A; HPGD; IL3RA; CD34; GATA2; MEST; NCAM1
"28,4",CL:0000882,thymic medullary macrophage,1,thymus,1,https://doi.org/10.1016/s0065-2776(08)60900-1; https://doi.org/10.1016/j.imbio.2008.07.032; https://doi.org/10.1126/science.aay3224,LGMN,ITGAX; ICAM1; STAB1; APOE; LYZ; LGMN; SELENOP; MS4A7; CD68; SLC40A1; C1QB; C1QA; ITGAM; C1QC; CD163; RNASE1; CD209
"28,4",CL:0000050,megakaryocyte-erythroid progenitor cell,1,bone-marrow,1,https://doi.org/10.1038/ni.1889,FLT3,PTPRC; NCAM1; IL3RA; SPINK2; CTNNBL1; CD3E; PRSS57; FLT3; CD14; IL1B; CD38; TESPA1; FCGR3A; GATA1; CD34; GATA2
"28,4",CL:0000990,conventional dendritic cell,1,kidney,1,https://doi.org/10.1084/jem.20030323; https://doi.org/10.1101/2021.07.28.454201; https://doi.org/10.1126/science.aat5031,FLT3,FLT3; ITGAX; CLEC9A
"28,4",CL:0001056,"dendritic cell, human",1,liver,1,https://doi.org/10.1111/imm.12888,FLT3,FLT3; ADGRE1; CSF1R; ITGAX; FCGR1A; CD74
"28,4",CL:0000148,melanocyte,1,large-intestine,1,ISBN:978-1496398949,BID,SOX10; melanA; BID
"28,4",CL:0002425,early T lineage precursor,1,thymus,1,https://doi.org/10.3389/fimmu.2019.00447.; https://doi.org/10.1016/j.immuni.2020.03.019,IRF8,CD79B; MPO; CD7; CD44; IRF8; CD34; CD19; BCL11B; SPI1
"28,4",CL:0000883,thymic cortical macrophage,1,thymus,1,https://doi.org/10.1016/s0065-2776(08)60900-1,LGMN,STAB1; APOE; C1QC; C1QB; TMSB4X; SLC40A1; LGMN; SELENOP; MS4A7; C1QA; RNASE1
"28,5",CL:0000818,transitional stage B cell,8,blood-pelvis; bone-marrow; spleen,3,https://doi.org/10.1093/intimm/14.2.157; https://doi.org/10.1038/s41421-020-0157-z; https://doi.org/10.1073/pnas.172384399,IGLL5; MME; BCL7A; TCL1A,IL4R; FCRLA; CD38; CD22; IGHM; CD19; IGLL5; MS4A1; CD27; CR2; THBD; CD24; HLA-DRA; SOX4; TCL1A; ITGAX; IGHD; MME; CLEC9A; FCER2; APLP2; CD14; CD1C; CD5; BCL7A; PLPP5; FCGR3A; CD3E; IL3RA; NCAM1; CXCR4
"28,5",CL:0000788,naive B cell,7,lymph-node; spleen; blood-pelvis; bone-marrow; thymus,5,https://doi.org/10.1126/sciimmunol.aah4447; https://doi.org/10.1111/imm.12469; ISBN:9781933477060; ISBN:9781933477381; https://doi.org/10.1186/s13059-019-1906-x; PMCID:PMC1900414; https://doi.org/10.1126/science.aay3224; https://doi.org/10.1038/s41467-019-12464-3,TCL1A; MME; PAX5,HLA-DQB1; CD79A; BIRC3; YBX3; IL4R; PTPRC; CD1C; SELL; CD40; BCL2; PAX5; CD22; IGHM; CD19; FCAMR; CD74; CR2; HLA-DRA; CD27; CD24; CD38; MS4A1; IGHD; FCER2; MME; TCL1A; SDC1
"28,5",CL:0000980,plasmablast,6,spleen; thymus; lymph-node,3,https://doi.org/10.1080/01926230600865549; https://doi.org/10.1126/science.aay3224; https://doi.org/10.55418/9781933477060.; https://doi.org/10.1002/eji.200425442; https://doi.org/10.1186/s13059-019-1906-x; ISBN:9781933477060,IRF4,JCHAIN; CD19; IGHG1; XBP1; IRF4; CD79A; CXCR4; MS4A1; CD38; IGHM; CD27; PRDM1; SDC1
"28,5",CL:0000786,plasma cell,4,spleen; lymph-node,2,https://doi.org/10.55418/9781933477060.; https://doi.org/10.1002/eji.200425442; https://doi.org/10.1186/s13059-019-1906-x; PMCID:PMC1900414; ISBN:9781933477060,IRF4,ITGAL; JCHAIN; IGHG1; XBP1; IGHM; CD27; IRF4; CD79A; CXCR4; MS4A1; CD38; PRDM1; SDC1
"28,5",CL:0000816,immature B cell,3,blood-pelvis; bone-marrow,2,https://doi.org/10.3389/fimmu.2012.00302,MME; PAX5,CD22; PAX5; CD27; IGHM; MME; IGHD; MS4A1; CR2; CD19
"28,5",CL:0002255,stromal cell of endometrium,3,placenta,1,https://doi.org/10.5966/sctm.2015-0022; https://doi.org/10.3346/jkms.2012.27.8.857; https://doi.org/10.1093/humrep/den051; https://doi.org/10.3390/cells1041061; https://doi.org/10.1186/s13287-017-0757-1; https://doi.org/10.1182/blood.V74.2.751.751; https://doi.org/10.1016/s1472-6483(10)61745-2; https://doi.org/10.1095/biolreprod51.4.739; https://doi.org/10.1095/biolreprod.108.075226; https://doi.org/10.1016/j.jcyt.2017.03.001,MME,MME; ENG; CD44; ANPEP; THY1
"28,5",CL:0009081,specified double negative thymocyte (Homo sapiens),2,thymus,1,https://doi.org/10.3389/fimmu.2019.00447.; https://doi.org/10.1016/j.immuni.2020.03.019,MME; CD79B,CD79B; PTCRA; CD7; CD5; CD44; MME; CD3E; CD34; BCL11B; TCF7; SPI1
"28,5",CL:0000817,precursor B cell,2,bone-marrow,1,https://doi.org/10.1016/j.exphem.2018.09.004,MME; PAX5,PAX5; IL7R; MME; IGHD; IGHM; CD34; CD19
"28,5",CL:0009083,rearranging double negative thymocyte (Homo sapiens),2,thymus,1,https://doi.org/10.3389/fimmu.2019.00447.; https://doi.org/10.1016/j.immuni.2020.03.019,MME; CD79B,RAG2; CD79B; PTCRA; CD7; CD5; MME; DNTT; CD3E; CD1A; BCL11B; TCF7
"28,5",CL:0009082,committed double negative thymocyte (Homo sapiens),2,thymus,1,https://doi.org/10.3389/fimmu.2019.00447.; https://doi.org/10.1016/j.immuni.2020.03.019,MME; CD79B,CD79B; PTCRA; CD7; CD5; MME; CD3E; RAG2; CD34; BCL11B; TCF7
"28,5",CL:0009069,CD8aa(II) thymocyte,2,thymus,1,https://doi.org/10.1126/science.aay3224,IKZF2; MME,MME; SMIM24; CTSW; HCST; CD7; ACTN1; SMC4; ZNF683; IKZF2; TRGC2
"28,5",PCL:0051388,Splat_387 neuron (Hsap),1,allen-brain,1,https://doi.org/10.1101/2022.10.12.511898,PAX5,PAX5; EBF2
"28,5",CL:0000826,pro-B cell,1,bone-marrow,1,https://doi.org/10.1073/pnas.172384399,MME,IL7R; RAG1; MME; DNTT; CD34; CD19; VPREB1
"28,5",CL:0000936,early lymphoid progenitor,1,bone-marrow,1,https://doi.org/10.1038/ni.1889,SYK,NCAM1; PTPRC; IL2RG; SOX4; SYK; CD2; CD14; CD34; GYPA; CD19; BCL11A; FCGR3A; JCHAIN; CD38; CD3E
"28,5",CL:0002425,early T lineage precursor,1,thymus,1,https://doi.org/10.3389/fimmu.2019.00447.; https://doi.org/10.1016/j.immuni.2020.03.019,CD79B,CD79B; MPO; CD7; CD44; IRF8; CD34; CD19; BCL11B; SPI1
"28,5",CL:0002677,naive regulatory T cell,1,thymus,1,https://doi.org/10.3389/fimmu.2019.00447; https://doi.org/10.1038/nature03886; https://doi.org/10.1126/science.aay3224,IKZF2,PMAIP1; PIM2; BATF; FOXP3; TIGIT; GBP2; CARD16; IL32; CD4; IKZF2; CTLA4; S100A4
"28,5",PCL:0051316,LRL_315 neuron (Hsap),1,allen-brain,1,https://doi.org/10.1101/2022.10.12.511898,MME,MME; SMOC1; TENT5A
"28,5",CL:0000787,memory B cell,1,bone-marrow,1,https://doi.org/10.1002/jcla.20001,MME,MME; IGHD; IGHA1; MS4A1; CD38; CD82; CD24; IGHG1; CR2; CD19; CD27; SELL
"28,5",CL:0009112,centroblast,1,lymph-node,1,ISBN:9781933477381; https://doi.org/10.1182/blood-2012-03-415380; PMCID:PMC1900414,MME,CD38; CD19; AICDA; CD27; MKI67; LMO2; MME; IGHD; BCL2; CD74; MS4A1; CXCR4; BCL6
"28,5",PCL:0051243,MGE_242 medial ganglionic eminence derived interneuron (Hsap),1,allen-brain,1,https://doi.org/10.1101/2022.10.12.511898,MME,MME; MCUB; FBN2; SOX6; ADAMTSL1
"28,5",CL:0000182,hepatocyte,1,liver,1,https://doi.org/10.1097/00000478-200110000-00011; https://doi.org/10.1007/s00424-006-0152-8,MME,MME; ALB; CYP2D6; HNF4A; ABCB11
"28,5",PCL:0051094,DLNP_93 near-projecting glutamatergic cortical neuron (Hsap),1,allen-brain,1,https://doi.org/10.1101/2022.10.12.511898,ROR1,CTB-57H20.1; NXPH2; IFNG-AS1; ROR1
"28,5",CL:0009111,centrocyte,1,lymph-node,1,ISBN:9781933477381; https://doi.org/10.1182/blood-2012-03-415380; ISBN:9781933477060,MME,BCL2; MKI67; MME; IGHD; CD38; CR2; CD19; CD83; CD27; MS4A1; CXCR5; BCL6
"28,5",PCL:0051219,MSN_218 medium spiny neuron (Hsap),1,allen-brain,1,https://doi.org/10.1101/2022.10.12.511898,MME,RP11-142I20.2; MME; DRD3
"28,5",PCL:0051208,MSN_207 indirect pathway medium spiny neuron (Hsap),1,allen-brain,1,https://doi.org/10.1101/2022.10.12.511898,MME,MME; LINC01378; DRD2
"28,6",CL:0009016,intestinal crypt stem cell of large intestine,11,large-intestine,1,https://doi.org/10.1038/nature06196,LRIG1,RGMB; SMOC2; LRIG1; CD44; LGR5; SOX9
"28,6",CL:0000788,naive B cell,3,blood-pelvis; lymph-node,2,ISBN:9781933477060; ISBN:9781933477381; PMCID:PMC1900414; https://doi.org/10.1038/s41467-019-12464-3,MME,PTPRC; CD1C; CD40; BCL2; PAX5; IGHM; CD19; FCAMR; CD74; CR2; HLA-DRA; CD27; CD24; CD38; MS4A1; IGHD; FCER2; MME; SELL
"28,6",CL:0002255,stromal cell of endometrium,3,placenta,1,https://doi.org/10.5966/sctm.2015-0022; https://doi.org/10.3346/jkms.2012.27.8.857; https://doi.org/10.1093/humrep/den051; https://doi.org/10.3390/cells1041061; https://doi.org/10.1186/s13287-017-0757-1; https://doi.org/10.1182/blood.V74.2.751.751; https://doi.org/10.1016/s1472-6483(10)61745-2; https://doi.org/10.1095/biolreprod51.4.739; https://doi.org/10.1095/biolreprod.108.075226; https://doi.org/10.1016/j.jcyt.2017.03.001,MME,MME; ENG; CD44; ANPEP; THY1
"28,6",CL:0000826,pro-B cell,3,bone-marrow,1,https://doi.org/10.1073/pnas.172384399,DNTT; MME; VPREB1,IL7R; RAG1; MME; DNTT; CD34; CD19; VPREB1
"28,6",CL:0009083,rearranging double negative thymocyte (Homo sapiens),3,thymus,1,https://doi.org/10.3389/fimmu.2019.00447.; https://doi.org/10.1016/j.immuni.2020.03.019,CD79B; DNTT; MME,RAG2; CD79B; PTCRA; CD7; CD5; MME; DNTT; CD3E; CD1A; BCL11B; TCF7
"28,6",CL:0000115,endothelial cell,2,skin,1,https://doi.org/10.1152/ajpcell.00524.2001; https://doi.org/10.1016/j.vph.2016.05.003,ERG,PECAM1; ERG
"28,6",CL:0009082,committed double negative thymocyte (Homo sapiens),2,thymus,1,https://doi.org/10.3389/fimmu.2019.00447.; https://doi.org/10.1016/j.immuni.2020.03.019,CD79B; MME,CD79B; PTCRA; CD7; CD5; MME; CD3E; RAG2; CD34; BCL11B; TCF7
"28,6",CL:0009081,specified double negative thymocyte (Homo sapiens),2,thymus,1,https://doi.org/10.3389/fimmu.2019.00447.; https://doi.org/10.1016/j.immuni.2020.03.019,CD79B; MME,CD79B; PTCRA; CD7; CD5; CD44; MME; CD3E; CD34; BCL11B; TCF7; SPI1
"28,6",PCL:0051369,Splat_368 neuron (Hsap),2,allen-brain,1,https://doi.org/10.1101/2022.10.12.511898,TCF7L2; EBF1,SNHG14; EBF1; EBF3; TCF7L2
"28,6",PCL:0051355,Splat_354 neuron (Hsap),1,allen-brain,1,https://doi.org/10.1101/2022.10.12.511898,TCF7L2,RP11-66G15.1; LHX1; TCF7L2
"28,6",PCL:0051373,Thex_372 thalamic excitatory neuron (Hsap),1,allen-brain,1,https://doi.org/10.1101/2022.10.12.511898,TCF7L2,PTH2R; RNF220; FAM9B; TCF7L2
"28,6",PCL:0051243,MGE_242 medial ganglionic eminence derived interneuron (Hsap),1,allen-brain,1,https://doi.org/10.1101/2022.10.12.511898,MME,MME; MCUB; FBN2; SOX6; ADAMTSL1
"28,6",PCL:0051367,Splat_366 neuron (Hsap),1,allen-brain,1,https://doi.org/10.1101/2022.10.12.511898,TCF7L2,DACH1; EBF3; TCF7L2; KLHL1
"28,6",PCL:0051219,MSN_218 medium spiny neuron (Hsap),1,allen-brain,1,https://doi.org/10.1101/2022.10.12.511898,MME,RP11-142I20.2; MME; DRD3
"28,6",PCL:0051382,Splat_381 neuron (Hsap),1,allen-brain,1,https://doi.org/10.1101/2022.10.12.511898,EBF1,OTP; EBF1; EBF2
"28,6",PCL:0051208,MSN_207 indirect pathway medium spiny neuron (Hsap),1,allen-brain,1,https://doi.org/10.1101/2022.10.12.511898,MME,MME; LINC01378; DRD2
"28,6",CL:0009111,centrocyte,1,lymph-node,1,ISBN:9781933477381; https://doi.org/10.1182/blood-2012-03-415380; ISBN:9781933477060,MME,BCL2; MKI67; MME; IGHD; CD38; CR2; CD19; CD83; CD27; MS4A1; CXCR5; BCL6
"28,6",PCL:0051374,Splat_373 neuron (Hsap),1,allen-brain,1,https://doi.org/10.1101/2022.10.12.511898,TCF7L2,LHX2; PDGFD; TCF7L2; SHOX2
"28,6",CL:0000037,hematopoietic stem cell,1,spleen,1,https://doi.org/10.1111/imcb.12035; https://doi.org/10.1101/2020.01.26.919753,IGLL1,SOX4; IGLL1; PTPRC; CPA3; HPGDS; CD38; CD34; CD19; THY1
"28,6",CL:0000816,immature B cell,1,blood-pelvis,1,https://doi.org/10.3389/fimmu.2012.00302,MME,PAX5; IGHM; MME; IGHD; MS4A1; CD19
"28,6",PCL:0051383,Splat_382 neuron (Hsap),1,allen-brain,1,https://doi.org/10.1101/2022.10.12.511898,TCF7L2,RSPO3; TCF7L2; SST
"28,6",PCL:0051368,Splat_367 neuron (Hsap),1,allen-brain,1,https://doi.org/10.1101/2022.10.12.511898,TCF7L2,PRLR; TCF7L2; TAC1
"28,6",CL:0002425,early T lineage precursor,1,thymus,1,https://doi.org/10.3389/fimmu.2019.00447.; https://doi.org/10.1016/j.immuni.2020.03.019,CD79B,CD79B; MPO; CD7; CD44; IRF8; CD34; CD19; BCL11B; SPI1
"28,6",CL:0000817,precursor B cell,1,bone-marrow,1,https://doi.org/10.1016/j.exphem.2018.09.004,MME,PAX5; IL7R; MME; IGHD; IGHM; CD34; CD19
"28,6",CL:0009069,CD8aa(II) thymocyte,1,thymus,1,https://doi.org/10.1126/science.aay3224,MME,MME; SMIM24; CTSW; HCST; CD7; ACTN1; SMC4; ZNF683; IKZF2; TRGC2
"28,6",CL:0000787,memory B cell,1,bone-marrow,1,https://doi.org/10.1002/jcla.20001,MME,MME; IGHD; IGHA1; MS4A1; CD38; CD82; CD24; IGHG1; CR2; CD19; CD27; SELL
"28,6",CL:0009108,lymphatic endothelial cell of subcapsular sinus floor,1,lymph-node,1,https://doi.org/10.1016/j.immuni.2019.06.027; https://doi.org/10.3389/fcvm.2020.00052,CD9,NT5E; MFAP4; MARCO; LYZ; ICAM1; PECAM1; CXCL1; PTPRC; ACKR4; CD9; CXCL5; THY1; PROX1; PDPN; CCL20; TNFRSF9; LYVE1; CD274; ACKR1; CLDN11; CAV1
"28,6",PCL:0051099,DLCT6b_98 glutamatergic neuron (Hsap),1,allen-brain,1,https://doi.org/10.1101/2022.10.12.511898,ERG,IL15; ERG; CDH24
"28,6",PCL:0051117,Misc_116 cerebral cortex neuron (Hsap),1,allen-brain,1,https://doi.org/10.1101/2022.10.12.511898,ERG,FAM160A1; PCSK6; ERG; ATP10A
"28,6",CL:0000182,hepatocyte,1,liver,1,https://doi.org/10.1097/00000478-200110000-00011; https://doi.org/10.1007/s00424-006-0152-8,MME,MME; ALB; CYP2D6; HNF4A; ABCB11
"28,6",PCL:0051207,MSN_206 medium spiny neuron (Hsap),1,allen-brain,1,https://doi.org/10.1101/2022.10.12.511898,EBF1,RP11-640F22.1; AC002066.1; GLI3; EBF1
"28,6",PCL:0051316,LRL_315 neuron (Hsap),1,allen-brain,1,https://doi.org/10.1101/2022.10.12.511898,MME,MME; SMOC1; TENT5A
"28,6",PCL:0051457,Thex_456 thalamic excitatory neuron (Hsap),1,allen-brain,1,https://doi.org/10.1101/2022.10.12.511898,TCF7L2,LINC02296; ST8SIA6; TCF7L2; BMP6
"28,6",CL:0009112,centroblast,1,lymph-node,1,ISBN:9781933477381; https://doi.org/10.1182/blood-2012-03-415380; PMCID:PMC1900414,MME,CD38; CD19; AICDA; CD27; MKI67; LMO2; MME; IGHD; BCL2; CD74; MS4A1; CXCR4; BCL6
"28,6",CL:0000818,transitional stage B cell,1,blood-pelvis,1,https://doi.org/10.1073/pnas.172384399,MME,MME; IGHD; TCL1A; SOX4; CD24; CD27; IGLL5; CD19; CR2; CD22; BCL7A; CD38; MS4A1; CD5; FCRLA
"29,0",CL:4030016,epithelial cell of early distal convoluted tubule,2,kidney,1,https://doi.org/10.1681/ASN.2020010071; https://doi.org/10.1038/s41467-019-10861-2,TRPM6; SLC12A3,TRPM6; SLC12A3
"29,0",CL:1000849,kidney distal convoluted tubule epithelial cell,2,kidney,1,https://doi.org/10.1681/ASN.2020010071; https://doi.org/10.1038/s41467-019-10861-2,TRPM6; SLC12A3,TRPM6; ATP1A1; CALB1; CDH1; SLC12A3; SALL3
"29,0",CL:4030017,epithelial cell of late distal convoluted tubule,1,kidney,1,https://doi.org/10.1681/ASN.2020010071; https://doi.org/10.1038/s41467-019-10861-2,SLC12A3,HSD11B2; TRPV5; CALB1; SLC8A1; SLC12A3; SCNN1G
"29,0",PCL:0051333,Mmb_332 mammillary body neuron (Hsap),1,allen-brain,1,https://doi.org/10.1101/2022.10.12.511898,MYO1B,ONECUT2; MYO1B; FRMPD2; SIM1
"29,0",PCL:0051378,Splat_377 neuron (Hsap),1,allen-brain,1,https://doi.org/10.1101/2022.10.12.511898,LHX1,DIRAS3; LHX1; ZIC2
"29,0",PCL:0051367,Splat_366 neuron (Hsap),1,allen-brain,1,https://doi.org/10.1101/2022.10.12.511898,DACH1,DACH1; EBF3; TCF7L2; KLHL1
"29,0",CL:1000768,kidney connecting tubule epithelial cell,1,kidney,1,https://doi.org/10.1681/ASN.2020010071; https://doi.org/10.1038/s41467-019-10861-2,SCN2A,HSD11B2; GATA3; TRPV5; CALB1; SLC8A1; SCNN1G; CDH1; SCN2A
"29,0",PCL:0015085,Exc L5 THEMIS VILL primary motor cortex glutamatergic neuron (Hsap),1,allen-brain,1,https://doi.org/10.1038/s41586-021-03465-8,DACH1,TNC; DACH1
"29,0",PCL:0051353,Splat_352 neuron (Hsap),1,allen-brain,1,https://doi.org/10.1101/2022.10.12.511898,LHX1,LHX1; LINC01210; GATA3; EBF3
"29,0",CL:0000745,retina horizontal cell,1,eye,1,https://doi.org/10.1016/j.preteyeres.2020.100844; https://doi.org/10.1016/j.exer.2016.01.002,LHX1,ONECUT2; LHX1; ONECUT1; PVALB; CALB1
"29,0",PCL:0051355,Splat_354 neuron (Hsap),1,allen-brain,1,https://doi.org/10.1101/2022.10.12.511898,LHX1,RP11-66G15.1; LHX1; TCF7L2
"29,0",PCL:0051390,Splat_389 neuron (Hsap),1,allen-brain,1,https://doi.org/10.1101/2022.10.12.511898,DACH1,GATA3; DACH1; FIGN
"29,0",PCL:0051017,VendVC_16 capillary endothelial cell (Hsap),1,allen-brain,1,https://doi.org/10.1101/2022.10.12.511898,TRPM6,MECOM; TRPM6
"29,1",CL:4030006,fallopian tube secretory epithelial cell,5,fallopian-tube,1,https://doi.org/10.1016/j.celrep.2021.108978,PAX8,PAX8; OVGP1
"29,1",CL:0002573,Schwann cell,4,skin; large-intestine,2,https://doi.org/10.1016/S0065-1281(97)80024-4; https://doi.org/10.1111/j.1365-4362.1984.tb05661.x; https://doi.org/10.1093/brain/awm199; ISBN:978-1496398949,S100A2,NGFR; S100A2
"29,1",CL:0001058,"plasmacytoid dendritic cell, human",3,spleen,1,https://doi.org/10.1111/imm.12469; https://doi.org/10.4049/jimmunol.1002632; https://doi.org/10.1186/s13059-019-1906-x,NRP1,NRP1; ITGAX; IL3RA; CLEC4C
"29,1",CL:0000942,thymic plasmacytoid dendritic cell,2,thymus,1,https://doi.org/10.1172/JCI11734; https://doi.org/10.1172/JCI11734.; https://doi.org/10.1126/science.aay3224; https://doi.org/10.1182/blood-2008-11-187633,UGCG,CCDC50; ANPEP; CD33; PLAC8; PLD4; IL3RA; UGCG; GZMB; PSMB11; ITGAX; PTPRC; IRF8; IRF7; JCHAIN; CLEC4C; LILRA4
"29,1",CL:4028006,alveolar adventitial fibroblast,2,lung,1,https://doi.org/10.1148/93.3.507; https://doi.org/10.1136/thx.13.2.110,SLPI,MFAP4; MFAP5; FBLN1; SCARA5; DCN; PLA2G2A; LUM; COL1A2; COL6A3; PI16; DCLK1; CDON; SLPI
"29,1",CL:1000417,myoepithelial cell of sweat gland,2,skin,1,https://doi.org/10.1247/csf.14009; https://doi.org/10.1111/1523-1747.ep12277180; https://doi.org/10.1097/DAD.0000000000000431; https://doi.org/10.1046/j.1365-2133.1997.17651853.x,S100A2,KRT26; CNN1; KRT19; ACTA2; S100A2
"29,1",CL:0000743,hypertrophic chondrocyte,2,knee,1,https://doi.org/10.1136/ard-2022-223227,SPP1,IBSP; COL10A1; SPP1
"29,1",CL:4030012,kidney loop of Henle short descending thin limb epithelial cell,1,kidney,1,https://doi.org/10.1681/ASN.2020010071; https://doi.org/10.1152/ajprenal.2000.278.1.F52; https://doi.org/10.1172/jci.insight.133267; https://doi.org/10.1038/s41467-019-10861-2,SPP1,ID1; CRYAB; SATB2; JAG1; TACSTD2; SPP1; CPE; SLC14A2
"29,1",CL:0002196,hepatic oval stem cell,1,liver,1,https://doi.org/10.1634/stemcells.2007-0176; https://doi.org/10.1053/j.gastro.2012.08.024; https://doi.org/10.1038/ng.722; https://doi.org/10.1038/nature11826,PROM1,OPHN1; LGR5; EPCAM; PROM1; SOX9
"29,1",CL:0000740,retinal ganglion cell,1,eye,1,https://doi.org/10.1017/S0952523819000087; https://doi.org/10.1016/j.cell.2019.01.004,RBPMS,POU4F1; NEFL; NEFM; TUBB; RBPMS; SLC17A6; POU4F3; OPN4; POU4F2; THY1; SNCG
"29,1",CL:1000458,melanocyte of skin,1,skin,1,https://doi.org/10.1074/jbc.m309036200; https://doi.org/10.1046/j.1365-2133.1997.17651853.x; https://doi.org/10.1034/j.1600-0854.2002.30909.x,S100A2,MLANA; SOX10; S100A2
"29,1",PCL:0051251,MGE_250 medial ganglionic eminence derived interneuron (Hsap),1,allen-brain,1,https://doi.org/10.1101/2022.10.12.511898,PROM1,ADAMTS9-AS2; ADGRG6; PROM1
"29,1",CL:1001111,kidney loop of Henle thin descending limb epithelial cell,1,kidney,1,https://doi.org/10.1681/ASN.2020010071; https://doi.org/10.1172/jci.insight.133267; https://doi.org/10.1038/s41467-019-10861-2,SPP1,CRYAB; SATB2; CDH1; VIM; VCAM1; SLC44A5; SPP1
"29,1",CL:0002138,endothelial cell of lymphatic vessel,1,thymus,1,https://doi.org/10.1080/01926230600865549; https://doi.org/10.1126/science.aay3224,TFPI,NTS; MMRN1; FABP5; NUPR1; LAPTM5; TFPI; TFF3; PROX1; CAVIN2; LYVE1; CCL21
"29,2",CL:1001108,kidney loop of Henle medullary thick ascending limb epithelial cell,2,kidney,1,https://doi.org/10.1681/ASN.2020010071; https://doi.org/10.1172/jci.insight.133267; https://doi.org/10.1016/j.devcel.2019.10.005; https://doi.org/10.1038/s41467-019-10861-2,SLC12A1; UMOD,SLC12A1; CASR; CDH1; UMOD; RAP1GAP; PROX1; ATP1A1
"29,2",CL:1001109,kidney loop of Henle cortical thick ascending limb epithelial cell,2,kidney,1,https://doi.org/10.1681/ASN.2020010071; https://doi.org/10.1016/j.devcel.2019.10.005; https://doi.org/10.1038/s41467-019-10861-2,SLC12A1; UMOD,ATP1A1; TMEM207; CLDN16; CDH1; UMOD; CASR; SLC12A1
"29,2",CL:0000788,naive B cell,2,lymph-node,1,ISBN:9781933477060; ISBN:9781933477381; PMCID:PMC1900414,BCL2,BCL2; PTPRC; IGHD; SELL; HLA-DRA; CD27; CD19; CD1C; CD38; MME; FCER2; CR2; FCAMR; CD74; MS4A1
"29,2",CL:1001106,kidney loop of Henle thick ascending limb epithelial cell,2,kidney,1,https://doi.org/10.1681/ASN.2020010071; https://doi.org/10.1172/jci.insight.133267; https://doi.org/10.1038/s41586-020-2941-1; https://doi.org/10.1016/j.devcel.2019.10.005; https://doi.org/10.1038/s41467-019-10861-2,SLC12A1; UMOD,ATP1A1; CDH1; UMOD; CASR; SLC12A1
"29,2",PCL:0015069,Inh L5-6 PVALB GAPDHP60 primary motor cortex GABAergic interneuron (Hsap),1,allen-brain,1,https://doi.org/10.1038/s41586-021-03465-8,GPC5,MYBPC1; GPC5; SEMA3C
"29,2",CL:1000850,macula densa epithelial cell,1,kidney,1,https://doi.org/10.1681/ASN.2020010071; https://doi.org/10.1016/j.devcel.2019.10.005; https://doi.org/10.1038/s41467-019-10861-2,SLC12A1,ATP1A1; NOS1; CDH1; SLC12A1; ROBO2
"29,2",PCL:0015036,Inh L1-5 VIP PHLDB3 primary motor cortex GABAergic interneuron (Hsap),1,allen-brain,1,https://doi.org/10.1038/s41586-021-03465-8,EGF,EGF; THSD7B
"29,2",CL:0009112,centroblast,1,lymph-node,1,ISBN:9781933477381; https://doi.org/10.1182/blood-2012-03-415380; PMCID:PMC1900414,BCL2,CD38; CD19; AICDA; CD27; MKI67; LMO2; MME; IGHD; BCL2; CD74; MS4A1; CXCR4; BCL6
"29,2",CL:0009111,centrocyte,1,lymph-node,1,ISBN:9781933477381; https://doi.org/10.1182/blood-2012-03-415380; ISBN:9781933477060,BCL2,BCL2; MKI67; MME; IGHD; CD38; CR2; CD19; CD83; CD27; MS4A1; CXCR5; BCL6
"29,2",PCL:0015062,Inh L5 PVALB LRIG3 primary motor cortex GABAergic interneuron (Hsap),1,allen-brain,1,https://doi.org/10.1038/s41586-021-03465-8,GPC5,GPC5; CDH6; PLCE1
"29,2",PCL:0051057,Astro_56 astrocyte (Hsap),1,allen-brain,1,https://doi.org/10.1101/2022.10.12.511898,GPC5,GPC5; OBI1-AS1; TNC
"29,2",PCL:0015059,Inh L5-6 PVALB KCNIP2 primary motor cortex GABAergic interneuron (Hsap),1,allen-brain,1,https://doi.org/10.1038/s41586-021-03465-8,GPC5,NPFFR2; GPC5; VAV3
"29,3",CL:0002138,endothelial cell of lymphatic vessel,11,kidney; lymph-node; thymus; spleen,4,https://doi.org/10.1080/01926230600865549; https://doi.org/10.1126/science.aay3224; PMID:16515224; https://doi.org/10.1369%2Fjhc.4A6514.2005; https://doi.org/10.1369/jhc.4A6514.2005; https://doi.org/10.1016/j.immuni.2019.06.027; https://doi.org/10.3389/fcvm.2020.00052; https://doi.org/10.1038/s41467-019-10861-2; https://doi.org/10.1038/s41467-019-12872-5; https://doi.org/10.1172/jci.insight.133267; https://doi.org/10.1038/s41586-020-2941-1,PROX1,NTS; FABP5; STAB2; CAV1; TBX1; LYVE1; LAPTM5; CLEC4M; PROX1; PDPN; CD209; CLEC4G; ACKR4; CD274; NUDT4; PECAM1; VWF; CCL21; MMRN1; TFF3; ICAM1; CLDN11; MARCO; MFAP4; NT5E; NUPR1; PTPRC; Ulex+; CAVIN2; TNFRSF9; TFPI
"29,3",CL:0000071,blood vessel endothelial cell,9,lymph-node,1,https://doi.org/10.1007/s00441-008-0706-5; https://doi.org/10.1371/journal.pone.0094781; https://doi.org/10.1369/jhc.4A6514.2005,PROX1,GJA5; CD59; PECAM1; MARCO; ICAM1; HLA-DPB1; HLA-DPA1; FLT1; NECTIN2; CCL14; ESAM; SPARCL1; CD209; PLVAP; CD74; CDH5; ACKR1; JAM2; CAV1; HLA-DRA; CD34; ENG; EMCN; PROX1; HLA-DRB1; PDPN; CD300LG
"29,3",CL:0000540,neuron,4,spinal-cord,1,https://doi.org/10.1016/j.neuron.2023.01.007,FOXP2; PROX1,ZFHX3; RNF220; FOXP2; NFIX; PROX1; PDYN; GATA3; RORB
"29,3",CL:1001108,kidney loop of Henle medullary thick ascending limb epithelial cell,3,kidney,1,https://doi.org/10.1681/ASN.2020010071; https://doi.org/10.1172/jci.insight.133267; https://doi.org/10.1016/j.devcel.2019.10.005; https://doi.org/10.1038/s41467-019-10861-2,PROX1; RAP1GAP; SLC12A1,SLC12A1; CASR; CDH1; UMOD; RAP1GAP; PROX1; ATP1A1
"29,3",CL:1001107,kidney loop of Henle thin ascending limb epithelial cell,2,kidney,1,https://doi.org/10.1016/j.devcel.2019.10.005; https://doi.org/10.1038/s41467-019-10861-2,PROX1; CLCNKA,CLCNKA; CLDN3; CDH1; PROX1; TACSTD2; CRYAB; SH3GL3
"29,3",CL:0000576,monocyte,1,thymus,1,https://doi.org/10.1126/science.aay3224,S100A6,CTSS; VCAN; LYZ; CD52; S100A9; S100A8; FCN1; S100A6; S100A4; S100A12
"29,3",PCL:0015110,Exc L5 FEZF2 CSN1S1 primary motor cortex glutamatergic neuron (Hsap),1,allen-brain,1,https://doi.org/10.1038/s41586-021-03465-8,VAT1L,VAT1L; OPN4
"29,3",PCL:0051225,EMSN_224 medium spiny neuron (Hsap),1,allen-brain,1,https://doi.org/10.1101/2022.10.12.511898,FOXP2,ALK; RXFP1; FOXP2; TACR1
"29,3",PCL:0051220,MSN_219 direct pathway medium spiny neuron (Hsap),1,allen-brain,1,https://doi.org/10.1101/2022.10.12.511898,FOXP2,ISL1; FOXP2; CXCL14
"29,3",PCL:0051436,Midi_435 midbrain-derived inhibitory neuron (Hsap),1,allen-brain,1,https://doi.org/10.1101/2022.10.12.511898,LTBP1,LTBP1; NR2F2-AS1; NPSR1; TRPC7
"29,3",CL:1001106,kidney loop of Henle thick ascending limb epithelial cell,1,kidney,1,https://doi.org/10.1681/ASN.2020010071; https://doi.org/10.1172/jci.insight.133267; https://doi.org/10.1038/s41586-020-2941-1; https://doi.org/10.1016/j.devcel.2019.10.005; https://doi.org/10.1038/s41467-019-10861-2,SLC12A1,ATP1A1; CDH1; UMOD; CASR; SLC12A1
"29,3",CL:1000850,macula densa epithelial cell,1,kidney,1,https://doi.org/10.1681/ASN.2020010071; https://doi.org/10.1016/j.devcel.2019.10.005; https://doi.org/10.1038/s41467-019-10861-2,SLC12A1,ATP1A1; NOS1; CDH1; SLC12A1; ROBO2
"29,3",CL:0009109,lymphatic endothelial cell of trabecula,1,lymph-node,1,https://doi.org/10.1016/j.immuni.2019.06.027; https://doi.org/10.3389/fcvm.2020.00052,PROX1,NT5E; MFAP4; MARCO; PTPRC; PROX1; PDPN; ACKR4; CAV1; PECAM1; CLDN11; LYVE1; TNFRSF9
"29,3",PCL:0015101,Exc L5-6 FEZF2 C9orf135-AS1 primary motor cortex glutamatergic neuron (Hsap),1,allen-brain,1,https://doi.org/10.1038/s41586-021-03465-8,FOXP2,EGFEM1P; FOXP2; SEMA5A
"29,3",CL:0009108,lymphatic endothelial cell of subcapsular sinus floor,1,lymph-node,1,https://doi.org/10.1016/j.immuni.2019.06.027; https://doi.org/10.3389/fcvm.2020.00052,PROX1,NT5E; MFAP4; MARCO; LYZ; ICAM1; PECAM1; CXCL1; PTPRC; ACKR4; CD9; CXCL5; THY1; PROX1; PDPN; CCL20; TNFRSF9; LYVE1; CD274; ACKR1; CLDN11; CAV1
"29,3",CL:0009110,lymphatic endothelial cell of medulla ceiling,1,lymph-node,1,https://doi.org/10.1016/j.immuni.2019.06.027; https://doi.org/10.3389/fcvm.2020.00052,PROX1,NT5E; MFAP4; MARCO; PTPRC; PROX1; PDPN; ACKR4; CAV1; PECAM1; CLDN11; LYVE1; TNFRSF9
"29,3",PCL:0051334,Mmb_333 mammillary body neuron (Hsap),1,allen-brain,1,https://doi.org/10.1101/2022.10.12.511898,LTBP1,LTBP1; CD36; SIM1
"29,3",CL:0009107,lymphatic endothelial cell of subcapsular sinus ceiling,1,lymph-node,1,https://doi.org/10.1016/j.immuni.2019.06.027; https://doi.org/10.3389/fcvm.2020.00052,PROX1,NUDT4; NT5E; MFAP4; MARCO; PTPRC; PROX1; PDPN; ACKR4; CAV1; PECAM1; CLDN11; LYVE1; TNFRSF9
"29,3",CL:1001109,kidney loop of Henle cortical thick ascending limb epithelial cell,1,kidney,1,https://doi.org/10.1681/ASN.2020010071; https://doi.org/10.1016/j.devcel.2019.10.005; https://doi.org/10.1038/s41467-019-10861-2,SLC12A1,ATP1A1; TMEM207; CLDN16; CDH1; UMOD; CASR; SLC12A1
"29,3",CL:0009086,endothelial cell of respiratory system lymphatic vessel,1,lung,1,https://doi.org/10.1148/93.3.507; https://doi.org/10.1136/thx.13.2.110,PROX1,PROX1; PECAM1; ECSCR; MMRN1; CLDN5; LYVE1; CCL21
"29,3",PCL:0051242,MGE_241 sst GABAergic cortical interneuron (Hsap),1,allen-brain,1,https://doi.org/10.1101/2022.10.12.511898,BMP6,RP11-656G20.1; ANKRD30B; SOX6; BMP6
"29,3",PCL:0051424,Splat_423 neuron (Hsap),1,allen-brain,1,https://doi.org/10.1101/2022.10.12.511898,PROX1,PROX1; SOX6; TSHZ2
"29,3",PCL:0051457,Thex_456 thalamic excitatory neuron (Hsap),1,allen-brain,1,https://doi.org/10.1101/2022.10.12.511898,BMP6,LINC02296; ST8SIA6; TCF7L2; BMP6
"29,3",PCL:0015089,Exc L5-6 THEMIS TNFAIP6 primary motor cortex glutamatergic neuron (Hsap),1,allen-brain,1,https://doi.org/10.1038/s41586-021-03465-8,LTBP1,LTBP1; TSHZ2
"29,4",CL:1001109,kidney loop of Henle cortical thick ascending limb epithelial cell,5,kidney,1,https://doi.org/10.1681/ASN.2020010071; https://doi.org/10.1016/j.devcel.2019.10.005; https://doi.org/10.1038/s41467-019-10861-2,CLDN16; SLC12A1; CASR; UMOD; TMEM207,ATP1A1; TMEM207; CLDN16; CDH1; UMOD; CASR; SLC12A1
"29,4",CL:1001108,kidney loop of Henle medullary thick ascending limb epithelial cell,3,kidney,1,https://doi.org/10.1681/ASN.2020010071; https://doi.org/10.1172/jci.insight.133267; https://doi.org/10.1016/j.devcel.2019.10.005; https://doi.org/10.1038/s41467-019-10861-2,SLC12A1; CASR; UMOD,SLC12A1; CASR; CDH1; UMOD; RAP1GAP; PROX1; ATP1A1
"29,4",CL:1001106,kidney loop of Henle thick ascending limb epithelial cell,3,kidney,1,https://doi.org/10.1681/ASN.2020010071; https://doi.org/10.1172/jci.insight.133267; https://doi.org/10.1038/s41586-020-2941-1; https://doi.org/10.1016/j.devcel.2019.10.005; https://doi.org/10.1038/s41467-019-10861-2,SLC12A1; CASR; UMOD,ATP1A1; CDH1; UMOD; CASR; SLC12A1
"29,4",PCL:0051367,Splat_366 neuron (Hsap),1,allen-brain,1,https://doi.org/10.1101/2022.10.12.511898,DACH1,DACH1; EBF3; TCF7L2; KLHL1
"29,4",CL:1000850,macula densa epithelial cell,1,kidney,1,https://doi.org/10.1681/ASN.2020010071; https://doi.org/10.1016/j.devcel.2019.10.005; https://doi.org/10.1038/s41467-019-10861-2,SLC12A1,ATP1A1; NOS1; CDH1; SLC12A1; ROBO2
"29,4",PCL:0051230,EMSN_229 medium spiny neuron (Hsap),1,allen-brain,1,https://doi.org/10.1101/2022.10.12.511898,PTH2R,PTH2R; MEIS1; ADAMTSL1; CACNG5; TSHZ1
"29,4",PCL:0051390,Splat_389 neuron (Hsap),1,allen-brain,1,https://doi.org/10.1101/2022.10.12.511898,DACH1,GATA3; DACH1; FIGN
"29,4",PCL:0051422,Splat_421 neuron (Hsap),1,allen-brain,1,https://doi.org/10.1101/2022.10.12.511898,STK32B,ESR1; STK32B
"29,4",PCL:0051373,Thex_372 thalamic excitatory neuron (Hsap),1,allen-brain,1,https://doi.org/10.1101/2022.10.12.511898,PTH2R,PTH2R; RNF220; FAM9B; TCF7L2
"29,4",PCL:0051443,Midi_442 midbrain-derived inhibitory neuron (Hsap),1,allen-brain,1,https://doi.org/10.1101/2022.10.12.511898,CASR,NPSR1; TSPAN12; CASR
"29,4",PCL:0051161,Amex_160 amygdala excitatory neuron (Hsap),1,allen-brain,1,https://doi.org/10.1101/2022.10.12.511898,PTGER3,PTGER3; MSC-AS1; NPFFR2; PLEKHG4B
"29,4",PCL:0051155,Amex_154 amygdala excitatory neuron (Hsap),1,allen-brain,1,https://doi.org/10.1101/2022.10.12.511898,PTGER3,RP11-412K20.1; RP11-33A14.1; PTGER3; DCSTAMP
"29,4",PCL:0015085,Exc L5 THEMIS VILL primary motor cortex glutamatergic neuron (Hsap),1,allen-brain,1,https://doi.org/10.1038/s41586-021-03465-8,DACH1,TNC; DACH1
"29,4",PCL:0051420,Amex_419 amygdala excitatory neuron (Hsap),1,allen-brain,1,https://doi.org/10.1101/2022.10.12.511898,PTH2R,CTC-552D5.1; PTH2R; NR2F2-AS1; CARM1P1; SCN5A
"29,4",PCL:0051193,CA4_192 hippocampal CA4 neuron (Hsap),1,allen-brain,1,https://doi.org/10.1101/2022.10.12.511898,CASR,ITGA4; CASR; ATP10A
"29,4",PCL:0051429,Splat_428 neuron (Hsap),1,allen-brain,1,https://doi.org/10.1101/2022.10.12.511898,STK32B,RP11-649A16.1; FREM2; STK32B
"29,4",PCL:0051153,DLIT_152 intratelencephalic-projecting glutamatergic cortical neuron (Hsap),1,allen-brain,1,https://doi.org/10.1101/2022.10.12.511898,STK32B,PLA2G4A; STK32B
"3,0",CL:0000235,macrophage,78,large-intestine; fallopian-tube; skin; lymph-node,4,https://doi.org/10.1038/labinvest.2016.116; https://doi.org/10.1038/jid.2010.165; https://doi.org/10.1136/ard.2003.013029; https://doi.org/10.1016/j.actatropica.2016.01.008; https://doi.org/10.1053/j.semdp.2017.11.002; https://doi.org/10.1097/01.pas.0000157940.80538.ec; https://doi.org/10.1007/978-1-4939-0897-4_3; https://doi.org/10.1182/blood-2008-06-165266; https://doi.org/10.1016/j.immuni.2020.02.001; https://doi.org/10.1016/j.celrep.2021.108978,MRC1; CD163,CD4; CD14; MRC1; ITGAX; CD209; CD74; CD68; HLA-DRA; ITGAM; SIGLEC1; MARCO; LYZ; CD163
"3,0",CL:0002138,endothelial cell of lymphatic vessel,34,large-intestine; lymph-node; thymus; skin; spleen,5,https://doi.org/10.1080/01926230600865549; https://doi.org/10.1126/science.aay3224; https://doi.org/10.1369%2Fjhc.4A6514.2005; https://doi.org/10.1369/jhc.4A6514.2005; PMID:16515224; https://doi.org/10.3389/fimmu.2012.00283; https://doi.org/10.1038/jid.2013.481; https://doi.org/10.1016/j.immuni.2019.06.027; https://doi.org/10.3389/fcvm.2020.00052; https://doi.org/10.1007/978-1-4939-0897-4_3,LYVE1,NTS; CLEC4G; CD209; STAB2; PDPN; PROX1; ACKR4; CAV1; MARCO; CLDN11; ICAM1; CD274; NUDT4; CLEC4M; LYVE1; LAPTM5; FABP5; MFAP4; NT5E; NUPR1; PECAM1; VWF; CCL21; PTPRC; Ulex+; CAVIN2; TFF3; MMRN1; TNFRSF9; TFPI
"3,0",CL:0000866,thymic macrophage,9,thymus,1,https://doi.org/10.1016/j.imbio.2008.07.032; https://doi.org/10.1016/s0065-2776(08)60900-1; https://doi.org/10.1016/j.imbio.2008.07.032.; https://doi.org/10.1126/science.aay3224,SELENOP; STAB1; CD163,LGMN; LYZ; ITGAX; ICAM1; MS4A7; CD68; SELENOP; SLC40A1; C1QB; C1QA; ITGAM; C1QC; CD163; RNASE1; CD209; APOE; STAB1
"3,0",CL:3000001,Hofbauer cell,5,placenta,1,PMID:8014121; https://doi.org/10.1016/j.placenta.2007.11.003; https://doi.org/10.1053/plac.2000.0559,CD163,FCGR1A; CD68; CD163
"3,0",CL:0000882,thymic medullary macrophage,3,thymus,1,https://doi.org/10.1016/s0065-2776(08)60900-1; https://doi.org/10.1016/j.imbio.2008.07.032; https://doi.org/10.1126/science.aay3224,SELENOP; STAB1; CD163,ITGAX; ICAM1; STAB1; APOE; LYZ; LGMN; SELENOP; MS4A7; CD68; SLC40A1; C1QB; C1QA; ITGAM; C1QC; CD163; RNASE1; CD209
"3,0",CL:4033064,uterine resident macrophage,3,placenta,1,https://doi.org/10.1371/journal.pone.0002078; https://doi.org/10.1038/s41423-018-0008-0; https://doi.org/10.1053/plac.2000.0559,MRC1,MRC1; CD68; ITGAX; CD209
"3,0",CL:0001058,"plasmacytoid dendritic cell, human",3,spleen,1,https://doi.org/10.1111/imm.12469; https://doi.org/10.4049/jimmunol.1002632; https://doi.org/10.1186/s13059-019-1906-x,NRP1,NRP1; ITGAX; IL3RA; CLEC4C
"3,0",CL:1000695,kidney interstitial alternatively activated macrophage,2,kidney,1,https://doi.org/10.1038/s41586-020-2941-1; https://doi.org/10.1038/s41467-019-10861-2; https://doi.org/10.1126/science.aat5031,CD163; MRC1,ITGAX; IL7R; HLA-DRA; MRC1; CD163; CD14
"3,0",CL:0000887,lymph node subcapsular sinus macrophage,2,lymph-node,1,https://doi.org/10.1097/01.pas.0000157940.80538.ec; https://doi.org/10.1053/j.semdp.2017.11.002; https://doi.org/10.1182/blood-2008-06-165266,CD163; MRC1,CD163; CD14; SIGLEC1; HLA-DRA; MRC1; CD68; CD4; ITGAX; CD209
"3,0",CL:0000883,thymic cortical macrophage,2,thymus,1,https://doi.org/10.1016/s0065-2776(08)60900-1,SELENOP; STAB1,STAB1; APOE; C1QC; C1QB; TMSB4X; SLC40A1; LGMN; SELENOP; MS4A7; C1QA; RNASE1
"3,0",PCL:0051013,Mgl_12 microglial cell (Hsap),2,allen-brain,1,https://doi.org/10.1101/2022.10.12.511898,F13A1; MRC1,F13A1; MRC1
"3,0",ASCTB-TEMP:splenic-perifollicular-zone-macrophage,Splenic perifollicular zone macrophage,2,spleen,1,https://doi.org/10.1111/j.1365-2567.2007.02710.x; https://doi.org/10.55418/9781933477060.; https://doi.org/10.1046/j.1365-2567.1997.00328.x; https://doi.org/10.1186/s13059-019-1906-x,CD163; MRC1,MRC1; CD68; CD5L; APOE; CD209; CD163; SIGLEC1
"3,0",CL:0000874,splenic red pulp macrophage,2,spleen,1,https://doi.org/10.55418/9781933477060.; https://doi.org/10.1182/bloodadvances.2017015008; https://doi.org/10.1111/imm.12469; https://doi.org/10.1186/s13059-019-1906-x,CD163,NGFR; APOE; CD68; CD5L; CD163; SIGLEC1
"3,0",CL:0009075,myo-medullary thymic epithelial cell,1,thymus,1,https://doi.org/10.1126/science.aay3224; https://doi.org/10.3791/50951; https://doi.org/10.1038/s41467-021-21346-6; https://doi.org/10.1080/01926230600865549,TTN,TTN; TPM2; TNNT3; EPCAM; PTPRC; NEB; MYOG; ACTA1; NNAT; CDR2; TNNI2; MYL11; KLHL41
"3,0",ASCTB-TEMP:splenic-littoral-cell,Splenic Littoral Cell,1,spleen,1,https://doi.org/10.4049/jimmunol.1103086; https://doi.org/10.1182/blood.V126.23.3594.3594; https://doi.org/10.1182/bloodadvances.2017015073,MRC1,PTPRC; ACKR1; MRC1; SIRPA; CR2; FHOD1; CD8A; PECAM1; CD3E; CD34; CD14; VWF
"3,0",PCL:0015126,VLMC L1-5 PDGFRA COLEC12 primary motor cortex vascular leptomeningeal cell (Hsap),1,allen-brain,1,https://doi.org/10.1038/s41586-021-03465-8,COLEC12,COL1A2; COLEC12
"3,0",CL:0000540,neuron,1,spinal-cord,1,https://doi.org/10.1016/j.neuron.2023.01.007,MAF,MAF; GABRB2; MAFA
"3,0",CL:0009107,lymphatic endothelial cell of subcapsular sinus ceiling,1,lymph-node,1,https://doi.org/10.1016/j.immuni.2019.06.027; https://doi.org/10.3389/fcvm.2020.00052,LYVE1,NUDT4; NT5E; MFAP4; MARCO; PTPRC; PROX1; PDPN; ACKR4; CAV1; PECAM1; CLDN11; LYVE1; TNFRSF9
"3,0",CL:0001056,"dendritic cell, human",1,bone-marrow,1,https://doi.org/10.1002/cyto.a.23724,CD163,NCAM1; ITGAX; IL3RA; S100A9; S100A8; CD3E; HLA-DRA; CLEC4C; CLEC10A; CD163; CD19; FCGR3A; CD14; CD1C; CD36; FCER1A
"3,0",CL:0009086,endothelial cell of respiratory system lymphatic vessel,1,lung,1,https://doi.org/10.1148/93.3.507; https://doi.org/10.1136/thx.13.2.110,LYVE1,PROX1; PECAM1; ECSCR; MMRN1; CLDN5; LYVE1; CCL21
"3,0",CL:0002038,T follicular helper cell,1,lymph-node,1,https://doi.org/10.1097/01.pas.0000209855.28282.ce; https://doi.org/10.1016/j.immuni.2013.08.031,MAF,ICOS; CD69; CD4; MAF; B3GAT1; CD3G; PDCD1; CD3D; CD40LG; CXCR5
"3,0",CL:0009110,lymphatic endothelial cell of medulla ceiling,1,lymph-node,1,https://doi.org/10.1016/j.immuni.2019.06.027; https://doi.org/10.3389/fcvm.2020.00052,LYVE1,NT5E; MFAP4; MARCO; PTPRC; PROX1; PDPN; ACKR4; CAV1; PECAM1; CLDN11; LYVE1; TNFRSF9
"3,0",CL:0000876,splenic white pulp macrophage,1,spleen,1,https://doi.org/10.1111/imm.12469; https://doi.org/10.1186/s13059-019-1906-x,CD163,APOE; CD68; CD5L; CD163
"3,0",CL:0000636,Mueller cell,1,eye,1,https://doi.org/10.1155/2007/39245; https://doi.org/10.1016/j.ophtha.2017.09.016,SLC1A3,GFAP; CRYM; CLU; CRABP1; SLC1A3; GLUL; DKK3; APOE; RLBP1
"3,0",CL:0000872,splenic marginal zone macrophage,1,spleen,1,https://doi.org/10.1111/imm.12469; https://doi.org/10.1186/s13059-019-1906-x,CD163,APOE; CD68; CD5L; CD163
"3,0",PCL:0051247,MGE_246 sst GABAergic cortical interneuron (Hsap),1,allen-brain,1,https://doi.org/10.1101/2022.10.12.511898,MAF,MAF; LINC02008; SST
"3,0",CL:0002399,CD1c-positive myeloid dendritic cell,1,blood-pelvis,1,https://doi.org/10.1002/cyto.a.23724,CD163,NCAM1; ITGAX; IL3RA; S100A9; S100A8; CD3E; HLA-DRA; CD19; FCGR3A; CD14; CD1C; CD36; THBD; FCER1A; CD163; CLEC10A
"3,0",CL:0009108,lymphatic endothelial cell of subcapsular sinus floor,1,lymph-node,1,https://doi.org/10.1016/j.immuni.2019.06.027; https://doi.org/10.3389/fcvm.2020.00052,LYVE1,NT5E; MFAP4; MARCO; LYZ; ICAM1; PECAM1; CXCL1; PTPRC; ACKR4; CD9; CXCL5; THY1; PROX1; PDPN; CCL20; TNFRSF9; LYVE1; CD274; ACKR1; CLDN11; CAV1
"3,0",CL:0009109,lymphatic endothelial cell of trabecula,1,lymph-node,1,https://doi.org/10.1016/j.immuni.2019.06.027; https://doi.org/10.3389/fcvm.2020.00052,LYVE1,NT5E; MFAP4; MARCO; PTPRC; PROX1; PDPN; ACKR4; CAV1; PECAM1; CLDN11; LYVE1; TNFRSF9
"3,1",CL:0000235,macrophage,43,large-intestine; fallopian-tube; lymph-node,3,https://doi.org/10.1053/j.semdp.2017.11.002; https://doi.org/10.1097/01.pas.0000157940.80538.ec; https://doi.org/10.1182/blood.v97.1.288; https://doi.org/10.1111/cas.13137; https://doi.org/10.1007/978-1-4939-0897-4_3; https://doi.org/10.1182/blood-2008-06-165266; https://doi.org/10.1016/j.immuni.2020.02.001; https://doi.org/10.1016/j.celrep.2021.108978,HLA-DRA; CD74; LYZ,CD14; CD4; MRC1; CD209; ITGAX; CD74; CD68; HLA-DRA; ITGAM; MARCO; SIGLEC1; LYZ; CD163
"3,1",CL:0000451,dendritic cell,33,large-intestine; fallopian-tube; lymph-node,3,https://doi.org/10.1053/j.semdp.2017.11.002; https://doi.org/10.1016/S0002-94401061694-X; https://doi.org/10.1016/S0002-94401061680-X; https://doi.org/10.1007/978-1-4939-0897-4_3; https://doi.org/10.1016/j.immuni.2020.02.001; https://doi.org/10.1016/j.celrep.2021.108978,HLA-DRA; CD74; LYZ,CD274; ICAM1; HLA-DRA; CD83; S100A12; CD86; CD80; CD40; IL3RA; LYZ; CD74; ITGAX
"3,1",CL:0000071,blood vessel endothelial cell,24,lymph-node,1,https://doi.org/10.1007/s00441-008-0706-5; https://doi.org/10.1038/nri32982012.; https://doi.org/10.1371/journal.pone.0094781; https://doi.org/10.1369/jhc.4A6514.2005,CD74; HLA-DRA,CD300LG; HLA-DRB1; PDPN; PROX1; EMCN; CD59; HLA-DPA1; ENG; CD34; HLA-DRA; CAV1; ACKR1; PLVAP; SPARCL1; ESAM; CCL14; NECTIN2; HLA-DPB1; GJA5; ICAM1; MARCO; PECAM1; CDH5; FLT1; COL4A2; CD74; ACTA2; JAM2; CD209; NTAN1; IL3RA
"3,1",CL:0000576,monocyte,8,thymus; fallopian-tube; kidney,3,https://doi.org/10.1126/science.aay3224; https://doi.org/10.1038/s41586-020-2941-1; https://doi.org/10.1038/s41467-019-10861-2; https://doi.org/10.1126/science.aat5031; https://doi.org/10.1016/j.celrep.2021.108978,VCAN; HLA-DRA; LYZ,VCAN; S100A8; FCN1; S100A6; S100A4; S100A12; ITGAX; S100A9; HLA-DRA; CTSS; C1QA; CD52; LYZ
"3,1",CL:0000236,B cell,6,lymph-node; kidney; placenta,3,https://doi.org/10.1038/s41467-019-10861-2; https://doi.org/10.1038/s41573-020-00092-2; https://doi.org/10.1095/biolreprod.108.075226; https://doi.org/10.1038/s41586-020-2941-1; https://doi.org/10.1095/biolreprod51.4.739; https://doi.org/10.1172/jci.insight.133267; https://doi.org/10.1186/s13287-017-0757-1; PMCID:PMC1900414; ISBN:9781933477060; https://doi.org/10.1016/j.jcyt.2017.03.001; https://doi.org/10.1126/science.aat5031; https://doi.org/10.1091/mbc.1.1.27; https://doi.org/10.3390/cells1041061; https://doi.org/10.1093/intimm/7.7.1087; https://doi.org/10.1182/blood.V74.2.751.751,HLA-DRA,CD44; CD19; JCHAIN; SDC1; HLA-DRA; CD79A; MS4A1
"3,1",CL:0000788,naive B cell,5,thymus; lymph-node,2,https://doi.org/10.1126/sciimmunol.aah4447; https://doi.org/10.1126/science.aay3224; ISBN:9781933477060; ISBN:9781933477381; PMCID:PMC1900414,CD74; HLA-DRA,HLA-DQB1; CD79A; IGHM; CD22; BIRC3; TCL1A; BCL2; PTPRC; IGHD; SELL; HLA-DRA; CD27; CD19; CD1C; CD38; MME; FCER2; CR2; FCAMR; CD74; MS4A1
"3,1",CL:0000775,neutrophil,5,fallopian-tube,1,PMID:16938110,HLA-DRA,HLA-DRA; FCGR1A; VEGFA
"3,1",CL:0000787,memory B cell,4,lymph-node,1,ISBN:9781933477381; PMCID:PMC1900414; ISBN:9781933477060,CD74; HLA-DRA,CD27; HLA-DRA; CD79A; PTPRC; CD74; MS4A1; CD19
"3,1",CL:0000866,thymic macrophage,3,thymus,1,https://doi.org/10.1016/j.imbio.2008.07.032; https://doi.org/10.1016/s0065-2776(08)60900-1; https://doi.org/10.1016/j.imbio.2008.07.032.; https://doi.org/10.1126/science.aay3224,LYZ,LGMN; LYZ; ITGAX; ICAM1; MS4A7; CD68; SELENOP; SLC40A1; C1QB; C1QA; ITGAM; C1QC; CD163; RNASE1; CD209; APOE; STAB1
"3,1",CL:0002399,CD1c-positive myeloid dendritic cell,3,lymph-node; blood-pelvis,2,https://doi.org/10.1038/s41423-020-0511-y; https://doi.org/10.1016/j.immuni.2017.02.019; https://doi.org/10.1016/S0002-94401061694-X; https://doi.org/10.1002/cyto.a.23724; https://doi.org/10.1016/j.immuni.2017.04.019,CD74; HLA-DRA,SIRPA; CD74; CD86; CD36; S100A9; ITGAX; IL3RA; NCAM1; CD19; FCGR2B; FCGR3A; CD14; CD1C; S100A8; CD3E; HLA-DPB1; HLA-DRA; CD163; CLEC10A; HLA-DQA2; THBD; FCER1A
"3,1",ASCTB-TEMP:dec205-dc,DEC205+ DC,3,spleen,1,https://doi.org/10.1111/j.1365-2567.2007.02710.x,CD74,LY75; CD74; ITGAX
"3,1",CL:0001056,"dendritic cell, human",3,bone-marrow; liver; kidney,3,https://doi.org/10.1038/s41586-020-2941-1; https://doi.org/10.1111/imm.12888; https://doi.org/10.1038/s41467-019-10861-2; https://doi.org/10.1126/science.aat5031; https://doi.org/10.1002/cyto.a.23724,CD74; HLA-DRA,FLT3; FCGR1A; ADGRE1; CSF1R; CD74; CD1E; NCAM1; ITGAX; APOE; IL3RA; S100A9; S100A8; CD3E; HLA-DRA; CLEC4C; CLEC10A; CD163; CD19; FCGR3A; CD14; CD1C; CD36; FCER1A
"3,1",CL:0001055,"CD14-positive, CD16-low monocyte",2,spleen,1,https://doi.org/10.3389/fimmu.2019.01642; https://doi.org/10.1182/bloodadvances.2017015008; https://doi.org/10.1186/s13059-019-1906-x,VCAN,FCN1; FCGR3A; FCGR1A; VCAN; ITGAM; CD14
"3,1",CL:0002394,CD141-positive myeloid dendritic cell,2,blood-pelvis; lymph-node,2,https://doi.org/10.1016/j.immuni.2017.02.019; https://doi.org/10.1016/S0002-94401061694-X; https://doi.org/10.3109/10428194.2013.781167,CD74; HLA-DRA,IDO1; CD74; ANPEP; CADM1; CD19; FCGR3A; IL3RA; XCR1; BATF3; CD1C; CD14; CD3E; HLA-DRA; THBD; CLEC9A; ITGAX; NCAM1
"3,1",CL:0002059,CD8-alpha-positive thymic conventional dendritic cell,2,thymus,1,https://doi.org/10.1172/JCI11734; https://doi.org/10.1038/cti.2015.21; https://doi.org/10.1126/science.aay3224,LYZ,PTPRC; ITGAX; LYZ; LGALS2; CPVL; SIRPA; ITGAM; XCR1; CD33; BATF3; IRF8; C1orf54; CD4; DNASE1L3; CD83; RGCC; HLA-DPA1; THBD; CLEC9A
"3,1",CL:0009077,subcapsular thymic epithelial cell,2,thymus,1,https://doi.org/10.1016/s0065-2776(08)60900-1,PTMA; TMSB4X,PTMA; TMSB4X
"3,1",CL:0000990,conventional dendritic cell,2,bone-marrow,1,https://doi.org/10.3109/10428194.2013.781167; https://doi.org/10.1016/j.immuni.2017.04.019,HLA-DRA,CADM1; NCAM1; ITGAX; CD19; FCGR2B; FCGR3A; IL3RA; CD14; CD1C; CD3E; HLA-DPB1; HLA-DRA; CLEC10A; XCR1; HLA-DQA2; CLEC9A; THBD; FCER1A
"3,1",CL:0000442,follicular dendritic cell,2,lymph-node,1,https://doi.org/10.1097/PAI.0b013e318183a8e2; https://doi.org/10.1016/j.smim.2007.12.001; https://doi.org/10.1016/j.ajpath.2010.12.039,CD74,MADCAM1; FCGR1BP; FCGR2B; CR2; CR1; PDPN; CD74; FCER2; MFGE8; VCAM1; ICAM1; CXCL13
"3,1",CL:0001058,"plasmacytoid dendritic cell, human",2,blood-pelvis; bone-marrow,2,https://doi.org/10.1111/bjh.14467,HLA-DRA,CLEC4C; CD14; CD19; IL3RA; CD3E; HLA-DRA; FCGR3A; GZMB; SIGLEC6; JCHAIN; SERPINF1; ITGAX; AXL; NCAM1
"3,1",CL:1000489,reticular cell of splenic cord,2,spleen,1,https://doi.org/10.55418/9781933477060.; https://doi.org/10.1111/imm.12469; https://doi.org/10.1038/s41467-019-09728-3,CD74,MADCAM1; NGFR; IL7; ENPP2; CCL19; CCL21; BST1; DSC2; THBD; ACTA2; THY1; C3; CLU; CD74; CR2; DCN; ENG
"3,1",CL:0000888,lymph node tingible body macrophage,1,lymph-node,1,https://doi.org/10.1111/cas.13137,HLA-DRA,ITGAX; CD68; CD4; HLA-DRA; ITGAM; CD14; SPARC; SIGLEC1
"3,1",CL:0000875,non-classical monocyte,1,kidney,1,https://doi.org/10.3389/fimmu.2019.02035; https://doi.org/10.1172/jci.insight.133267; https://doi.org/10.1101/2021.07.28.454201; https://doi.org/10.1126/science.aat5031,HLA-DRA,HLA-DRA; FCGR3A
"3,1",PCL:0015120,Oligo L2-6 OPALIN FTH1P3 primary motor cortex oligodendrocyte (Hsap),1,allen-brain,1,https://doi.org/10.1038/s41586-021-03465-8,VCAN,STK32A; VCAN
"3,1",CL:0000883,thymic cortical macrophage,1,thymus,1,https://doi.org/10.1016/s0065-2776(08)60900-1,TMSB4X,STAB1; APOE; C1QC; C1QB; TMSB4X; SLC40A1; LGMN; SELENOP; MS4A7; C1QA; RNASE1
"3,1",CL:1000695,kidney interstitial alternatively activated macrophage,1,kidney,1,https://doi.org/10.1038/s41586-020-2941-1; https://doi.org/10.1038/s41467-019-10861-2; https://doi.org/10.1126/science.aat5031,HLA-DRA,ITGAX; IL7R; HLA-DRA; MRC1; CD163; CD14
"3,1",PCL:0051254,MGE_253 sst GABAergic cortical interneuron (Hsap),1,allen-brain,1,https://doi.org/10.1101/2022.10.12.511898,VCAN,CTC-535M15.2; CTC-340A15.2; VCAN; TRPC6; SST
"3,1",PCL:0051308,CBI_307 cerebellar inhibitory GABAergic interneuron (Hsap),1,allen-brain,1,https://doi.org/10.1101/2022.10.12.511898,VCAN,LINC02552; VCAN; NXPH1; SCGN
"3,1",PCL:0051299,CBI_298 cerebellar inhibitory GABAergic interneuron (Hsap),1,allen-brain,1,https://doi.org/10.1101/2022.10.12.511898,VCAN,RELN; VCAN; SLC6A5
"3,1",PCL:0051018,VendV_17 vein endothelial cell (Hsap),1,allen-brain,1,https://doi.org/10.1101/2022.10.12.511898,SRGN,SRGN; IL1R1
"3,1",CL:0000887,lymph node subcapsular sinus macrophage,1,lymph-node,1,https://doi.org/10.1097/01.pas.0000157940.80538.ec; https://doi.org/10.1053/j.semdp.2017.11.002; https://doi.org/10.1182/blood-2008-06-165266,HLA-DRA,CD163; CD14; SIGLEC1; HLA-DRA; MRC1; CD68; CD4; ITGAX; CD209
"3,1",CL:0009108,lymphatic endothelial cell of subcapsular sinus floor,1,lymph-node,1,https://doi.org/10.1016/j.immuni.2019.06.027; https://doi.org/10.3389/fcvm.2020.00052,LYZ,NT5E; MFAP4; MARCO; LYZ; ICAM1; PECAM1; CXCL1; PTPRC; ACKR4; CD9; CXCL5; THY1; PROX1; PDPN; CCL20; TNFRSF9; LYVE1; CD274; ACKR1; CLDN11; CAV1
"3,1",CL:1000692,kidney interstitial fibroblast,1,kidney,1,https://doi.org/10.1172/jci.insight.133267; https://doi.org/10.1038/s41467-019-10861-2,ZEB2,LUM; COL1A2; COL1A1; DCN; ZEB2; C7; VIM
"3,1",CL:0000882,thymic medullary macrophage,1,thymus,1,https://doi.org/10.1016/s0065-2776(08)60900-1; https://doi.org/10.1016/j.imbio.2008.07.032; https://doi.org/10.1126/science.aay3224,LYZ,ITGAX; ICAM1; STAB1; APOE; LYZ; LGMN; SELENOP; MS4A7; CD68; SLC40A1; C1QB; C1QA; ITGAM; C1QC; CD163; RNASE1; CD209
"3,1",PCL:0051005,Mgl_4 microglial cell (Hsap),1,allen-brain,1,https://doi.org/10.1101/2022.10.12.511898,SRGN,SRGN; HIF1A-AS3
"3,1",CL:0000972,class switched memory B cell,1,thymus,1,https://doi.org/10.1126/sciimmunol.aah4447; https://doi.org/10.1080/01926230600865549; https://doi.org/10.1126/science.aay3224,HLA-DRA,GPR183; HLA-DRA; ADAM28; BANK1; TNFRSF13B; IGHA1; HLA-DQA1; LY86; CRIP1; MS4A1; CD19; CD27
"3,1",CL:0009112,centroblast,1,lymph-node,1,ISBN:9781933477381; https://doi.org/10.1182/blood-2012-03-415380; PMCID:PMC1900414,CD74,CD38; CD19; AICDA; CD27; MKI67; LMO2; MME; IGHD; BCL2; CD74; MS4A1; CXCR4; BCL6
"3,1",CL:0000840,immature conventional dendritic cell,1,blood-pelvis,1,https://doi.org/10.1182/blood-2004-02-0769,HLA-DRA,AXL; NCAM1; ITGAX; HLA-DRA; CD3E; CD22; IL3RA; FCGR3A; CD19; CD14; SIGLEC6
"3,1",CL:0002138,endothelial cell of lymphatic vessel,1,thymus,1,https://doi.org/10.1080/01926230600865549; https://doi.org/10.1126/science.aay3224,LAPTM5,NTS; MMRN1; FABP5; NUPR1; LAPTM5; TFPI; TFF3; PROX1; CAVIN2; LYVE1; CCL21
"3,1",CL:0000818,transitional stage B cell,1,bone-marrow,1,https://doi.org/10.1073/pnas.172384399,HLA-DRA,NCAM1; IL3RA; BCL7A; ITGAX; TCL1A; SOX4; HLA-DRA; CD24; CD19; FCGR3A; CD14; CD1C; CD3E; FCRLA; THBD; IGLL5; CLEC9A
"3,1",CL:0000970,unswitched memory B cell,1,thymus,1,https://doi.org/10.1126/sciimmunol.aah4447; https://doi.org/10.1080/01926230600865549; https://doi.org/10.1126/science.aay3224,HLA-DRA,GPR183; HLA-DRA; ADAM28; BANK1; TNFRSF13B; IGHA1; HLA-DQA1; LY86; CRIP1; MS4A1; CD19; IGHM; CD27
"3,2",PCL:0051215,MSN_214 direct pathway medium spiny neuron (Hsap),1,allen-brain,1,https://doi.org/10.1101/2022.10.12.511898,STAC,LINC01117; DRD1; STAC
"3,2",PCL:0051367,Splat_366 neuron (Hsap),1,allen-brain,1,https://doi.org/10.1101/2022.10.12.511898,TCF7L2,DACH1; EBF3; TCF7L2; KLHL1
"3,2",PCL:0051383,Splat_382 neuron (Hsap),1,allen-brain,1,https://doi.org/10.1101/2022.10.12.511898,TCF7L2,RSPO3; TCF7L2; SST
"3,2",PCL:0051373,Thex_372 thalamic excitatory neuron (Hsap),1,allen-brain,1,https://doi.org/10.1101/2022.10.12.511898,TCF7L2,PTH2R; RNF220; FAM9B; TCF7L2
"3,2",PCL:0051368,Splat_367 neuron (Hsap),1,allen-brain,1,https://doi.org/10.1101/2022.10.12.511898,TCF7L2,PRLR; TCF7L2; TAC1
"3,2",PCL:0051369,Splat_368 neuron (Hsap),1,allen-brain,1,https://doi.org/10.1101/2022.10.12.511898,TCF7L2,SNHG14; EBF1; EBF3; TCF7L2
"3,2",PCL:0051457,Thex_456 thalamic excitatory neuron (Hsap),1,allen-brain,1,https://doi.org/10.1101/2022.10.12.511898,TCF7L2,LINC02296; ST8SIA6; TCF7L2; BMP6
"3,2",PCL:0051355,Splat_354 neuron (Hsap),1,allen-brain,1,https://doi.org/10.1101/2022.10.12.511898,TCF7L2,RP11-66G15.1; LHX1; TCF7L2
"3,2",PCL:0051374,Splat_373 neuron (Hsap),1,allen-brain,1,https://doi.org/10.1101/2022.10.12.511898,TCF7L2,LHX2; PDGFD; TCF7L2; SHOX2
"3,3",CL:0008036,extravillous trophoblast,9,placenta,1,PMID:8804361; https://doi.org/10.1155/2021/6662201; https://doi.org/10.1095/biolreprod.106.055244; https://doi.org/10.1093/humrep/dem265; https://doi.org/10.1053/plac.2000.0559; https://doi.org/10.1016/j.jim.2003.03.001; https://doi.org/10.1242/dev.148932; https://doi.org/10.1016/0198-8859(93)90138-Q,PLAC8,HLA-G; KRT7; PLAC8; MCAM
"3,3",CL:0000818,transitional stage B cell,2,blood-pelvis; bone-marrow,2,https://doi.org/10.1073/pnas.172384399,CD24,NCAM1; IL3RA; FCGR3A; CD3E; CD1C; CD14; MME; IGHD; ITGAX; TCL1A; SOX4; HLA-DRA; CD24; CD27; CLEC9A; THBD; IGLL5; CD19; CR2; CD22; BCL7A; CD38; MS4A1; CD5; FCRLA
"3,3",CL:0000788,naive B cell,2,blood-pelvis; bone-marrow,2,https://doi.org/10.1038/s41467-019-12464-3,CD24,SDC1; MME; IGHD; MS4A1; FCER2; CD38; CD24; CR2; CD19; IGHM; CD27; PAX5; CD40
"3,3",CL:0000115,endothelial cell,2,skin,1,https://doi.org/10.1152/ajpcell.00524.2001; https://doi.org/10.1016/j.vph.2016.05.003,ERG,PECAM1; ERG
"3,3",CL:0000775,neutrophil,2,spleen,1,https://doi.org/10.1038/ni.2830; https://doi.org/10.1038/ni.2194; https://doi.org/10.1111/imm.12469,CEACAM8,MPO; ELANE; CEACAM8; FUT4
"3,3",CL:0000942,thymic plasmacytoid dendritic cell,2,thymus,1,https://doi.org/10.1172/JCI11734; https://doi.org/10.1172/JCI11734.; https://doi.org/10.1126/science.aay3224; https://doi.org/10.1182/blood-2008-11-187633,PLAC8,CCDC50; ANPEP; CD33; PLAC8; PLD4; IL3RA; UGCG; GZMB; PSMB11; ITGAX; PTPRC; IRF8; IRF7; JCHAIN; CLEC4C; LILRA4
"3,3",PCL:0051184,CA13_183 hippocampal CA1-3 neuron (Hsap),1,allen-brain,1,https://doi.org/10.1101/2022.10.12.511898,ABCA13,RP11-60A8.1; AC004538.3; CASC6; ABCA13
"3,3",PCL:0015085,Exc L5 THEMIS VILL primary motor cortex glutamatergic neuron (Hsap),1,allen-brain,1,https://doi.org/10.1038/s41586-021-03465-8,DACH1,TNC; DACH1
"3,3",CL:0000899,T-helper 17 cell,1,thymus,1,https://doi.org/10.1084/jem.20080397; https://doi.org/10.1126/science.aay3224,PLAC8,PLAC8; NOSIP; KLRB1; CARHSP1; ANXA1; CD4; IL7R; ZBTB16; CD40LG; SORL1
"3,3",PCL:0051099,DLCT6b_98 glutamatergic neuron (Hsap),1,allen-brain,1,https://doi.org/10.1101/2022.10.12.511898,ERG,IL15; ERG; CDH24
"3,3",CL:0000786,plasma cell,1,bone-marrow,1,https://doi.org/10.1073/pnas.172384399,CD24,IGKC; TNFRSF17; SDC1; IGHD; DERL3; CR2; CD19; IGHG1; CD27; CD24; IGHA1; CD38; MZB1; SEC11C
"3,3",CL:4033062,interstitial extravillous trophoblast cell,1,placenta,1,https://doi.org/10.1242/dev.148932; https://doi.org/10.1016/0198-8859(93)90138-Q; PMID:8804361; https://doi.org/10.1155/2021/6662201; https://doi.org/10.1095/biolreprod.106.055244; https://doi.org/10.1093/humrep/dem265; https://doi.org/10.1053/plac.2000.0559; https://doi.org/10.1016/j.jim.2003.03.001,PLAC8,MCAM; HLA-G; KRT7; PLAC8
"3,3",PCL:0051117,Misc_116 cerebral cortex neuron (Hsap),1,allen-brain,1,https://doi.org/10.1101/2022.10.12.511898,ERG,FAM160A1; PCSK6; ERG; ATP10A
"3,3",PCL:0051310,URL_309 neuron (Hsap),1,allen-brain,1,https://doi.org/10.1101/2022.10.12.511898,ABCA13,RP11-340A13.4; ABCA13
"3,3",PCL:0051367,Splat_366 neuron (Hsap),1,allen-brain,1,https://doi.org/10.1101/2022.10.12.511898,DACH1,DACH1; EBF3; TCF7L2; KLHL1
"3,3",PCL:0051390,Splat_389 neuron (Hsap),1,allen-brain,1,https://doi.org/10.1101/2022.10.12.511898,DACH1,GATA3; DACH1; FIGN
"3,3",CL:0000787,memory B cell,1,bone-marrow,1,https://doi.org/10.1002/jcla.20001,CD24,MME; IGHD; IGHA1; MS4A1; CD38; CD82; CD24; IGHG1; CR2; CD19; CD27; SELL
"3,4",CL:0000071,blood vessel endothelial cell,22,thymus; lymph-node,2,https://doi.org/10.1126/science.aay3224; https://doi.org/10.1080/01926230600865549; https://doi.org/10.1007/s00441-008-0706-5; https://doi.org/10.1038/nri32982012.; https://doi.org/10.1371/journal.pone.0094781; https://doi.org/10.1369/jhc.4A6514.2005,COL4A2; SPARCL1,RAMP2; IFI27; TM4SF1; RNASE1; CD300LG; HLA-DRB1; PDPN; PROX1; NPDC1; EMCN; CD59; HLA-DPA1; ENG; CD34; AQP1; HLA-DRA; CAV1; ACKR1; PLVAP; A2M; SPARCL1; ESAM; CCL14; NECTIN2; BCAM; HLA-DPB1; GJA5; ICAM1; MARCO; PECAM1; CDH5; FLT1; COL4A2; CD74; ACTA2; JAM2; CD209; NTAN1; IL3RA
"3,4",CL:0000057,fibroblast,5,fallopian-tube,1,https://doi.org/10.1016/j.celrep.2021.108978,DCN,DCN
"3,4",CL:0000540,neuron,5,spinal-cord,1,https://doi.org/10.1016/j.neuron.2023.01.007,SOX5,ISM1; LMO3; CARTPT; IGF1; NMU; CALCB; TAC1; SOX5
"3,4",CL:4028006,alveolar adventitial fibroblast,3,lung,1,https://doi.org/10.1148/93.3.507; https://doi.org/10.1136/thx.13.2.110,DCN,MFAP4; MFAP5; FBLN1; SCARA5; DCN; PI16; COL6A3; PLA2G2A; LUM; COL1A2; SLPI; DCLK1; CDON
"3,4",CL:0009089,lung pericyte,3,lung,1,https://doi.org/10.1148/93.3.507; https://doi.org/10.1136/thx.13.2.110,DCN,PDGFRB; LAMC3; DCN; CSPG4; HIGD1B; COL1A2; COX4I2; TRPC6
"3,4",CL:4028004,alveolar type 1 fibroblast cell,3,lung,1,https://doi.org/10.1148/93.3.507; https://doi.org/10.1136/thx.13.2.110,DCN,INMT; VEGFD; LUM; PCDH15; PLIN2; DCN; COL1A2; FGFR4; TCF21; MFAP4; FBLN1; SAA1; WNT2; COL6A3; CES1
"3,4",CL:0009078,thymic fibroblast type 1,2,thymus,1,https://doi.org/10.1126/science.aay3224,SPARCL1; C7,PTGDS; MFAP4; HSPB6; RSPO3; PTN; RBP5; DPT; C7; SRPX; SPARCL1
"3,4",CL:4033017,bronchiolar smooth muscle cell,2,lung,1,https://doi.org/10.1148/93.3.507; https://doi.org/10.1136/thx.13.2.110,DCN,ACTG1; COL1A2; LGR6; ACTA2; CNN1; DES; TAGLN; DCN; PLN; MYH11; MFAP4
"3,4",CL:1000692,kidney interstitial fibroblast,2,kidney,1,https://doi.org/10.1172/jci.insight.133267; https://doi.org/10.1038/s41467-019-10861-2,DCN; C7,LUM; COL1A2; COL1A1; DCN; ZEB2; C7; VIM
"3,4",CL:1000489,reticular cell of splenic cord,2,spleen,1,https://doi.org/10.55418/9781933477060.; https://doi.org/10.1111/imm.12469; https://doi.org/10.1038/s41467-019-09728-3,DCN,MADCAM1; NGFR; IL7; ENPP2; CCL19; CCL21; BST1; DSC2; THBD; ACTA2; THY1; C3; CLU; CD74; CR2; DCN; ENG
"3,4",PCL:0051029,Fbl_28 fibroblast (Hsap),1,allen-brain,1,https://doi.org/10.1101/2022.10.12.511898,C7,COL1A2; FBLN2; C7
"3,4",CL:4030022,renal medullary fibroblast,1,kidney,1,https://doi.org/10.1101/2021.07.28.454201,DCN,NCAM1; TNC; KCNK2; CLMP; DCN; SYT1
"3,4",PCL:0051330,Mmb_329 mammillary body neuron (Hsap),1,allen-brain,1,https://doi.org/10.1101/2022.10.12.511898,FBXL7,PRLR; LINC02196; FBXL7; SIM1
"3,4",PCL:0015022,Inh L1-2 VIP PTGER3 primary motor cortex GABAergic interneuron (Hsap),1,allen-brain,1,https://doi.org/10.1038/s41586-021-03465-8,PARD3B,SYT10; KCNH8; PARD3B
"3,4",CL:0000899,T-helper 17 cell,1,thymus,1,https://doi.org/10.1084/jem.20080397; https://doi.org/10.1126/science.aay3224,ZBTB16,PLAC8; NOSIP; KLRB1; CARHSP1; ANXA1; CD4; IL7R; ZBTB16; CD40LG; SORL1
"3,4",ASCTB-TEMP:geniculate-ganglion-sparcl1-neuron,geniculate ganglion SPARCL1 neuron,1,peripheral-nervous-system,1,https://doi.org/10.1159/000470835,SPARCL1,SPARCL1
"3,4",PCL:0051052,Bgl_51 Bergmann glial cell (Hsap),1,allen-brain,1,https://doi.org/10.1101/2022.10.12.511898,LAMA2,LAMA2; LINC01727
"3,4",CL:0009079,thymic fibroblast type 2,1,thymus,1,https://doi.org/10.1126/science.aay3224,FBN1,FN1; COL3A1; IGFBP6; COL1A1; LUM; COL1A2; FBN1; COL14A1; OGN; MGP
"3,4",PCL:0051169,Misc_168 cerebral cortex neuron (Hsap),1,allen-brain,1,https://doi.org/10.1101/2022.10.12.511898,DCN,SCHLAP1; DCN
"3,4",PCL:0051382,Splat_381 neuron (Hsap),1,allen-brain,1,https://doi.org/10.1101/2022.10.12.511898,EBF1,OTP; EBF1; EBF2
"3,4",PCL:0051207,MSN_206 medium spiny neuron (Hsap),1,allen-brain,1,https://doi.org/10.1101/2022.10.12.511898,EBF1,RP11-640F22.1; AC002066.1; GLI3; EBF1
"3,4",PCL:0051129,ULIT_128 intratelencephalic-projecting glutamatergic cortical neuron (Hsap),1,allen-brain,1,https://doi.org/10.1101/2022.10.12.511898,LAMA2,RP11-387P12.1; LAMA2; LINC02055; COL5A2
"3,4",PCL:0051249,MGE_248 sst GABAergic cortical interneuron (Hsap),1,allen-brain,1,https://doi.org/10.1101/2022.10.12.511898,DCN,RP11-799O21.2; DCN; TAC1
"3,4",PCL:0051171,Misc_170 neuron of the forebrain (Hsap),1,allen-brain,1,https://doi.org/10.1101/2022.10.12.511898,DCN,GRB14; DCN
"3,4",PCL:0015003,Inh L1-6 LAMP5 AARD primary motor cortex GABAergic interneuron (Hsap),1,allen-brain,1,https://doi.org/10.1038/s41586-021-03465-8,FBXL7,KIT; PRELID2; FREM1; FBXL7
"3,4",PCL:0015045,Inh L3-5 SST OR5AH1P primary motor cortex GABAergic interneuron (Hsap),1,allen-brain,1,https://doi.org/10.1038/s41586-021-03465-8,FBXL7,ADAMTS5; FBXL7; SST
"3,4",ASCTB-TEMP:jugular-ganglion-sparcl1-neuron,jugular ganglion SPARCL1 neuron,1,peripheral-nervous-system,1,https://doi.org/10.1016/j.tice.2020.101344,SPARCL1,SPARCL1
"3,4",PCL:0051369,Splat_368 neuron (Hsap),1,allen-brain,1,https://doi.org/10.1101/2022.10.12.511898,EBF1,SNHG14; EBF1; EBF3; TCF7L2
"3,4",PCL:0015082,Exc L3 THEMIS ENPEP primary motor cortex glutamatergic neuron (Hsap),1,allen-brain,1,https://doi.org/10.1038/s41586-021-03465-8,LAMA2,LAMA2; FAP
"3,4",PCL:0015031,Inh L5-6 VIP COL4A3 primary motor cortex GABAergic interneuron (Hsap),1,allen-brain,1,https://doi.org/10.1038/s41586-021-03465-8,PARD3B,ABI3BP; KCTD12; PARD3B
"3,4",CL:0001058,"plasmacytoid dendritic cell, human",1,lymph-node,1,https://doi.org/10.1097/pap.0b013e3181bb6bc2; https://doi.org/10.1016/S0002-94401061694-X,TCF4,PTPRC; ITGAX; IL3RA; JCHAIN; GZMB; CLEC4C; TCF4
"3,4",PCL:0051025,Fbl_24 fibroblast (Hsap),1,allen-brain,1,https://doi.org/10.1101/2022.10.12.511898,C7,C7; BMP5
"3,4",CL:0000940,mucosal-associated invariant T cell,1,thymus,1,https://doi.org/10.1038/ni.3565.,ZBTB16,KLRB1; IL18R1; CD8A; CD4; ZBTB16; CD27; RORC
"3,5",CL:0000775,neutrophil,3,kidney,1,https://doi.org/10.1016/j.exphem.2016.10.008; https://doi.org/10.1172/jci.insight.133267; https://doi.org/10.1101/2021.07.28.454201; https://doi.org/10.1038/s41586-020-2941-1; https://doi.org/10.1126/science.aat5031,S100A8; CSF3R; S100A9,FCGR3B; CSF3R; S100A9; S100A8
"3,5",CL:0001056,"dendritic cell, human",2,bone-marrow,1,https://doi.org/10.1002/cyto.a.23724,S100A8; S100A9,NCAM1; ITGAX; IL3RA; S100A9; S100A8; CD3E; HLA-DRA; CLEC4C; CLEC10A; CD163; CD19; FCGR3A; CD14; CD1C; CD36; FCER1A
"3,5",CL:0002399,CD1c-positive myeloid dendritic cell,2,blood-pelvis,1,https://doi.org/10.1002/cyto.a.23724,S100A8; S100A9,NCAM1; ITGAX; IL3RA; S100A9; S100A8; CD3E; HLA-DRA; CD19; FCGR3A; CD14; CD1C; CD36; THBD; FCER1A; CD163; CLEC10A
"3,5",CL:0009073,medullary thymic epithelial cell type 3,2,thymus,1,https://doi.org/10.1038/nature03886.; https://doi.org/10.4049/jimmunol.1002151; https://doi.org/10.1038/s41467-021-21346-6; https://doi.org/10.3791/50951; https://doi.org/10.1080/01926230600865549; https://doi.org/10.1126/science.aay3224,S100A9,SOX2; TSLP; S100A9; SFN; PERP; IVL; KRT6A; EPCAM; SUCO; LY6D; SPINK5; CDR2; CALML5; KRT10; DEFB1; PTPRC; KRT19
"3,5",PCL:0051018,VendV_17 vein endothelial cell (Hsap),2,allen-brain,1,https://doi.org/10.1101/2022.10.12.511898,IL1R1; SRGN,SRGN; IL1R1
"3,5",CL:0000576,monocyte,2,thymus,1,https://doi.org/10.1126/science.aay3224,S100A8; S100A9,CTSS; VCAN; LYZ; CD52; S100A9; S100A8; FCN1; S100A6; S100A4; S100A12
"3,5",CL:0000899,T-helper 17 cell,1,thymus,1,https://doi.org/10.1084/jem.20080397; https://doi.org/10.1126/science.aay3224,SORL1,PLAC8; NOSIP; KLRB1; CARHSP1; ANXA1; CD4; IL7R; ZBTB16; CD40LG; SORL1
"3,5",PCL:0051005,Mgl_4 microglial cell (Hsap),1,allen-brain,1,https://doi.org/10.1101/2022.10.12.511898,SRGN,SRGN; HIF1A-AS3
"3,5",PCL:0015102,Exc L5-6 FEZF2 FILIP1L primary motor cortex glutamatergic neuron (Hsap),1,allen-brain,1,https://doi.org/10.1038/s41586-021-03465-8,MCTP2,SEC16B; MCTP2; SULF1
"3,5",CL:0000750,OFF-bipolar cell,1,eye,1,https://doi.org/10.1016/j.preteyeres.2020.100844; PMID:8425845; https://doi.org/10.1002/cne.10491,GLT1D1,GLT1D1; RCVRN
"30,0",CL:0009016,intestinal crypt stem cell of large intestine,11,large-intestine,1,https://doi.org/10.1038/nature06196,CD44,RGMB; SMOC2; LRIG1; CD44; LGR5; SOX9
"30,0",CL:0002558,fibroblast of villous mesenchyme,8,placenta,1,https://doi.org/10.5966/sctm.2015-0022; https://doi.org/10.3346/jkms.2012.27.8.857; https://doi.org/10.1093/humrep/den051; https://doi.org/10.3390/cells1041061; https://doi.org/10.1186/s13287-017-0757-1; https://doi.org/10.1182/blood.V74.2.751.751; https://doi.org/10.1095/biolreprod51.4.739; https://doi.org/10.1095/biolreprod.108.075226; https://doi.org/10.1016/j.jcyt.2017.03.001,CD44,NT5E; ENG; CD44; THY1
"30,0",CL:4033014,peg cell,5,fallopian-tube,1,PMID:22911892,CD44,ITGA6; CD44; EPCAM
"30,0",CL:0002255,stromal cell of endometrium,3,placenta,1,https://doi.org/10.5966/sctm.2015-0022; https://doi.org/10.3346/jkms.2012.27.8.857; https://doi.org/10.1093/humrep/den051; https://doi.org/10.3390/cells1041061; https://doi.org/10.1186/s13287-017-0757-1; https://doi.org/10.1182/blood.V74.2.751.751; https://doi.org/10.1016/s1472-6483(10)61745-2; https://doi.org/10.1095/biolreprod51.4.739; https://doi.org/10.1095/biolreprod.108.075226; https://doi.org/10.1016/j.jcyt.2017.03.001,CD44,MME; ENG; CD44; ANPEP; THY1
"30,0",CL:0000236,B cell,3,placenta,1,https://doi.org/10.1186/s13287-017-0757-1; https://doi.org/10.1182/blood.V74.2.751.751; https://doi.org/10.1095/biolreprod51.4.739; https://doi.org/10.1095/biolreprod.108.075226; https://doi.org/10.1093/intimm/7.7.1087; https://doi.org/10.3390/cells1041061; https://doi.org/10.1091/mbc.1.1.27; https://doi.org/10.1016/j.jcyt.2017.03.001,CD44,CD44; HLA-DRA; SDC1
"30,0",CL:2000061,placental amniotic mesenchymal stromal cell,3,placenta,1,https://doi.org/10.5966/sctm.2015-0022; https://doi.org/10.3346/jkms.2012.27.8.857; https://doi.org/10.1093/humrep/den051; https://doi.org/10.3390/cells1041061; https://doi.org/10.1186/s13287-017-0757-1; https://doi.org/10.1182/blood.V74.2.751.751; https://doi.org/10.1095/biolreprod51.4.739; https://doi.org/10.1095/biolreprod.108.075226; https://doi.org/10.1016/j.jcyt.2017.03.001,CD44,NT5E; ENG; CD44; THY1
"30,0",CL:0001058,"plasmacytoid dendritic cell, human",3,spleen,1,https://doi.org/10.1111/imm.12469; https://doi.org/10.4049/jimmunol.1002632; https://doi.org/10.1186/s13059-019-1906-x,NRP1,NRP1; ITGAX; IL3RA; CLEC4C
"30,0",CL:0000745,retina horizontal cell,1,eye,1,https://doi.org/10.1016/j.preteyeres.2020.100844; https://doi.org/10.1016/j.exer.2016.01.002,ONECUT1,ONECUT2; LHX1; ONECUT1; PVALB; CALB1
"30,0",PCL:0051338,Splat_337 neuron (Hsap),1,allen-brain,1,https://doi.org/10.1101/2022.10.12.511898,ONECUT1,ONECUT1; LINC03122; TAFA4
"30,0",PCL:0015006,Inh L5-6 LAMP5 CRABP1 primary motor cortex GABAergic interneuron (Hsap),1,allen-brain,1,https://doi.org/10.1038/s41586-021-03465-8,PDGFD,PDGFD
"30,0",PCL:0051229,EMSN_228 medium spiny neuron (Hsap),1,allen-brain,1,https://doi.org/10.1101/2022.10.12.511898,MEIS1,MEIS1; NPFFR2; ADAMTSL1; RP11-154H17.1; SEMA3C
"30,0",PCL:0051374,Splat_373 neuron (Hsap),1,allen-brain,1,https://doi.org/10.1101/2022.10.12.511898,PDGFD,LHX2; PDGFD; TCF7L2; SHOX2
"30,0",PCL:0051341,Splat_340 neuron (Hsap),1,allen-brain,1,https://doi.org/10.1101/2022.10.12.511898,ONECUT1,LINC01798; ONECUT1; LHX9
"30,0",PCL:0015020,Inh L1-2 VIP EXPH5 primary motor cortex GABAergic interneuron (Hsap),1,allen-brain,1,https://doi.org/10.1038/s41586-021-03465-8,SCTR,ST18; SCTR
"30,0",PCL:0015103,Exc L5-6 FEZF2 SH2D1B primary motor cortex glutamatergic neuron (Hsap),1,allen-brain,1,https://doi.org/10.1038/s41586-021-03465-8,MEIS2,PAPSS2; NLGN4Y; MEIS2; ADAMTSL1
"30,0",CL:0002425,early T lineage precursor,1,thymus,1,https://doi.org/10.3389/fimmu.2019.00447.; https://doi.org/10.1016/j.immuni.2020.03.019,CD44,CD79B; MPO; CD7; CD44; IRF8; CD34; CD19; BCL11B; SPI1
"30,0",PCL:0051366,Splat_365 neuron (Hsap),1,allen-brain,1,https://doi.org/10.1101/2022.10.12.511898,MEIS2,MEIS2; GNAS; HTR2C; ZFHX3; CNTN1; CALM1
"30,0",CL:0009081,specified double negative thymocyte (Homo sapiens),1,thymus,1,https://doi.org/10.3389/fimmu.2019.00447.; https://doi.org/10.1016/j.immuni.2020.03.019,CD44,CD79B; PTCRA; CD7; CD5; CD44; MME; CD3E; CD34; BCL11B; TCF7; SPI1
"30,0",CL:0002568,mesenchymal stem cell of Wharton's jelly,1,placenta,1,https://doi.org/10.5966/sctm.2015-0022; https://doi.org/10.3346/jkms.2012.27.8.857; https://doi.org/10.1093/humrep/den051; https://doi.org/10.3390/cells1041061; https://doi.org/10.1186/s13287-017-0757-1; https://doi.org/10.1182/blood.V74.2.751.751; https://doi.org/10.1095/biolreprod51.4.739; https://doi.org/10.1095/biolreprod.108.075226; https://doi.org/10.1016/j.jcyt.2017.03.001,CD44,NT5E; ENG; CD44; THY1
"30,0",PCL:0051392,Splat_391 neuron (Hsap),1,allen-brain,1,https://doi.org/10.1101/2022.10.12.511898,PDGFD,CTC-535M15.2; CTC-340A15.2; PDGFD; ST18; CDH12
"30,0",PCL:0051276,LLC_275 interneuron (Hsap),1,allen-brain,1,https://doi.org/10.1101/2022.10.12.511898,PDGFD,PDGFD; SFRP1; CA2; CXCL14
"30,0",CL:0009075,myo-medullary thymic epithelial cell,1,thymus,1,https://doi.org/10.1126/science.aay3224; https://doi.org/10.3791/50951; https://doi.org/10.1038/s41467-021-21346-6; https://doi.org/10.1080/01926230600865549,TTN,TTN; TPM2; TNNT3; EPCAM; PTPRC; NEB; MYOG; ACTA1; NNAT; CDR2; TNNI2; MYL11; KLHL41
"30,0",PCL:0051340,Splat_339 neuron (Hsap),1,allen-brain,1,https://doi.org/10.1101/2022.10.12.511898,MEIS1,MEIS1; LINC01798; SLC6A5
"30,0",PCL:0051124,ULIT_123 intratelencephalic-projecting glutamatergic cortical neuron (Hsap),1,allen-brain,1,https://doi.org/10.1101/2022.10.12.511898,PDGFD,RP11-191L9.4; LINC02306; LINC02263; PDGFD
"30,0",PCL:0051238,Splat_237 sst GABAergic cortical interneuron (Hsap),1,allen-brain,1,https://doi.org/10.1101/2022.10.12.511898,PDGFD,PDGFD; BCHE; CMTM8
"30,0",PCL:0051337,Splat_336 neuron (Hsap),1,allen-brain,1,https://doi.org/10.1101/2022.10.12.511898,ONECUT1,ONECUT1; FAM83B
"30,0",PCL:0051406,Amex_405 amygdala excitatory neuron (Hsap),1,allen-brain,1,https://doi.org/10.1101/2022.10.12.511898,MEIS2,PRLR; MEIS2; NDST4; RXFP1; CDH13
"30,0",PCL:0051412,Splat_411 neuron (Hsap),1,allen-brain,1,https://doi.org/10.1101/2022.10.12.511898,PDE3A,PDE3A; PPP1R17; RORB
"30,0",PCL:0051123,ULIT_122 intratelencephalic-projecting glutamatergic cortical neuron (Hsap),1,allen-brain,1,https://doi.org/10.1101/2022.10.12.511898,PDGFD,LINC01500; LINC00507; PDGFD
"30,0",PCL:0015033,Inh L2-5 VIP BSPRY primary motor cortex GABAergic interneuron (Hsap),1,allen-brain,1,https://doi.org/10.1038/s41586-021-03465-8,PDE3A,PDE3A; ST18
"30,0",PCL:0051427,EMSN_426 medium spiny neuron (Hsap),1,allen-brain,1,https://doi.org/10.1101/2022.10.12.511898,MEIS1,MEIS1; RP11-537P24.1; TSHZ1
"30,0",PCL:0051230,EMSN_229 medium spiny neuron (Hsap),1,allen-brain,1,https://doi.org/10.1101/2022.10.12.511898,MEIS1,PTH2R; MEIS1; ADAMTSL1; CACNG5; TSHZ1
"30,0",PCL:0051273,LLC_272 interneuron (Hsap),1,allen-brain,1,https://doi.org/10.1101/2022.10.12.511898,PDGFD,PDGFD; FREM2; LAMP5; SFRP1
"30,0",PCL:0051400,Splat_399 neuron (Hsap),1,allen-brain,1,https://doi.org/10.1101/2022.10.12.511898,MEIS2,MEIS2; RNF220; TFAP2B
"30,0",CL:0000075,columnar/cuboidal epithelial cell,1,liver,1,https://doi.org/10.3748/wjg.v12.i22.3523,CFTR,CFTR
"30,0",PCL:0051379,Splat_378 neuron (Hsap),1,allen-brain,1,https://doi.org/10.1101/2022.10.12.511898,ONECUT1,ISL1; ONECUT1
"30,1",CL:0000165,neuroendocrine cell,22,large-intestine,1,https://doi.org/10.1111/j.1440-1827.1989.tb02421.x; https://doi.org/10.1034/j.1600-065x.2003.00072.x; https://doi.org/10.3892/or.2012.2119; https://doi.org/10.1159/000501521,CHGA,INSM1; INSL5; CHGA; SYP
"30,1",CL:0009009,paneth cell of colon,11,large-intestine,1,https://doi.org/10.1016/j.humpath.2008.12.003,DEFA5,DEFA5
"30,1",CL:1000271,lung multiciliated epithelial cell,2,lung,1,https://doi.org/10.1148/93.3.507; https://doi.org/10.1136/thx.13.2.110,CDHR3,DYNLRB2; CDHR3; TSPAN1; CDH1; RSPH1; EPCAM; FXYD3; TUBB4B; FOXJ1; ELF3; CDHR4
"30,1",CL:0000242,Merkel cell,2,skin; large-intestine,2,https://doi.org/10.1111/1523-1747.ep12606183; https://doi.org/10.1111/1523-1747.ep12319788; https://doi.org/10.1083/jcb.200603161; ISBN:978-1496398949,CHGA,KRT20; CHGA; SYP
"30,1",CL:0000540,neuron,2,spinal-cord,1,https://doi.org/10.1016/j.neuron.2023.01.007,CDHR3,NFATC1; CDHR3; ADARB2; CDH7
"30,1",PCL:0051385,Splat_384 neuron (Hsap),1,allen-brain,1,https://doi.org/10.1101/2022.10.12.511898,LMX1A,LMX1A; CDH23; PITX2
"30,1",CL:0000100,motor neuron,1,spinal-cord,1,https://doi.org/10.1016/j.neuron.2023.01.007,SNAP25,PRPH; SNAP25
"30,1",PCL:0051384,Splat_383 neuron (Hsap),1,allen-brain,1,https://doi.org/10.1101/2022.10.12.511898,LMX1A,LMX1A; EBF2; PITX2
"30,1",PCL:0051386,Splat_385 neuron (Hsap),1,allen-brain,1,https://doi.org/10.1101/2022.10.12.511898,LMX1A,LMX1A; AR
"30,1",PCL:0051375,Splat_374 neuron (Hsap),1,allen-brain,1,https://doi.org/10.1101/2022.10.12.511898,LMX1A,LMX1A; TFAP2B
"30,1",CL:1001005,glomerular capillary endothelial cell,1,kidney,1,https://doi.org/10.1038/s41467-019-12872-5; https://doi.org/10.1172/jci.insight.133267; https://doi.org/10.1038/s41586-020-2941-1; https://doi.org/10.1038/s41467-019-10861-2,HECW2,FLT1; EHD3; HECW2; AQP1; PLAT; EMCN
"30,2",CL:0008036,extravillous trophoblast,9,placenta,1,PMID:8804361; https://doi.org/10.1155/2021/6662201; https://doi.org/10.1095/biolreprod.106.055244; https://doi.org/10.1093/humrep/dem265; https://doi.org/10.1053/plac.2000.0559; https://doi.org/10.1016/j.jim.2003.03.001; https://doi.org/10.1242/dev.148932; https://doi.org/10.1016/0198-8859(93)90138-Q,KRT7,HLA-G; KRT7; PLAC8; MCAM
"30,2",CL:0000523,mononuclear cytotrophoblast cell,8,placenta,1,https://doi.org/10.1095/biolreprod.106.055244; https://doi.org/10.1053/plac.2000.0559; https://doi.org/10.1016/S0143-4004(05)80438-2; https://doi.org/10.1016/j.jim.2003.03.001; https://doi.org/10.1016/j.ajpath.2014.08.006,KRT7,KRT7; EGFR; TP63
"30,2",CL:0000525,syncytiotrophoblast cell,7,placenta,1,https://doi.org/10.1095/biolreprod.106.055244; https://doi.org/10.1056/NEJM197007232830408; https://doi.org/10.1053/plac.2000.0559; https://doi.org/10.1016/S0143-4004(05)80438-2; https://doi.org/10.1016/j.jim.2003.03.001; https://doi.org/10.1146/annurev.bi.50.070181.002341; https://doi.org/10.1007/BF01628222,KRT7,PSG4; KRT7; CSH1; EGFR; CGB3
"30,2",CL:0002536,epithelial cell of amnion,3,placenta,1,https://doi.org/10.17772/gp/1673; https://doi.org/10.1016/j.jri.2009.02.007; https://doi.org/10.1095/biolreprod.106.055244; https://doi.org/10.1053/plac.2000.0559; https://doi.org/10.1371/journal.pone.0146082; https://doi.org/10.1016/j.jim.2003.03.001,KRT7,POU5F1; KRT7; SOX2
"30,2",CL:4033063,endovascular extravillous trophoblast cell,3,placenta,1,https://doi.org/10.1172/JCI119387; https://doi.org/10.1016/0198-8859(93)90138-Q; PMID:8804361; https://doi.org/10.1155/2021/6662201; https://doi.org/10.1095/biolreprod.106.055244; https://doi.org/10.1093/humrep/dem265; https://doi.org/10.1053/plac.2000.0559; https://doi.org/10.1016/j.jim.2003.03.001,KRT7,MCAM; KRT7; HLA-G; CDH5
"30,2",CL:4030021,kidney connecting tubule beta-intercalated cell,3,kidney,1,https://doi.org/10.1681/ASN.2020010071; https://doi.org/10.1038/s41467-019-10861-2,SLC4A9; SLC26A4; SLC35F3,INSRR; SLC35F3; TLDC2; SLC26A4; SLC4A9
"30,2",CL:0002201,renal beta-intercalated cell,2,kidney,1,https://doi.org/10.1172/jci.insight.133267; https://doi.org/10.1016/j.devcel.2019.10.005; https://doi.org/10.1038/s41467-019-10861-2; https://doi.org/10.1126/science.aat1699,SLC4A9; SLC26A4,NTRK1; SLC26A4; SLC4A9
"30,2",CL:1000715,kidney cortex collecting duct intercalated cell,2,kidney,1,https://doi.org/10.1172/jci.insight.133267; https://doi.org/10.1016/j.devcel.2019.10.005; https://doi.org/10.1038/s41467-019-10861-2; https://doi.org/10.1126/science.aat1699,SLC4A9; SLC26A4,SLC26A4; SLC4A9
"30,2",ASCTB-TEMP:fibrocartilage-chondrocyte-2,Fibrocartilage Chondrocyte 2,2,knee,1,https://doi.org/10.1136/ard-2022-223227,IGFBP5,IGFBP5; CTHRC1; PRG4
"30,2",PCL:0051438,Midi_437 midbrain-derived inhibitory neuron (Hsap),1,allen-brain,1,https://doi.org/10.1101/2022.10.12.511898,BMPR1B,CH17-174L20.1; OTX2-AS1; BMPR1B; RORB
"30,2",ASCTB-TEMP:transitional-principal-intercalated-cell,Transitional principal-intercalated cell,1,kidney,1,https://doi.org/10.1172/jci.insight.133267; https://doi.org/10.1038/s41467-019-10861-2,SLC4A9,FXYD4; SLC26A7; SLC4A9
"30,2",PCL:0015085,Exc L5 THEMIS VILL primary motor cortex glutamatergic neuron (Hsap),1,allen-brain,1,https://doi.org/10.1038/s41586-021-03465-8,DACH1,TNC; DACH1
"30,2",CL:0000241,stratified cuboidal epithelial cell,1,liver,1,https://doi.org/10.1111/j.1365-2559.2009.03391.x,KRT7,KRT7; KRT19
"30,2",PCL:0015030,Inh L3-5 VIP HS3ST3A1 primary motor cortex GABAergic interneuron (Hsap),1,allen-brain,1,https://doi.org/10.1038/s41586-021-03465-8,IQGAP2,IQGAP2; ABI3BP; SLC22A3
"30,2",CL:0000317,sebocyte,1,large-intestine,1,ISBN:978-1496398949,KRT7,KRT7
"30,2",PCL:0051437,Midi_436 midbrain-derived inhibitory neuron (Hsap),1,allen-brain,1,https://doi.org/10.1101/2022.10.12.511898,BMPR1B,OTX2-AS1; HMCN1; BMPR1B
"30,2",CL:0000244,transitional epithelial cell,1,large-intestine,1,ISBN:978-1496398949,KRT7,KRT7; KRT19
"30,2",PCL:0051101,DLCT6b_100 glutamatergic neuron (Hsap),1,allen-brain,1,https://doi.org/10.1101/2022.10.12.511898,SEMA5A,SULF1; LINC02232; RXFP1; SEMA5A
"30,2",CL:0000033,apocrine cell,1,large-intestine,1,ISBN:978-1496398949,KRT7,keratin 19; KRT7
"30,2",PCL:0051294,CGE_293 VIP GABAergic cortical interneuron (Hsap),1,allen-brain,1,https://doi.org/10.1101/2022.10.12.511898,IQGAP2,RP11-197H3.1; IQGAP2; HS3ST3A1
"30,2",PCL:0015032,Inh L1-5 VIP CD27-AS1 primary motor cortex GABAergic interneuron (Hsap),1,allen-brain,1,https://doi.org/10.1038/s41586-021-03465-8,IQGAP2,IQGAP2; ANKFN1; EGFEM1P
"30,2",PCL:0015053,Inh L5-6 SST BEAN1 primary motor cortex GABAergic interneuron (Hsap),1,allen-brain,1,https://doi.org/10.1038/s41586-021-03465-8,SEMA5A,TRHDE; THSD7B; ADAMTSL1; SEMA5A
"30,2",CL:0000434,eccrine cell,1,large-intestine,1,ISBN:978-1496398949,KRT7,keratin 19; KRT7
"30,2",PCL:0051306,CBI_305 cerebellar inhibitory GABAergic interneuron (Hsap),1,allen-brain,1,https://doi.org/10.1101/2022.10.12.511898,BMPR1B,NTN1; LINC02552; TFAP2B; BMPR1B
"30,2",PCL:0015021,Inh L1-3 VIP HSPB6 primary motor cortex GABAergic interneuron (Hsap),1,allen-brain,1,https://doi.org/10.1038/s41586-021-03465-8,IGFBP5,IGFBP5; CCNG2
"30,2",PCL:0015077,Exc L2-3 LINC00507 DSG3 primary motor cortex glutamatergic neuron (Hsap),1,allen-brain,1,https://doi.org/10.1038/s41586-021-03465-8,BMPR1B,BMPR1B; BDNF
"30,2",PCL:0051367,Splat_366 neuron (Hsap),1,allen-brain,1,https://doi.org/10.1101/2022.10.12.511898,DACH1,DACH1; EBF3; TCF7L2; KLHL1
"30,2",PCL:0051261,MGE_260 pvalb GABAergic cortical interneuron (Hsap),1,allen-brain,1,https://doi.org/10.1101/2022.10.12.511898,IQGAP2,IQGAP2; CTXND1; TAFA4
"30,2",PCL:0015101,Exc L5-6 FEZF2 C9orf135-AS1 primary motor cortex glutamatergic neuron (Hsap),1,allen-brain,1,https://doi.org/10.1038/s41586-021-03465-8,SEMA5A,EGFEM1P; FOXP2; SEMA5A
"30,2",PCL:0051390,Splat_389 neuron (Hsap),1,allen-brain,1,https://doi.org/10.1101/2022.10.12.511898,DACH1,GATA3; DACH1; FIGN
"30,2",PCL:0051030,Fbl_29 fibroblast (Hsap),1,allen-brain,1,https://doi.org/10.1101/2022.10.12.511898,BMPR1B,EBF2; SLC2A1; BMPR1B
"30,2",CL:0000146,simple columnar epithelial cell,1,large-intestine,1,ISBN:978-1496398949,KRT7,KRT7
"30,2",CL:4033062,interstitial extravillous trophoblast cell,1,placenta,1,https://doi.org/10.1242/dev.148932; https://doi.org/10.1016/0198-8859(93)90138-Q; PMID:8804361; https://doi.org/10.1155/2021/6662201; https://doi.org/10.1095/biolreprod.106.055244; https://doi.org/10.1093/humrep/dem265; https://doi.org/10.1053/plac.2000.0559; https://doi.org/10.1016/j.jim.2003.03.001,KRT7,MCAM; HLA-G; KRT7; PLAC8
"30,2",CL:0000240,stratified squamous epithelial cell,1,large-intestine,1,ISBN:978-1496398949,KRT7,KRT7; KRTAP5-6; CHAF1B
"30,3",CL:0002088,interstitial cell of Cajal,26,large-intestine,1,https://doi.org/10.1152/ajpgi.00432.2011; https://doi.org/10.1007/978-1-4939-0897-4_3,KIT,KIT; CD34
"30,3",ASCTB-TEMP:innate-lymphoid-cell,innate lymphoid cell,18,uterus,1,https://doi.org/10.1101/2021.01.02.425073,KIT,SPINK2; KIT; IL7R; CXCR4; CD69; CCL5
"30,3",CL:0000097,mast cell,18,large-intestine; lymph-node; kidney; skin,4,https://doi.org/10.1159/000053694; https://doi.org/10.1038/s41467-019-10861-2; https://doi.org/10.1038/s41586-020-2941-1; https://doi.org/10.1016/j.iac.2014.01.005; No DOI; https://doi.org/10.1172/jci.insight.133267; https://doi.org/10.1016/j.immuni.2020.02.001; https://doi.org/10.1101/2021.07.28.454201; https://doi.org/10.1016/j.beha.2010.07.003.; ISBN:978-1496398949; https://doi.org/10.3389/fimmu.2020.01234; https://doi.org/10.1111/imr.12639.; https://doi.org/10.1111/imr.12639; https://doi.org/10.1159/000053694.,KIT,ENPP3; CCR3; TPSAB1; SLC16A1; TPSB2; KIT; MS4A2; CPA3
"30,3",ASCTB-TEMP:mast-cell,mast cell,18,uterus,1,https://doi.org/10.1101/2021.01.02.425073,KIT,MS4A2; KIT; CSF1; CD69
"30,3",CL:0009018,lymphocyte of large intestine lamina propria,11,large-intestine,1,https://doi.org/10.1016/j.immuni.2020.02.001,KIT,KLRB1; KIT; IL7R
"30,3",CL:1000717,kidney outer medulla collecting duct intercalated cell,3,kidney,1,https://doi.org/10.1038/s41467-019-10861-2; https://doi.org/10.1126/science.aat1699,SLC4A1; KIT; SLC26A7,KIT; SLC26A7; CALCA; SLC4A1
"30,3",CL:1000715,kidney cortex collecting duct intercalated cell,3,kidney,1,https://doi.org/10.1172/jci.insight.133267; https://doi.org/10.1016/j.devcel.2019.10.005; https://doi.org/10.1038/s41467-019-10861-2,SLC4A1; KIT; SLC26A7,AQP6; KIT; SLC26A7; SLC4A1
"30,3",CL:4030015,kidney collecting duct alpha-intercalated cell,3,kidney,1,https://doi.org/10.1172/jci.insight.133267; https://doi.org/10.1016/j.devcel.2019.10.005; https://doi.org/10.1038/s41467-019-10861-2,SLC4A1; KIT; SLC26A7,AQP6; KIT; TMEM213; SLC26A7; SLC4A1
"30,3",CL:4030020,kidney connecting tubule alpha-intercalated cell,2,kidney,1,https://doi.org/10.1681/ASN.2020010071; https://doi.org/10.1038/s41467-019-10861-2,SLC4A1; SLC26A7,NXPH2; AQP6; SLC26A7; SLC8A1; SLC4A1
"30,3",CL:0000623,natural killer cell,2,lymph-node,1,https://doi.org/10.1038/nri.2016.34; ISBN:9781933477060,KIT,NCAM1; KLRC1; IL7R; FCGR3A; KLRK1; KIT; GEM; KLRD1; CD3G; CD3E; ID2; CD40LG
"30,3",ASCTB-TEMP:effector-chondrocyte,Effector Chondrocyte,2,knee,1,https://doi.org/10.1136/ard-2022-223227,IGFBP7,IGFBP7; CHAD; STC2
"30,3",CL:0001078,"group 3 innate lymphoid cell, human",2,spleen; thymus,2,https://doi.org/10.1126/science.aay3224; https://doi.org/10.1038/ni.2830; https://doi.org/10.3389/fimmu.2017.01047; https://doi.org/10.1186/s13059-019-1906-x,KIT,KRT86; TMIGD2; CD52; RORC; NCR2; S100A4; JAML; AHR; IL7R; CD96; KIT; LST1; KLRB1; NCAM1; ID2; TRDC; LTB
"30,3",PCL:0051171,Misc_170 neuron of the forebrain (Hsap),1,allen-brain,1,https://doi.org/10.1101/2022.10.12.511898,GRB14,GRB14; DCN
"30,3",CL:1000768,kidney connecting tubule epithelial cell,1,kidney,1,https://doi.org/10.1681/ASN.2020010071; https://doi.org/10.1038/s41467-019-10861-2,SCN2A,HSD11B2; GATA3; TRPV5; CALB1; SLC8A1; SCNN1G; CDH1; SCN2A
"30,3",CL:0002619,adult endothelial progenitor cell,1,lung,1,https://doi.org/10.1148/93.3.507; https://doi.org/10.1136/thx.13.2.110,KIT,KIT; APLNR
"30,3",ASCTB-TEMP:transitional-principal-intercalated-cell,Transitional principal-intercalated cell,1,kidney,1,https://doi.org/10.1172/jci.insight.133267; https://doi.org/10.1038/s41467-019-10861-2,SLC26A7,FXYD4; SLC26A7; SLC4A9
"30,3",PCL:0015003,Inh L1-6 LAMP5 AARD primary motor cortex GABAergic interneuron (Hsap),1,allen-brain,1,https://doi.org/10.1038/s41586-021-03465-8,KIT,KIT; PRELID2; FREM1; FBXL7
"30,3",CL:0000764,erythroid lineage cell,1,bone-marrow,1,https://doi.org/10.1371/journal.pone.0162209,KIT,KIT; PTPRC; GYPA; APOC1; ENG; KLF1; GATA1; CD36; MYC; TFRC; KCNH2; PRSS57; EPCAM
"30,3",PCL:0015004,Inh L1-6 LAMP5 NES primary motor cortex GABAergic interneuron (Hsap),1,allen-brain,1,https://doi.org/10.1038/s41586-021-03465-8,KIT,RO; KIT; EYA4; NTNG1; EPHA3
"30,3",CL:0000840,immature conventional dendritic cell,1,bone-marrow,1,https://doi.org/10.1182/blood-2004-02-0769,KIT,AXL; KIT; PTPRC; GYPA; CD36; ENG; CD22; TFRC; SIGLEC6
"30,3",CL:0002196,hepatic oval stem cell,1,liver,1,https://doi.org/10.1053/gast.2001.21175; https://doi.org/10.1136/gut.2007.143321,KIT,OV-6 ANTIGEN; THY1; KIT
"30,3",PCL:0051161,Amex_160 amygdala excitatory neuron (Hsap),1,allen-brain,1,https://doi.org/10.1101/2022.10.12.511898,PTGER3,PTGER3; MSC-AS1; NPFFR2; PLEKHG4B
"30,3",PCL:0015011,Inh L2 PAX6 FREM2 primary motor cortex GABAergic interneuron (Hsap),1,allen-brain,1,https://doi.org/10.1038/s41586-021-03465-8,IGFBP7,IGFBP7; CILP2
"30,3",PCL:0051155,Amex_154 amygdala excitatory neuron (Hsap),1,allen-brain,1,https://doi.org/10.1101/2022.10.12.511898,PTGER3,RP11-412K20.1; RP11-33A14.1; PTGER3; DCSTAMP
"31,0",CL:0002062,pulmonary alveolar type 1 cell,3,lung,1,https://doi.org/10.1148/93.3.507; https://doi.org/10.1136/thx.13.2.110,ELF3,AQP4; FXYD3; SCEL; ELF3; SEMA3B; CDH1; CLIC5; SFTA2; EPCAM; RTKN2; SLC39A8; AGER; HOPX; GRAMD2A; KRT1
"31,0",CL:0002063,pulmonary alveolar type 2 cell,3,lung,1,https://doi.org/10.1148/93.3.507; https://doi.org/10.1136/thx.13.2.110,ELF3,FXYD3; SFTPA2; EPCAM; BMP1; CDH1; SLC39A8; HOPX; MFSD2A; LAMP3; SFTA2; ABCA3; ELF3; SFTPC; KRT1
"31,0",CL:1000271,lung multiciliated epithelial cell,2,lung,1,https://doi.org/10.1148/93.3.507; https://doi.org/10.1136/thx.13.2.110,ELF3,DYNLRB2; CDHR3; TSPAN1; CDH1; RSPH1; EPCAM; FXYD3; TUBB4B; FOXJ1; ELF3; CDHR4
"31,0",CL:0000158,club cell,2,lung,1,https://doi.org/10.1148/93.3.507; https://doi.org/10.1136/thx.13.2.110,ELF3,ELF3; CYP2F1; SCGB3A2; TSPAN1; CDH1; SCGB1A1; EPCAM; FXYD3
"31,0",CL:1000351,basal cell of epithelium of respiratory bronchiole,1,lung,1,https://doi.org/10.1148/93.3.507; https://doi.org/10.1136/thx.13.2.110,ELF3,ELF3; SCGB3A2; TSPAN1; CDH1; SCGB1A1; EPCAM; SOX4; KLK11; FXYD3
"31,0",CL:1000350,basal cell of epithelium of terminal bronchiole,1,lung,1,https://doi.org/10.1148/93.3.507; https://doi.org/10.1136/thx.13.2.110,ELF3,NGFR; FXYD3; ELF3; TSPAN1; CDH1; KRT5; TRPC6; TP63; EPCAM
"31,1",CL:0000071,blood vessel endothelial cell,21,lymph-node; thymus,2,https://doi.org/10.1126/science.aay3224; https://doi.org/10.1080/01926230600865549; https://doi.org/10.1007/s00441-008-0706-5; https://doi.org/10.1038/nri32982012.; https://doi.org/10.1371/journal.pone.0094781; https://doi.org/10.1369/jhc.4A6514.2005,RNASE1; CAV1,RAMP2; IFI27; TM4SF1; RNASE1; CD300LG; HLA-DRB1; PDPN; PROX1; NPDC1; EMCN; CD59; HLA-DPA1; ENG; CD34; AQP1; HLA-DRA; CAV1; ACKR1; PLVAP; A2M; SPARCL1; ESAM; CCL14; NECTIN2; BCAM; HLA-DPB1; GJA5; ICAM1; MARCO; PECAM1; CDH5; FLT1; COL4A2; CD74; ACTA2; JAM2; CD209; NTAN1; IL3RA
"31,1",CL:0000786,plasma cell,17,spleen; large-intestine; thymus; lymph-node; bone-marrow,5,https://doi.org/10.1080/01926230600865549; https://doi.org/10.1126/science.aay3224; https://doi.org/10.55418/9781933477060.; https://doi.org/10.1002/eji.200425442; https://doi.org/10.1186/s13059-019-1906-x; PMCID:PMC1900414; ISBN:9781933477060; https://doi.org/10.1016/j.immuni.2020.02.001; https://doi.org/10.1126/sciimmunol.aah4447; https://doi.org/10.1073/pnas.172384399,SDC1,IGHG3; FKBP11; SSR4; CXCR4; XBP1; CD79A; ITGAL; MS4A1; IGKC; TNFRSF17; SDC1; IGHD; DERL3; CR2; CD28; CD19; IGHG1; PRDM1; CD27; CD24; JCHAIN; IRF4; IGHA1; CD38; MZB1; IGHM; SEC11C
"31,1",CL:0008036,extravillous trophoblast,9,placenta,1,PMID:8804361; https://doi.org/10.1155/2021/6662201; https://doi.org/10.1095/biolreprod.106.055244; https://doi.org/10.1093/humrep/dem265; https://doi.org/10.1053/plac.2000.0559; https://doi.org/10.1016/j.jim.2003.03.001; https://doi.org/10.1242/dev.148932; https://doi.org/10.1016/0198-8859(93)90138-Q,KRT7,HLA-G; KRT7; PLAC8; MCAM
"31,1",CL:0000523,mononuclear cytotrophoblast cell,8,placenta,1,https://doi.org/10.1095/biolreprod.106.055244; https://doi.org/10.1053/plac.2000.0559; https://doi.org/10.1016/S0143-4004(05)80438-2; https://doi.org/10.1016/j.jim.2003.03.001; https://doi.org/10.1016/j.ajpath.2014.08.006,KRT7,KRT7; EGFR; TP63
"31,1",CL:0000525,syncytiotrophoblast cell,7,placenta,1,https://doi.org/10.1095/biolreprod.106.055244; https://doi.org/10.1056/NEJM197007232830408; https://doi.org/10.1053/plac.2000.0559; https://doi.org/10.1016/S0143-4004(05)80438-2; https://doi.org/10.1016/j.jim.2003.03.001; https://doi.org/10.1146/annurev.bi.50.070181.002341; https://doi.org/10.1007/BF01628222,KRT7,PSG4; KRT7; CSH1; EGFR; CGB3
"31,1",CL:0002062,pulmonary alveolar type 1 cell,6,lung,1,https://doi.org/10.1148/93.3.507; https://doi.org/10.1136/thx.13.2.110,AQP4; AGER,AQP4; FXYD3; SCEL; ELF3; SEMA3B; CDH1; CLIC5; SFTA2; EPCAM; RTKN2; SLC39A8; AGER; HOPX; GRAMD2A; KRT1
"31,1",CL:0000980,plasmablast,5,spleen; lymph-node,2,https://doi.org/10.55418/9781933477060.; https://doi.org/10.1002/eji.200425442; https://doi.org/10.1186/s13059-019-1906-x; ISBN:9781933477060,SDC1,JCHAIN; IGHG1; XBP1; IRF4; CD79A; CXCR4; MS4A1; CD38; IGHM; CD27; PRDM1; SDC1
"31,1",CL:0002138,endothelial cell of lymphatic vessel,4,lymph-node,1,https://doi.org/10.1016/j.immuni.2019.06.027; https://doi.org/10.3389/fcvm.2020.00052,CAV1,PTPRC; PECAM1; NT5E; MFAP4; CLEC4M; LYVE1; NUDT4; CD274; ICAM1; CLDN11; CAV1; ACKR4; PROX1; TNFRSF9; PDPN; STAB2; CD209; CLEC4G; MARCO
"31,1",CL:4033063,endovascular extravillous trophoblast cell,3,placenta,1,https://doi.org/10.1172/JCI119387; https://doi.org/10.1016/0198-8859(93)90138-Q; PMID:8804361; https://doi.org/10.1155/2021/6662201; https://doi.org/10.1095/biolreprod.106.055244; https://doi.org/10.1093/humrep/dem265; https://doi.org/10.1053/plac.2000.0559; https://doi.org/10.1016/j.jim.2003.03.001,KRT7,MCAM; KRT7; HLA-G; CDH5
"31,1",CL:0000236,B cell,3,placenta,1,https://doi.org/10.1186/s13287-017-0757-1; https://doi.org/10.1182/blood.V74.2.751.751; https://doi.org/10.1095/biolreprod51.4.739; https://doi.org/10.1095/biolreprod.108.075226; https://doi.org/10.1093/intimm/7.7.1087; https://doi.org/10.3390/cells1041061; https://doi.org/10.1091/mbc.1.1.27; https://doi.org/10.1016/j.jcyt.2017.03.001,SDC1,CD44; HLA-DRA; SDC1
"31,1",CL:0009084,glandular epithelial cell of endometrium,3,placenta,1,https://doi.org/10.1186/s13287-018-0962-6; https://doi.org/10.1177/1933719118756745; https://doi.org/10.1093/humrep/det285,KRT19,KRT19; KRT18; FUT4; EPCAM
"31,1",CL:0000866,thymic macrophage,3,thymus,1,https://doi.org/10.1016/j.imbio.2008.07.032; https://doi.org/10.1016/s0065-2776(08)60900-1; https://doi.org/10.1016/j.imbio.2008.07.032.; https://doi.org/10.1126/science.aay3224,RNASE1,LGMN; LYZ; ITGAX; ICAM1; MS4A7; CD68; SELENOP; SLC40A1; C1QB; C1QA; ITGAM; C1QC; CD163; RNASE1; CD209; APOE; STAB1
"31,1",CL:0002536,epithelial cell of amnion,3,placenta,1,https://doi.org/10.17772/gp/1673; https://doi.org/10.1016/j.jri.2009.02.007; https://doi.org/10.1095/biolreprod.106.055244; https://doi.org/10.1053/plac.2000.0559; https://doi.org/10.1371/journal.pone.0146082; https://doi.org/10.1016/j.jim.2003.03.001,KRT7,POU5F1; KRT7; SOX2
"31,1",CL:0000241,stratified cuboidal epithelial cell,2,liver,1,https://doi.org/10.1111/j.1365-2559.2009.03391.x,KRT7; KRT19,KRT7; KRT19
"31,1",CL:0009073,medullary thymic epithelial cell type 3,2,thymus,1,https://doi.org/10.1038/nature03886.; https://doi.org/10.4049/jimmunol.1002151; https://doi.org/10.1038/s41467-021-21346-6; https://doi.org/10.3791/50951; https://doi.org/10.1080/01926230600865549; https://doi.org/10.1126/science.aay3224,KRT19,SOX2; TSLP; S100A9; SFN; PERP; IVL; KRT6A; EPCAM; SUCO; LY6D; SPINK5; CDR2; CALML5; KRT10; DEFB1; PTPRC; KRT19
"31,1",CL:0000244,transitional epithelial cell,2,large-intestine,1,ISBN:978-1496398949,KRT7; KRT19,KRT7; KRT19
"31,1",CL:0000883,thymic cortical macrophage,2,thymus,1,https://doi.org/10.1016/s0065-2776(08)60900-1,TMSB4X; RNASE1,STAB1; APOE; C1QC; C1QB; TMSB4X; SLC40A1; LGMN; SELENOP; MS4A7; C1QA; RNASE1
"31,1",CL:0000033,apocrine cell,1,large-intestine,1,ISBN:978-1496398949,KRT7,keratin 19; KRT7
"31,1",CL:0009077,subcapsular thymic epithelial cell,1,thymus,1,https://doi.org/10.1016/s0065-2776(08)60900-1,TMSB4X,PTMA; TMSB4X
"31,1",CL:0000066,epithelial cell,1,eye,1,https://doi.org/10.3390/cell7110210,AQP4,ATP1A2; AQP4; AQP1
"31,1",CL:0000788,naive B cell,1,bone-marrow,1,https://doi.org/10.1038/s41467-019-12464-3,SDC1,MS4A1; FCER2; CD38; CD24; CR2; CD19; IGHM; CD27; PAX5; CD40; IGHD; SDC1
"31,1",CL:0000576,monocyte,1,thymus,1,https://doi.org/10.1126/science.aay3224,S100A6,CTSS; VCAN; LYZ; CD52; S100A9; S100A8; FCN1; S100A6; S100A4; S100A12
"31,1",CL:4030012,kidney loop of Henle short descending thin limb epithelial cell,1,kidney,1,https://doi.org/10.1681/ASN.2020010071; https://doi.org/10.1152/ajprenal.2000.278.1.F52; https://doi.org/10.1172/jci.insight.133267; https://doi.org/10.1038/s41467-019-10861-2,TACSTD2,ID1; CRYAB; SATB2; JAG1; TACSTD2; SPP1; CPE; SLC14A2
"31,1",CL:0000818,transitional stage B cell,1,spleen,1,https://doi.org/10.1093/intimm/14.2.157; https://doi.org/10.1038/s41421-020-0157-z,APLP2,IL4R; APLP2; IGHD; IGHM; PLPP5; CXCR4; MS4A1; FCER2; TCL1A
"31,1",CL:4033062,interstitial extravillous trophoblast cell,1,placenta,1,https://doi.org/10.1242/dev.148932; https://doi.org/10.1016/0198-8859(93)90138-Q; PMID:8804361; https://doi.org/10.1155/2021/6662201; https://doi.org/10.1095/biolreprod.106.055244; https://doi.org/10.1093/humrep/dem265; https://doi.org/10.1053/plac.2000.0559; https://doi.org/10.1016/j.jim.2003.03.001,KRT7,MCAM; HLA-G; KRT7; PLAC8
"31,1",CL:1001107,kidney loop of Henle thin ascending limb epithelial cell,1,kidney,1,https://doi.org/10.1016/j.devcel.2019.10.005; https://doi.org/10.1038/s41467-019-10861-2,TACSTD2,CLCNKA; CLDN3; CDH1; PROX1; TACSTD2; CRYAB; SH3GL3
"31,1",CL:0000146,simple columnar epithelial cell,1,large-intestine,1,ISBN:978-1496398949,KRT7,KRT7
"31,1",CL:0009109,lymphatic endothelial cell of trabecula,1,lymph-node,1,https://doi.org/10.1016/j.immuni.2019.06.027; https://doi.org/10.3389/fcvm.2020.00052,CAV1,NT5E; MFAP4; MARCO; PTPRC; PROX1; PDPN; ACKR4; CAV1; PECAM1; CLDN11; LYVE1; TNFRSF9
"31,1",CL:0009071,medullary thymic epithelial cell type 1,1,thymus,1,https://doi.org/10.3791/50951; https://doi.org/10.1038/s41467-021-21346-6; https://doi.org/10.1126/science.aay3224,KRT19,PTPRC; SAA1; EPCAM; KRT5; CCL19; CH25H; CLU; FN1; CDR2; KRT14; KRT19; KRT15; PTGDS; ASCL1
"31,1",PCL:0051047,Oligo_46 oligodendrocyte (Hsap),1,allen-brain,1,https://doi.org/10.1101/2022.10.12.511898,RNASE1,LINC01608; CNDP1; RNASE1
"31,1",CL:0009107,lymphatic endothelial cell of subcapsular sinus ceiling,1,lymph-node,1,https://doi.org/10.1016/j.immuni.2019.06.027; https://doi.org/10.3389/fcvm.2020.00052,CAV1,NUDT4; NT5E; MFAP4; MARCO; PTPRC; PROX1; PDPN; ACKR4; CAV1; PECAM1; CLDN11; LYVE1; TNFRSF9
"31,1",CL:0000317,sebocyte,1,large-intestine,1,ISBN:978-1496398949,KRT7,KRT7
"31,1",CL:0000240,stratified squamous epithelial cell,1,large-intestine,1,ISBN:978-1496398949,KRT7,KRT7; KRTAP5-6; CHAF1B
"31,1",CL:4030014,kidney loop of Henle long descending thin limb inner medulla epithelial cell,1,kidney,1,https://doi.org/10.1681/ASN.2020010071; https://doi.org/10.1152/ajprenal.2000.278.2.F202; https://doi.org/10.1152/ajprenal.2000.278.1.F52; https://doi.org/10.1101/2021.07.28.454201; https://doi.org/10.1016/j.devcel.2019.10.005; https://doi.org/10.1038/s41467-019-10861-2,TACSTD2,SH3GL3; CRYAB; CLDN1; SLC4A11; TACSTD2; CPE; SLC14A2
"31,1",CL:4033017,bronchiolar smooth muscle cell,1,lung,1,https://doi.org/10.1148/93.3.507; https://doi.org/10.1136/thx.13.2.110,ACTG1,COL1A2; DES; CNN1; LGR6; ACTG1; ACTA2; DCN; TAGLN; PLN; MYH11; MFAP4
"31,1",CL:0009110,lymphatic endothelial cell of medulla ceiling,1,lymph-node,1,https://doi.org/10.1016/j.immuni.2019.06.027; https://doi.org/10.3389/fcvm.2020.00052,CAV1,NT5E; MFAP4; MARCO; PTPRC; PROX1; PDPN; ACKR4; CAV1; PECAM1; CLDN11; LYVE1; TNFRSF9
"31,1",CL:1000417,myoepithelial cell of sweat gland,1,skin,1,https://doi.org/10.1111/1523-1747.ep12277180; https://doi.org/10.1046/j.1365-2133.1997.17651853.x,KRT19,KRT19; KRT26; S100A2
"31,1",CL:0002304,non-pigmented ciliary epithelial cell,1,eye,1,https://doi.org/10.3390/cell7110210,AQP4,ATP1A2; AQP4; AQP1
"31,1",CL:0000882,thymic medullary macrophage,1,thymus,1,https://doi.org/10.1016/s0065-2776(08)60900-1; https://doi.org/10.1016/j.imbio.2008.07.032; https://doi.org/10.1126/science.aay3224,RNASE1,ITGAX; ICAM1; STAB1; APOE; LYZ; LGMN; SELENOP; MS4A7; CD68; SLC40A1; C1QB; C1QA; ITGAM; C1QC; CD163; RNASE1; CD209
"31,1",CL:0009108,lymphatic endothelial cell of subcapsular sinus floor,1,lymph-node,1,https://doi.org/10.1016/j.immuni.2019.06.027; https://doi.org/10.3389/fcvm.2020.00052,CAV1,NT5E; MFAP4; MARCO; LYZ; ICAM1; PECAM1; CXCL1; PTPRC; ACKR4; CD9; CXCL5; THY1; PROX1; PDPN; CCL20; TNFRSF9; LYVE1; CD274; ACKR1; CLDN11; CAV1
"31,1",CL:4030013,kidney loop of Henle long descending thin limb outer medulla epithelial cell,1,kidney,1,https://doi.org/10.1681/ASN.2020010071; https://doi.org/10.1152/ajprenal.2000.278.1.F52; https://doi.org/10.1101/2021.07.28.454201; https://doi.org/10.1016/j.devcel.2019.10.005; https://doi.org/10.1038/s41467-019-10861-2,TACSTD2,CRYAB; SLC39A8; AQP1; SLC4A11; TACSTD2; SLC9A3
"31,1",PCL:0051111,DLCT6b_110 glutamatergic neuron (Hsap),1,allen-brain,1,https://doi.org/10.1101/2022.10.12.511898,CAV1,RP11-640F22.1; SULF1; TRIM22; CAV1
"31,1",CL:0000434,eccrine cell,1,large-intestine,1,ISBN:978-1496398949,KRT7,keratin 19; KRT7
"31,2",CL:0000540,neuron,5,spinal-cord,1,https://doi.org/10.1016/j.neuron.2023.01.007,SOX5,ISM1; LMO3; CARTPT; IGF1; NMU; CALCB; TAC1; SOX5
"31,2",CL:0000186,myofibroblast cell,2,lymph-node,1,PMCID:PMC1899700; https://www.pathologyoutlines.com/topic/lymphnodesanatomy.html; https://doi.org/10.1002/ar.1091830404; https://fblt.cz/en/skripta/v-krev-a-organy-imunitniho-systemu/6-thymus-mizni-uzliny-a-difuzni-imunitni-system/,ELN,DES; COL1A1; ELN; COL3A1; ACTA2; VIM
"31,2",PCL:0051052,Bgl_51 Bergmann glial cell (Hsap),1,allen-brain,1,https://doi.org/10.1101/2022.10.12.511898,LAMA2,LAMA2; LINC01727
"31,2",CL:0000940,mucosal-associated invariant T cell,1,thymus,1,https://doi.org/10.1038/ni.3565.,ZBTB16,KLRB1; IL18R1; CD8A; CD4; ZBTB16; CD27; RORC
"31,2",PCL:0015082,Exc L3 THEMIS ENPEP primary motor cortex glutamatergic neuron (Hsap),1,allen-brain,1,https://doi.org/10.1038/s41586-021-03465-8,LAMA2,LAMA2; FAP
"31,2",PCL:0051271,LLC_270 interneuron (Hsap),1,allen-brain,1,https://doi.org/10.1101/2022.10.12.511898,ARHGAP6,NOS1; ARHGAP6; ADAMTS9-AS2; PREX2; TAC1
"31,2",PCL:0051340,Splat_339 neuron (Hsap),1,allen-brain,1,https://doi.org/10.1101/2022.10.12.511898,MEIS1,MEIS1; LINC01798; SLC6A5
"31,2",PCL:0051129,ULIT_128 intratelencephalic-projecting glutamatergic cortical neuron (Hsap),1,allen-brain,1,https://doi.org/10.1101/2022.10.12.511898,LAMA2,RP11-387P12.1; LAMA2; LINC02055; COL5A2
"31,2",CL:0000899,T-helper 17 cell,1,thymus,1,https://doi.org/10.1084/jem.20080397; https://doi.org/10.1126/science.aay3224,ZBTB16,PLAC8; NOSIP; KLRB1; CARHSP1; ANXA1; CD4; IL7R; ZBTB16; CD40LG; SORL1
"31,2",PCL:0051032,Fbl_31 arachnoid barrier cell (Hsap),1,allen-brain,1,https://doi.org/10.1101/2022.10.12.511898,BNC2,PTGDR; BNC2
"31,2",PCL:0051372,Splat_371 neuron (Hsap),1,allen-brain,1,https://doi.org/10.1101/2022.10.12.511898,BNC2,BNC2; NPSR1; CPA6
"31,2",PCL:0051229,EMSN_228 medium spiny neuron (Hsap),1,allen-brain,1,https://doi.org/10.1101/2022.10.12.511898,MEIS1,MEIS1; NPFFR2; ADAMTSL1; RP11-154H17.1; SEMA3C
"31,2",PCL:0051427,EMSN_426 medium spiny neuron (Hsap),1,allen-brain,1,https://doi.org/10.1101/2022.10.12.511898,MEIS1,MEIS1; RP11-537P24.1; TSHZ1
"31,2",PCL:0051230,EMSN_229 medium spiny neuron (Hsap),1,allen-brain,1,https://doi.org/10.1101/2022.10.12.511898,MEIS1,PTH2R; MEIS1; ADAMTSL1; CACNG5; TSHZ1
"31,2",PCL:0015017,Inh L1 SST P4HA3 primary motor cortex GABAergic interneuron (Hsap),1,allen-brain,1,https://doi.org/10.1038/s41586-021-03465-8,FOXO1,FOXO1; ARHGAP42; ST8SIA6
"33,0",CL:0000071,blood vessel endothelial cell,21,lymph-node; thymus,2,https://doi.org/10.1126/science.aay3224; https://doi.org/10.1080/01926230600865549; https://doi.org/10.1007/s00441-008-0706-5; https://doi.org/10.1038/nri32982012.; https://doi.org/10.1371/journal.pone.0094781; https://doi.org/10.1369/jhc.4A6514.2005,SPARCL1,RAMP2; IFI27; TM4SF1; RNASE1; CD300LG; HLA-DRB1; PDPN; PROX1; NPDC1; EMCN; CD59; HLA-DPA1; ENG; CD34; AQP1; HLA-DRA; CAV1; ACKR1; PLVAP; A2M; SPARCL1; ESAM; CCL14; NECTIN2; BCAM; HLA-DPB1; GJA5; ICAM1; MARCO; PECAM1; CDH5; FLT1; COL4A2; CD74; ACTA2; JAM2; CD209; NTAN1; IL3RA
"33,0",CL:0019032,intestinal tuft cell,11,large-intestine,1,https://doi.org/10.1038/s41598-019-53997-3; https://doi.org/10.1038/s42003-020-01181-z; https://doi.org/10.4049/jimmunol.1801069,DCLK1,KRT20; POU2F3; TRPM5; PTGS1; DCLK1
"33,0",CL:4028006,alveolar adventitial fibroblast,6,lung,1,https://doi.org/10.1148/93.3.507; https://doi.org/10.1136/thx.13.2.110,DCLK1; DCN,MFAP4; MFAP5; FBLN1; SCARA5; DCN; PI16; COL6A3; PLA2G2A; LUM; COL1A2; SLPI; DCLK1; CDON
"33,0",CL:0000057,fibroblast,5,fallopian-tube,1,https://doi.org/10.1016/j.celrep.2021.108978,DCN,DCN
"33,0",CL:4028004,alveolar type 1 fibroblast cell,3,lung,1,https://doi.org/10.1148/93.3.507; https://doi.org/10.1136/thx.13.2.110,DCN,INMT; VEGFD; LUM; PCDH15; PLIN2; DCN; COL1A2; FGFR4; TCF21; MFAP4; FBLN1; SAA1; WNT2; COL6A3; CES1
"33,0",CL:0009089,lung pericyte,3,lung,1,https://doi.org/10.1148/93.3.507; https://doi.org/10.1136/thx.13.2.110,DCN,PDGFRB; LAMC3; DCN; CSPG4; HIGD1B; COL1A2; COX4I2; TRPC6
"33,0",ASCTB-TEMP:effector-chondrocyte,Effector Chondrocyte,2,knee,1,https://doi.org/10.1136/ard-2022-223227,IGFBP7,IGFBP7; CHAD; STC2
"33,0",CL:4033017,bronchiolar smooth muscle cell,2,lung,1,https://doi.org/10.1148/93.3.507; https://doi.org/10.1136/thx.13.2.110,DCN,ACTG1; COL1A2; LGR6; ACTA2; CNN1; DES; TAGLN; DCN; PLN; MYH11; MFAP4
"33,0",CL:0002460,CD8-alpha-negative thymic conventional dendritic cell,2,thymus,1,https://doi.org/10.1172/JCI11734; https://doi.org/10.1038/cti.2015.21; https://doi.org/10.1126/science.aay3224,GSN,MNDA; LGALS2; ITGAX; XCR1; CD1C; CD33; HLA-DQB1; THBD; ALDH2; SIRPA; ITGAM; CD4; PTPRC; CLEC10A; GSN; HLA-DQA1; CD83; JAML; CTSH
"33,0",CL:1000489,reticular cell of splenic cord,2,spleen,1,https://doi.org/10.55418/9781933477060.; https://doi.org/10.1111/imm.12469; https://doi.org/10.1038/s41467-019-09728-3,DCN,MADCAM1; NGFR; IL7; ENPP2; CCL19; CCL21; BST1; DSC2; THBD; ACTA2; THY1; C3; CLU; CD74; CR2; DCN; ENG
"33,0",CL:1000692,kidney interstitial fibroblast,1,kidney,1,https://doi.org/10.1172/jci.insight.133267; https://doi.org/10.1038/s41467-019-10861-2,DCN,LUM; COL1A2; COL1A1; DCN; ZEB2; C7; VIM
"33,0",ASCTB-TEMP:jugular-ganglion-sparcl1-neuron,jugular ganglion SPARCL1 neuron,1,peripheral-nervous-system,1,https://doi.org/10.1016/j.tice.2020.101344,SPARCL1,SPARCL1
"33,0",PCL:0015082,Exc L3 THEMIS ENPEP primary motor cortex glutamatergic neuron (Hsap),1,allen-brain,1,https://doi.org/10.1038/s41586-021-03465-8,LAMA2,LAMA2; FAP
"33,0",PCL:0051330,Mmb_329 mammillary body neuron (Hsap),1,allen-brain,1,https://doi.org/10.1101/2022.10.12.511898,FBXL7,PRLR; LINC02196; FBXL7; SIM1
"33,0",CL:0000940,mucosal-associated invariant T cell,1,thymus,1,https://doi.org/10.1038/ni.3565.,ZBTB16,KLRB1; IL18R1; CD8A; CD4; ZBTB16; CD27; RORC
"33,0",PCL:0051248,MGE_247 medial ganglionic eminence derived interneuron (Hsap),1,allen-brain,1,https://doi.org/10.1101/2022.10.12.511898,LPAR1,CTD-2288O8.3; LPAR1; COL5A2
"33,0",CL:0009074,medullary thymic epithelial cell type 4,1,thymus,1,https://doi.org/10.3791/50951; https://doi.org/10.1038/s41586-018-0345-2; https://doi.org/10.1080/01926230600865549; https://doi.org/10.1126/science.aay3224,DCLK1,PTPRC; IRAG2; KRT8; FOXI1; DCLK1; KRT18; ANXA4; RASSF6; ANXA1; CDR2; EPCAM; HEPACAM2; BMX
"33,0",PCL:0015003,Inh L1-6 LAMP5 AARD primary motor cortex GABAergic interneuron (Hsap),1,allen-brain,1,https://doi.org/10.1038/s41586-021-03465-8,FBXL7,KIT; PRELID2; FREM1; FBXL7
"33,0",PCL:0015011,Inh L2 PAX6 FREM2 primary motor cortex GABAergic interneuron (Hsap),1,allen-brain,1,https://doi.org/10.1038/s41586-021-03465-8,IGFBP7,IGFBP7; CILP2
"33,0",PCL:0051129,ULIT_128 intratelencephalic-projecting glutamatergic cortical neuron (Hsap),1,allen-brain,1,https://doi.org/10.1101/2022.10.12.511898,LAMA2,RP11-387P12.1; LAMA2; LINC02055; COL5A2
"33,0",PCL:0051249,MGE_248 sst GABAergic cortical interneuron (Hsap),1,allen-brain,1,https://doi.org/10.1101/2022.10.12.511898,DCN,RP11-799O21.2; DCN; TAC1
"33,0",CL:0000899,T-helper 17 cell,1,thymus,1,https://doi.org/10.1084/jem.20080397; https://doi.org/10.1126/science.aay3224,ZBTB16,PLAC8; NOSIP; KLRB1; CARHSP1; ANXA1; CD4; IL7R; ZBTB16; CD40LG; SORL1
"33,0",PCL:0051171,Misc_170 neuron of the forebrain (Hsap),1,allen-brain,1,https://doi.org/10.1101/2022.10.12.511898,DCN,GRB14; DCN
"33,0",CL:0009078,thymic fibroblast type 1,1,thymus,1,https://doi.org/10.1126/science.aay3224,SPARCL1,PTGDS; MFAP4; HSPB6; RSPO3; PTN; RBP5; DPT; C7; SRPX; SPARCL1
"33,0",CL:4030022,renal medullary fibroblast,1,kidney,1,https://doi.org/10.1101/2021.07.28.454201,DCN,NCAM1; TNC; KCNK2; CLMP; DCN; SYT1
"33,0",PCL:0051052,Bgl_51 Bergmann glial cell (Hsap),1,allen-brain,1,https://doi.org/10.1101/2022.10.12.511898,LAMA2,LAMA2; LINC01727
"33,0",ASCTB-TEMP:geniculate-ganglion-sparcl1-neuron,geniculate ganglion SPARCL1 neuron,1,peripheral-nervous-system,1,https://doi.org/10.1159/000470835,SPARCL1,SPARCL1
"33,0",PCL:0015045,Inh L3-5 SST OR5AH1P primary motor cortex GABAergic interneuron (Hsap),1,allen-brain,1,https://doi.org/10.1038/s41586-021-03465-8,FBXL7,ADAMTS5; FBXL7; SST
"33,0",PCL:0051028,Fbl_27 fibroblast (Hsap),1,allen-brain,1,https://doi.org/10.1101/2022.10.12.511898,ABCA8,LINC02147; ABCA8; FMO2
"33,0",CL:0009079,thymic fibroblast type 2,1,thymus,1,https://doi.org/10.1126/science.aay3224,FBN1,FN1; COL3A1; IGFBP6; COL1A1; LUM; COL1A2; FBN1; COL14A1; OGN; MGP
"33,0",PCL:0051169,Misc_168 cerebral cortex neuron (Hsap),1,allen-brain,1,https://doi.org/10.1101/2022.10.12.511898,DCN,SCHLAP1; DCN
"33,1",CL:0000788,naive B cell,3,blood-pelvis; lymph-node,2,ISBN:9781933477060; ISBN:9781933477381; PMCID:PMC1900414; https://doi.org/10.1038/s41467-019-12464-3,MME,PTPRC; CD1C; CD40; BCL2; PAX5; IGHM; CD19; FCAMR; CD74; CR2; HLA-DRA; CD27; CD24; CD38; MS4A1; IGHD; FCER2; MME; SELL
"33,1",CL:0002255,stromal cell of endometrium,3,placenta,1,https://doi.org/10.5966/sctm.2015-0022; https://doi.org/10.3346/jkms.2012.27.8.857; https://doi.org/10.1093/humrep/den051; https://doi.org/10.3390/cells1041061; https://doi.org/10.1186/s13287-017-0757-1; https://doi.org/10.1182/blood.V74.2.751.751; https://doi.org/10.1016/s1472-6483(10)61745-2; https://doi.org/10.1095/biolreprod51.4.739; https://doi.org/10.1095/biolreprod.108.075226; https://doi.org/10.1016/j.jcyt.2017.03.001,MME,MME; ENG; CD44; ANPEP; THY1
"33,1",PCL:0051208,MSN_207 indirect pathway medium spiny neuron (Hsap),1,allen-brain,1,https://doi.org/10.1101/2022.10.12.511898,MME,MME; LINC01378; DRD2
"33,1",CL:0000817,precursor B cell,1,bone-marrow,1,https://doi.org/10.1016/j.exphem.2018.09.004,MME,PAX5; IL7R; MME; IGHD; IGHM; CD34; CD19
"33,1",CL:0009112,centroblast,1,lymph-node,1,ISBN:9781933477381; https://doi.org/10.1182/blood-2012-03-415380; PMCID:PMC1900414,MME,CD38; CD19; AICDA; CD27; MKI67; LMO2; MME; IGHD; BCL2; CD74; MS4A1; CXCR4; BCL6
"33,1",CL:0000787,memory B cell,1,bone-marrow,1,https://doi.org/10.1002/jcla.20001,MME,MME; IGHD; IGHA1; MS4A1; CD38; CD82; CD24; IGHG1; CR2; CD19; CD27; SELL
"33,1",PCL:0051243,MGE_242 medial ganglionic eminence derived interneuron (Hsap),1,allen-brain,1,https://doi.org/10.1101/2022.10.12.511898,MME,MME; MCUB; FBN2; SOX6; ADAMTSL1
"33,1",CL:0009083,rearranging double negative thymocyte (Homo sapiens),1,thymus,1,https://doi.org/10.3389/fimmu.2019.00447.; https://doi.org/10.1016/j.immuni.2020.03.019,MME,RAG2; CD79B; PTCRA; CD7; CD5; MME; DNTT; CD3E; CD1A; BCL11B; TCF7
"33,1",CL:0000826,pro-B cell,1,bone-marrow,1,https://doi.org/10.1073/pnas.172384399,MME,IL7R; RAG1; MME; DNTT; CD34; CD19; VPREB1
"33,1",CL:0009081,specified double negative thymocyte (Homo sapiens),1,thymus,1,https://doi.org/10.3389/fimmu.2019.00447.; https://doi.org/10.1016/j.immuni.2020.03.019,MME,CD79B; PTCRA; CD7; CD5; CD44; MME; CD3E; CD34; BCL11B; TCF7; SPI1
"33,1",PCL:0051219,MSN_218 medium spiny neuron (Hsap),1,allen-brain,1,https://doi.org/10.1101/2022.10.12.511898,MME,RP11-142I20.2; MME; DRD3
"33,1",CL:0009111,centrocyte,1,lymph-node,1,ISBN:9781933477381; https://doi.org/10.1182/blood-2012-03-415380; ISBN:9781933477060,MME,BCL2; MKI67; MME; IGHD; CD38; CR2; CD19; CD83; CD27; MS4A1; CXCR5; BCL6
"33,1",CL:0009082,committed double negative thymocyte (Homo sapiens),1,thymus,1,https://doi.org/10.3389/fimmu.2019.00447.; https://doi.org/10.1016/j.immuni.2020.03.019,MME,CD79B; PTCRA; CD7; CD5; MME; CD3E; RAG2; CD34; BCL11B; TCF7
"33,1",CL:0009069,CD8aa(II) thymocyte,1,thymus,1,https://doi.org/10.1126/science.aay3224,MME,MME; SMIM24; CTSW; HCST; CD7; ACTN1; SMC4; ZNF683; IKZF2; TRGC2
"33,1",CL:0000816,immature B cell,1,blood-pelvis,1,https://doi.org/10.3389/fimmu.2012.00302,MME,PAX5; IGHM; MME; IGHD; MS4A1; CD19
"33,1",PCL:0051316,LRL_315 neuron (Hsap),1,allen-brain,1,https://doi.org/10.1101/2022.10.12.511898,MME,MME; SMOC1; TENT5A
"33,1",CL:0000818,transitional stage B cell,1,blood-pelvis,1,https://doi.org/10.1073/pnas.172384399,MME,MME; IGHD; TCL1A; SOX4; CD24; CD27; IGLL5; CD19; CR2; CD22; BCL7A; CD38; MS4A1; CD5; FCRLA
"33,1",CL:0000182,hepatocyte,1,liver,1,https://doi.org/10.1097/00000478-200110000-00011; https://doi.org/10.1007/s00424-006-0152-8,MME,MME; ALB; CYP2D6; HNF4A; ABCB11
"33,2",ASCTB-TEMP:regulatory-chondrocyte-1,Regulatory Chondrocyte 1,2,knee,1,https://doi.org/10.1136/ard-2022-223227,ANGPTL4,CHI3L2; CHI3L1; ANGPTL4
"33,2",PCL:0051457,Thex_456 thalamic excitatory neuron (Hsap),1,allen-brain,1,https://doi.org/10.1101/2022.10.12.511898,TCF7L2,LINC02296; ST8SIA6; TCF7L2; BMP6
"33,2",PCL:0051355,Splat_354 neuron (Hsap),1,allen-brain,1,https://doi.org/10.1101/2022.10.12.511898,TCF7L2,RP11-66G15.1; LHX1; TCF7L2
"33,2",PCL:0051369,Splat_368 neuron (Hsap),1,allen-brain,1,https://doi.org/10.1101/2022.10.12.511898,TCF7L2,SNHG14; EBF1; EBF3; TCF7L2
"33,2",PCL:0051367,Splat_366 neuron (Hsap),1,allen-brain,1,https://doi.org/10.1101/2022.10.12.511898,TCF7L2,DACH1; EBF3; TCF7L2; KLHL1
"33,2",PCL:0051374,Splat_373 neuron (Hsap),1,allen-brain,1,https://doi.org/10.1101/2022.10.12.511898,TCF7L2,LHX2; PDGFD; TCF7L2; SHOX2
"33,2",CL:0000636,Mueller cell,1,eye,1,https://doi.org/10.1155/2007/39245; https://doi.org/10.1016/j.ophtha.2017.09.016,SLC1A3,GFAP; CRYM; CLU; CRABP1; SLC1A3; GLUL; DKK3; APOE; RLBP1
"33,2",PCL:0051373,Thex_372 thalamic excitatory neuron (Hsap),1,allen-brain,1,https://doi.org/10.1101/2022.10.12.511898,TCF7L2,PTH2R; RNF220; FAM9B; TCF7L2
"33,2",CL:0000740,retinal ganglion cell,1,eye,1,https://doi.org/10.1017/S0952523819000087; https://doi.org/10.1016/j.cell.2019.01.004,RBPMS,POU4F1; NEFL; NEFM; TUBB; RBPMS; SLC17A6; POU4F3; OPN4; POU4F2; THY1; SNCG
"33,2",PCL:0051368,Splat_367 neuron (Hsap),1,allen-brain,1,https://doi.org/10.1101/2022.10.12.511898,TCF7L2,PRLR; TCF7L2; TAC1
"33,2",PCL:0051277,CGE_276 VIP GABAergic cortical interneuron (Hsap),1,allen-brain,1,https://doi.org/10.1101/2022.10.12.511898,SVEP1,SVEP1; VIP
"33,2",PCL:0051155,Amex_154 amygdala excitatory neuron (Hsap),1,allen-brain,1,https://doi.org/10.1101/2022.10.12.511898,PTGER3,RP11-412K20.1; RP11-33A14.1; PTGER3; DCSTAMP
"33,2",PCL:0051161,Amex_160 amygdala excitatory neuron (Hsap),1,allen-brain,1,https://doi.org/10.1101/2022.10.12.511898,PTGER3,PTGER3; MSC-AS1; NPFFR2; PLEKHG4B
"33,2",PCL:0051383,Splat_382 neuron (Hsap),1,allen-brain,1,https://doi.org/10.1101/2022.10.12.511898,TCF7L2,RSPO3; TCF7L2; SST
"33,2",PCL:0015050,Inh L1-2 SST CCNJL primary motor cortex GABAergic interneuron (Hsap),1,allen-brain,1,https://doi.org/10.1038/s41586-021-03465-8,TMEM132C,SPHKAP; TMEM132C; CALB1
"33,2",PCL:0015066,Inh L1-2 PVALB CDK20 primary motor cortex GABAergic interneuron (Hsap),1,allen-brain,1,https://doi.org/10.1038/s41586-021-03465-8,TMEM132C,TMEM132C; SYT10; ADAMTS12
"33,3",PCL:0051034,OPC_33 oligodendrocyte precursor cell (Hsap),1,allen-brain,1,https://doi.org/10.1101/2022.10.12.511898,APOD,RP1-45C12.1; APOD; OLIG1
"33,3",PCL:0051233,EMSN_232 medium spiny neuron (Hsap),1,allen-brain,1,https://doi.org/10.1101/2022.10.12.511898,CHRM5,ABCA1; RXFP1; CHRM5
"33,4",CL:0000235,macrophage,78,large-intestine; fallopian-tube; skin; lymph-node,4,https://doi.org/10.1038/labinvest.2016.116; https://doi.org/10.1038/jid.2010.165; https://doi.org/10.1136/ard.2003.013029; https://doi.org/10.1016/j.actatropica.2016.01.008; https://doi.org/10.1053/j.semdp.2017.11.002; https://doi.org/10.1097/01.pas.0000157940.80538.ec; https://doi.org/10.1007/978-1-4939-0897-4_3; https://doi.org/10.1182/blood-2008-06-165266; https://doi.org/10.1016/j.immuni.2020.02.001; https://doi.org/10.1016/j.celrep.2021.108978,MRC1; CD163,CD4; CD14; MRC1; ITGAX; CD209; CD74; CD68; HLA-DRA; ITGAM; SIGLEC1; MARCO; LYZ; CD163
"33,4",CL:3000001,Hofbauer cell,5,placenta,1,PMID:8014121; https://doi.org/10.1016/j.placenta.2007.11.003; https://doi.org/10.1053/plac.2000.0559,CD163,FCGR1A; CD68; CD163
"33,4",CL:4033064,uterine resident macrophage,3,placenta,1,https://doi.org/10.1371/journal.pone.0002078; https://doi.org/10.1038/s41423-018-0008-0; https://doi.org/10.1053/plac.2000.0559,MRC1,MRC1; CD68; ITGAX; CD209
"33,4",CL:0000866,thymic macrophage,3,thymus,1,https://doi.org/10.1016/j.imbio.2008.07.032; https://doi.org/10.1016/s0065-2776(08)60900-1; https://doi.org/10.1016/j.imbio.2008.07.032.; https://doi.org/10.1126/science.aay3224,CD163,LGMN; LYZ; ITGAX; ICAM1; MS4A7; CD68; SELENOP; SLC40A1; C1QB; C1QA; ITGAM; C1QC; CD163; RNASE1; CD209; APOE; STAB1
"33,4",CL:1000695,kidney interstitial alternatively activated macrophage,2,kidney,1,https://doi.org/10.1038/s41586-020-2941-1; https://doi.org/10.1038/s41467-019-10861-2; https://doi.org/10.1126/science.aat5031,CD163; MRC1,ITGAX; IL7R; HLA-DRA; MRC1; CD163; CD14
"33,4",ASCTB-TEMP:splenic-perifollicular-zone-macrophage,Splenic perifollicular zone macrophage,2,spleen,1,https://doi.org/10.1111/j.1365-2567.2007.02710.x; https://doi.org/10.55418/9781933477060.; https://doi.org/10.1046/j.1365-2567.1997.00328.x; https://doi.org/10.1186/s13059-019-1906-x,CD163; MRC1,MRC1; CD68; CD5L; APOE; CD209; CD163; SIGLEC1
"33,4",CL:0000887,lymph node subcapsular sinus macrophage,2,lymph-node,1,https://doi.org/10.1097/01.pas.0000157940.80538.ec; https://doi.org/10.1053/j.semdp.2017.11.002; https://doi.org/10.1182/blood-2008-06-165266,CD163; MRC1,CD163; CD14; SIGLEC1; HLA-DRA; MRC1; CD68; CD4; ITGAX; CD209
"33,4",CL:0000874,splenic red pulp macrophage,2,spleen,1,https://doi.org/10.55418/9781933477060.; https://doi.org/10.1182/bloodadvances.2017015008; https://doi.org/10.1111/imm.12469; https://doi.org/10.1186/s13059-019-1906-x,CD163,NGFR; APOE; CD68; CD5L; CD163; SIGLEC1
"33,4",PCL:0051013,Mgl_12 microglial cell (Hsap),2,allen-brain,1,https://doi.org/10.1101/2022.10.12.511898,F13A1; MRC1,F13A1; MRC1
"33,4",PCL:0051294,CGE_293 VIP GABAergic cortical interneuron (Hsap),1,allen-brain,1,https://doi.org/10.1101/2022.10.12.511898,IQGAP2,RP11-197H3.1; IQGAP2; HS3ST3A1
"33,4",CL:0000882,thymic medullary macrophage,1,thymus,1,https://doi.org/10.1016/s0065-2776(08)60900-1; https://doi.org/10.1016/j.imbio.2008.07.032; https://doi.org/10.1126/science.aay3224,CD163,ITGAX; ICAM1; STAB1; APOE; LYZ; LGMN; SELENOP; MS4A7; CD68; SLC40A1; C1QB; C1QA; ITGAM; C1QC; CD163; RNASE1; CD209
"33,4",PCL:0015030,Inh L3-5 VIP HS3ST3A1 primary motor cortex GABAergic interneuron (Hsap),1,allen-brain,1,https://doi.org/10.1038/s41586-021-03465-8,IQGAP2,IQGAP2; ABI3BP; SLC22A3
"33,4",PCL:0051261,MGE_260 pvalb GABAergic cortical interneuron (Hsap),1,allen-brain,1,https://doi.org/10.1101/2022.10.12.511898,IQGAP2,IQGAP2; CTXND1; TAFA4
"33,4",CL:0000876,splenic white pulp macrophage,1,spleen,1,https://doi.org/10.1111/imm.12469; https://doi.org/10.1186/s13059-019-1906-x,CD163,APOE; CD68; CD5L; CD163
"33,4",CL:1001285,vasa recta descending limb cell,1,kidney,1,https://doi.org/10.1038/s41467-019-12872-5; https://doi.org/10.1101/2021.07.28.454201; https://doi.org/10.1038/s41467-019-10861-2,MCTP1,MCTP1; ADAMTS6; SERPINE2; PALMD; PECAM1; TM4SF1; SLC14A1
"33,4",CL:0000872,splenic marginal zone macrophage,1,spleen,1,https://doi.org/10.1111/imm.12469; https://doi.org/10.1186/s13059-019-1906-x,CD163,APOE; CD68; CD5L; CD163
"33,4",PCL:0015032,Inh L1-5 VIP CD27-AS1 primary motor cortex GABAergic interneuron (Hsap),1,allen-brain,1,https://doi.org/10.1038/s41586-021-03465-8,IQGAP2,IQGAP2; ANKFN1; EGFEM1P
"33,4",CL:0002399,CD1c-positive myeloid dendritic cell,1,blood-pelvis,1,https://doi.org/10.1002/cyto.a.23724,CD163,NCAM1; ITGAX; IL3RA; S100A9; S100A8; CD3E; HLA-DRA; CD19; FCGR3A; CD14; CD1C; CD36; THBD; FCER1A; CD163; CLEC10A
"33,4",ASCTB-TEMP:splenic-littoral-cell,Splenic Littoral Cell,1,spleen,1,https://doi.org/10.4049/jimmunol.1103086; https://doi.org/10.1182/blood.V126.23.3594.3594; https://doi.org/10.1182/bloodadvances.2017015073,MRC1,PTPRC; ACKR1; MRC1; SIRPA; CR2; FHOD1; CD8A; PECAM1; CD3E; CD34; CD14; VWF
"33,4",CL:0001056,"dendritic cell, human",1,bone-marrow,1,https://doi.org/10.1002/cyto.a.23724,CD163,NCAM1; ITGAX; IL3RA; S100A9; S100A8; CD3E; HLA-DRA; CLEC4C; CLEC10A; CD163; CD19; FCGR3A; CD14; CD1C; CD36; FCER1A
"33,4",CL:1000692,kidney interstitial fibroblast,1,kidney,1,https://doi.org/10.1172/jci.insight.133267; https://doi.org/10.1038/s41467-019-10861-2,ZEB2,LUM; COL1A2; COL1A1; DCN; ZEB2; C7; VIM
"34,0",CL:0000970,unswitched memory B cell,1,thymus,1,https://doi.org/10.1126/sciimmunol.aah4447; https://doi.org/10.1080/01926230600865549; https://doi.org/10.1126/science.aay3224,CRIP1,GPR183; HLA-DRA; ADAM28; BANK1; TNFRSF13B; IGHA1; HLA-DQA1; LY86; CRIP1; MS4A1; CD19; IGHM; CD27
"34,0",PCL:0051069,Epen_68 ependymal cell (Hsap),1,allen-brain,1,https://doi.org/10.1101/2022.10.12.511898,CRIP1,OR2B4P; CRIP1; CAPS
"34,0",CL:0009072,medullary thymic epithelial cell type 2,1,thymus,1,https://doi.org/10.3791/50951; https://doi.org/10.1038/s41467-021-21346-6; https://doi.org/10.1080/01926230600865549; https://doi.org/10.1126/science.aay3224,NTHL1,TYW3; CDR2; HLA-DQA1; KRT17; AIRE; NTHL1; PTPRC; KRT5; CCL19; VIM; EPCAM; SNCG; CSTA; FGF17; CALML3
"34,0",CL:0000972,class switched memory B cell,1,thymus,1,https://doi.org/10.1126/sciimmunol.aah4447; https://doi.org/10.1080/01926230600865549; https://doi.org/10.1126/science.aay3224,CRIP1,GPR183; HLA-DRA; ADAM28; BANK1; TNFRSF13B; IGHA1; HLA-DQA1; LY86; CRIP1; MS4A1; CD19; CD27
"34,00",CL:0000057,fibroblast,182,large-intestine,1,isBN:978-1496398949; ISBN:978-1496398949; https://doi.org/10.1111/j.1440-1827.1989.tb02421.x; https://doi.org/10.1034/j.1600-065x.2003.00072.x; https://doi.org/10.1007/978-1-4939-0897-4_3,COL6A2; COL6A1,COL6A2; COL6A1
"34,00",CL:0009016,intestinal crypt stem cell of large intestine,11,large-intestine,1,https://doi.org/10.1038/nature06196,CD44,RGMB; SMOC2; LRIG1; CD44; LGR5; SOX9
"34,00",CL:0002558,fibroblast of villous mesenchyme,8,placenta,1,https://doi.org/10.5966/sctm.2015-0022; https://doi.org/10.3346/jkms.2012.27.8.857; https://doi.org/10.1093/humrep/den051; https://doi.org/10.3390/cells1041061; https://doi.org/10.1186/s13287-017-0757-1; https://doi.org/10.1182/blood.V74.2.751.751; https://doi.org/10.1095/biolreprod51.4.739; https://doi.org/10.1095/biolreprod.108.075226; https://doi.org/10.1016/j.jcyt.2017.03.001,CD44,NT5E; ENG; CD44; THY1
"34,00",CL:4033014,peg cell,5,fallopian-tube,1,PMID:22911892,CD44,ITGA6; CD44; EPCAM
"34,00",CL:0000186,myofibroblast cell,5,lymph-node; spleen,2,PMID: 3310649; PMID: 20126587; https://doi.org/10.1038/s41598-018-34105-3; PMCID:PMC1899700; https://www.pathologyoutlines.com/topic/lymphnodesanatomy.html; https://doi.org/10.1002/ar.1091830404; https://fblt.cz/en/skripta/v-krev-a-organy-imunitniho-systemu/6-thymus-mizni-uzliny-a-difuzni-imunitni-system/,CALD1; VIM,CALD1; DES; COL1A1; ELN; COL3A1; ACTA2; VIM
"34,00",CL:0002255,stromal cell of endometrium,3,placenta,1,https://doi.org/10.5966/sctm.2015-0022; https://doi.org/10.3346/jkms.2012.27.8.857; https://doi.org/10.1093/humrep/den051; https://doi.org/10.3390/cells1041061; https://doi.org/10.1186/s13287-017-0757-1; https://doi.org/10.1182/blood.V74.2.751.751; https://doi.org/10.1016/s1472-6483(10)61745-2; https://doi.org/10.1095/biolreprod51.4.739; https://doi.org/10.1095/biolreprod.108.075226; https://doi.org/10.1016/j.jcyt.2017.03.001,CD44,MME; ENG; CD44; ANPEP; THY1
"34,00",CL:0000236,B cell,3,placenta,1,https://doi.org/10.1186/s13287-017-0757-1; https://doi.org/10.1182/blood.V74.2.751.751; https://doi.org/10.1095/biolreprod51.4.739; https://doi.org/10.1095/biolreprod.108.075226; https://doi.org/10.1093/intimm/7.7.1087; https://doi.org/10.3390/cells1041061; https://doi.org/10.1091/mbc.1.1.27; https://doi.org/10.1016/j.jcyt.2017.03.001,CD44,CD44; HLA-DRA; SDC1
"34,00",CL:2000061,placental amniotic mesenchymal stromal cell,3,placenta,1,https://doi.org/10.5966/sctm.2015-0022; https://doi.org/10.3346/jkms.2012.27.8.857; https://doi.org/10.1093/humrep/den051; https://doi.org/10.3390/cells1041061; https://doi.org/10.1186/s13287-017-0757-1; https://doi.org/10.1182/blood.V74.2.751.751; https://doi.org/10.1095/biolreprod51.4.739; https://doi.org/10.1095/biolreprod.108.075226; https://doi.org/10.1016/j.jcyt.2017.03.001,CD44,NT5E; ENG; CD44; THY1
"34,00",CL:0009105,T cell zone reticular cell,2,lymph-node,1,https://doi.org/10.3389/fimmu.2011.00035; https://doi.org/10.1016/j.jcyt.2017.01.010; https://doi.org/10.1016/j.ajpath.2010.12.039,VIM,PECAM1; IL7; PDPN; DES; ACTA2; VIM; CCL21; CCL19
"34,00",CL:0002620,skin fibroblast,2,skin,1,https://doi.org/10.1111/j.1365-2133.1989.tb15509.x; https://doi.org/10.1097/00000372-199606000-00008; https://doi.org/10.1074/jbc.M701586200,VIM,F3; CD34; VIM
"34,00",CL:0000359,vascular associated smooth muscle cell,2,skin,1,https://doi.org/10.1083/jcb.113.1.147; No DOI,CALD1,CNN1; CALD1; ACTA2
"34,00",CL:0009079,thymic fibroblast type 2,2,thymus,1,https://doi.org/10.1126/science.aay3224,FN1; FBN1,FN1; COL3A1; IGFBP6; COL1A1; LUM; COL1A2; FBN1; COL14A1; OGN; MGP
"34,00",ASCTB-TEMP:reparative-chondrocyte,Reparative Chondrocyte,2,knee,1,https://doi.org/10.1136/ard-2022-223227,LOX,LOX; ACAN; CILP
"34,00",CL:0009106,medullary reticular cell,1,lymph-node,1,https://doi.org/10.3389/fimmu.2011.00035.; https://doi.org/10.1016/j.jcyt.2017.01.010; https://doi.org/10.1016/j.ajpath.2010.12.039,VIM,PECAM1; PDPN; DES; ACTA2; VIM; TNFSF11; CXCL12
"34,00",CL:0000540,neuron,1,spinal-cord,1,https://doi.org/10.1016/j.neuron.2023.01.007,COL6A2,MYO10; MAFA; COL6A2
"34,00",CL:1000692,kidney interstitial fibroblast,1,kidney,1,https://doi.org/10.1172/jci.insight.133267; https://doi.org/10.1038/s41467-019-10861-2,VIM,LUM; COL1A2; COL1A1; DCN; ZEB2; C7; VIM
"34,00",CL:0009103,lymph node marginal reticular cell,1,lymph-node,1,https://doi.org/10.3389/fimmu.2011.00035; https://doi.org/10.1016/j.jcyt.2017.01.010; https://doi.org/10.1016/j.ajpath.2010.12.039,VIM,PDPN; ENPP2; DES; ACTA2; VIM; TNFSF11; PECAM1; CXCL13
"34,00",CL:0009071,medullary thymic epithelial cell type 1,1,thymus,1,https://doi.org/10.3791/50951; https://doi.org/10.1038/s41467-021-21346-6; https://doi.org/10.1126/science.aay3224,FN1,PTPRC; SAA1; EPCAM; KRT5; CCL19; CH25H; CLU; FN1; CDR2; KRT14; KRT19; KRT15; PTGDS; ASCL1
"34,00",CL:0000888,lymph node tingible body macrophage,1,lymph-node,1,https://doi.org/10.1111/cas.13137,SPARC,ITGAX; CD68; CD4; HLA-DRA; ITGAM; CD14; SPARC; SIGLEC1
"34,00",CL:0009081,specified double negative thymocyte (Homo sapiens),1,thymus,1,https://doi.org/10.3389/fimmu.2019.00447.; https://doi.org/10.1016/j.immuni.2020.03.019,CD44,CD79B; PTCRA; CD7; CD5; CD44; MME; CD3E; CD34; BCL11B; TCF7; SPI1
"34,00",CL:1000489,reticular cell of splenic cord,1,spleen,1,https://doi.org/10.1038/nri2588; https://doi.org/10.1111/imm.12469,ITGB1,PDGFRA; ITGB1; ITGA5; PDGFRB; ITGA3; ITGA4; ICAM1; DES; CXCL12
"34,00",CL:1000452,parietal epithelial cell,1,kidney,1,https://doi.org/10.1172/jci.insight.133267; https://doi.org/10.1038/s41467-019-10861-2,VIM,CFH; CRB2; ALDH1A2; VIM; VCAM1
"34,00",ASCTB-TEMP:interdigitating-dendritic-cells,Interdigitating Dendritic Cells,1,spleen,1,https://doi.org/10.1309/M95G-7DQ2-TLQL-7Q11,VIM,CD68; CD1A; VIM; S100B
"34,00",CL:0011004,lens fiber cell,1,eye,1,https://doi.org/10.1167/iovs.15-18117,VIM,AQP0 residues 1-263 +fatty acyl; VIM
"34,00",CL:1001111,kidney loop of Henle thin descending limb epithelial cell,1,kidney,1,https://doi.org/10.1681/ASN.2020010071; https://doi.org/10.1172/jci.insight.133267; https://doi.org/10.1038/s41467-019-10861-2,VIM,CRYAB; SATB2; CDH1; VIM; VCAM1; SLC44A5; SPP1
"34,00",CL:0009072,medullary thymic epithelial cell type 2,1,thymus,1,https://doi.org/10.3791/50951; https://doi.org/10.1038/s41467-021-21346-6; https://doi.org/10.1080/01926230600865549; https://doi.org/10.1126/science.aay3224,VIM,TYW3; CDR2; HLA-DQA1; KRT17; AIRE; NTHL1; PTPRC; KRT5; CCL19; VIM; EPCAM; SNCG; CSTA; FGF17; CALML3
"34,00",CL:0002425,early T lineage precursor,1,thymus,1,https://doi.org/10.3389/fimmu.2019.00447.; https://doi.org/10.1016/j.immuni.2020.03.019,CD44,CD79B; MPO; CD7; CD44; IRF8; CD34; CD19; BCL11B; SPI1
"34,00",CL:0002568,mesenchymal stem cell of Wharton's jelly,1,placenta,1,https://doi.org/10.5966/sctm.2015-0022; https://doi.org/10.3346/jkms.2012.27.8.857; https://doi.org/10.1093/humrep/den051; https://doi.org/10.3390/cells1041061; https://doi.org/10.1186/s13287-017-0757-1; https://doi.org/10.1182/blood.V74.2.751.751; https://doi.org/10.1095/biolreprod51.4.739; https://doi.org/10.1095/biolreprod.108.075226; https://doi.org/10.1016/j.jcyt.2017.03.001,CD44,NT5E; ENG; CD44; THY1
"34,00",CL:0009104,B cell zone reticular cell,1,lymph-node,1,ISBN:9781933477381; https://doi.org/10.1080/01926230600867727,VIM,PECAM1; PDPN; DES; ACTA2; VIM; TNFSF11; CXCL12
"34,2",CL:0000540,neuron,1,spinal-cord,1,https://doi.org/10.1016/j.neuron.2023.01.007,MYO10,MYO10; MAFA; COL6A2
"34,2",CL:0001078,"group 3 innate lymphoid cell, human",1,thymus,1,https://doi.org/10.3389/fimmu.2017.01047; https://doi.org/10.1126/science.aay3224,S100A4,KLRB1; IL7R; JAML; CD52; KRT86; KIT; LST1; TMIGD2; LTB; TRDC; NCR2; S100A4
"34,2",CL:0000576,monocyte,1,thymus,1,https://doi.org/10.1126/science.aay3224,S100A4,CTSS; VCAN; LYZ; CD52; S100A9; S100A8; FCN1; S100A6; S100A4; S100A12
"34,2",CL:0002677,naive regulatory T cell,1,thymus,1,https://doi.org/10.3389/fimmu.2019.00447; https://doi.org/10.1038/nature03886; https://doi.org/10.1126/science.aay3224,S100A4,PMAIP1; PIM2; BATF; FOXP3; TIGIT; GBP2; CARD16; IL32; CD4; IKZF2; CTLA4; S100A4
"34,2",CL:0009079,thymic fibroblast type 2,1,thymus,1,https://doi.org/10.1126/science.aay3224,IGFBP6,FN1; COL3A1; IGFBP6; COL1A1; LUM; COL1A2; FBN1; COL14A1; OGN; MGP
"34,2",CL:0000604,retinal rod cell,1,eye,1,https://doi.org/10.1016/j.exer.2016.01.002; https://doi.org/10.1016/j.cell.2019.01.004,GNB1,PDC; GNGT1; NR2E3; GNAT1; GNB1; SAG; NRL; RHO
"35,0",CL:1000412,endothelial cell of arteriole,67,large-intestine,1,isBN:978-1496398949; ISBN:978-1496398949; https://doi.org/10.1007/978-1-4939-0897-4_3,CD36,PECAM1; CD36; CD34
"35,0",CL:1000414,endothelial cell of venule,65,large-intestine,1,isBN:978-1496398949; ISBN:978-1496398949; https://doi.org/10.1007/978-1-4939-0897-4_3,CD36,PECAM1; CD36; CD34
"35,0",CL:0002144,capillary endothelial cell,25,large-intestine,1,https://doi.org/10.1034/j.1600-065x.2003.00072.x; https://doi.org/10.1111/j.1440-1827.1989.tb02421.x; isBN:978-1496398949; ISBN:978-1496398949,CD36,PECAM1; CD36; CD34
"35,0",CL:0001058,"plasmacytoid dendritic cell, human",3,spleen,1,https://doi.org/10.1111/imm.12469; https://doi.org/10.4049/jimmunol.1002632; https://doi.org/10.1186/s13059-019-1906-x,NRP1,NRP1; ITGAX; IL3RA; CLEC4C
"35,0",CL:0002543,vein endothelial cell,2,large-intestine,1,ISBN:978-1496398949,CD36,PECAM1; CD36; CD34
"35,0",PCL:0015103,Exc L5-6 FEZF2 SH2D1B primary motor cortex glutamatergic neuron (Hsap),1,allen-brain,1,https://doi.org/10.1038/s41586-021-03465-8,MEIS2,PAPSS2; NLGN4Y; MEIS2; ADAMTSL1
"35,0",PCL:0051406,Amex_405 amygdala excitatory neuron (Hsap),1,allen-brain,1,https://doi.org/10.1101/2022.10.12.511898,MEIS2,PRLR; MEIS2; NDST4; RXFP1; CDH13
"35,0",PCL:0051430,Splat_429 neuron (Hsap),1,allen-brain,1,https://doi.org/10.1101/2022.10.12.511898,PRDM16,MYO5B; FREM2; PRDM16
"35,0",PCL:0051334,Mmb_333 mammillary body neuron (Hsap),1,allen-brain,1,https://doi.org/10.1101/2022.10.12.511898,CD36,LTBP1; CD36; SIM1
"35,0",CL:0000764,erythroid lineage cell,1,bone-marrow,1,https://doi.org/10.1371/journal.pone.0162209,CD36,KIT; PTPRC; GYPA; APOC1; ENG; KLF1; GATA1; CD36; MYC; TFRC; KCNH2; PRSS57; EPCAM
"35,0",PCL:0051089,DLNP_88 near-projecting glutamatergic cortical neuron (Hsap),1,allen-brain,1,https://doi.org/10.1101/2022.10.12.511898,CD36,RP11-421N8.3; IFNG-AS1; NPSR1; CD36
"35,0",CL:0000840,immature conventional dendritic cell,1,bone-marrow,1,https://doi.org/10.1182/blood-2004-02-0769,CD36,AXL; KIT; PTPRC; GYPA; CD36; ENG; CD22; TFRC; SIGLEC6
"35,0",CL:0001056,"dendritic cell, human",1,bone-marrow,1,https://doi.org/10.1002/cyto.a.23724,CD36,NCAM1; ITGAX; IL3RA; S100A9; S100A8; CD3E; HLA-DRA; CLEC4C; CLEC10A; CD163; CD19; FCGR3A; CD14; CD1C; CD36; FCER1A
"35,0",PCL:0051412,Splat_411 neuron (Hsap),1,allen-brain,1,https://doi.org/10.1101/2022.10.12.511898,PDE3A,PDE3A; PPP1R17; RORB
"35,0",PCL:0015115,Exc L5 FEZF2 RNF144A-AS1 primary motor cortex glutamatergic neuron (Hsap),1,allen-brain,1,https://doi.org/10.1038/s41586-021-03465-8,CD36,CD36
"35,0",CL:0002399,CD1c-positive myeloid dendritic cell,1,blood-pelvis,1,https://doi.org/10.1002/cyto.a.23724,CD36,NCAM1; ITGAX; IL3RA; S100A9; S100A8; CD3E; HLA-DRA; CD19; FCGR3A; CD14; CD1C; CD36; THBD; FCER1A; CD163; CLEC10A
"35,0",PCL:0015114,Exc L5 FEZF2 NREP-AS1 primary motor cortex glutamatergic neuron (Hsap),1,allen-brain,1,https://doi.org/10.1038/s41586-021-03465-8,CD36,CD36; ADAMTS12
"35,0",PCL:0051087,DLNP_86 near-projecting glutamatergic cortical neuron (Hsap),1,allen-brain,1,https://doi.org/10.1101/2022.10.12.511898,ADRA1A,PTPRT; PLPP3; IFNG-AS1; ADRA1A
"35,0",PCL:0051366,Splat_365 neuron (Hsap),1,allen-brain,1,https://doi.org/10.1101/2022.10.12.511898,MEIS2,MEIS2; GNAS; HTR2C; ZFHX3; CNTN1; CALM1
"35,0",PCL:0051400,Splat_399 neuron (Hsap),1,allen-brain,1,https://doi.org/10.1101/2022.10.12.511898,MEIS2,MEIS2; RNF220; TFAP2B
"35,0",PCL:0015033,Inh L2-5 VIP BSPRY primary motor cortex GABAergic interneuron (Hsap),1,allen-brain,1,https://doi.org/10.1038/s41586-021-03465-8,PDE3A,PDE3A; ST18
"35,0",PCL:0051203,DG_202 dentate gyrus granule cell (Hsap),1,allen-brain,1,https://doi.org/10.1101/2022.10.12.511898,ADRA1A,RP11-719N9.1; ADRA1A; TTR
"35,1",PCL:0051190,CA13_189 hippocampal CA1-3 neuron (Hsap),1,allen-brain,1,https://doi.org/10.1101/2022.10.12.511898,CCN1,CTXND1; CCN1; ATP10A
"35,1",CL:0009070,corticomedullary thymic epithelial cell,1,thymus,1,https://doi.org/10.1038/s41467-021-21346-6; https://doi.org/10.1126/science.aay3224,CCN1,KRT5; CTSV; HCFC1R1; PLTP; P3H2; TFPI2; CCN1; CRIPTO; CCL25; CCL2
"35,1",CL:0009075,myo-medullary thymic epithelial cell,1,thymus,1,https://doi.org/10.1126/science.aay3224; https://doi.org/10.3791/50951; https://doi.org/10.1038/s41467-021-21346-6; https://doi.org/10.1080/01926230600865549,ACTA1,TTN; TPM2; TNNT3; EPCAM; PTPRC; NEB; MYOG; ACTA1; NNAT; CDR2; TNNI2; MYL11; KLHL41
"35,2",CL:0000540,neuron,5,spinal-cord,1,https://doi.org/10.1016/j.neuron.2023.01.007,SOX5,ISM1; LMO3; CARTPT; IGF1; NMU; CALCB; TAC1; SOX5
"35,2",PCL:0051372,Splat_371 neuron (Hsap),1,allen-brain,1,https://doi.org/10.1101/2022.10.12.511898,BNC2,BNC2; NPSR1; CPA6
"35,2",PCL:0051282,CGE_281 VIP GABAergic cortical interneuron (Hsap),1,allen-brain,1,https://doi.org/10.1101/2022.10.12.511898,EDNRA,HTR3A; EDNRA
"35,2",PCL:0015042,Inh L5 SST RPL35AP11 primary motor cortex GABAergic interneuron (Hsap),1,allen-brain,1,https://doi.org/10.1038/s41586-021-03465-8,EDNRA,EDNRA; TRHDE; FREM1
"35,2",PCL:0051306,CBI_305 cerebellar inhibitory GABAergic interneuron (Hsap),1,allen-brain,1,https://doi.org/10.1101/2022.10.12.511898,NTN1,NTN1; LINC02552; TFAP2B; BMPR1B
"35,2",PCL:0051032,Fbl_31 arachnoid barrier cell (Hsap),1,allen-brain,1,https://doi.org/10.1101/2022.10.12.511898,BNC2,PTGDR; BNC2
"35,2",PCL:0051253,MGE_252 sst GABAergic cortical interneuron (Hsap),1,allen-brain,1,https://doi.org/10.1101/2022.10.12.511898,EDNRA,ABC10-43608400O15.1; EDNRA; TAC3
"35,2",PCL:0051292,CGE_291 VIP GABAergic cortical interneuron (Hsap),1,allen-brain,1,https://doi.org/10.1101/2022.10.12.511898,EDNRA,RP1-35C21.2; EDNRA; NPR3
"35,2",PCL:0051107,DLCT6b_106 glutamatergic neuron (Hsap),1,allen-brain,1,https://doi.org/10.1101/2022.10.12.511898,EDNRA,CTD-2050E21.1; RP11-81D17.1; EDNRA
"38,0",CL:0002255,stromal cell of endometrium,3,placenta,1,https://doi.org/10.5966/sctm.2015-0022; https://doi.org/10.3346/jkms.2012.27.8.857; https://doi.org/10.1093/humrep/den051; https://doi.org/10.3390/cells1041061; https://doi.org/10.1186/s13287-017-0757-1; https://doi.org/10.1182/blood.V74.2.751.751; https://doi.org/10.1016/s1472-6483(10)61745-2; https://doi.org/10.1095/biolreprod51.4.739; https://doi.org/10.1095/biolreprod.108.075226; https://doi.org/10.1016/j.jcyt.2017.03.001,MME,MME; ENG; CD44; ANPEP; THY1
"38,0",CL:0000788,naive B cell,3,blood-pelvis; lymph-node,2,ISBN:9781933477060; ISBN:9781933477381; PMCID:PMC1900414; https://doi.org/10.1038/s41467-019-12464-3,MME,PTPRC; CD1C; CD40; BCL2; PAX5; IGHM; CD19; FCAMR; CD74; CR2; HLA-DRA; CD27; CD24; CD38; MS4A1; IGHD; FCER2; MME; SELL
"38,0",CL:4030010,epithelial cell of proximal tubule segment 2,2,kidney,1,https://doi.org/10.1681/ASN.2020010071; https://doi.org/10.1073/pnas.2005477117; https://doi.org/10.1172/jci.insight.133267; https://doi.org/10.1016/j.devcel.2019.10.005; https://doi.org/10.1038/s41467-019-10861-2,ACSM2A; SLC13A3,SLC5A11; SLC13A3; SLC34A1; SLC22A8; ACSM2A; SLC22A6
"38,0",PCL:0051208,MSN_207 indirect pathway medium spiny neuron (Hsap),1,allen-brain,1,https://doi.org/10.1101/2022.10.12.511898,MME,MME; LINC01378; DRD2
"38,0",PCL:0051420,Amex_419 amygdala excitatory neuron (Hsap),1,allen-brain,1,https://doi.org/10.1101/2022.10.12.511898,PTH2R,CTC-552D5.1; PTH2R; NR2F2-AS1; CARM1P1; SCN5A
"38,0",PCL:0051372,Splat_371 neuron (Hsap),1,allen-brain,1,https://doi.org/10.1101/2022.10.12.511898,BNC2,BNC2; NPSR1; CPA6
"38,0",CL:4030009,epithelial cell of proximal tubule segment 1,1,kidney,1,https://doi.org/10.1681/ASN.2020010071; https://doi.org/10.1073/pnas.2005477117; https://doi.org/10.1172/jci.insight.133267; https://doi.org/10.1038/s41586-020-2941-1; https://doi.org/10.1016/j.devcel.2019.10.005; https://doi.org/10.1038/s41467-019-10861-2,SLC5A12,PRODH; SLC34A1; SLC5A12; SLC22A8; SLC22A6; SLC5A2
"38,0",CL:0009111,centrocyte,1,lymph-node,1,ISBN:9781933477381; https://doi.org/10.1182/blood-2012-03-415380; ISBN:9781933477060,MME,BCL2; MKI67; MME; IGHD; CD38; CR2; CD19; CD83; CD27; MS4A1; CXCR5; BCL6
"38,0",CL:0009083,rearranging double negative thymocyte (Homo sapiens),1,thymus,1,https://doi.org/10.3389/fimmu.2019.00447.; https://doi.org/10.1016/j.immuni.2020.03.019,MME,RAG2; CD79B; PTCRA; CD7; CD5; MME; DNTT; CD3E; CD1A; BCL11B; TCF7
"38,0",CL:0000826,pro-B cell,1,bone-marrow,1,https://doi.org/10.1073/pnas.172384399,MME,IL7R; RAG1; MME; DNTT; CD34; CD19; VPREB1
"38,0",CL:0000818,transitional stage B cell,1,blood-pelvis,1,https://doi.org/10.1073/pnas.172384399,MME,MME; IGHD; TCL1A; SOX4; CD24; CD27; IGLL5; CD19; CR2; CD22; BCL7A; CD38; MS4A1; CD5; FCRLA
"38,0",PCL:0015043,Inh L5-6 SST ISX primary motor cortex GABAergic interneuron (Hsap),1,allen-brain,1,https://doi.org/10.1038/s41586-021-03465-8,TRPM3,COL19A1; TRPM3
"38,0",CL:0000816,immature B cell,1,blood-pelvis,1,https://doi.org/10.3389/fimmu.2012.00302,MME,PAX5; IGHM; MME; IGHD; MS4A1; CD19
"38,0",CL:0002306,epithelial cell of proximal tubule,1,kidney,1,https://doi.org/10.1681/ASN.2020010071; https://doi.org/10.1073/pnas.2005477117; https://doi.org/10.1172/jci.insight.133267; https://doi.org/10.1038/s41586-020-2941-1; https://doi.org/10.1038/s41467-019-10861-2,CUBN,LRP2; GATM; ALDOB; CUBN; SLC13A1
"38,0",PCL:0015016,Inh L1 PVALB-like SST ASIC4 primary motor cortex GABAergic interneuron (Hsap),1,allen-brain,1,https://doi.org/10.1038/s41586-021-03465-8,NCKAP5,NCKAP5; PRELID2; ADAM33
"38,0",PCL:0051230,EMSN_229 medium spiny neuron (Hsap),1,allen-brain,1,https://doi.org/10.1101/2022.10.12.511898,PTH2R,PTH2R; MEIS1; ADAMTSL1; CACNG5; TSHZ1
"38,0",PCL:0051243,MGE_242 medial ganglionic eminence derived interneuron (Hsap),1,allen-brain,1,https://doi.org/10.1101/2022.10.12.511898,MME,MME; MCUB; FBN2; SOX6; ADAMTSL1
"38,0",CL:0000182,hepatocyte,1,liver,1,https://doi.org/10.1097/00000478-200110000-00011; https://doi.org/10.1007/s00424-006-0152-8,MME,MME; ALB; CYP2D6; HNF4A; ABCB11
"38,0",CL:0009069,CD8aa(II) thymocyte,1,thymus,1,https://doi.org/10.1126/science.aay3224,MME,MME; SMIM24; CTSW; HCST; CD7; ACTN1; SMC4; ZNF683; IKZF2; TRGC2
"38,0",CL:0000817,precursor B cell,1,bone-marrow,1,https://doi.org/10.1016/j.exphem.2018.09.004,MME,PAX5; IL7R; MME; IGHD; IGHM; CD34; CD19
"38,0",PCL:0051219,MSN_218 medium spiny neuron (Hsap),1,allen-brain,1,https://doi.org/10.1101/2022.10.12.511898,MME,RP11-142I20.2; MME; DRD3
"38,0",PCL:0051032,Fbl_31 arachnoid barrier cell (Hsap),1,allen-brain,1,https://doi.org/10.1101/2022.10.12.511898,BNC2,PTGDR; BNC2
"38,0",CL:0009081,specified double negative thymocyte (Homo sapiens),1,thymus,1,https://doi.org/10.3389/fimmu.2019.00447.; https://doi.org/10.1016/j.immuni.2020.03.019,MME,CD79B; PTCRA; CD7; CD5; CD44; MME; CD3E; CD34; BCL11B; TCF7; SPI1
"38,0",PCL:0051373,Thex_372 thalamic excitatory neuron (Hsap),1,allen-brain,1,https://doi.org/10.1101/2022.10.12.511898,PTH2R,PTH2R; RNF220; FAM9B; TCF7L2
"38,0",CL:0000787,memory B cell,1,bone-marrow,1,https://doi.org/10.1002/jcla.20001,MME,MME; IGHD; IGHA1; MS4A1; CD38; CD82; CD24; IGHG1; CR2; CD19; CD27; SELL
"38,0",CL:0009112,centroblast,1,lymph-node,1,ISBN:9781933477381; https://doi.org/10.1182/blood-2012-03-415380; PMCID:PMC1900414,MME,CD38; CD19; AICDA; CD27; MKI67; LMO2; MME; IGHD; BCL2; CD74; MS4A1; CXCR4; BCL6
"38,0",PCL:0015028,Inh L3-5 VIP IGDCC3 primary motor cortex GABAergic interneuron (Hsap),1,allen-brain,1,https://doi.org/10.1038/s41586-021-03465-8,NOX4,NOX4; EREG
"38,0",PCL:0051316,LRL_315 neuron (Hsap),1,allen-brain,1,https://doi.org/10.1101/2022.10.12.511898,MME,MME; SMOC1; TENT5A
"38,0",CL:0009082,committed double negative thymocyte (Homo sapiens),1,thymus,1,https://doi.org/10.3389/fimmu.2019.00447.; https://doi.org/10.1016/j.immuni.2020.03.019,MME,CD79B; PTCRA; CD7; CD5; MME; CD3E; RAG2; CD34; BCL11B; TCF7
"38,1",CL:0001058,"plasmacytoid dendritic cell, human",3,spleen,1,https://doi.org/10.1111/imm.12469; https://doi.org/10.4049/jimmunol.1002632; https://doi.org/10.1186/s13059-019-1906-x,NRP1,NRP1; ITGAX; IL3RA; CLEC4C
"38,1",CL:0000540,neuron,1,spinal-cord,1,https://doi.org/10.1016/j.neuron.2023.01.007,SATB2,NFIX; SATB2; TAC3
"38,1",CL:4030012,kidney loop of Henle short descending thin limb epithelial cell,1,kidney,1,https://doi.org/10.1681/ASN.2020010071; https://doi.org/10.1152/ajprenal.2000.278.1.F52; https://doi.org/10.1172/jci.insight.133267; https://doi.org/10.1038/s41467-019-10861-2,SATB2,ID1; CRYAB; SATB2; JAG1; TACSTD2; SPP1; CPE; SLC14A2
"38,1",CL:0000097,mast cell,1,thymus,1,https://doi.org/10.1097/00000478-199003000-00010; https://doi.org/10.1126/science.aay3224,TNFSF10,IL1RL1; GATA2; PLIN2; LMO4; CPA3; HECA; HPGDS; TPSB2; TPSAB1; TNFSF10
"38,1",CL:0000561,amacrine cell,1,eye,1,https://doi.org/10.1523/JNEUROSCI.0907-11.2011; https://doi.org/10.1016/j.preteyeres.2020.100844; https://doi.org/10.1002/cne.10985,SATB2,PVALB; SATB2; SLC17A8; EBF3; CALB2; PYGB; SYT2
"38,1",PCL:0015071,Inh L5-6 PVALB MEPE primary motor cortex GABAergic interneuron (Hsap),1,allen-brain,1,https://doi.org/10.1038/s41586-021-03465-8,SVIL,MYBPC1; MEPE; SVIL
"38,1",CL:0000740,retinal ganglion cell,1,eye,1,https://doi.org/10.1017/S0952523819000087; https://doi.org/10.1016/j.cell.2019.01.004,RBPMS,POU4F1; NEFL; NEFM; TUBB; RBPMS; SLC17A6; POU4F3; OPN4; POU4F2; THY1; SNCG
"38,1",CL:1001111,kidney loop of Henle thin descending limb epithelial cell,1,kidney,1,https://doi.org/10.1681/ASN.2020010071; https://doi.org/10.1172/jci.insight.133267; https://doi.org/10.1038/s41467-019-10861-2,SATB2,CRYAB; SATB2; CDH1; VIM; VCAM1; SLC44A5; SPP1
"38,1",CL:4030011,epithelial cell of proximal tubule segment 3,1,kidney,1,https://doi.org/10.1073/pnas.2005477117; https://doi.org/10.1038/s41586-020-2941-1; https://doi.org/10.1016/j.devcel.2019.10.005; https://doi.org/10.1038/s41467-019-10861-2; https://doi.org/10.1681/ASN.2020010071,SATB2,AQP1; SLC5A11; MOGAT1; SLC22A7; SLC17A1; SATB2
"38,3",CL:4030009,epithelial cell of proximal tubule segment 1,5,kidney,1,https://doi.org/10.1681/ASN.2020010071; https://doi.org/10.1073/pnas.2005477117; https://doi.org/10.1172/jci.insight.133267; https://doi.org/10.1038/s41586-020-2941-1; https://doi.org/10.1016/j.devcel.2019.10.005; https://doi.org/10.1038/s41467-019-10861-2,SLC34A1; SLC22A6; SLC5A12; SLC22A8; SLC5A2,PRODH; SLC34A1; SLC5A12; SLC22A8; SLC22A6; SLC5A2
"38,3",CL:4030010,epithelial cell of proximal tubule segment 2,4,kidney,1,https://doi.org/10.1681/ASN.2020010071; https://doi.org/10.1073/pnas.2005477117; https://doi.org/10.1172/jci.insight.133267; https://doi.org/10.1016/j.devcel.2019.10.005; https://doi.org/10.1038/s41467-019-10861-2,SLC13A3; SLC34A1; SLC22A6; SLC22A8,SLC5A11; SLC13A3; SLC34A1; SLC22A8; ACSM2A; SLC22A6
"38,3",CL:0002255,stromal cell of endometrium,3,placenta,1,https://doi.org/10.5966/sctm.2015-0022; https://doi.org/10.3346/jkms.2012.27.8.857; https://doi.org/10.1093/humrep/den051; https://doi.org/10.3390/cells1041061; https://doi.org/10.1186/s13287-017-0757-1; https://doi.org/10.1182/blood.V74.2.751.751; https://doi.org/10.1016/s1472-6483(10)61745-2; https://doi.org/10.1095/biolreprod51.4.739; https://doi.org/10.1095/biolreprod.108.075226; https://doi.org/10.1016/j.jcyt.2017.03.001,MME,MME; ENG; CD44; ANPEP; THY1
"38,3",CL:0000788,naive B cell,3,blood-pelvis; lymph-node,2,ISBN:9781933477060; ISBN:9781933477381; PMCID:PMC1900414; https://doi.org/10.1038/s41467-019-12464-3,MME,PTPRC; CD1C; CD40; BCL2; PAX5; IGHM; CD19; FCAMR; CD74; CR2; HLA-DRA; CD27; CD24; CD38; MS4A1; IGHD; FCER2; MME; SELL
"38,3",CL:4028004,alveolar type 1 fibroblast cell,3,lung,1,https://doi.org/10.1148/93.3.507; https://doi.org/10.1136/thx.13.2.110,PCDH15,INMT; VEGFD; LUM; PCDH15; PLIN2; DCN; COL1A2; FGFR4; TCF21; MFAP4; FBLN1; SAA1; WNT2; COL6A3; CES1
"38,3",CL:0000816,immature B cell,1,blood-pelvis,1,https://doi.org/10.3389/fimmu.2012.00302,MME,PAX5; IGHM; MME; IGHD; MS4A1; CD19
"38,3",CL:0000787,memory B cell,1,bone-marrow,1,https://doi.org/10.1002/jcla.20001,MME,MME; IGHD; IGHA1; MS4A1; CD38; CD82; CD24; IGHG1; CR2; CD19; CD27; SELL
"38,3",CL:0000182,hepatocyte,1,liver,1,https://doi.org/10.1097/00000478-200110000-00011; https://doi.org/10.1007/s00424-006-0152-8,MME,MME; ALB; CYP2D6; HNF4A; ABCB11
"38,3",CL:0000818,transitional stage B cell,1,blood-pelvis,1,https://doi.org/10.1073/pnas.172384399,MME,MME; IGHD; TCL1A; SOX4; CD24; CD27; IGLL5; CD19; CR2; CD22; BCL7A; CD38; MS4A1; CD5; FCRLA
"38,3",CL:0000826,pro-B cell,1,bone-marrow,1,https://doi.org/10.1073/pnas.172384399,MME,IL7R; RAG1; MME; DNTT; CD34; CD19; VPREB1
"38,3",PCL:0051243,MGE_242 medial ganglionic eminence derived interneuron (Hsap),1,allen-brain,1,https://doi.org/10.1101/2022.10.12.511898,MME,MME; MCUB; FBN2; SOX6; ADAMTSL1
"38,3",CL:0009112,centroblast,1,lymph-node,1,ISBN:9781933477381; https://doi.org/10.1182/blood-2012-03-415380; PMCID:PMC1900414,MME,CD38; CD19; AICDA; CD27; MKI67; LMO2; MME; IGHD; BCL2; CD74; MS4A1; CXCR4; BCL6
"38,3",CL:0000817,precursor B cell,1,bone-marrow,1,https://doi.org/10.1016/j.exphem.2018.09.004,MME,PAX5; IL7R; MME; IGHD; IGHM; CD34; CD19
"38,3",PCL:0015060,Inh L5-6 PVALB ZFPM2-AS1 primary motor cortex GABAergic interneuron (Hsap),1,allen-brain,1,https://doi.org/10.1038/s41586-021-03465-8,PCDH15,ZFPM2-AS1; SEMA6D; PCDH15
"38,3",CL:0009083,rearranging double negative thymocyte (Homo sapiens),1,thymus,1,https://doi.org/10.3389/fimmu.2019.00447.; https://doi.org/10.1016/j.immuni.2020.03.019,MME,RAG2; CD79B; PTCRA; CD7; CD5; MME; DNTT; CD3E; CD1A; BCL11B; TCF7
"38,3",PCL:0051316,LRL_315 neuron (Hsap),1,allen-brain,1,https://doi.org/10.1101/2022.10.12.511898,MME,MME; SMOC1; TENT5A
"38,3",PCL:0015028,Inh L3-5 VIP IGDCC3 primary motor cortex GABAergic interneuron (Hsap),1,allen-brain,1,https://doi.org/10.1038/s41586-021-03465-8,NOX4,NOX4; EREG
"38,3",CL:0009111,centrocyte,1,lymph-node,1,ISBN:9781933477381; https://doi.org/10.1182/blood-2012-03-415380; ISBN:9781933477060,MME,BCL2; MKI67; MME; IGHD; CD38; CR2; CD19; CD83; CD27; MS4A1; CXCR5; BCL6
"38,3",PCL:0051208,MSN_207 indirect pathway medium spiny neuron (Hsap),1,allen-brain,1,https://doi.org/10.1101/2022.10.12.511898,MME,MME; LINC01378; DRD2
"38,3",PCL:0051219,MSN_218 medium spiny neuron (Hsap),1,allen-brain,1,https://doi.org/10.1101/2022.10.12.511898,MME,RP11-142I20.2; MME; DRD3
"38,3",CL:0009081,specified double negative thymocyte (Homo sapiens),1,thymus,1,https://doi.org/10.3389/fimmu.2019.00447.; https://doi.org/10.1016/j.immuni.2020.03.019,MME,CD79B; PTCRA; CD7; CD5; CD44; MME; CD3E; CD34; BCL11B; TCF7; SPI1
"38,3",CL:0002306,epithelial cell of proximal tubule,1,kidney,1,https://doi.org/10.1681/ASN.2020010071; https://doi.org/10.1073/pnas.2005477117; https://doi.org/10.1172/jci.insight.133267; https://doi.org/10.1038/s41586-020-2941-1; https://doi.org/10.1038/s41467-019-10861-2,ALDOB,LRP2; GATM; ALDOB; CUBN; SLC13A1
"38,3",CL:0009082,committed double negative thymocyte (Homo sapiens),1,thymus,1,https://doi.org/10.3389/fimmu.2019.00447.; https://doi.org/10.1016/j.immuni.2020.03.019,MME,CD79B; PTCRA; CD7; CD5; MME; CD3E; RAG2; CD34; BCL11B; TCF7
"38,3",CL:0009069,CD8aa(II) thymocyte,1,thymus,1,https://doi.org/10.1126/science.aay3224,MME,MME; SMIM24; CTSW; HCST; CD7; ACTN1; SMC4; ZNF683; IKZF2; TRGC2
"39,0",CL:0002063,pulmonary alveolar type 2 cell,3,lung,1,https://doi.org/10.1148/93.3.507; https://doi.org/10.1136/thx.13.2.110,BMP1,FXYD3; SFTPA2; EPCAM; BMP1; CDH1; SLC39A8; HOPX; MFSD2A; LAMP3; SFTA2; ABCA3; ELF3; SFTPC; KRT1
"39,0",CL:0000940,mucosal-associated invariant T cell,1,thymus,1,https://doi.org/10.1038/ni.3565.,ZBTB16,KLRB1; IL18R1; CD8A; CD4; ZBTB16; CD27; RORC
"39,0",PCL:0051448,Thex_447 thalamic excitatory neuron (Hsap),1,allen-brain,1,https://doi.org/10.1101/2022.10.12.511898,TGFBR2,LINC01695; ST8SIA6; KCNH8; TGFBR2
"39,0",CL:0000899,T-helper 17 cell,1,thymus,1,https://doi.org/10.1084/jem.20080397; https://doi.org/10.1126/science.aay3224,ZBTB16,PLAC8; NOSIP; KLRB1; CARHSP1; ANXA1; CD4; IL7R; ZBTB16; CD40LG; SORL1
"39,0",CL:0009075,myo-medullary thymic epithelial cell,1,thymus,1,https://doi.org/10.1126/science.aay3224; https://doi.org/10.3791/50951; https://doi.org/10.1038/s41467-021-21346-6; https://doi.org/10.1080/01926230600865549,TTN,TTN; TPM2; TNNT3; EPCAM; PTPRC; NEB; MYOG; ACTA1; NNAT; CDR2; TNNI2; MYL11; KLHL41
"39,0",PCL:0015008,Inh L1 PAX6 MIR101-1 primary motor cortex GABAergic interneuron (Hsap),1,allen-brain,1,https://doi.org/10.1038/s41586-021-03465-8,TGFBR2,RELN; TGFBR2
"39,1",CL:0002063,pulmonary alveolar type 2 cell,18,lung,1,https://doi.org/10.1148/93.3.507; https://doi.org/10.1136/thx.13.2.110,BMP1; SFTPA2; SFTPC; MFSD2A; ABCA3; LAMP3,FXYD3; SFTPA2; EPCAM; BMP1; CDH1; SLC39A8; HOPX; MFSD2A; LAMP3; SFTA2; ABCA3; ELF3; SFTPC; KRT1
"39,1",CL:0002460,CD8-alpha-negative thymic conventional dendritic cell,2,thymus,1,https://doi.org/10.1172/JCI11734; https://doi.org/10.1038/cti.2015.21; https://doi.org/10.1126/science.aay3224,CTSH,MNDA; LGALS2; ITGAX; XCR1; CD1C; CD33; HLA-DQB1; THBD; ALDH2; SIRPA; ITGAM; CD4; PTPRC; CLEC10A; GSN; HLA-DQA1; CD83; JAML; CTSH
"39,1",PCL:0051196,CA4_195 hippocampal CA4 neuron (Hsap),1,allen-brain,1,https://doi.org/10.1101/2022.10.12.511898,HHIP,ITGA4; COL5A2; NPNT; HHIP
"39,1",PCL:0051434,Midi_433 midbrain-derived inhibitory neuron (Hsap),1,allen-brain,1,https://doi.org/10.1101/2022.10.12.511898,HHIP,PRSS12; OTX2-AS1; RELN; HHIP
"39,1",CL:0000750,OFF-bipolar cell,1,eye,1,https://doi.org/10.1523/JNEUROSCI.1249-13.2013; https://doi.org/10.1002/cne.10491; https://doi.org/10.1016/j.preteyeres.2020.100844,SCN1A,CALB1; CABP1; SCN1A; HCN1
"39,1",CL:0002306,epithelial cell of proximal tubule,1,kidney,1,https://doi.org/10.1681/ASN.2020010071; https://doi.org/10.1073/pnas.2005477117; https://doi.org/10.1172/jci.insight.133267; https://doi.org/10.1038/s41586-020-2941-1; https://doi.org/10.1038/s41467-019-10861-2,LRP2,LRP2; GATM; ALDOB; CUBN; SLC13A1
"39,1",CL:0000775,neutrophil,1,kidney,1,https://doi.org/10.1016/j.exphem.2016.10.008; https://doi.org/10.1172/jci.insight.133267; https://doi.org/10.1101/2021.07.28.454201; https://doi.org/10.1038/s41586-020-2941-1; https://doi.org/10.1126/science.aat5031,CSF3R,FCGR3B; CSF3R; S100A9; S100A8
"39,1",PCL:0051194,CA4_193 hippocampal CA4 neuron (Hsap),1,allen-brain,1,https://doi.org/10.1101/2022.10.12.511898,HHIP,XACT; SLC47A1; SCGN; HHIP
"39,1",CL:0000749,ON-bipolar cell,1,eye,1,https://doi.org/10.1002/cne.22756,SCN1A,PRKCA; CACNA1G; SCN1A; HCN1
"39,1",PCL:0051274,LLC_273 interneuron (Hsap),1,allen-brain,1,https://doi.org/10.1101/2022.10.12.511898,LRP2,LRP2; CHST9; RP11-563D10.1; FBN2
"39,1",PCL:0015020,Inh L1-2 VIP EXPH5 primary motor cortex GABAergic interneuron (Hsap),1,allen-brain,1,https://doi.org/10.1038/s41586-021-03465-8,SCTR,ST18; SCTR
"39,1",CL:0002138,endothelial cell of lymphatic vessel,1,thymus,1,https://doi.org/10.1080/01926230600865549; https://doi.org/10.1126/science.aay3224,TFPI,NTS; MMRN1; FABP5; NUPR1; LAPTM5; TFPI; TFF3; PROX1; CAVIN2; LYVE1; CCL21
"39,1",PCL:0051118,L5ET_117 von Economo neuron (Hsap),1,allen-brain,1,https://doi.org/10.1101/2022.10.12.511898,LRP2,RP11-622O11.6; LRP2; GABRQ
"39,1",PCL:0051119,L5ET_118 L5 extratelencephalic projecting glutamatergic cortical neuron (Hsap),1,allen-brain,1,https://doi.org/10.1101/2022.10.12.511898,LRP2,RP4-678D15.1; LRP2; CSN1S1
"39,2",CL:0000158,club cell,2,lung,1,https://doi.org/10.1148/93.3.507; https://doi.org/10.1136/thx.13.2.110,SCGB3A2,ELF3; CYP2F1; SCGB3A2; TSPAN1; CDH1; SCGB1A1; EPCAM; FXYD3
"39,2",CL:4028006,alveolar adventitial fibroblast,2,lung,1,https://doi.org/10.1148/93.3.507; https://doi.org/10.1136/thx.13.2.110,SLPI,MFAP4; MFAP5; FBLN1; SCARA5; DCN; PLA2G2A; LUM; COL1A2; COL6A3; PI16; DCLK1; CDON; SLPI
"39,2",PCL:0015017,Inh L1 SST P4HA3 primary motor cortex GABAergic interneuron (Hsap),1,allen-brain,1,https://doi.org/10.1038/s41586-021-03465-8,ARHGAP42,FOXO1; ARHGAP42; ST8SIA6
"39,2",PCL:0015048,Inh L5-6 SST PAWR primary motor cortex GABAergic interneuron (Hsap),1,allen-brain,1,https://doi.org/10.1038/s41586-021-03465-8,EPB41L4A,TRHDE; NDST4; EPB41L4A
"39,2",PCL:0051109,DLCT6b_108 glutamatergic neuron (Hsap),1,allen-brain,1,https://doi.org/10.1101/2022.10.12.511898,SEMA3E,CTB-57H20.1; RP11-369E15.3; LINC01821; ADAMTSL1; SEMA3E
"39,2",PCL:0015068,Inh L1-2 SST CLIC6 primary motor cortex GABAergic interneuron (Hsap),1,allen-brain,1,https://doi.org/10.1038/s41586-021-03465-8,ARHGAP42,NEDD4; ARHGAP42; TAC1
"39,2",PCL:0015064,Inh L2-5 PVALB RPH3AL primary motor cortex GABAergic interneuron (Hsap),1,allen-brain,1,https://doi.org/10.1038/s41586-021-03465-8,ARHGAP42,MYO5B; ARHGAP42; WIF1; POSTN
"39,2",PCL:0015078,Exc L3 LAMP5 CARM1P1 primary motor cortex glutamatergic neuron (Hsap),1,allen-brain,1,https://doi.org/10.1038/s41586-021-03465-8,EPB41L4A,SYT2; SV2C; EPB41L4A
"39,2",CL:1000351,basal cell of epithelium of respiratory bronchiole,1,lung,1,https://doi.org/10.1148/93.3.507; https://doi.org/10.1136/thx.13.2.110,SCGB3A2,ELF3; SCGB3A2; TSPAN1; CDH1; SCGB1A1; EPCAM; SOX4; KLK11; FXYD3
"39,2",PCL:0051268,LLC_267 interneuron (Hsap),1,allen-brain,1,https://doi.org/10.1101/2022.10.12.511898,MET,CHST9; MET; DDR2
"39,3",ASCTB-TEMP:cycling-b,Cycling B,3,palatine-tonsil,1,https://doi.org/10.1101/2022.06.24.497299; https://doi.org/10.1126/sciimmunol.abh3768,ANLN,CD19; KIF4A; CDCA2; MYBL1; MKI67; NUGGC; E2F8; FAM111B; NUF2; CLSPN; ANLN; GTSE1; MS4A1
"39,3",CL:0000740,retinal ganglion cell,1,eye,1,https://doi.org/10.1017/S0952523819000087; https://doi.org/10.1016/j.cell.2019.01.004,TUBB,POU4F1; NEFL; NEFM; TUBB; RBPMS; SLC17A6; POU4F3; OPN4; POU4F2; THY1; SNCG
"39,3",PCL:0051045,Oligo_44 oligodendrocyte (Hsap),1,allen-brain,1,https://doi.org/10.1101/2022.10.12.511898,ANLN,MOBP; SLC5A11; CARNS1; ANLN; TF
"39,3",CL:0009077,subcapsular thymic epithelial cell,1,thymus,1,https://doi.org/10.1016/s0065-2776(08)60900-1,PTMA,PTMA; TMSB4X
"39,3",CL:0009069,CD8aa(II) thymocyte,1,thymus,1,https://doi.org/10.1126/science.aay3224,SMC4,MME; SMIM24; CTSW; HCST; CD7; ACTN1; SMC4; ZNF683; IKZF2; TRGC2
"4,0",ASCTB-TEMP:uterine-smooth-muscle-type-ii-cell,uterine smooth muscle type II cell,72,uterus,1,https://doi.org/10.1101/2021.01.02.425073,ACTG2; MYH11,MYH11; ACTG2; ACTA2
"4,0",ASCTB-TEMP:perivascular-support-cell,perivascular support cell,18,uterus,1,https://doi.org/10.1101/2021.01.02.425073,MYH11,ACTA2; MYH11
"4,0",CL:0000442,follicular dendritic cell,5,spleen,1,PMID: 20126587; https://doi.org/10.1007/s00418-011-0799-x; https://doi.org/10.1111/imm.12469; https://doi.org/10.1038/s41467-019-09728-3,FNBP1,CR1; FCER2; PTHLH; NGFR; CXCL13; THBD; KLF6; THY1; ACTA2; MFGE8; ENG; SOX9; FNBP1; CR2; POSTN; FCGR2B; MADCAM1
"4,0",CL:4033017,bronchiolar smooth muscle cell,2,lung,1,https://doi.org/10.1148/93.3.507; https://doi.org/10.1136/thx.13.2.110,MYH11,ACTG1; COL1A2; LGR6; ACTA2; CNN1; DES; TAGLN; DCN; PLN; MYH11; MFAP4
"4,0",CL:0000540,neuron,2,spinal-cord,1,https://doi.org/10.1016/j.neuron.2023.01.007,FOXP2,GATA3; ZFHX3; RNF220; FOXP2
"4,0",PCL:0051032,Fbl_31 arachnoid barrier cell (Hsap),1,allen-brain,1,https://doi.org/10.1101/2022.10.12.511898,BNC2,PTGDR; BNC2
"4,0",PCL:0051289,CGE_288 lamp5 GABAergic cortical interneuron (Hsap),1,allen-brain,1,https://doi.org/10.1101/2022.10.12.511898,ROR2,CRH; CA2; CXCL14; ROR2
"4,0",PCL:0051229,EMSN_228 medium spiny neuron (Hsap),1,allen-brain,1,https://doi.org/10.1101/2022.10.12.511898,MEIS1,MEIS1; NPFFR2; ADAMTSL1; RP11-154H17.1; SEMA3C
"4,0",PCL:0015101,Exc L5-6 FEZF2 C9orf135-AS1 primary motor cortex glutamatergic neuron (Hsap),1,allen-brain,1,https://doi.org/10.1038/s41586-021-03465-8,FOXP2,EGFEM1P; FOXP2; SEMA5A
"4,0",CL:1000742,glomerular mesangial cell,1,kidney,1,https://doi.org/10.1681/ASN.2020010071; https://doi.org/10.1073/pnas.2005477117; https://doi.org/10.1172/jci.insight.133267; https://doi.org/10.1038/s41586-020-2941-1; https://doi.org/10.1038/s41467-019-10861-2,SYNPO2,PDGFRB; ITGA8; PIEZO2; SYNPO2; POSTN; ROBO1
"4,0",PCL:0051230,EMSN_229 medium spiny neuron (Hsap),1,allen-brain,1,https://doi.org/10.1101/2022.10.12.511898,MEIS1,PTH2R; MEIS1; ADAMTSL1; CACNG5; TSHZ1
"4,0",PCL:0051225,EMSN_224 medium spiny neuron (Hsap),1,allen-brain,1,https://doi.org/10.1101/2022.10.12.511898,FOXP2,ALK; RXFP1; FOXP2; TACR1
"4,0",CL:1001318,renal interstitial pericyte,1,kidney,1,https://doi.org/10.1073/pnas.2005477117; https://doi.org/10.1172/jci.insight.133267; https://doi.org/10.1038/s41586-020-2941-1; https://doi.org/10.1038/s41467-019-10861-2,MYH11,NTRK3; MYH11; MCAM; ADCY3; CCDC102B; ACTA2; TAGLN
"4,0",PCL:0051220,MSN_219 direct pathway medium spiny neuron (Hsap),1,allen-brain,1,https://doi.org/10.1101/2022.10.12.511898,FOXP2,ISL1; FOXP2; CXCL14
"4,0",PCL:0051372,Splat_371 neuron (Hsap),1,allen-brain,1,https://doi.org/10.1101/2022.10.12.511898,BNC2,BNC2; NPSR1; CPA6
"4,0",PCL:0051427,EMSN_426 medium spiny neuron (Hsap),1,allen-brain,1,https://doi.org/10.1101/2022.10.12.511898,MEIS1,MEIS1; RP11-537P24.1; TSHZ1
"4,0",PCL:0051288,CGE_287 lamp5 GABAergic cortical interneuron (Hsap),1,allen-brain,1,https://doi.org/10.1101/2022.10.12.511898,MYH11,MYH11; EYA4; ADAMTS20
"4,0",PCL:0051340,Splat_339 neuron (Hsap),1,allen-brain,1,https://doi.org/10.1101/2022.10.12.511898,MEIS1,MEIS1; LINC01798; SLC6A5
"4,0",PCL:0015071,Inh L5-6 PVALB MEPE primary motor cortex GABAergic interneuron (Hsap),1,allen-brain,1,https://doi.org/10.1038/s41586-021-03465-8,SVIL,MYBPC1; MEPE; SVIL
"4,1",CL:1000412,endothelial cell of arteriole,67,large-intestine,1,isBN:978-1496398949; ISBN:978-1496398949; https://doi.org/10.1007/978-1-4939-0897-4_3,CD36,PECAM1; CD36; CD34
"4,1",CL:1000414,endothelial cell of venule,65,large-intestine,1,isBN:978-1496398949; ISBN:978-1496398949; https://doi.org/10.1007/978-1-4939-0897-4_3,CD36,PECAM1; CD36; CD34
"4,1",CL:0002144,capillary endothelial cell,25,large-intestine,1,https://doi.org/10.1034/j.1600-065x.2003.00072.x; https://doi.org/10.1111/j.1440-1827.1989.tb02421.x; isBN:978-1496398949; ISBN:978-1496398949,CD36,PECAM1; CD36; CD34
"4,1",PCL:0051390,Splat_389 neuron (Hsap),2,allen-brain,1,https://doi.org/10.1101/2022.10.12.511898,FIGN; DACH1,GATA3; DACH1; FIGN
"4,1",PCL:0051382,Splat_381 neuron (Hsap),2,allen-brain,1,https://doi.org/10.1101/2022.10.12.511898,EBF2; EBF1,OTP; EBF1; EBF2
"4,1",CL:0002543,vein endothelial cell,2,large-intestine,1,ISBN:978-1496398949,CD36,PECAM1; CD36; CD34
"4,1",CL:0000840,immature conventional dendritic cell,1,bone-marrow,1,https://doi.org/10.1182/blood-2004-02-0769,CD36,AXL; KIT; PTPRC; GYPA; CD36; ENG; CD22; TFRC; SIGLEC6
"4,1",PCL:0015053,Inh L5-6 SST BEAN1 primary motor cortex GABAergic interneuron (Hsap),1,allen-brain,1,https://doi.org/10.1038/s41586-021-03465-8,SEMA5A,TRHDE; THSD7B; ADAMTSL1; SEMA5A
"4,1",PCL:0051334,Mmb_333 mammillary body neuron (Hsap),1,allen-brain,1,https://doi.org/10.1101/2022.10.12.511898,CD36,LTBP1; CD36; SIM1
"4,1",PCL:0051388,Splat_387 neuron (Hsap),1,allen-brain,1,https://doi.org/10.1101/2022.10.12.511898,EBF2,PAX5; EBF2
"4,1",CL:0000764,erythroid lineage cell,1,bone-marrow,1,https://doi.org/10.1371/journal.pone.0162209,CD36,KIT; PTPRC; GYPA; APOC1; ENG; KLF1; GATA1; CD36; MYC; TFRC; KCNH2; PRSS57; EPCAM
"4,1",PCL:0051101,DLCT6b_100 glutamatergic neuron (Hsap),1,allen-brain,1,https://doi.org/10.1101/2022.10.12.511898,SEMA5A,SULF1; LINC02232; RXFP1; SEMA5A
"4,1",PCL:0015115,Exc L5 FEZF2 RNF144A-AS1 primary motor cortex glutamatergic neuron (Hsap),1,allen-brain,1,https://doi.org/10.1038/s41586-021-03465-8,CD36,CD36
"4,1",PCL:0051342,Splat_341 neuron (Hsap),1,allen-brain,1,https://doi.org/10.1101/2022.10.12.511898,EBF2,LINC01036; EBF2; EBF3
"4,1",CL:1001318,renal interstitial pericyte,1,kidney,1,https://doi.org/10.1073/pnas.2005477117; https://doi.org/10.1172/jci.insight.133267; https://doi.org/10.1038/s41586-020-2941-1; https://doi.org/10.1038/s41467-019-10861-2,CCDC102B,NTRK3; MYH11; MCAM; ADCY3; CCDC102B; ACTA2; TAGLN
"4,1",PCL:0051207,MSN_206 medium spiny neuron (Hsap),1,allen-brain,1,https://doi.org/10.1101/2022.10.12.511898,EBF1,RP11-640F22.1; AC002066.1; GLI3; EBF1
"4,1",PCL:0015068,Inh L1-2 SST CLIC6 primary motor cortex GABAergic interneuron (Hsap),1,allen-brain,1,https://doi.org/10.1038/s41586-021-03465-8,ARHGAP42,NEDD4; ARHGAP42; TAC1
"4,1",CL:0002399,CD1c-positive myeloid dendritic cell,1,blood-pelvis,1,https://doi.org/10.1002/cyto.a.23724,CD36,NCAM1; ITGAX; IL3RA; S100A9; S100A8; CD3E; HLA-DRA; CD19; FCGR3A; CD14; CD1C; CD36; THBD; FCER1A; CD163; CLEC10A
"4,1",PCL:0015064,Inh L2-5 PVALB RPH3AL primary motor cortex GABAergic interneuron (Hsap),1,allen-brain,1,https://doi.org/10.1038/s41586-021-03465-8,ARHGAP42,MYO5B; ARHGAP42; WIF1; POSTN
"4,1",PCL:0051089,DLNP_88 near-projecting glutamatergic cortical neuron (Hsap),1,allen-brain,1,https://doi.org/10.1101/2022.10.12.511898,CD36,RP11-421N8.3; IFNG-AS1; NPSR1; CD36
"4,1",PCL:0051367,Splat_366 neuron (Hsap),1,allen-brain,1,https://doi.org/10.1101/2022.10.12.511898,DACH1,DACH1; EBF3; TCF7L2; KLHL1
"4,1",PCL:0015101,Exc L5-6 FEZF2 C9orf135-AS1 primary motor cortex glutamatergic neuron (Hsap),1,allen-brain,1,https://doi.org/10.1038/s41586-021-03465-8,SEMA5A,EGFEM1P; FOXP2; SEMA5A
"4,1",PCL:0051030,Fbl_29 fibroblast (Hsap),1,allen-brain,1,https://doi.org/10.1101/2022.10.12.511898,EBF2,EBF2; SLC2A1; BMPR1B
"4,1",PCL:0051333,Mmb_332 mammillary body neuron (Hsap),1,allen-brain,1,https://doi.org/10.1101/2022.10.12.511898,MYO1B,ONECUT2; MYO1B; FRMPD2; SIM1
"4,1",PCL:0051384,Splat_383 neuron (Hsap),1,allen-brain,1,https://doi.org/10.1101/2022.10.12.511898,EBF2,LMX1A; EBF2; PITX2
"4,1",PCL:0015114,Exc L5 FEZF2 NREP-AS1 primary motor cortex glutamatergic neuron (Hsap),1,allen-brain,1,https://doi.org/10.1038/s41586-021-03465-8,CD36,CD36; ADAMTS12
"4,1",PCL:0051369,Splat_368 neuron (Hsap),1,allen-brain,1,https://doi.org/10.1101/2022.10.12.511898,EBF1,SNHG14; EBF1; EBF3; TCF7L2
"4,1",PCL:0015085,Exc L5 THEMIS VILL primary motor cortex glutamatergic neuron (Hsap),1,allen-brain,1,https://doi.org/10.1038/s41586-021-03465-8,DACH1,TNC; DACH1
"4,1",PCL:0015017,Inh L1 SST P4HA3 primary motor cortex GABAergic interneuron (Hsap),1,allen-brain,1,https://doi.org/10.1038/s41586-021-03465-8,ARHGAP42,FOXO1; ARHGAP42; ST8SIA6
"4,1",PCL:0051371,Splat_370 neuron (Hsap),1,allen-brain,1,https://doi.org/10.1101/2022.10.12.511898,EBF2,LEF1; EBF2; EBF3; LGR5
"4,1",PCL:0051380,Splat_379 neuron (Hsap),1,allen-brain,1,https://doi.org/10.1101/2022.10.12.511898,EBF2,OTP; EBF2; SLC6A5
"4,1",CL:0002138,endothelial cell of lymphatic vessel,1,thymus,1,https://doi.org/10.1080/01926230600865549; https://doi.org/10.1126/science.aay3224,TFPI,NTS; MMRN1; FABP5; NUPR1; LAPTM5; TFPI; TFF3; PROX1; CAVIN2; LYVE1; CCL21
"4,1",CL:0001056,"dendritic cell, human",1,bone-marrow,1,https://doi.org/10.1002/cyto.a.23724,CD36,NCAM1; ITGAX; IL3RA; S100A9; S100A8; CD3E; HLA-DRA; CLEC4C; CLEC10A; CD163; CD19; FCGR3A; CD14; CD1C; CD36; FCER1A
"4,1",PCL:0051364,Splat_363 neuron (Hsap),1,allen-brain,1,https://doi.org/10.1101/2022.10.12.511898,EBF2,NR2F2-AS1; ST8SIA6; EBF2
"4,1",PCL:0051344,Splat_343 neuron (Hsap),1,allen-brain,1,https://doi.org/10.1101/2022.10.12.511898,EBF2,HOXB3; CASZ1; EBF2
"4,2",CL:0000883,thymic cortical macrophage,1,thymus,1,https://doi.org/10.1016/s0065-2776(08)60900-1,TMSB4X,STAB1; APOE; C1QC; C1QB; TMSB4X; SLC40A1; LGMN; SELENOP; MS4A7; C1QA; RNASE1
"4,2",CL:0009077,subcapsular thymic epithelial cell,1,thymus,1,https://doi.org/10.1016/s0065-2776(08)60900-1,TMSB4X,PTMA; TMSB4X
"4,3",ASCTB-TEMP:uterine-smooth-muscle-type-ii-cell,uterine smooth muscle type II cell,36,uterus,1,https://doi.org/10.1101/2021.01.02.425073,MYH11,MYH11; ACTG2; ACTA2
"4,3",ASCTB-TEMP:perivascular-support-cell,perivascular support cell,18,uterus,1,https://doi.org/10.1101/2021.01.02.425073,MYH11,ACTA2; MYH11
"4,3",CL:0000540,neuron,8,spinal-cord,1,https://doi.org/10.1016/j.neuron.2023.01.007,ZFHX3,POU6F2; RNF220; FOXP2; GATA3; ASAH2; ISL1; NR4A2; ONECUT2; LMX1B; ZFHX3; GAS1RR; CDH9; TAC1
"4,3",CL:1001318,renal interstitial pericyte,2,kidney,1,https://doi.org/10.1073/pnas.2005477117; https://doi.org/10.1172/jci.insight.133267; https://doi.org/10.1038/s41586-020-2941-1; https://doi.org/10.1038/s41467-019-10861-2,MYH11; NTRK3,NTRK3; MYH11; MCAM; ADCY3; CCDC102B; ACTA2; TAGLN
"4,3",CL:4033017,bronchiolar smooth muscle cell,2,lung,1,https://doi.org/10.1148/93.3.507; https://doi.org/10.1136/thx.13.2.110,MYH11,ACTG1; COL1A2; LGR6; ACTA2; CNN1; DES; TAGLN; DCN; PLN; MYH11; MFAP4
"4,3",PCL:0051369,Splat_368 neuron (Hsap),1,allen-brain,1,https://doi.org/10.1101/2022.10.12.511898,EBF1,SNHG14; EBF1; EBF3; TCF7L2
"4,3",PCL:0051424,Splat_423 neuron (Hsap),1,allen-brain,1,https://doi.org/10.1101/2022.10.12.511898,SOX6,PROX1; SOX6; TSHZ2
"4,3",PCL:0051207,MSN_206 medium spiny neuron (Hsap),1,allen-brain,1,https://doi.org/10.1101/2022.10.12.511898,EBF1,RP11-640F22.1; AC002066.1; GLI3; EBF1
"4,3",PCL:0015033,Inh L2-5 VIP BSPRY primary motor cortex GABAergic interneuron (Hsap),1,allen-brain,1,https://doi.org/10.1038/s41586-021-03465-8,PDE3A,PDE3A; ST18
"4,3",PCL:0051152,DLIT_151 intratelencephalic-projecting glutamatergic cortical neuron (Hsap),1,allen-brain,1,https://doi.org/10.1101/2022.10.12.511898,ATP10A,RP11-81F8.1; ATP10A
"4,3",PCL:0051366,Splat_365 neuron (Hsap),1,allen-brain,1,https://doi.org/10.1101/2022.10.12.511898,ZFHX3,MEIS2; GNAS; HTR2C; ZFHX3; CNTN1; CALM1
"4,3",PCL:0051243,MGE_242 medial ganglionic eminence derived interneuron (Hsap),1,allen-brain,1,https://doi.org/10.1101/2022.10.12.511898,SOX6,MME; MCUB; FBN2; SOX6; ADAMTSL1
"4,3",PCL:0051382,Splat_381 neuron (Hsap),1,allen-brain,1,https://doi.org/10.1101/2022.10.12.511898,EBF1,OTP; EBF1; EBF2
"4,3",PCL:0051425,Splat_424 neuron (Hsap),1,allen-brain,1,https://doi.org/10.1101/2022.10.12.511898,ZBTB7C,ZBTB7C; CYP19A1; LHX6; NR2F2
"4,3",PCL:0051193,CA4_192 hippocampal CA4 neuron (Hsap),1,allen-brain,1,https://doi.org/10.1101/2022.10.12.511898,ATP10A,ITGA4; CASR; ATP10A
"4,3",PCL:0051412,Splat_411 neuron (Hsap),1,allen-brain,1,https://doi.org/10.1101/2022.10.12.511898,PDE3A,PDE3A; PPP1R17; RORB
"4,3",PCL:0051242,MGE_241 sst GABAergic cortical interneuron (Hsap),1,allen-brain,1,https://doi.org/10.1101/2022.10.12.511898,SOX6,RP11-656G20.1; ANKRD30B; SOX6; BMP6
"4,3",PCL:0051250,MGE_249 sst GABAergic cortical interneuron (Hsap),1,allen-brain,1,https://doi.org/10.1101/2022.10.12.511898,SOX6,RSPO3; TRPC7; SOX6; SST; SEMA3A
"4,3",PCL:0051117,Misc_116 cerebral cortex neuron (Hsap),1,allen-brain,1,https://doi.org/10.1101/2022.10.12.511898,ATP10A,FAM160A1; PCSK6; ERG; ATP10A
"4,3",CL:1000742,glomerular mesangial cell,1,kidney,1,https://doi.org/10.1681/ASN.2020010071; https://doi.org/10.1073/pnas.2005477117; https://doi.org/10.1172/jci.insight.133267; https://doi.org/10.1038/s41586-020-2941-1; https://doi.org/10.1038/s41467-019-10861-2,ITGA8,PDGFRB; ITGA8; PIEZO2; SYNPO2; POSTN; ROBO1
"4,3",PCL:0051359,Splat_358 neuron (Hsap),1,allen-brain,1,https://doi.org/10.1101/2022.10.12.511898,ZFHX3,GRIK1; GATA3; ZFHX3; TAFA1; TFAP2B
"4,3",PCL:0051377,Splat_376 neuron (Hsap),1,allen-brain,1,https://doi.org/10.1101/2022.10.12.511898,ZFHX3,RP11-491F9.1; ZFHX3
"4,3",PCL:0051288,CGE_287 lamp5 GABAergic cortical interneuron (Hsap),1,allen-brain,1,https://doi.org/10.1101/2022.10.12.511898,MYH11,MYH11; EYA4; ADAMTS20
"4,3",PCL:0051190,CA13_189 hippocampal CA1-3 neuron (Hsap),1,allen-brain,1,https://doi.org/10.1101/2022.10.12.511898,ATP10A,CTXND1; CCN1; ATP10A
"4,3",PCL:0015097,Exc L5-6 THEMIS SMYD1 primary motor cortex glutamatergic neuron (Hsap),1,allen-brain,1,https://doi.org/10.1038/s41586-021-03465-8,ATP10A,ATP10A; TRPC5
"5,0",CL:0009018,lymphocyte of large intestine lamina propria,33,large-intestine,1,https://doi.org/10.1007/978-1-4939-0897-4_3; https://doi.org/10.1016/j.immuni.2020.02.001,NCAM1,NCAM1; KLRK1; ITGAX; B3GAT1; CD7
"5,0",CL:0002573,Schwann cell,24,large-intestine,1,https://doi.org/10.1034/j.1600-065x.2003.00072.x; PMCID:PMC1256735; https://doi.org/10.1111/j.1440-1827.1989.tb02421.x; isBN:978-1496398949; ISBN:978-1496398949,NCAM1,BID; NCAM1; CD274; UCHL1
"5,0",ASCTB-TEMP:lymphocyte,lymphocyte,18,uterus,1,https://doi.org/10.1101/2021.01.02.425073,NCAM1,PTPRC; NCAM1
"5,0",ASCTB-TEMP:uterine-natural-killer-cell,uterine natural killer cell,18,uterus,1,https://doi.org/10.1101/2021.01.02.425073,NCAM1,CCL5; NCAM1; HMGB2; CD69
"5,0",CL:0002138,endothelial cell of lymphatic vessel,13,large-intestine,1,https://doi.org/10.1007/978-1-4939-0897-4_3,NCAM1,NCAM1; CD274; UCHL1
"5,0",CL:0000623,natural killer cell,11,liver; fallopian-tube; lymph-node; skin; spleen,5,https://doi.org/10.4049/jimmunol.172.3.1455; https://doi.org/10.1186/s13059-019-1906-x; https://doi.org/10.1016/s1471-4906(01)02060-9; https://doi.org/10.1038/nri.2016.34; https://doi.org/10.3389/fimmu.2019.01502; ISBN:9781933477060; https://doi.org/10.1016/j.celrep.2021.108978,NCAM1,NCR1+; PRF1; NCR3; KIT; IL7R; ID2; CD3D; GEM; KLRC1; TBX21; CXCR6; CD69; CD3E; EOMES; CD160; NCAM1; CD40LG; CD3G; ITGA1; KLRD1; KLRK1; FCGR3A
"5,0",CL:0002343,"decidual natural killer cell, human",3,placenta,1,PMID:1697563,NCAM1,NCAM1
"5,0",CL:0002399,CD1c-positive myeloid dendritic cell,2,blood-pelvis,1,https://doi.org/10.1002/cyto.a.23724; https://doi.org/10.1016/j.immuni.2017.04.019,NCAM1,CD36; S100A9; ITGAX; IL3RA; NCAM1; CD19; FCGR2B; FCGR3A; CD14; CD1C; S100A8; CD3E; HLA-DPB1; HLA-DRA; CD163; CLEC10A; HLA-DQA2; THBD; FCER1A
"5,0",CL:0001058,"plasmacytoid dendritic cell, human",2,blood-pelvis; bone-marrow,2,https://doi.org/10.1111/bjh.14467,NCAM1,CLEC4C; CD14; CD19; IL3RA; CD3E; HLA-DRA; FCGR3A; GZMB; SIGLEC6; JCHAIN; SERPINF1; ITGAX; AXL; NCAM1
"5,0",CL:0000990,conventional dendritic cell,2,bone-marrow,1,https://doi.org/10.3109/10428194.2013.781167; https://doi.org/10.1016/j.immuni.2017.04.019,NCAM1,CADM1; NCAM1; ITGAX; CD19; FCGR2B; FCGR3A; IL3RA; CD14; CD1C; CD3E; HLA-DPB1; HLA-DRA; CLEC10A; XCR1; HLA-DQA2; CLEC9A; THBD; FCER1A
"5,0",PCL:0051129,ULIT_128 intratelencephalic-projecting glutamatergic cortical neuron (Hsap),1,allen-brain,1,https://doi.org/10.1101/2022.10.12.511898,LAMA2,RP11-387P12.1; LAMA2; LINC02055; COL5A2
"5,0",PCL:0015082,Exc L3 THEMIS ENPEP primary motor cortex glutamatergic neuron (Hsap),1,allen-brain,1,https://doi.org/10.1038/s41586-021-03465-8,LAMA2,LAMA2; FAP
"5,0",CL:0001071,group 3 innate lymphoid cell,1,skin,1,https://doi.org/10.1126/science.aaa6566; https://doi.org/10.1038/ncomms11394,NCAM1,NCAM1; CD3D; RORC
"5,0",CL:0001069,group 2 innate lymphoid cell,1,skin,1,https://doi.org/10.1126/science.aaa6566,NCAM1,NCAM1; GATA3; CD3D
"5,0",CL:0000936,early lymphoid progenitor,1,bone-marrow,1,https://doi.org/10.1038/ni.1889,NCAM1,NCAM1; PTPRC; IL2RG; SOX4; SYK; CD2; CD14; CD34; GYPA; CD19; BCL11A; FCGR3A; JCHAIN; CD38; CD3E
"5,0",CL:0011103,sympathetic neuron,1,lymph-node,1,https://doi.org/10.1046/j.1469-7580.1999.19410143.x,NCAM1,NCAM1; UCHL1
"5,0",CL:0001056,"dendritic cell, human",1,bone-marrow,1,https://doi.org/10.1002/cyto.a.23724,NCAM1,NCAM1; ITGAX; IL3RA; S100A9; S100A8; CD3E; HLA-DRA; CLEC4C; CLEC10A; CD163; CD19; FCGR3A; CD14; CD1C; CD36; FCER1A
"5,0",CL:0000050,megakaryocyte-erythroid progenitor cell,1,bone-marrow,1,https://doi.org/10.1038/ni.1889,NCAM1,PTPRC; NCAM1; IL3RA; SPINK2; CTNNBL1; CD3E; PRSS57; FLT3; CD14; IL1B; CD38; TESPA1; FCGR3A; GATA1; CD34; GATA2
"5,0",CL:0000557,granulocyte monocyte progenitor cell,1,bone-marrow,1,https://doi.org/10.1038/ni.1889,NCAM1,NCAM1; MPO; PTPRC; AZU1; FLT3; CD3E; CD38; CD34; CD14; CALR; IL3RA; FCGR3A; CLEC11A
"5,0",ASCTB-TEMP:tbet-low-liver-nk-cell,TBet low Liver NK cell,1,liver,1,https://doi.org/10.3389/fimmu.2019.01502,NCAM1,ITGAE; EOMES; ITGA1; CD69; CXCR6; NCAM1; TBX21
"5,0",CL:0000818,transitional stage B cell,1,bone-marrow,1,https://doi.org/10.1073/pnas.172384399,NCAM1,NCAM1; IL3RA; BCL7A; ITGAX; TCL1A; SOX4; HLA-DRA; CD24; CD19; FCGR3A; CD14; CD1C; CD3E; FCRLA; THBD; IGLL5; CLEC9A
"5,0",PCL:0051391,Splat_390 neuron (Hsap),1,allen-brain,1,https://doi.org/10.1101/2022.10.12.511898,NRXN3,POU6F2; SNHG14; NRXN3; ZIC1
"5,0",CL:0000049,common myeloid progenitor,1,bone-marrow,1,https://doi.org/10.1038/ni.1889,NCAM1,PTPRC; CD38; CD14; CD3E; FLT3; CYTL1; SERPINB1; FCGR3A; HPGD; IL3RA; CD34; GATA2; MEST; NCAM1
"5,0",CL:4030022,renal medullary fibroblast,1,kidney,1,https://doi.org/10.1101/2021.07.28.454201,NCAM1,NCAM1; TNC; KCNK2; CLMP; DCN; SYT1
"5,0",ASCTB-TEMP:eomes-low-liver-nk-cell,Eomes low Liver NK cell,1,liver,1,https://doi.org/10.1172/jci.insight.90063,NCAM1,ITGAE; EOMES; ITGA1; CD69; CXCR6; NCAM1; TBX21
"5,0",PCL:0051052,Bgl_51 Bergmann glial cell (Hsap),1,allen-brain,1,https://doi.org/10.1101/2022.10.12.511898,LAMA2,LAMA2; LINC01727
"5,0",CL:0002394,CD141-positive myeloid dendritic cell,1,blood-pelvis,1,https://doi.org/10.3109/10428194.2013.781167,NCAM1,NCAM1; ITGAX; CLEC9A; HLA-DRA; CD3E; CD14; CD1C; XCR1; IL3RA; FCGR3A; CD19; CADM1; THBD
"5,0",CL:0001078,"group 3 innate lymphoid cell, human",1,spleen,1,https://doi.org/10.1038/ni.2830; https://doi.org/10.1186/s13059-019-1906-x,NCAM1,NCAM1; KLRB1; KIT; IL7R; ID2; AHR; NCR2; CD96; RORC
"5,0",PCL:0051390,Splat_389 neuron (Hsap),1,allen-brain,1,https://doi.org/10.1101/2022.10.12.511898,FIGN,GATA3; DACH1; FIGN
"5,0",CL:0001067,group 1 innate lymphoid cell,1,skin,1,https://doi.org/10.1126/science.aaa6566,NCAM1,CD3D; NCAM1; TBX21
"5,0",PCL:0015017,Inh L1 SST P4HA3 primary motor cortex GABAergic interneuron (Hsap),1,allen-brain,1,https://doi.org/10.1038/s41586-021-03465-8,FOXO1,FOXO1; ARHGAP42; ST8SIA6
"5,0",CL:0000840,immature conventional dendritic cell,1,blood-pelvis,1,https://doi.org/10.1182/blood-2004-02-0769,NCAM1,AXL; NCAM1; ITGAX; HLA-DRA; CD3E; CD22; IL3RA; FCGR3A; CD19; CD14; SIGLEC6
"5,0",PCL:0051028,Fbl_27 fibroblast (Hsap),1,allen-brain,1,https://doi.org/10.1101/2022.10.12.511898,ABCA8,LINC02147; ABCA8; FMO2
"5,1",CL:0000540,neuron,2,spinal-cord,1,https://doi.org/10.1016/j.neuron.2023.01.007,RELN,IRAK1; RELN; PDE11A; NMUR2
"5,1",PCL:0015015,Inh L1 LAMP5 NMBR primary motor cortex GABAergic interneuron (Hsap),1,allen-brain,1,https://doi.org/10.1038/s41586-021-03465-8,RELN,RELN; PCDH18
"5,1",PCL:0051299,CBI_298 cerebellar inhibitory GABAergic interneuron (Hsap),1,allen-brain,1,https://doi.org/10.1101/2022.10.12.511898,RELN,RELN; VCAN; SLC6A5
"5,1",PCL:0015001,Inh L1 LAMP5 PVRL2 primary motor cortex GABAergic interneuron (Hsap),1,allen-brain,1,https://doi.org/10.1038/s41586-021-03465-8,RELN,RELN; HS3ST5; CBLN4; TRPC3
"5,1",PCL:0051311,URL_310 cerebellar granule cell (Hsap),1,allen-brain,1,https://doi.org/10.1101/2022.10.12.511898,RELN,RP11-97F8.2; RP11-81F8.1; RP11-649A16.1; RELN
"5,1",PCL:0015008,Inh L1 PAX6 MIR101-1 primary motor cortex GABAergic interneuron (Hsap),1,allen-brain,1,https://doi.org/10.1038/s41586-021-03465-8,RELN,RELN; TGFBR2
"5,1",PCL:0051052,Bgl_51 Bergmann glial cell (Hsap),1,allen-brain,1,https://doi.org/10.1101/2022.10.12.511898,LAMA2,LAMA2; LINC01727
"5,1",PCL:0051252,MGE_251 medial ganglionic eminence derived interneuron (Hsap),1,allen-brain,1,https://doi.org/10.1101/2022.10.12.511898,RELN,RP11-387P12.1; RELN; ADGRG6; SST
"5,1",PCL:0051391,Splat_390 neuron (Hsap),1,allen-brain,1,https://doi.org/10.1101/2022.10.12.511898,NRXN3,POU6F2; SNHG14; NRXN3; ZIC1
"5,1",PCL:0015082,Exc L3 THEMIS ENPEP primary motor cortex glutamatergic neuron (Hsap),1,allen-brain,1,https://doi.org/10.1038/s41586-021-03465-8,LAMA2,LAMA2; FAP
"5,1",PCL:0015007,Inh L3-6 PAX6 LINC01497 primary motor cortex GABAergic interneuron (Hsap),1,allen-brain,1,https://doi.org/10.1038/s41586-021-03465-8,RELN,RELN; PALMD
"5,1",PCL:0051434,Midi_433 midbrain-derived inhibitory neuron (Hsap),1,allen-brain,1,https://doi.org/10.1101/2022.10.12.511898,RELN,PRSS12; OTX2-AS1; RELN; HHIP
"5,1",PCL:0015046,Inh L3-5 SST GGTLC3 primary motor cortex GABAergic interneuron (Hsap),1,allen-brain,1,https://doi.org/10.1038/s41586-021-03465-8,RELN,RELN; EYS
"5,1",PCL:0051390,Splat_389 neuron (Hsap),1,allen-brain,1,https://doi.org/10.1101/2022.10.12.511898,FIGN,GATA3; DACH1; FIGN
"5,1",PCL:0051409,Amex_408 amygdala excitatory neuron (Hsap),1,allen-brain,1,https://doi.org/10.1101/2022.10.12.511898,RELN,RELN; EOMES; HPSE2
"5,1",PCL:0051129,ULIT_128 intratelencephalic-projecting glutamatergic cortical neuron (Hsap),1,allen-brain,1,https://doi.org/10.1101/2022.10.12.511898,LAMA2,RP11-387P12.1; LAMA2; LINC02055; COL5A2
"5,2",CL:0019032,intestinal tuft cell,11,large-intestine,1,https://doi.org/10.1038/s41598-019-53997-3; https://doi.org/10.1038/s42003-020-01181-z; https://doi.org/10.4049/jimmunol.1801069,DCLK1,KRT20; POU2F3; TRPM5; PTGS1; DCLK1
"5,2",CL:4028006,alveolar adventitial fibroblast,3,lung,1,https://doi.org/10.1148/93.3.507; https://doi.org/10.1136/thx.13.2.110,DCLK1,MFAP4; MFAP5; FBLN1; SCARA5; DCN; PI16; COL6A3; PLA2G2A; LUM; COL1A2; SLPI; DCLK1; CDON
"5,2",CL:4028004,alveolar type 1 fibroblast cell,3,lung,1,https://doi.org/10.1148/93.3.507; https://doi.org/10.1136/thx.13.2.110,PCDH15,INMT; VEGFD; LUM; PCDH15; PLIN2; DCN; COL1A2; FGFR4; TCF21; MFAP4; FBLN1; SAA1; WNT2; COL6A3; CES1
"5,2",CL:0002436,mature CD4 single-positive thymocyte,2,thymus,1,https://doi.org/10.1172/JCI7558.; https://doi.org/10.1126/science.aay3224; https://doi.org/10.3389/fimmu.2019.00447; https://doi.org/10.1038/s41467-021-21346-6,CAMK4,CD8A; CD3E; CD38; GIMAP7; ADD3; ID2; CD27; DENND2D; ABLIM1; ARMH1; PTPRC; CD69; RPL17; SELL; CAMK4; CD1A; CD4
"5,2",PCL:0015062,Inh L5 PVALB LRIG3 primary motor cortex GABAergic interneuron (Hsap),1,allen-brain,1,https://doi.org/10.1038/s41586-021-03465-8,GPC5,GPC5; CDH6; PLCE1
"5,2",CL:4030022,renal medullary fibroblast,1,kidney,1,https://doi.org/10.1101/2021.07.28.454201,SYT1,NCAM1; TNC; KCNK2; CLMP; DCN; SYT1
"5,2",CL:4030020,kidney connecting tubule alpha-intercalated cell,1,kidney,1,https://doi.org/10.1681/ASN.2020010071; https://doi.org/10.1038/s41467-019-10861-2,SLC8A1,NXPH2; AQP6; SLC26A7; SLC8A1; SLC4A1
"5,2",PCL:0015026,Inh L2 VIP SLC6A16 primary motor cortex GABAergic interneuron (Hsap),1,allen-brain,1,https://doi.org/10.1038/s41586-021-03465-8,KCNT2,KCNT2
"5,2",CL:4030019,kidney connecting tubule intercalated cell,1,kidney,1,https://doi.org/10.1038/s41586-020-2941-1; https://doi.org/10.1038/s41467-019-10861-2; https://doi.org/10.1681/ASN.2020010071,SLC8A1,SLC8A1; ATP6V0D2; CA2
"5,2",PCL:0015060,Inh L5-6 PVALB ZFPM2-AS1 primary motor cortex GABAergic interneuron (Hsap),1,allen-brain,1,https://doi.org/10.1038/s41586-021-03465-8,PCDH15,ZFPM2-AS1; SEMA6D; PCDH15
"5,2",PCL:0015069,Inh L5-6 PVALB GAPDHP60 primary motor cortex GABAergic interneuron (Hsap),1,allen-brain,1,https://doi.org/10.1038/s41586-021-03465-8,GPC5,MYBPC1; GPC5; SEMA3C
"5,2",CL:4030017,epithelial cell of late distal convoluted tubule,1,kidney,1,https://doi.org/10.1681/ASN.2020010071; https://doi.org/10.1038/s41467-019-10861-2,SLC8A1,HSD11B2; TRPV5; CALB1; SLC8A1; SLC12A3; SCNN1G
"5,2",CL:0009074,medullary thymic epithelial cell type 4,1,thymus,1,https://doi.org/10.3791/50951; https://doi.org/10.1038/s41586-018-0345-2; https://doi.org/10.1080/01926230600865549; https://doi.org/10.1126/science.aay3224,DCLK1,PTPRC; IRAG2; KRT8; FOXI1; DCLK1; KRT18; ANXA4; RASSF6; ANXA1; CDR2; EPCAM; HEPACAM2; BMX
"5,2",PCL:0015059,Inh L5-6 PVALB KCNIP2 primary motor cortex GABAergic interneuron (Hsap),1,allen-brain,1,https://doi.org/10.1038/s41586-021-03465-8,GPC5,NPFFR2; GPC5; VAV3
"5,2",PCL:0051057,Astro_56 astrocyte (Hsap),1,allen-brain,1,https://doi.org/10.1101/2022.10.12.511898,GPC5,GPC5; OBI1-AS1; TNC
"5,2",CL:1000768,kidney connecting tubule epithelial cell,1,kidney,1,https://doi.org/10.1681/ASN.2020010071; https://doi.org/10.1038/s41467-019-10861-2,SLC8A1,HSD11B2; GATA3; TRPV5; CALB1; SLC8A1; SCNN1G; CDH1; SCN2A
"5,3",CL:0000576,monocyte,2,thymus,1,https://doi.org/10.1126/science.aay3224,S100A6; S100A4,CTSS; VCAN; LYZ; CD52; S100A9; S100A8; FCN1; S100A6; S100A4; S100A12
"5,3",CL:0009105,T cell zone reticular cell,2,lymph-node,1,https://doi.org/10.3389/fimmu.2011.00035; https://doi.org/10.1016/j.jcyt.2017.01.010; https://doi.org/10.1016/j.ajpath.2010.12.039,VIM,PECAM1; IL7; PDPN; DES; ACTA2; VIM; CCL21; CCL19
"5,3",CL:0002460,CD8-alpha-negative thymic conventional dendritic cell,2,thymus,1,https://doi.org/10.1172/JCI11734; https://doi.org/10.1038/cti.2015.21; https://doi.org/10.1126/science.aay3224,GSN,MNDA; LGALS2; ITGAX; XCR1; CD1C; CD33; HLA-DQB1; THBD; ALDH2; SIRPA; ITGAM; CD4; PTPRC; CLEC10A; GSN; HLA-DQA1; CD83; JAML; CTSH
"5,3",CL:1000489,reticular cell of splenic cord,2,spleen,1,https://doi.org/10.55418/9781933477060.; https://doi.org/10.1111/imm.12469; https://doi.org/10.1038/s41467-019-09728-3,CLU,MADCAM1; NGFR; IL7; ENPP2; CCL19; CCL21; BST1; DSC2; THBD; ACTA2; THY1; C3; CLU; CD74; CR2; DCN; ENG
"5,3",CL:1001111,kidney loop of Henle thin descending limb epithelial cell,2,kidney,1,https://doi.org/10.1681/ASN.2020010071; https://doi.org/10.1172/jci.insight.133267; https://doi.org/10.1038/s41467-019-10861-2,CRYAB; VIM,CRYAB; SATB2; CDH1; VIM; VCAM1; SLC44A5; SPP1
"5,3",CL:0000186,myofibroblast cell,2,lymph-node,1,PMCID:PMC1899700; https://www.pathologyoutlines.com/topic/lymphnodesanatomy.html; https://doi.org/10.1002/ar.1091830404; https://fblt.cz/en/skripta/v-krev-a-organy-imunitniho-systemu/6-thymus-mizni-uzliny-a-difuzni-imunitni-system/,VIM,DES; COL1A1; ELN; COL3A1; ACTA2; VIM
"5,3",CL:0002620,skin fibroblast,2,skin,1,https://doi.org/10.1111/j.1365-2133.1989.tb15509.x; https://doi.org/10.1097/00000372-199606000-00008; https://doi.org/10.1074/jbc.M701586200,VIM,F3; CD34; VIM
"5,3",CL:0009072,medullary thymic epithelial cell type 2,1,thymus,1,https://doi.org/10.3791/50951; https://doi.org/10.1038/s41467-021-21346-6; https://doi.org/10.1080/01926230600865549; https://doi.org/10.1126/science.aay3224,VIM,TYW3; CDR2; HLA-DQA1; KRT17; AIRE; NTHL1; PTPRC; KRT5; CCL19; VIM; EPCAM; SNCG; CSTA; FGF17; CALML3
"5,3",PCL:0051190,CA13_189 hippocampal CA1-3 neuron (Hsap),1,allen-brain,1,https://doi.org/10.1101/2022.10.12.511898,CCN1,CTXND1; CCN1; ATP10A
"5,3",PCL:0051050,Oligo_49 oligodendrocyte (Hsap),1,allen-brain,1,https://doi.org/10.1101/2022.10.12.511898,CRYAB,CARNS1; CRYAB; AC084149.2; SLC5A11; TF
"5,3",CL:0009103,lymph node marginal reticular cell,1,lymph-node,1,https://doi.org/10.3389/fimmu.2011.00035; https://doi.org/10.1016/j.jcyt.2017.01.010; https://doi.org/10.1016/j.ajpath.2010.12.039,VIM,PDPN; ENPP2; DES; ACTA2; VIM; TNFSF11; PECAM1; CXCL13
"5,3",CL:0009070,corticomedullary thymic epithelial cell,1,thymus,1,https://doi.org/10.1038/s41467-021-21346-6; https://doi.org/10.1126/science.aay3224,CCN1,KRT5; CTSV; HCFC1R1; PLTP; P3H2; TFPI2; CCN1; CRIPTO; CCL25; CCL2
"5,3",CL:0009106,medullary reticular cell,1,lymph-node,1,https://doi.org/10.3389/fimmu.2011.00035.; https://doi.org/10.1016/j.jcyt.2017.01.010; https://doi.org/10.1016/j.ajpath.2010.12.039,VIM,PECAM1; PDPN; DES; ACTA2; VIM; TNFSF11; CXCL12
"5,3",CL:0009104,B cell zone reticular cell,1,lymph-node,1,ISBN:9781933477381; https://doi.org/10.1080/01926230600867727,VIM,PECAM1; PDPN; DES; ACTA2; VIM; TNFSF11; CXCL12
"5,3",CL:1000692,kidney interstitial fibroblast,1,kidney,1,https://doi.org/10.1172/jci.insight.133267; https://doi.org/10.1038/s41467-019-10861-2,VIM,LUM; COL1A2; COL1A1; DCN; ZEB2; C7; VIM
"5,3",CL:4030012,kidney loop of Henle short descending thin limb epithelial cell,1,kidney,1,https://doi.org/10.1681/ASN.2020010071; https://doi.org/10.1152/ajprenal.2000.278.1.F52; https://doi.org/10.1172/jci.insight.133267; https://doi.org/10.1038/s41467-019-10861-2,CRYAB,ID1; CRYAB; SATB2; JAG1; TACSTD2; SPP1; CPE; SLC14A2
"5,3",PCL:0051064,Astro_63 astrocyte (Hsap),1,allen-brain,1,https://doi.org/10.1101/2022.10.12.511898,CRYAB,GFAP; CRYAB
"5,3",CL:0009071,medullary thymic epithelial cell type 1,1,thymus,1,https://doi.org/10.3791/50951; https://doi.org/10.1038/s41467-021-21346-6; https://doi.org/10.1126/science.aay3224,CLU,PTPRC; SAA1; EPCAM; KRT5; CCL19; CH25H; CLU; FN1; CDR2; KRT14; KRT19; KRT15; PTGDS; ASCL1
"5,3",CL:0009108,lymphatic endothelial cell of subcapsular sinus floor,1,lymph-node,1,https://doi.org/10.1016/j.immuni.2019.06.027; https://doi.org/10.3389/fcvm.2020.00052,CD9,NT5E; MFAP4; MARCO; LYZ; ICAM1; PECAM1; CXCL1; PTPRC; ACKR4; CD9; CXCL5; THY1; PROX1; PDPN; CCL20; TNFRSF9; LYVE1; CD274; ACKR1; CLDN11; CAV1
"5,3",ASCTB-TEMP:interdigitating-dendritic-cells,Interdigitating Dendritic Cells,1,spleen,1,https://doi.org/10.1309/M95G-7DQ2-TLQL-7Q11,VIM,CD68; CD1A; VIM; S100B
"5,3",CL:4030014,kidney loop of Henle long descending thin limb inner medulla epithelial cell,1,kidney,1,https://doi.org/10.1681/ASN.2020010071; https://doi.org/10.1152/ajprenal.2000.278.2.F202; https://doi.org/10.1152/ajprenal.2000.278.1.F52; https://doi.org/10.1101/2021.07.28.454201; https://doi.org/10.1016/j.devcel.2019.10.005; https://doi.org/10.1038/s41467-019-10861-2,CRYAB,SH3GL3; CRYAB; CLDN1; SLC4A11; TACSTD2; CPE; SLC14A2
"5,3",CL:0000636,Mueller cell,1,eye,1,https://doi.org/10.1155/2007/39245; https://doi.org/10.1016/j.ophtha.2017.09.016,CLU,GFAP; CRYM; CLU; CRABP1; SLC1A3; GLUL; DKK3; APOE; RLBP1
"5,3",CL:1000452,parietal epithelial cell,1,kidney,1,https://doi.org/10.1172/jci.insight.133267; https://doi.org/10.1038/s41467-019-10861-2,VIM,CFH; CRB2; ALDH1A2; VIM; VCAM1
"5,3",CL:4030013,kidney loop of Henle long descending thin limb outer medulla epithelial cell,1,kidney,1,https://doi.org/10.1681/ASN.2020010071; https://doi.org/10.1152/ajprenal.2000.278.1.F52; https://doi.org/10.1101/2021.07.28.454201; https://doi.org/10.1016/j.devcel.2019.10.005; https://doi.org/10.1038/s41467-019-10861-2,CRYAB,CRYAB; SLC39A8; AQP1; SLC4A11; TACSTD2; SLC9A3
"5,3",CL:0011004,lens fiber cell,1,eye,1,https://doi.org/10.1167/iovs.15-18117,VIM,AQP0 residues 1-263 +fatty acyl; VIM
"5,3",CL:0001078,"group 3 innate lymphoid cell, human",1,thymus,1,https://doi.org/10.3389/fimmu.2017.01047; https://doi.org/10.1126/science.aay3224,S100A4,KLRB1; IL7R; JAML; CD52; KRT86; KIT; LST1; TMIGD2; LTB; TRDC; NCR2; S100A4
"5,3",CL:0000888,lymph node tingible body macrophage,1,lymph-node,1,https://doi.org/10.1111/cas.13137,SPARC,ITGAX; CD68; CD4; HLA-DRA; ITGAM; CD14; SPARC; SIGLEC1
"5,3",CL:1001107,kidney loop of Henle thin ascending limb epithelial cell,1,kidney,1,https://doi.org/10.1016/j.devcel.2019.10.005; https://doi.org/10.1038/s41467-019-10861-2,CRYAB,CLCNKA; CLDN3; CDH1; PROX1; TACSTD2; CRYAB; SH3GL3
"5,3",CL:0002677,naive regulatory T cell,1,thymus,1,https://doi.org/10.3389/fimmu.2019.00447; https://doi.org/10.1038/nature03886; https://doi.org/10.1126/science.aay3224,S100A4,PMAIP1; PIM2; BATF; FOXP3; TIGIT; GBP2; CARD16; IL32; CD4; IKZF2; CTLA4; S100A4
"5,4",CL:0000749,ON-bipolar cell,2,eye,1,https://doi.org/10.1002/cne.22756; https://doi.org/10.1002/cne.10491,PRKCA,CACNA1G; SCN1A; HCN1; PRKCA
"5,4",PCL:0015033,Inh L2-5 VIP BSPRY primary motor cortex GABAergic interneuron (Hsap),1,allen-brain,1,https://doi.org/10.1038/s41586-021-03465-8,PDE3A,PDE3A; ST18
"5,4",PCL:0015062,Inh L5 PVALB LRIG3 primary motor cortex GABAergic interneuron (Hsap),1,allen-brain,1,https://doi.org/10.1038/s41586-021-03465-8,PLCE1,GPC5; CDH6; PLCE1
"5,4",PCL:0051028,Fbl_27 fibroblast (Hsap),1,allen-brain,1,https://doi.org/10.1101/2022.10.12.511898,ABCA8,LINC02147; ABCA8; FMO2
"5,4",PCL:0015066,Inh L1-2 PVALB CDK20 primary motor cortex GABAergic interneuron (Hsap),1,allen-brain,1,https://doi.org/10.1038/s41586-021-03465-8,SYT10,TMEM132C; SYT10; ADAMTS12
"5,4",PCL:0051437,Midi_436 midbrain-derived inhibitory neuron (Hsap),1,allen-brain,1,https://doi.org/10.1101/2022.10.12.511898,HMCN1,OTX2-AS1; HMCN1; BMPR1B
"5,4",PCL:0051412,Splat_411 neuron (Hsap),1,allen-brain,1,https://doi.org/10.1101/2022.10.12.511898,PDE3A,PDE3A; PPP1R17; RORB
"5,4",PCL:0051391,Splat_390 neuron (Hsap),1,allen-brain,1,https://doi.org/10.1101/2022.10.12.511898,NRXN3,POU6F2; SNHG14; NRXN3; ZIC1
"5,4",PCL:0015018,Inh L1 SST DEFB108B primary motor cortex GABAergic interneuron (Hsap),1,allen-brain,1,https://doi.org/10.1038/s41586-021-03465-8,SYT10,NDST4; SYT10
"5,4",PCL:0051016,VendC_15 capillary endothelial cell (Hsap),1,allen-brain,1,https://doi.org/10.1101/2022.10.12.511898,HMCN1,ABCG2; MECOM; HMCN1
"5,4",CL:0000748,retinal bipolar neuron,1,eye,1,https://doi.org/10.1016/j.brainres.2007.06.007; https://doi.org/10.1016/j.exer.2016.01.002; https://doi.org/10.1016/j.cell.2019.01.004,PRKCA,PRKCA; OTX2; RCVRN; MIP; ISL1; GRM6; TRPM1; GRIK1; GNAO1; VSX2; CABP5; VSX1
"5,4",PCL:0051241,MGE_240 sst GABAergic cortical interneuron (Hsap),1,allen-brain,1,https://doi.org/10.1101/2022.10.12.511898,SYT10,TAFA4; RP11-656G20.1; SYT10; FBN2
"5,4",PCL:0051284,CGE_283 caudal ganglionic eminence derived cortical interneuron (Hsap),1,allen-brain,1,https://doi.org/10.1101/2022.10.12.511898,SYT10,SGO1-AS1; SYT10; SEMA3C; CXCL14
"5,4",PCL:0015022,Inh L1-2 VIP PTGER3 primary motor cortex GABAergic interneuron (Hsap),1,allen-brain,1,https://doi.org/10.1038/s41586-021-03465-8,SYT10,SYT10; KCNH8; PARD3B
"5,4",CL:0000540,neuron,1,spinal-cord,1,https://doi.org/10.1016/j.neuron.2023.01.007,HMCN1,NPY; SAMD3; HMCN1
"5,4",PCL:0051321,LRL_320 neuron (Hsap),1,allen-brain,1,https://doi.org/10.1101/2022.10.12.511898,SYT10,THSD7B; SYT10; TINAG
"5,5",PCL:0015033,Inh L2-5 VIP BSPRY primary motor cortex GABAergic interneuron (Hsap),1,allen-brain,1,https://doi.org/10.1038/s41586-021-03465-8,ST18,PDE3A; ST18
"5,5",PCL:0051390,Splat_389 neuron (Hsap),1,allen-brain,1,https://doi.org/10.1101/2022.10.12.511898,DACH1,GATA3; DACH1; FIGN
"5,5",PCL:0051077,Chrp_76 choroid plexus epithelial cell (Hsap),1,allen-brain,1,https://doi.org/10.1101/2022.10.12.511898,ST18,RP11-690J15.1; OTX2-AS1; ST18; PLP1
"5,5",PCL:0051410,Splat_409 neuron (Hsap),1,allen-brain,1,https://doi.org/10.1101/2022.10.12.511898,ST18,GLP1R; ST18; TAC3
"5,5",PCL:0051192,CA4_191 hippocampal CA4 neuron (Hsap),1,allen-brain,1,https://doi.org/10.1101/2022.10.12.511898,ST18,NTS; ST18
"5,5",PCL:0015085,Exc L5 THEMIS VILL primary motor cortex glutamatergic neuron (Hsap),1,allen-brain,1,https://doi.org/10.1038/s41586-021-03465-8,DACH1,TNC; DACH1
"5,5",PCL:0051204,DG_203 dentate gyrus granule cell (Hsap),1,allen-brain,1,https://doi.org/10.1101/2022.10.12.511898,ST18,RP11-484N11.1; LINC02248; ST18
"5,5",PCL:0015119,Oligo L3-6 OPALIN-like ENPP6 primary motor cortex oligodendrocyte (Hsap),1,allen-brain,1,https://doi.org/10.1038/s41586-021-03465-8,ST18,MBP; LINC01378; ENPP2; ST18
"5,5",PCL:0051392,Splat_391 neuron (Hsap),1,allen-brain,1,https://doi.org/10.1101/2022.10.12.511898,ST18,CTC-535M15.2; CTC-340A15.2; PDGFD; ST18; CDH12
"5,5",PCL:0051367,Splat_366 neuron (Hsap),1,allen-brain,1,https://doi.org/10.1101/2022.10.12.511898,DACH1,DACH1; EBF3; TCF7L2; KLHL1
"5,5",PCL:0015020,Inh L1-2 VIP EXPH5 primary motor cortex GABAergic interneuron (Hsap),1,allen-brain,1,https://doi.org/10.1038/s41586-021-03465-8,ST18,ST18; SCTR
"5,5",PCL:0051239,Splat_238 neuron (Hsap),1,allen-brain,1,https://doi.org/10.1101/2022.10.12.511898,ST18,IL1RAPL2; ST18
"5,6",CL:4033050,catecholaminergic neuron,5,spleen,1,https://doi.org/10.3389/fimmu.2017.01712; https://doi.org/10.1016/j.bbi.2018.12.009,S100B,UCHL1; TH; DBH; S100B
"5,6",CL:0002573,Schwann cell,2,peripheral-nervous-system,1,"PMID:2413766PMCID:PMC1888031,https://doi.org/10.1111/nan.12898; Kin(2017)https://doi.org/10.1016/j.stemcr.2017.04.011; http://dx.doi.org/10.1097/00007632-200112010-00007,https://doi.org/10.1016/0006-8993(92)90583-U",MBP; MPZ,MBP; GFAP; MPZ; SOX10
"5,6",ASCTB-TEMP:interdigitating-dendritic-cells,Interdigitating Dendritic Cells,1,spleen,1,https://doi.org/10.1309/M95G-7DQ2-TLQL-7Q11,S100B,CD68; CD1A; VIM; S100B
"5,6",PCL:0015119,Oligo L3-6 OPALIN-like ENPP6 primary motor cortex oligodendrocyte (Hsap),1,allen-brain,1,https://doi.org/10.1038/s41586-021-03465-8,MBP,MBP; LINC01378; ENPP2; ST18
"5,6",CL:0002521,subcutaneous adipocyte,1,skin,1,https://doi.org/10.1155/2010/790431; https://doi.org/10.1016/j.humpath.2005.11.006,S100B,CALB2; S100B
"5,6",PCL:0051038,COP_37 committed oligodendrocyte precursor (Hsap),1,allen-brain,1,https://doi.org/10.1101/2022.10.12.511898,BCAS1,BCAS1; PRRX1; GPR17
"5,6",CL:0000888,lymph node tingible body macrophage,1,lymph-node,1,https://doi.org/10.1111/cas.13137,SPARC,ITGAX; CD68; CD4; HLA-DRA; ITGAM; CD14; SPARC; SIGLEC1
"5,6",PCL:0051039,COP_38 committed oligodendrocyte precursor (Hsap),1,allen-brain,1,https://doi.org/10.1101/2022.10.12.511898,BCAS1,RP11-89N17.4; BCAS1
"5,6",CL:0000669,pericyte,1,eye,1,https://doi.org/10.1016/j.cell.2019.01.004,MYL9,MGP; KCNJ8; COL4A1; RGC5; MYL9
"5,6",CL:0000526,afferent neuron,1,liver,1,https://doi.org/10.3748/wjg.v12.i22.3523,S100B,TUBB3; TRPV1; S100B
"5,6",CL:0002306,epithelial cell of proximal tubule,1,kidney,1,https://doi.org/10.1681/ASN.2020010071; https://doi.org/10.1073/pnas.2005477117; https://doi.org/10.1172/jci.insight.133267; https://doi.org/10.1038/s41586-020-2941-1; https://doi.org/10.1038/s41467-019-10861-2,GATM,LRP2; GATM; ALDOB; CUBN; SLC13A1
"5,6",CL:0000148,melanocyte,1,large-intestine,1,ISBN:978-1496398949,S100B,MLANA; SOX10; BST2; S100B
"5,7",CL:0000523,mononuclear cytotrophoblast cell,16,placenta,1,https://doi.org/10.1095/biolreprod.106.055244; https://doi.org/10.1053/plac.2000.0559; https://doi.org/10.1016/S0143-4004(05)80438-2; https://doi.org/10.1016/j.jim.2003.03.001; https://doi.org/10.1016/j.ajpath.2014.08.006,EGFR; TP63,KRT7; EGFR; TP63
"5,7",CL:0000525,syncytiotrophoblast cell,7,placenta,1,https://doi.org/10.1095/biolreprod.106.055244; https://doi.org/10.1056/NEJM197007232830408; https://doi.org/10.1053/plac.2000.0559; https://doi.org/10.1016/S0143-4004(05)80438-2; https://doi.org/10.1016/j.jim.2003.03.001; https://doi.org/10.1146/annurev.bi.50.070181.002341; https://doi.org/10.1007/BF01628222,EGFR,PSG4; KRT7; CSH1; EGFR; CGB3
"5,7",PCL:0015071,Inh L5-6 PVALB MEPE primary motor cortex GABAergic interneuron (Hsap),1,allen-brain,1,https://doi.org/10.1038/s41586-021-03465-8,SVIL,MYBPC1; MEPE; SVIL
"5,7",PCL:0051087,DLNP_86 near-projecting glutamatergic cortical neuron (Hsap),1,allen-brain,1,https://doi.org/10.1101/2022.10.12.511898,PTPRT,PTPRT; PLPP3; IFNG-AS1; ADRA1A
"5,7",CL:1000350,basal cell of epithelium of terminal bronchiole,1,lung,1,https://doi.org/10.1148/93.3.507; https://doi.org/10.1136/thx.13.2.110,TP63,NGFR; FXYD3; ELF3; TSPAN1; CDH1; KRT5; TRPC6; TP63; EPCAM
"5,7",CL:0000934,"CD4-positive, alpha-beta cytotoxic T cell",1,thymus,1,https://doi.org/10.1126/science.aay3224,ARID5B,IL10; GZMK; DUSP4; CST7; RGS1; ARID5B; GZMA; RNF19A; CKLF; PRDM1
"5,7",PCL:0051392,Splat_391 neuron (Hsap),1,allen-brain,1,https://doi.org/10.1101/2022.10.12.511898,CDH12,CTC-535M15.2; CTC-340A15.2; PDGFD; ST18; CDH12
"5,7",PCL:0051259,MGE_258 sst GABAergic cortical interneuron (Hsap),1,allen-brain,1,https://doi.org/10.1101/2022.10.12.511898,PAWR,PAWR; WNT16; SST
"5,8",CL:0002088,interstitial cell of Cajal,26,large-intestine,1,https://doi.org/10.1152/ajpgi.00432.2011; https://doi.org/10.1007/978-1-4939-0897-4_3,KIT,KIT; CD34
"5,8",ASCTB-TEMP:innate-lymphoid-cell,innate lymphoid cell,18,uterus,1,https://doi.org/10.1101/2021.01.02.425073,KIT,SPINK2; KIT; IL7R; CXCR4; CD69; CCL5
"5,8",ASCTB-TEMP:mast-cell,mast cell,18,uterus,1,https://doi.org/10.1101/2021.01.02.425073,KIT,MS4A2; KIT; CSF1; CD69
"5,8",CL:0000097,mast cell,18,skin; lymph-node; large-intestine; kidney,4,https://doi.org/10.1159/000053694; https://doi.org/10.1038/s41467-019-10861-2; https://doi.org/10.1038/s41586-020-2941-1; https://doi.org/10.1016/j.iac.2014.01.005; No DOI; https://doi.org/10.1172/jci.insight.133267; https://doi.org/10.1016/j.immuni.2020.02.001; https://doi.org/10.1101/2021.07.28.454201; https://doi.org/10.1016/j.beha.2010.07.003.; ISBN:978-1496398949; https://doi.org/10.3389/fimmu.2020.01234; https://doi.org/10.1111/imr.12639.; https://doi.org/10.1111/imr.12639; https://doi.org/10.1159/000053694.,KIT,ENPP3; CCR3; TPSAB1; SLC16A1; TPSB2; KIT; MS4A2; CPA3
"5,8",CL:0009016,intestinal crypt stem cell of large intestine,11,large-intestine,1,https://doi.org/10.1038/nature06196,CD44,RGMB; SMOC2; LRIG1; CD44; LGR5; SOX9
"5,8",CL:0009018,lymphocyte of large intestine lamina propria,11,large-intestine,1,https://doi.org/10.1016/j.immuni.2020.02.001,KIT,KLRB1; KIT; IL7R
"5,8",CL:0002558,fibroblast of villous mesenchyme,8,placenta,1,https://doi.org/10.5966/sctm.2015-0022; https://doi.org/10.3346/jkms.2012.27.8.857; https://doi.org/10.1093/humrep/den051; https://doi.org/10.3390/cells1041061; https://doi.org/10.1186/s13287-017-0757-1; https://doi.org/10.1182/blood.V74.2.751.751; https://doi.org/10.1095/biolreprod51.4.739; https://doi.org/10.1095/biolreprod.108.075226; https://doi.org/10.1016/j.jcyt.2017.03.001,CD44,NT5E; ENG; CD44; THY1
"5,8",CL:4033014,peg cell,5,fallopian-tube,1,PMID:22911892,CD44,ITGA6; CD44; EPCAM
"5,8",CL:0002255,stromal cell of endometrium,3,placenta,1,https://doi.org/10.5966/sctm.2015-0022; https://doi.org/10.3346/jkms.2012.27.8.857; https://doi.org/10.1093/humrep/den051; https://doi.org/10.3390/cells1041061; https://doi.org/10.1186/s13287-017-0757-1; https://doi.org/10.1182/blood.V74.2.751.751; https://doi.org/10.1016/s1472-6483(10)61745-2; https://doi.org/10.1095/biolreprod51.4.739; https://doi.org/10.1095/biolreprod.108.075226; https://doi.org/10.1016/j.jcyt.2017.03.001,CD44,MME; ENG; CD44; ANPEP; THY1
"5,8",CL:2000061,placental amniotic mesenchymal stromal cell,3,placenta,1,https://doi.org/10.5966/sctm.2015-0022; https://doi.org/10.3346/jkms.2012.27.8.857; https://doi.org/10.1093/humrep/den051; https://doi.org/10.3390/cells1041061; https://doi.org/10.1186/s13287-017-0757-1; https://doi.org/10.1182/blood.V74.2.751.751; https://doi.org/10.1095/biolreprod51.4.739; https://doi.org/10.1095/biolreprod.108.075226; https://doi.org/10.1016/j.jcyt.2017.03.001,CD44,NT5E; ENG; CD44; THY1
"5,8",CL:0000236,B cell,3,placenta,1,https://doi.org/10.1186/s13287-017-0757-1; https://doi.org/10.1182/blood.V74.2.751.751; https://doi.org/10.1095/biolreprod51.4.739; https://doi.org/10.1095/biolreprod.108.075226; https://doi.org/10.1093/intimm/7.7.1087; https://doi.org/10.3390/cells1041061; https://doi.org/10.1091/mbc.1.1.27; https://doi.org/10.1016/j.jcyt.2017.03.001,CD44,CD44; HLA-DRA; SDC1
"5,8",CL:0000866,thymic macrophage,3,thymus,1,https://doi.org/10.1016/j.imbio.2008.07.032; https://doi.org/10.1016/s0065-2776(08)60900-1; https://doi.org/10.1016/j.imbio.2008.07.032.; https://doi.org/10.1126/science.aay3224,APOE,LGMN; LYZ; ITGAX; ICAM1; MS4A7; CD68; SELENOP; SLC40A1; C1QB; C1QA; ITGAM; C1QC; CD163; RNASE1; CD209; APOE; STAB1
"5,8",CL:0000874,splenic red pulp macrophage,2,spleen,1,https://doi.org/10.55418/9781933477060.; https://doi.org/10.1182/bloodadvances.2017015008; https://doi.org/10.1111/imm.12469; https://doi.org/10.1186/s13059-019-1906-x,APOE,NGFR; APOE; CD68; CD5L; CD163; SIGLEC1
"5,8",CL:0000876,splenic white pulp macrophage,2,spleen,1,https://doi.org/10.1111/imm.12469; https://doi.org/10.1007/s00418-011-0799-x; https://doi.org/10.1186/s13059-019-1906-x,APOE,CD163; APOE; CD68; CD5L
"5,8",CL:0000623,natural killer cell,2,lymph-node,1,https://doi.org/10.1038/nri.2016.34; ISBN:9781933477060,KIT,NCAM1; KLRC1; IL7R; FCGR3A; KLRK1; KIT; GEM; KLRD1; CD3G; CD3E; ID2; CD40LG
"5,8",CL:0001078,"group 3 innate lymphoid cell, human",2,thymus; spleen,2,https://doi.org/10.1126/science.aay3224; https://doi.org/10.1038/ni.2830; https://doi.org/10.3389/fimmu.2017.01047; https://doi.org/10.1186/s13059-019-1906-x,KIT,KRT86; TMIGD2; CD52; RORC; NCR2; S100A4; JAML; AHR; IL7R; CD96; KIT; LST1; KLRB1; NCAM1; ID2; TRDC; LTB
"5,8",CL:0000840,immature conventional dendritic cell,1,bone-marrow,1,https://doi.org/10.1182/blood-2004-02-0769,KIT,AXL; KIT; PTPRC; GYPA; CD36; ENG; CD22; TFRC; SIGLEC6
"5,8",CL:0000882,thymic medullary macrophage,1,thymus,1,https://doi.org/10.1016/s0065-2776(08)60900-1; https://doi.org/10.1016/j.imbio.2008.07.032; https://doi.org/10.1126/science.aay3224,APOE,ITGAX; ICAM1; STAB1; APOE; LYZ; LGMN; SELENOP; MS4A7; CD68; SLC40A1; C1QB; C1QA; ITGAM; C1QC; CD163; RNASE1; CD209
"5,8",CL:1000715,kidney cortex collecting duct intercalated cell,1,kidney,1,https://doi.org/10.1172/jci.insight.133267; https://doi.org/10.1016/j.devcel.2019.10.005; https://doi.org/10.1038/s41467-019-10861-2,KIT,AQP6; KIT; SLC26A7; SLC4A1
"5,8",CL:0000636,Mueller cell,1,eye,1,https://doi.org/10.1155/2007/39245; https://doi.org/10.1016/j.ophtha.2017.09.016,APOE,GFAP; CRYM; CLU; CRABP1; SLC1A3; GLUL; DKK3; APOE; RLBP1
"5,8",PCL:0051063,Astro_62 astrocyte (Hsap),1,allen-brain,1,https://doi.org/10.1101/2022.10.12.511898,APOE,LINC00836; TNC; APOE
"5,8",CL:0002425,early T lineage precursor,1,thymus,1,https://doi.org/10.3389/fimmu.2019.00447.; https://doi.org/10.1016/j.immuni.2020.03.019,CD44,CD79B; MPO; CD7; CD44; IRF8; CD34; CD19; BCL11B; SPI1
"5,8",CL:0000748,retinal bipolar neuron,1,eye,1,https://doi.org/10.1016/j.brainres.2007.06.007; https://doi.org/10.1016/j.exer.2016.01.002; https://doi.org/10.1016/j.cell.2019.01.004,TRPM1,PRKCA; OTX2; RCVRN; MIP; ISL1; GRM6; TRPM1; GRIK1; GNAO1; VSX2; CABP5; VSX1
"5,8",CL:0009081,specified double negative thymocyte (Homo sapiens),1,thymus,1,https://doi.org/10.3389/fimmu.2019.00447.; https://doi.org/10.1016/j.immuni.2020.03.019,CD44,CD79B; PTCRA; CD7; CD5; CD44; MME; CD3E; CD34; BCL11B; TCF7; SPI1
"5,8",CL:0000883,thymic cortical macrophage,1,thymus,1,https://doi.org/10.1016/s0065-2776(08)60900-1,APOE,STAB1; APOE; C1QC; C1QB; TMSB4X; SLC40A1; LGMN; SELENOP; MS4A7; C1QA; RNASE1
"5,8",PCL:0051083,Chrp_82 choroid plexus epithelial cell (Hsap),1,allen-brain,1,https://doi.org/10.1101/2022.10.12.511898,GPNMB,GPNMB; TTR
"5,8",CL:0002568,mesenchymal stem cell of Wharton's jelly,1,placenta,1,https://doi.org/10.5966/sctm.2015-0022; https://doi.org/10.3346/jkms.2012.27.8.857; https://doi.org/10.1093/humrep/den051; https://doi.org/10.3390/cells1041061; https://doi.org/10.1186/s13287-017-0757-1; https://doi.org/10.1182/blood.V74.2.751.751; https://doi.org/10.1095/biolreprod51.4.739; https://doi.org/10.1095/biolreprod.108.075226; https://doi.org/10.1016/j.jcyt.2017.03.001,CD44,NT5E; ENG; CD44; THY1
"5,8",CL:0001056,"dendritic cell, human",1,kidney,1,https://doi.org/10.1038/s41586-020-2941-1; https://doi.org/10.1038/s41467-019-10861-2; https://doi.org/10.1126/science.aat5031,APOE,HLA-DRA; FCER1A; APOE; CD1E; CD1C
"5,8",PCL:0015003,Inh L1-6 LAMP5 AARD primary motor cortex GABAergic interneuron (Hsap),1,allen-brain,1,https://doi.org/10.1038/s41586-021-03465-8,KIT,KIT; PRELID2; FREM1; FBXL7
"5,8",CL:0000649,spinous cell of epidermis,1,skin,1,https://doi.org/10.1083/jcb.200603161,KRT10,KRT10; KRT1
"5,8",CL:0009073,medullary thymic epithelial cell type 3,1,thymus,1,https://doi.org/10.1038/nature03886.; https://doi.org/10.4049/jimmunol.1002151; https://doi.org/10.3791/50951; https://doi.org/10.1038/s41467-021-21346-6,KRT10,CALML5; CDR2; PERP; PTPRC; TSLP; KRT19; KRT6A; IVL; SOX2; SUCO; DEFB1; KRT10; S100A9; SFN; EPCAM; LY6D; SPINK5
"5,8",PCL:0051061,Astro_60 astrocyte (Hsap),1,allen-brain,1,https://doi.org/10.1101/2022.10.12.511898,APOE,LINC00499; TNC; EDNRB; APOE
"5,8",CL:0000764,erythroid lineage cell,1,bone-marrow,1,https://doi.org/10.1371/journal.pone.0162209,KIT,KIT; PTPRC; GYPA; APOC1; ENG; KLF1; GATA1; CD36; MYC; TFRC; KCNH2; PRSS57; EPCAM
"5,8",CL:0002095,hilus cell of ovary,1,ovary,1,PMID:14287465; PMID:13774016; ISBN:9781496398949; https://doi.org/10.1097/00004347-199804000-00001; https://doi.org/10.1097/00000478-199805000-00011,MLANA,non-specific esterase; cholesterol esters; alkaline phosphatase; acid phosphatase; INHBC; INHBB; INHBA; INHA; MLANA; INHBE; CALB2
"5,8",PCL:0015004,Inh L1-6 LAMP5 NES primary motor cortex GABAergic interneuron (Hsap),1,allen-brain,1,https://doi.org/10.1038/s41586-021-03465-8,KIT,RO; KIT; EYA4; NTNG1; EPHA3
"5,8",CL:4030015,kidney collecting duct alpha-intercalated cell,1,kidney,1,https://doi.org/10.1172/jci.insight.133267; https://doi.org/10.1016/j.devcel.2019.10.005; https://doi.org/10.1038/s41467-019-10861-2,KIT,AQP6; KIT; TMEM213; SLC26A7; SLC4A1
"5,8",CL:0000148,melanocyte,1,large-intestine,1,ISBN:978-1496398949,MLANA,MLANA; SOX10; BST2; S100B
"5,8",CL:1000458,melanocyte of skin,1,skin,1,https://doi.org/10.1074/jbc.m309036200; https://doi.org/10.1046/j.1365-2133.1997.17651853.x; https://doi.org/10.1034/j.1600-0854.2002.30909.x,MLANA,MLANA; SOX10; S100A2
"5,8",CL:0000877,splenic tingible body macrophage,1,spleen,1,https://doi.org/10.1007/s00418-011-0799-x; https://doi.org/10.1186/s13059-019-1906-x,APOE,APOE; CD68; CD5L
"5,8",CL:0000312,keratinocyte,1,skin,1,https://doi.org/10.1083/jcb.200603161,KRT10,MKI67; DDB2; KRT10; TP53
"5,8",CL:0002196,hepatic oval stem cell,1,liver,1,https://doi.org/10.1053/gast.2001.21175; https://doi.org/10.1136/gut.2007.143321,KIT,OV-6 ANTIGEN; THY1; KIT
"5,8",CL:1000717,kidney outer medulla collecting duct intercalated cell,1,kidney,1,https://doi.org/10.1038/s41467-019-10861-2; https://doi.org/10.1126/science.aat1699,KIT,KIT; SLC26A7; CALCA; SLC4A1
"5,8",ASCTB-TEMP:splenic-perifollicular-zone-macrophage,Splenic perifollicular zone macrophage,1,spleen,1,https://doi.org/10.1111/j.1365-2567.2007.02710.x; https://doi.org/10.55418/9781933477060.; https://doi.org/10.1046/j.1365-2567.1997.00328.x; https://doi.org/10.1186/s13059-019-1906-x,APOE,MRC1; CD68; CD5L; APOE; CD209; CD163; SIGLEC1
"5,8",CL:0000872,splenic marginal zone macrophage,1,spleen,1,https://doi.org/10.1111/imm.12469; https://doi.org/10.1186/s13059-019-1906-x,APOE,APOE; CD68; CD5L; CD163
"5,8",CL:0002619,adult endothelial progenitor cell,1,lung,1,https://doi.org/10.1148/93.3.507; https://doi.org/10.1136/thx.13.2.110,KIT,KIT; APLNR
"6,0",CL:1000412,endothelial cell of arteriole,67,large-intestine,1,isBN:978-1496398949; ISBN:978-1496398949; https://doi.org/10.1007/978-1-4939-0897-4_3,CD36,PECAM1; CD36; CD34
"6,0",CL:1000414,endothelial cell of venule,65,large-intestine,1,isBN:978-1496398949; ISBN:978-1496398949; https://doi.org/10.1007/978-1-4939-0897-4_3,CD36,PECAM1; CD36; CD34
"6,0",CL:0002144,capillary endothelial cell,25,large-intestine,1,https://doi.org/10.1034/j.1600-065x.2003.00072.x; https://doi.org/10.1111/j.1440-1827.1989.tb02421.x; isBN:978-1496398949; ISBN:978-1496398949,CD36,PECAM1; CD36; CD34
"6,0",CL:0002063,pulmonary alveolar type 2 cell,6,lung,1,https://doi.org/10.1148/93.3.507; https://doi.org/10.1136/thx.13.2.110,SFTPA2; SFTPC,FXYD3; SFTPA2; EPCAM; BMP1; CDH1; SLC39A8; HOPX; MFSD2A; LAMP3; SFTA2; ABCA3; ELF3; SFTPC; KRT1
"6,0",CL:0002543,vein endothelial cell,2,large-intestine,1,ISBN:978-1496398949,CD36,PECAM1; CD36; CD34
"6,0",CL:0000158,club cell,2,lung,1,https://doi.org/10.1148/93.3.507; https://doi.org/10.1136/thx.13.2.110,SCGB1A1,ELF3; CYP2F1; SCGB3A2; TSPAN1; CDH1; SCGB1A1; EPCAM; FXYD3
"6,0",CL:0002399,CD1c-positive myeloid dendritic cell,1,blood-pelvis,1,https://doi.org/10.1002/cyto.a.23724,CD36,NCAM1; ITGAX; IL3RA; S100A9; S100A8; CD3E; HLA-DRA; CD19; FCGR3A; CD14; CD1C; CD36; THBD; FCER1A; CD163; CLEC10A
"6,0",PCL:0051334,Mmb_333 mammillary body neuron (Hsap),1,allen-brain,1,https://doi.org/10.1101/2022.10.12.511898,CD36,LTBP1; CD36; SIM1
"6,0",PCL:0051221,MSN_220 direct pathway medium spiny neuron (Hsap),1,allen-brain,1,https://doi.org/10.1101/2022.10.12.511898,PCSK6,PCSK6; ISL1; MKX
"6,0",CL:0001056,"dendritic cell, human",1,bone-marrow,1,https://doi.org/10.1002/cyto.a.23724,CD36,NCAM1; ITGAX; IL3RA; S100A9; S100A8; CD3E; HLA-DRA; CLEC4C; CLEC10A; CD163; CD19; FCGR3A; CD14; CD1C; CD36; FCER1A
"6,0",CL:0000840,immature conventional dendritic cell,1,bone-marrow,1,https://doi.org/10.1182/blood-2004-02-0769,CD36,AXL; KIT; PTPRC; GYPA; CD36; ENG; CD22; TFRC; SIGLEC6
"6,0",PCL:0015047,Inh L2-3 SST NMU primary motor cortex GABAergic interneuron (Hsap),1,allen-brain,1,https://doi.org/10.1038/s41586-021-03465-8,PIEZO2,NOS1; PIEZO2; HPSE2
"6,0",PCL:0051263,MGE_262 pvalb GABAergic cortical interneuron (Hsap),1,allen-brain,1,https://doi.org/10.1101/2022.10.12.511898,PIEZO2,RP1-35C21.2; ADAMTS9-AS2; PIEZO2; SULF1
"6,0",PCL:0051089,DLNP_88 near-projecting glutamatergic cortical neuron (Hsap),1,allen-brain,1,https://doi.org/10.1101/2022.10.12.511898,CD36,RP11-421N8.3; IFNG-AS1; NPSR1; CD36
"6,0",PCL:0051117,Misc_116 cerebral cortex neuron (Hsap),1,allen-brain,1,https://doi.org/10.1101/2022.10.12.511898,PCSK6,FAM160A1; PCSK6; ERG; ATP10A
"6,0",PCL:0015114,Exc L5 FEZF2 NREP-AS1 primary motor cortex glutamatergic neuron (Hsap),1,allen-brain,1,https://doi.org/10.1038/s41586-021-03465-8,CD36,CD36; ADAMTS12
"6,0",ASCTB-TEMP:cervical-dorsal-root-ganglion-piezo2-neuron,cervical dorsal root ganglion Piezo2 neuron,1,peripheral-nervous-system,1,https://doi.org/10.1016/j.neuroscience.2017.11.047; )https://doi.org/10.3389/fncel.2019.002711,PIEZO2,PIEZO2
"6,0",ASCTB-TEMP:lumbar-dorsal-root-ganglion-piezo2-neuron,lumbar dorsal root ganglion Piezo2 neuron,1,peripheral-nervous-system,1,https://doi.org/10.1016/j.neuroscience.2017.11.047; )https://doi.org/10.3389/fncel.2019.002711,PIEZO2,PIEZO2
"6,0",PCL:0015115,Exc L5 FEZF2 RNF144A-AS1 primary motor cortex glutamatergic neuron (Hsap),1,allen-brain,1,https://doi.org/10.1038/s41586-021-03465-8,CD36,CD36
"6,0",CL:0000764,erythroid lineage cell,1,bone-marrow,1,https://doi.org/10.1371/journal.pone.0162209,CD36,KIT; PTPRC; GYPA; APOC1; ENG; KLF1; GATA1; CD36; MYC; TFRC; KCNH2; PRSS57; EPCAM
"6,0",ASCTB-TEMP:thoracic-dorsal-root-ganglion-piezo2-neuron,thoracic dorsal root ganglion Piezo2 neuron,1,peripheral-nervous-system,1,https://doi.org/10.1016/j.neuroscience.2017.11.047; )https://doi.org/10.3389/fncel.2019.002711,PIEZO2,PIEZO2
"6,0",CL:1001131,vasa recta ascending limb cell,1,kidney,1,https://doi.org/10.1038/s41467-019-12872-5; https://doi.org/10.1101/2021.07.28.454201; https://doi.org/10.1038/s41586-020-2941-1; https://doi.org/10.1038/s41467-019-10861-2,GPM6A,GPM6A; PLVAP; PECAM1; DNASE1L3; NR2F2
"6,0",PCL:0051240,MGE_239 sst GABAergic cortical interneuron (Hsap),1,allen-brain,1,https://doi.org/10.1101/2022.10.12.511898,PIEZO2,RP11-656G20.1; PIEZO2; HPSE2
"6,0",CL:0009068,CD8aa(I) thymocyte,1,thymus,1,https://doi.org/10.1126/science.aay3224,PRKCH,PTPN7; PRKCH; NUCB2; CD8A; LEF1; LCP2; CD2; CD28; TRAC; CD27
"6,0",CL:1000351,basal cell of epithelium of respiratory bronchiole,1,lung,1,https://doi.org/10.1148/93.3.507; https://doi.org/10.1136/thx.13.2.110,SCGB1A1,ELF3; SCGB3A2; TSPAN1; CDH1; SCGB1A1; EPCAM; SOX4; KLK11; FXYD3
"6,0",PCL:0051250,MGE_249 sst GABAergic cortical interneuron (Hsap),1,allen-brain,1,https://doi.org/10.1101/2022.10.12.511898,SEMA3A,RSPO3; TRPC7; SOX6; SST; SEMA3A
"6,0",CL:1000742,glomerular mesangial cell,1,kidney,1,https://doi.org/10.1681/ASN.2020010071; https://doi.org/10.1073/pnas.2005477117; https://doi.org/10.1172/jci.insight.133267; https://doi.org/10.1038/s41586-020-2941-1; https://doi.org/10.1038/s41467-019-10861-2,PIEZO2,PDGFRB; ITGA8; PIEZO2; SYNPO2; POSTN; ROBO1
"6,0",ASCTB-TEMP:sacral-dorsal-root-ganglion-piezo2-neuron,sacral dorsal root ganglion Piezo2 neuron,1,peripheral-nervous-system,1,https://doi.org/10.1016/j.neuroscience.2017.11.047; )https://doi.org/10.3389/fncel.2019.002711,PIEZO2,PIEZO2
"6,1",CL:0009105,T cell zone reticular cell,4,lymph-node,1,https://doi.org/10.3389/fimmu.2011.00035; https://doi.org/10.1016/j.jcyt.2017.01.010; https://doi.org/10.1016/j.ajpath.2010.12.039,CCL21; VIM,PECAM1; IL7; PDPN; DES; ACTA2; VIM; CCL21; CCL19
"6,1",CL:1000489,reticular cell of splenic cord,3,spleen,1,https://doi.org/10.55418/9781933477060.; https://doi.org/10.1111/imm.12469; https://doi.org/10.1038/s41467-019-09728-3,CCL21,NGFR; IL7; ENG; DSC2; CR2; CD74; CLU; CFB; CCL21; ACTA2; MFGE8; CXCL9; BST1; MADCAM1; DCN; CTSS; CXCL13; THBD; ENPP2; CCL19; C3; THY1
"6,1",CL:0002138,endothelial cell of lymphatic vessel,2,thymus,1,https://doi.org/10.1080/01926230600865549; https://doi.org/10.1126/science.aay3224,CCL21; TFF3,NTS; MMRN1; FABP5; NUPR1; LAPTM5; TFPI; TFF3; PROX1; CAVIN2; LYVE1; CCL21
"6,1",CL:0002620,skin fibroblast,2,skin,1,https://doi.org/10.1111/j.1365-2133.1989.tb15509.x; https://doi.org/10.1097/00000372-199606000-00008; https://doi.org/10.1074/jbc.M701586200,VIM,F3; CD34; VIM
"6,1",CL:0000186,myofibroblast cell,2,lymph-node,1,PMCID:PMC1899700; https://www.pathologyoutlines.com/topic/lymphnodesanatomy.html; https://doi.org/10.1002/ar.1091830404; https://fblt.cz/en/skripta/v-krev-a-organy-imunitniho-systemu/6-thymus-mizni-uzliny-a-difuzni-imunitni-system/,VIM,DES; COL1A1; ELN; COL3A1; ACTA2; VIM
"6,1",CL:0009072,medullary thymic epithelial cell type 2,1,thymus,1,https://doi.org/10.3791/50951; https://doi.org/10.1038/s41467-021-21346-6; https://doi.org/10.1080/01926230600865549; https://doi.org/10.1126/science.aay3224,VIM,TYW3; CDR2; HLA-DQA1; KRT17; AIRE; NTHL1; PTPRC; KRT5; CCL19; VIM; EPCAM; SNCG; CSTA; FGF17; CALML3
"6,1",CL:1001111,kidney loop of Henle thin descending limb epithelial cell,1,kidney,1,https://doi.org/10.1681/ASN.2020010071; https://doi.org/10.1172/jci.insight.133267; https://doi.org/10.1038/s41467-019-10861-2,VIM,CRYAB; SATB2; CDH1; VIM; VCAM1; SLC44A5; SPP1
"6,1",CL:0000883,thymic cortical macrophage,1,thymus,1,https://doi.org/10.1016/s0065-2776(08)60900-1,TMSB4X,STAB1; APOE; C1QC; C1QB; TMSB4X; SLC40A1; LGMN; SELENOP; MS4A7; C1QA; RNASE1
"6,1",CL:0011004,lens fiber cell,1,eye,1,https://doi.org/10.1167/iovs.15-18117,VIM,AQP0 residues 1-263 +fatty acyl; VIM
"6,1",CL:0009106,medullary reticular cell,1,lymph-node,1,https://doi.org/10.3389/fimmu.2011.00035.; https://doi.org/10.1016/j.jcyt.2017.01.010; https://doi.org/10.1016/j.ajpath.2010.12.039,VIM,PECAM1; PDPN; DES; ACTA2; VIM; TNFSF11; CXCL12
"6,1",CL:1000692,kidney interstitial fibroblast,1,kidney,1,https://doi.org/10.1172/jci.insight.133267; https://doi.org/10.1038/s41467-019-10861-2,VIM,LUM; COL1A2; COL1A1; DCN; ZEB2; C7; VIM
"6,1",CL:0009086,endothelial cell of respiratory system lymphatic vessel,1,lung,1,https://doi.org/10.1148/93.3.507; https://doi.org/10.1136/thx.13.2.110,CCL21,PROX1; PECAM1; ECSCR; MMRN1; CLDN5; LYVE1; CCL21
"6,1",ASCTB-TEMP:interdigitating-dendritic-cells,Interdigitating Dendritic Cells,1,spleen,1,https://doi.org/10.1309/M95G-7DQ2-TLQL-7Q11,VIM,CD68; CD1A; VIM; S100B
"6,1",CL:1000452,parietal epithelial cell,1,kidney,1,https://doi.org/10.1172/jci.insight.133267; https://doi.org/10.1038/s41467-019-10861-2,VIM,CFH; CRB2; ALDH1A2; VIM; VCAM1
"6,1",CL:0009077,subcapsular thymic epithelial cell,1,thymus,1,https://doi.org/10.1016/s0065-2776(08)60900-1,TMSB4X,PTMA; TMSB4X
"6,1",CL:0000576,monocyte,1,thymus,1,https://doi.org/10.1126/science.aay3224,S100A6,CTSS; VCAN; LYZ; CD52; S100A9; S100A8; FCN1; S100A6; S100A4; S100A12
"6,1",CL:0009104,B cell zone reticular cell,1,lymph-node,1,ISBN:9781933477381; https://doi.org/10.1080/01926230600867727,VIM,PECAM1; PDPN; DES; ACTA2; VIM; TNFSF11; CXCL12
"6,1",CL:0009103,lymph node marginal reticular cell,1,lymph-node,1,https://doi.org/10.3389/fimmu.2011.00035; https://doi.org/10.1016/j.jcyt.2017.01.010; https://doi.org/10.1016/j.ajpath.2010.12.039,VIM,PDPN; ENPP2; DES; ACTA2; VIM; TNFSF11; PECAM1; CXCL13
"6,2",CL:0000540,neuron,5,spinal-cord,1,https://doi.org/10.1016/j.neuron.2023.01.007,SOX5,ISM1; LMO3; CARTPT; IGF1; NMU; CALCB; TAC1; SOX5
"6,2",PCL:0051052,Bgl_51 Bergmann glial cell (Hsap),1,allen-brain,1,https://doi.org/10.1101/2022.10.12.511898,LAMA2,LAMA2; LINC01727
"6,2",PCL:0051229,EMSN_228 medium spiny neuron (Hsap),1,allen-brain,1,https://doi.org/10.1101/2022.10.12.511898,MEIS1,MEIS1; NPFFR2; ADAMTSL1; RP11-154H17.1; SEMA3C
"6,2",PCL:0051340,Splat_339 neuron (Hsap),1,allen-brain,1,https://doi.org/10.1101/2022.10.12.511898,MEIS1,MEIS1; LINC01798; SLC6A5
"6,2",PCL:0051129,ULIT_128 intratelencephalic-projecting glutamatergic cortical neuron (Hsap),1,allen-brain,1,https://doi.org/10.1101/2022.10.12.511898,LAMA2,RP11-387P12.1; LAMA2; LINC02055; COL5A2
"6,2",CL:0000940,mucosal-associated invariant T cell,1,thymus,1,https://doi.org/10.1038/ni.3565.,ZBTB16,KLRB1; IL18R1; CD8A; CD4; ZBTB16; CD27; RORC
"6,2",PCL:0051372,Splat_371 neuron (Hsap),1,allen-brain,1,https://doi.org/10.1101/2022.10.12.511898,BNC2,BNC2; NPSR1; CPA6
"6,2",CL:0000899,T-helper 17 cell,1,thymus,1,https://doi.org/10.1084/jem.20080397; https://doi.org/10.1126/science.aay3224,ZBTB16,PLAC8; NOSIP; KLRB1; CARHSP1; ANXA1; CD4; IL7R; ZBTB16; CD40LG; SORL1
"6,2",PCL:0051230,EMSN_229 medium spiny neuron (Hsap),1,allen-brain,1,https://doi.org/10.1101/2022.10.12.511898,MEIS1,PTH2R; MEIS1; ADAMTSL1; CACNG5; TSHZ1
"6,2",PCL:0015082,Exc L3 THEMIS ENPEP primary motor cortex glutamatergic neuron (Hsap),1,allen-brain,1,https://doi.org/10.1038/s41586-021-03465-8,LAMA2,LAMA2; FAP
"6,2",PCL:0051427,EMSN_426 medium spiny neuron (Hsap),1,allen-brain,1,https://doi.org/10.1101/2022.10.12.511898,MEIS1,MEIS1; RP11-537P24.1; TSHZ1
"6,2",PCL:0051032,Fbl_31 arachnoid barrier cell (Hsap),1,allen-brain,1,https://doi.org/10.1101/2022.10.12.511898,BNC2,PTGDR; BNC2
"6,4",CL:0002138,endothelial cell of lymphatic vessel,11,spleen; thymus; lymph-node; kidney,4,https://doi.org/10.1080/01926230600865549; https://doi.org/10.1126/science.aay3224; PMID:16515224; https://doi.org/10.1369%2Fjhc.4A6514.2005; https://doi.org/10.1369/jhc.4A6514.2005; https://doi.org/10.1016/j.immuni.2019.06.027; https://doi.org/10.3389/fcvm.2020.00052; https://doi.org/10.1038/s41467-019-10861-2; https://doi.org/10.1038/s41467-019-12872-5; https://doi.org/10.1172/jci.insight.133267; https://doi.org/10.1038/s41586-020-2941-1,PROX1,NTS; FABP5; STAB2; CAV1; TBX1; LYVE1; LAPTM5; CLEC4M; PROX1; PDPN; CD209; CLEC4G; ACKR4; CD274; NUDT4; PECAM1; VWF; CCL21; MMRN1; TFF3; ICAM1; CLDN11; MARCO; MFAP4; NT5E; NUPR1; PTPRC; Ulex+; CAVIN2; TNFRSF9; TFPI
"6,4",CL:0000071,blood vessel endothelial cell,9,lymph-node,1,https://doi.org/10.1007/s00441-008-0706-5; https://doi.org/10.1371/journal.pone.0094781; https://doi.org/10.1369/jhc.4A6514.2005,PROX1,GJA5; CD59; PECAM1; MARCO; ICAM1; HLA-DPB1; HLA-DPA1; FLT1; NECTIN2; CCL14; ESAM; SPARCL1; CD209; PLVAP; CD74; CDH5; ACKR1; JAM2; CAV1; HLA-DRA; CD34; ENG; EMCN; PROX1; HLA-DRB1; PDPN; CD300LG
"6,4",CL:0000540,neuron,2,spinal-cord,1,https://doi.org/10.1016/j.neuron.2023.01.007,PROX1,NFIX; PROX1; PDYN; RORB
"6,4",PCL:0051424,Splat_423 neuron (Hsap),1,allen-brain,1,https://doi.org/10.1101/2022.10.12.511898,PROX1,PROX1; SOX6; TSHZ2
"6,4",PCL:0015061,Inh L3-5 PVALB ISG20 primary motor cortex GABAergic interneuron (Hsap),1,allen-brain,1,https://doi.org/10.1038/s41586-021-03465-8,SV2C,SV2C
"6,4",PCL:0015063,Inh L2-5 PVALB HHIPL1 primary motor cortex GABAergic interneuron (Hsap),1,allen-brain,1,https://doi.org/10.1038/s41586-021-03465-8,MDFIC,MDFIC; ADAMTS20; ADAMTS17
"6,4",CL:0009108,lymphatic endothelial cell of subcapsular sinus floor,1,lymph-node,1,https://doi.org/10.1016/j.immuni.2019.06.027; https://doi.org/10.3389/fcvm.2020.00052,PROX1,NT5E; MFAP4; MARCO; LYZ; ICAM1; PECAM1; CXCL1; PTPRC; ACKR4; CD9; CXCL5; THY1; PROX1; PDPN; CCL20; TNFRSF9; LYVE1; CD274; ACKR1; CLDN11; CAV1
"6,4",CL:0009086,endothelial cell of respiratory system lymphatic vessel,1,lung,1,https://doi.org/10.1148/93.3.507; https://doi.org/10.1136/thx.13.2.110,PROX1,PROX1; PECAM1; ECSCR; MMRN1; CLDN5; LYVE1; CCL21
"6,4",PCL:0015078,Exc L3 LAMP5 CARM1P1 primary motor cortex glutamatergic neuron (Hsap),1,allen-brain,1,https://doi.org/10.1038/s41586-021-03465-8,SV2C,SYT2; SV2C; EPB41L4A
"6,4",PCL:0051297,CGE_296 VIP GABAergic cortical interneuron (Hsap),1,allen-brain,1,https://doi.org/10.1101/2022.10.12.511898,LYPD6,LYPD6; CMTM8; TAC3; CXCL14
"6,4",CL:0009109,lymphatic endothelial cell of trabecula,1,lymph-node,1,https://doi.org/10.1016/j.immuni.2019.06.027; https://doi.org/10.3389/fcvm.2020.00052,PROX1,NT5E; MFAP4; MARCO; PTPRC; PROX1; PDPN; ACKR4; CAV1; PECAM1; CLDN11; LYVE1; TNFRSF9
"6,4",CL:0009107,lymphatic endothelial cell of subcapsular sinus ceiling,1,lymph-node,1,https://doi.org/10.1016/j.immuni.2019.06.027; https://doi.org/10.3389/fcvm.2020.00052,PROX1,NUDT4; NT5E; MFAP4; MARCO; PTPRC; PROX1; PDPN; ACKR4; CAV1; PECAM1; CLDN11; LYVE1; TNFRSF9
"6,4",PCL:0051304,CBI_303 cerebellar inhibitory GABAergic interneuron (Hsap),1,allen-brain,1,https://doi.org/10.1101/2022.10.12.511898,LYPD6,RP11-265I24.1; LYPD6
"6,4",PCL:0015026,Inh L2 VIP SLC6A16 primary motor cortex GABAergic interneuron (Hsap),1,allen-brain,1,https://doi.org/10.1038/s41586-021-03465-8,KCNT2,KCNT2
"6,4",CL:0009110,lymphatic endothelial cell of medulla ceiling,1,lymph-node,1,https://doi.org/10.1016/j.immuni.2019.06.027; https://doi.org/10.3389/fcvm.2020.00052,PROX1,NT5E; MFAP4; MARCO; PTPRC; PROX1; PDPN; ACKR4; CAV1; PECAM1; CLDN11; LYVE1; TNFRSF9
"6,4",CL:1001107,kidney loop of Henle thin ascending limb epithelial cell,1,kidney,1,https://doi.org/10.1016/j.devcel.2019.10.005; https://doi.org/10.1038/s41467-019-10861-2,PROX1,CLCNKA; CLDN3; CDH1; PROX1; TACSTD2; CRYAB; SH3GL3
"6,4",CL:1001108,kidney loop of Henle medullary thick ascending limb epithelial cell,1,kidney,1,https://doi.org/10.1681/ASN.2020010071; https://doi.org/10.1172/jci.insight.133267; https://doi.org/10.1016/j.devcel.2019.10.005; https://doi.org/10.1038/s41467-019-10861-2,PROX1,SLC12A1; CASR; CDH1; UMOD; RAP1GAP; PROX1; ATP1A1
"6,4",PCL:0015108,Exc L6 FEZF2 KLK7 primary motor cortex glutamatergic neuron (Hsap),1,allen-brain,1,https://doi.org/10.1038/s41586-021-03465-8,MDFIC,MDFIC
"6,4",PCL:0051391,Splat_390 neuron (Hsap),1,allen-brain,1,https://doi.org/10.1101/2022.10.12.511898,NRXN3,POU6F2; SNHG14; NRXN3; ZIC1
"6,4",CL:0009075,myo-medullary thymic epithelial cell,1,thymus,1,https://doi.org/10.1126/science.aay3224; https://doi.org/10.3791/50951; https://doi.org/10.1038/s41467-021-21346-6; https://doi.org/10.1080/01926230600865549,TTN,TTN; TPM2; TNNT3; EPCAM; PTPRC; NEB; MYOG; ACTA1; NNAT; CDR2; TNNI2; MYL11; KLHL41
"6,5",CL:0000071,blood vessel endothelial cell,1139,blood-vasculature; lymph-node,2,"https://doi.org/10.1369/jhc.4A6514.2005; https://doi.org/10.1371/journal.pone.0094781; https://en.wikipedia.org/wiki/Deep_artery_of_arm; https://en.wikipedia.org/wiki/Inferior_tympanic_artery; https://en.wikipedia.org/wiki/Esophageal_veins; https://radiopaedia.org/articles/perforating-branches-of-internal-thoracic-artery; https://en.wikipedia.org/wiki/Left_anterior_descending_artery; https://en.wikipedia.org/wiki/Hemiazygos_vein; https://en.wikipedia.org/wiki/Descending_aorta; https://en.wikipedia.org/wiki/Penile_artery; https://radiopaedia.org/articles/inferior-hypophyseal-artery; https://www.imaios.com/en/e-Anatomy/Anatomical-Parts/Perforating-branches3; https://en.wikipedia.org/wiki/Perforating_arteries; https://www.kenhub.com/en/library/anatomy/vas-deferens; https://en.wikipedia.org/wiki/Median_cubital_vein; https://en.wikipedia.org/wiki/Ovarian_vein; https://en.wikipedia.org/wiki/Circumflex_fibular_artery; https://en.wikipedia.org/wiki/Obturator_veins; https://en.wikipedia.org/wiki/Arcuate_artery_of_the_foot; http://neuroangio.org/anatomy-and-variants/posterior-meningeal-artery/; https://en.wikipedia.org/wiki/Inferior_epigastric_artery; https://en.wikipedia.org/wiki/Meningohypophyseal_artery; http://purl.obolibrary.org/obo/UBERON_0001655; https://en.wikipedia.org/wiki/Lateral_plantar_artery; https://en.wikipedia.org/wiki/Axillary_artery; https://en.wikipedia.org/wiki/Ovarian_artery; PMID:32119317; https://www.kenhub.com/en/library/anatomy/retromandibular-vein; https://en.wikipedia.org/wiki/Anterior_ciliary_arteries; https://en.wikipedia.org/wiki/Arcuate_vein; https://en.wikipedia.org/wiki/Palmar_carpal_arch; https://en.wikipedia.org/wiki/Circumflex_scapular_artery; https://en.wikipedia.org/wiki/Left_coronary_artery; https://basicmedicalkey.com/endocrine-system-3/; https://en.wikipedia.org/wiki/Ascending_pharyngeal_artery; https://en.wikipedia.org/wiki/Pancreatic_branches_of_splenic_artery; https://en.wikipedia.org/wiki/Accessory_hemiazygos_vein; https://en.wikipedia.org/wiki/Posterior_communicating_artery; https://en.wikipedia.org/wiki/Deep_plantar_artery; https://en.wikipedia.org/wiki/Deep_palmar_branch_of_ulnar_artery; https://en.wikipedia.org/wiki/Superior_suprarenal_artery; https://en.wikipedia.org/wiki/Inferior_rectal_artery; https://www.healthline.com/human-body-maps/deep-temporal-veins#1; https://en.wikipedia.org/wiki/Posterior_inferior_cerebellar_artery; https://www.kenhub.com/en/library/anatomy/thoracoacromial-artery; https://en.wikipedia.org/wiki/Costocervical_trunk; https://radiopaedia.org/articles/superficial-femoral-artery; https://www.imaios.com/en/e-Anatomy/Anatomical-Parts/Accessory-vertebral-vein; https://en.wikipedia.org/wiki/Uterine_veins; https://en.wikipedia.org/wiki/Descending_branch_of_occipital_artery; https://en.wikipedia.org/wiki/Helicine_arteries_of_penis; https://en.wikipedia.org/wiki/Subclavian_artery; https://en.wikipedia.org/wiki/Angular_vein; https://en.wikipedia.org/wiki/Vesical_veins; https://en.wikipedia.org/wiki/Central_veins_of_liver; https://en.wikipedia.org/wiki/Lateral_thoracic_artery; https://en.wikipedia.org/wiki/Inferior_suprarenal_artery; https://en.wikipedia.org/wiki/Recurrent_artery_of_Heubner; https://www.ncbi.nlm.nih.gov/books/NBK546657/; https://en.wikipedia.org/wiki/Tibial-fibular_trunk; https://en.wikipedia.org/wiki/Caroticotympanic_arteries; https://doi.org/10.1227/01.neu.0000303217.53607.d9; https://en.wikipedia.org/wiki/External_carotid_artery; https://en.wikipedia.org/wiki/Common_interosseous_artery; https://en.wikipedia.org/wiki/Lingual_veins; https://en.wikipedia.org/wiki/Internal_thoracic_artery; https://en.wikipedia.org/wiki/Portal_vein; https://en.wikipedia.org/wiki/Anterior_ulnar_recurrent_artery; https://en.wikipedia.org/wiki/Superior_rectal_vein; https://pubmed.ncbi.nlm.nih.gov/9932327/; https://en.wikipedia.org/wiki/Left_gastroepiploic_vein; https://en.wikipedia.org/wiki/Left_colic_vein; https://en.wikipedia.org/wiki/Posterior_tibial_vein; https://www.kenhub.com/en/library/anatomy/occipital-artery; https://en.wikipedia.org/wiki/Cystic_vein; https://en.wikipedia.org/wiki/Palmar_carpal_branch_of_radial_artery; https://en.wikipedia.org/wiki/Facial_vein; https://en.wikipedia.org/wiki/Inferior_mesenteric_vein; https://en.wikipedia.org/wiki/Sigmoid_sinus; https://en.wikipedia.org/wiki/Splenic_vein; https://en.wikipedia.org/wiki/Basal_vein; https://en.wikipedia.org/wiki/Lumbar_branch_of_iliolumbar_artery; https://en.wikipedia.org/wiki/Anterior_lateral_malleolar_artery; https://en.wikipedia.org/wiki/Renal_artery; https://en.wikipedia.org/wiki/Superior_mesenteric_artery; https://en.wikipedia.org/wiki/Inferior_phrenic_arteries; https://doi.org/10.1111/j.1469-7580.2009.01199.x; https://www.healthline.com/human-body-maps/colic-branch-of-the-ileocolic-artery; https://en.wikipedia.org/wiki/Ileal_branch_of_ileocolic_artery; https://en.wikipedia.org/wiki/Medial_tarsal_arteries; https://en.wikipedia.org/wiki/Common_hepatic_artery; https://en.wikipedia.org/wiki/Posterior_tibial_recurrent_artery; https://en.wikipedia.org/wiki/Spiral_artery; https://www.healthline.com/human-body-maps/lateral-inferior-genicular-artery#1; https://en.wikipedia.org/wiki/Axillary_vein; https://en.wikipedia.org/wiki/Ascending_branch_of_medial_circumflex_femoral_artery; https://en.wikipedia.org/wiki/Testicular_artery; https://en.wikipedia.org/wiki/Lateral_superior_genicular_artery; https://en.wikipedia.org/wiki/Testicular_vein; https://en.wikipedia.org/wiki/Pericardiacophrenic_artery; https://en.wikipedia.org/wiki/Angular_artery; https://en.wikipedia.org/wiki/Inferior_gluteal_veins; https://en.wikipedia.org/wiki/Superior_thyroid_artery; https://en.wikipedia.org/wiki/Transverse_facial_artery; https://en.wikipedia.org/wiki/Anterior_medial_malleolar_artery; https://medical-dictionary.thefreedictionary.com/transverse+facial+vein; https://en.wikipedia.org/wiki/External_pudendal_veins; https://en.wikipedia.org/wiki/Pulmonary_artery; https://en.wikipedia.org/wiki/Atrioventricular_nodal_branch; https://en.wikipedia.org/wiki/Right_colic_vein; https://en.wikipedia.org/wiki/Internal_iliac_artery; https://en.wikipedia.org/wiki/Cystic_artery; https://en.wikipedia.org/wiki/Interlobular_veins; https://en.wikipedia.org/wiki/Middle_cerebral_veins; https://en.wikipedia.org/wiki/Stellate_veins; https://en.wikipedia.org/wiki/Internal_vertebral_venous_plexuses; https://en.wikipedia.org/wiki/Proper_palmar_digital_arteries; https://en.wikipedia.org/wiki/Inferior_ulnar_collateral_artery; https://en.wikipedia.org/wiki/Anterior_auricular_branches; https://en.wikipedia.org/wiki/Perineal_artery; https://ijcrr.com/uploads/759_pdf.pdf; https://radiopaedia.org/articles/vertebral-venous-plexus-1; https://en.wikipedia.org/wiki/Brachiocephalic_vein; https://en.wikipedia.org/wiki/Renal_vein; https://en.wikipedia.org/wiki/Deep_palmar_venous_arch; https://en.wikipedia.org/wiki/Descending_palatine_artery; http://purl.obolibrary.org/obo/UBERON_0035234; https://en.wikipedia.org/wiki/Deep_dorsal_vein_of_clitoris; https://en.wikipedia.org/wiki/External_iliac_vein; https://plasticsurgerykey.com/veins-of-the-face-and-neck/; https://en.wikipedia.org/wiki/Dorsalis_pedis_artery; https://en.wikipedia.org/wiki/Posterior_vein_of_the_left_ventricle; https://en.wikipedia.org/wiki/Lingual_artery; https://doi.org/10.1067/mtc.2001.113604; https://en.wikipedia.org/wiki/Oblique_vein_of_the_left_atrium; https://en.wikipedia.org/wiki/Medial_superior_genicular_artery; https://www.vestib.com/arterial-supply.html; https://en.wikipedia.org/wiki/Circumflex_branch_of_left_coronary_artery; https://doi.org/10.26463/rjds.15_2_21; https://en.wikipedia.org/wiki/Thyrocervical_trunk; https://radiopaedia.org/articles/circumflex-artery; https://en.wikipedia.org/wiki/Medial_collateral_artery; https://en.wikipedia.org/wiki/Right_coronary_artery; https://radiopaedia.org/articles/common-femoral-artery; https://en.wikipedia.org/wiki/Posterior_superior_alveolar_artery; https://en.wikipedia.org/wiki/Artery_of_the_pterygoid_canal; https://en.wikipedia.org/wiki/Suprarenal_veins; https://www.wikiwand.com/en/Anterior_spinal_veins; https://doi.org/10.21037/cdt.2018.01.04; https://en.wikipedia.org/wiki/Transverse_cervical_artery; https://en.wikipedia.org/wiki/Anterior_cardiac_veins; https://en.wikipedia.org/wiki/Infraorbital_vein; https://en.wikipedia.org/wiki/Anterior_accessory_saphenous_vein; https://en.wikipedia.org/wiki/Middle_meningeal_artery; https://en.wikipedia.org/wiki/Internal_carotid_artery; http://radiopaedia.org/articles/orbitofrontal-artery; https://teachmeanatomy.info/neuroanatomy/vessels/venous-drainage/; https://en.wikipedia.org/wiki/Dorsal_venous_arch_of_the_foot; https://en.wikipedia.org/wiki/Descending_thoracic_aorta; https://en.wikipedia.org/wiki/Inferior_rectal_veins; http://purl.obolibrary.org/obo/UBERON_0006662; https://www.hand.theclinics.com/article/S0749-0712(19)30087-3/fulltext#secsectitle0035; https://en.wikipedia.org/wiki/Inferior_vesical_artery; https://www.kenhub.com/en/library/anatomy/veins-of-the-vertebral-column; https://www.kenhub.com/en/library/anatomy/lumbar-veins; https://radiopaedia.org/articles/calcarine-artery; https://en.wikipedia.org/wiki/Deep_circumflex_iliac_vein; https://radiopaedia.org/articles/pancreaticoduodenal-veins; https://en.wikipedia.org/wiki/Left_marginal_vein; http://purl.obolibrary.org/obo/UBERON_0036300; https://en.wikipedia.org/wiki/Pulmonary_vein; https://en.wikipedia.org/wiki/Coronary_sinus; https://en.wikipedia.org/wiki/Superficial_epigastric_vein; https://en.wikipedia.org/wiki/Small_saphenous_vein; https://en.wikipedia.org/wiki/Middle_cardiac_vein; https://en.wikipedia.org/wiki/Middle_colic_artery; https://en.wikipedia.org/wiki/Arcuate_vessels_of_uterus; https://en.wikipedia.org/wiki/Lateral_tarsal_artery; https://en.wikipedia.org/wiki/Superior_pancreaticoduodenal_artery; https://en.wikipedia.org/wiki/Lateral_circumflex_femoral_artery; https://en.wikipedia.org/wiki/Middle_rectal_veins; https://en.wikipedia.org/wiki/Sphenopalatine_artery; https://en.wikipedia.org/wiki/Dorsal_metatarsal_arteries; https://en.wikipedia.org/wiki/Superficial_temporal_artery; https://en.wikipedia.org/wiki/Occipital_branch_of_posterior_auricular_artery; https://radiologykey.com/6-pulmonary-artery-and-vein/; https://en.wikipedia.org/wiki/Anterior_tibial_recurrent_artery; https://en.wikipedia.org/wiki/Ascending_aorta; https://en.wikipedia.org/wiki/Ileocolic_artery; https://en.wikipedia.org/wiki/Anterior_tibial_vein; https://en.wikipedia.org/wiki/Thymic_veins; https://en.wikipedia.org/wiki/Vertebral_artery; https://en.wikipedia.org/wiki/Middle_suprarenal_arteries; https://en.wikipedia.org/wiki/Posterior_labial_arteries; https://en.wikipedia.org/wiki/Anterior_tibial_artery; https://en.wikipedia.org/wiki/Inferior_pancreaticoduodenal_artery; https://en.wikipedia.org/wiki/Sternocleidomastoid_branches_of_occipital_artery; https://en.wikipedia.org/wiki/Posterior_interventricular_artery; https://en.wikipedia.org/wiki/Great_saphenous_vein; http://purl.obolibrary.org/obo/UBERON_0001658; https://en.wikipedia.org/wiki/Basilic_vein; https://radiopaedia.org/articles/arterial-supply-to-the-foot; https://doi.org/10.2484/rcr.v5i3.394; https://www.kenhub.com/en/library/anatomy/posterior-auricular-artery; https://www.wikidoc.org/index.php/Left_coronary_artery; https://radiopaedia.org/articles/internal-pudendal-vein; https://en.wikipedia.org/wiki/Femoral_vein; https://en.wikipedia.org/wiki/Common_carotid_artery; https://en.wikipedia.org/wiki/Inferior_labial_artery; https://en.wikipedia.org/wiki/Common_palmar_digital_arteries; https://radiopaedia.org/articles/inferior-vesical-artery; https://radiopaedia.org/articles/profunda-femoris-artery; https://en.wikipedia.org/wiki/Brachial_artery; https://en.wikipedia.org/wiki/Peritubular_capillaries; https://en.wikipedia.org/wiki/Occipital_artery; https://doi.org/10.1007/s12565-018-00475-x; https://en.wikipedia.org/wiki/Internal_pudendal_veins; https://en.wikipedia.org/wiki/Popliteal_vein; https://en.wikipedia.org/wiki/Hepatic_veins; https://doi.org/10.1177/159101999600200307; https://www.kenhub.com/en/library/anatomy/prostatic-venous-plexus; https://radiopaedia.org/articles/venous-drainage-of-the-thoracic-wall; https://doi.org/10.1016/j.wneu.2018.12.071; https://radiopaedia.org/articles/musculophrenic-artery; PMID:12169487; https://en.wikipedia.org/wiki/Anterior_cerebral_artery; https://en.wikipedia.org/wiki/Plantar_arch; https://en.wikipedia.org/wiki/Superior_phrenic_arteries; https://en.wikipedia.org/wiki/Masseteric_artery; https://en.wikipedia.org/wiki/Internal_thoracic_vein; https://en.wikipedia.org/wiki/Left_gastric_vein; https://en.wikipedia.org/wiki/Uterine_venous_plexus; https://en.wikipedia.org/wiki/Dorsal_metatarsal_veins; https://en.wikipedia.org/wiki/Superior_anastomotic_vein; https://en.wikipedia.org/wiki/Common_iliac_vein; https://en.wikipedia.org/wiki/Plantar_digital_veins; https://en.wikipedia.org/wiki/Posterior_intercostal_veins; https://en.wikipedia.org/wiki/Inferior_phrenic_vein; https://www.kenhub.com/en/library/anatomy/left-colic-artery; https://en.wikipedia.org/wiki/Internal_pudendal_artery; https://en.wikipedia.org/wiki/Pampiniform_plexus; https://en.wikipedia.org/wiki/Common_iliac_artery; https://doi.org/10.1016/j.ejvs.2005.10.022; https://doi.org/10.3400/avd.AVDoa07004; https://en.wikipedia.org/wiki/Medial_marginal_vein; https://en.wikipedia.org/wiki/Anterior_ethmoidal_artery; https://en.wikipedia.org/wiki/Superior_rectal_artery; https://en.wikipedia.org/wiki/Deep_cervical_vein; http://purl.obolibrary.org/obo/UBERON_0006690; https://en.wikipedia.org/wiki/Lumbar_arteries; https://en.wikipedia.org/wiki/Uterine_artery; https://en.wikipedia.org/wiki/Anterior_inferior_cerebellar_artery; https://en.wikipedia.org/wiki/Sinoatrial_nodal_artery; https://en.wikipedia.org/wiki/Thymic_branches_of_internal_thoracic_artery; https://doi.org/10.1152/japplphysiol.01177.2009; https://en.wikipedia.org/wiki/Fibular_veins; https://en.wikipedia.org/wiki/Plantar_venous_arch; https://en.wikipedia.org/wiki/Inferior_vena_cava; https://en.wikipedia.org/wiki/Medial_plantar_artery; https://en.wikipedia.org/wiki/Right_colic_artery; https://en.wikipedia.org/wiki/Superior_gluteal_veins; https://en.wikipedia.org/wiki/Transverse_sinuses; https://en.wikipedia.org/wiki/Artery_of_bulb_of_vestibule; PMID:32119400; https://en.wikipedia.org/wiki/Palmar_metacarpal_arteries; https://en.wikipedia.org/wiki/Anterior_humeral_circumflex_artery; https://en.wikipedia.org/wiki/Bronchial_artery; https://en.wikipedia.org/wiki/Princeps_pollicis_artery; https://en.wikipedia.org/wiki/Inferior_gluteal_artery; https://doi.org/10.1148/rg.2019180195; https://en.wikipedia.org/wiki/Meningeal_branch_of_occipital_artery; https://en.wikipedia.org/wiki/Efferent_arteriole; https://en.wikipedia.org/wiki/Inferior_sagittal_sinus; https://en.wikipedia.org/wiki/Dorsal_carpal_branch_of_the_radial_artery; https://en.wikipedia.org/wiki/Descending_genicular_artery; https://en.wikipedia.org/wiki/Colic_branch_of_ileocolic_artery; https://radiopaedia.org/articles/anterior-intercostal-arteries; https://radiopaedia.org/articles/superficial-epigastric-artery; https://www.wheelessonline.com/joints/knee/descending-genicular-branch-of-superficial-femoral-artery/; https://en.wikipedia.org/wiki/Facial_artery; http://purl.obolibrary.org/obo/UBERON_0003468; https://en.wikipedia.org/wiki/Jejunal_veins; https://en.wikipedia.org/wiki/Right_marginal_branch_of_right_coronary_artery; https://en.wikipedia.org/wiki/Posterior_scrotal_arteries; http://purl.obolibrary.org/obo/UBERON_0006656; https://doi.org/10.1053/j.sult.2016.05.008; https://en.wikipedia.org/wiki/Superior_ophthalmic_vein; https://en.wikipedia.org/wiki/Vorticose_veins; https://en.wikipedia.org/wiki/Inferior_thyroid_artery; https://en.wikipedia.org/wiki/Azygos_vein; https://en.wikipedia.org/wiki/Anterior_interosseous_artery; https://en.wikipedia.org/wiki/Jejunal_arteries; https://en.wikipedia.org/wiki/Liver_sinusoid; https://en.wikipedia.org/wiki/Vasa_recta_(intestines); https://www.kenhub.com/en/library/anatomy/blood-supply-of-the-spinal-cord; https://radiopaedia.org/articles/jejunal-and-ileal-branches-of-the-superior-mesenteric-artery; https://www.ncbi.nlm.nih.gov/books/NBK560912/; https://en.wikipedia.org/wiki/Celiac_artery; https://en.wikipedia.org/wiki/Lateral_palpebral_arteries; https://en.wikipedia.org/wiki/Ascending_palatine_artery; https://en.wikipedia.org/wiki/Cephalic_vein; https://en.wikipedia.org/wiki/Central_retinal_artery; https://en.wikipedia.org/wiki/Internal_iliac_vein; https://en.wikipedia.org/wiki/Pterygoid_branches_of_maxillary_artery; https://en.wikipedia.org/wiki/Auricular_branch_of_posterior_auricular_artery; https://en.wikipedia.org/wiki/Iliolumbar_vein; https://en.wikipedia.org/wiki/Greater_palatine_artery; https://en.wikipedia.org/wiki/Cremasteric_artery; https://en.wikipedia.org/wiki/Bronchial_veins; https://en.wikipedia.org/wiki/Lateral_marginal_vein; https://en.wikipedia.org/wiki/Posterior_ulnar_recurrent_artery; https://en.wikipedia.org/wiki/Inferior_epigastric_vein; https://neupsykey.com/the-external-carotid-artery-and-extracranial-circulation/; https://en.wikipedia.org/wiki/Posterior_auricular_artery; https://en.wikipedia.org/wiki/Lateral_sacral_veins; https://en.wikipedia.org/wiki/Gastroduodenal_artery; https://en.wikipedia.org/wiki/Dorsal_digital_veins_of_the_foot; https://radiopaedia.org/articles/labyrinthine-artery; https://doi.org/10.15562/bmj.v9i2.1812; https://epomedicine.com/medical-students/surgical-anatomy-stomach/; https://en.wikipedia.org/wiki/Anterior_spinal_veins; https://doi.org/10.12659/MSM.883201; https://www.flandershealth.us/chronic-pancreatitis/microcirculation-of-the-pancreas.html; https://en.wikipedia.org/wiki/Long_posterior_ciliary_arteries; https://en.wikipedia.org/wiki/Smallest_cardiac_veins; http://purl.obolibrary.org/obo/UBERON_0001362; https://en.wikipedia.org/wiki/Stapedial_branch_of_posterior_auricular_artery; https://radiopaedia.org/articles/transverse-pancreatic-artery; https://en.wikipedia.org/wiki/Brachiocephalic_artery; https://en.wikipedia.org/wiki/Small_cardiac_vein; https://en.wikipedia.org/wiki/Radial_collateral_artery; https://en.wikipedia.org/wiki/Basilar_artery; https://en.wikipedia.org/wiki/Hepatic_artery_proper; https://en.wikipedia.org/wiki/Nasofrontal_vein; https://en.wikipedia.org/wiki/Superior_ulnar_collateral_artery; https://www.kenhub.com/en/library/anatomy/anterior-jugular-vein; https://en.wikipedia.org/wiki/Supraorbital_vein; https://en.wikipedia.org/wiki/Superficial_temporal_vein; https://en.wikipedia.org/wiki/Subcostal_arteries; http://purl.obolibrary.org/obo/UBERON_0001659; https://en.wikipedia.org/wiki/Infraorbital_artery; https://en.wikipedia.org/wiki/Posterior_ethmoidal_artery; https://doi.org/10.1007/s00441-008-0706-5; https://en.wikipedia.org/wiki/Inferior_alveolar_artery; https://www.imaios.com/en/e-Anatomy/Anatomical-Parts/Superior-palpebral-veins; https://www.anatomy.net/angular-vein; https://en.wikipedia.org/wiki/Paramedian_arteries; https://en.wikipedia.org/wiki/Retromandibular_vein; https://en.wikipedia.org/wiki/Radial_artery; https://en.wikipedia.org/wiki/Interlobar_veins; https://en.wikipedia.org/wiki/Dorsal_carpal_arch; https://en.wikipedia.org/wiki/Superior_thyroid_vein; https://en.wikipedia.org/wiki/Middle_genicular_artery; https://en.wikipedia.org/wiki/Fibular_artery; https://en.wikipedia.org/wiki/Internal_jugular_vein; https://en.wikipedia.org/wiki/Short_posterior_ciliary_arteries; https://en.wikipedia.org/wiki/Median_sacral_vein; https://en.wikipedia.org/wiki/Inferior_thyroid_veins; https://en.wikipedia.org/wiki/Superior_intercostal_vein; https://en.wikipedia.org/wiki/Short_gastric_arteries; https://en.wikipedia.org/wiki/Superior_petrosal_sinus; https://doi.org/10.1016/B978-0-12-803058-5.00078-3; https://en.wikipedia.org/wiki/Superior_phrenic_vein; https://en.wikipedia.org/wiki/Jugular_venous_arch; https://teachmeanatomy.info/neck/viscera/larynx/organ/; https://en.wikipedia.org/wiki/Middle_thyroid_vein; http://purl.obolibrary.org/obo/UBERON_0013144; https://en.wikipedia.org/wiki/Common_facial_vein; https://en.wikipedia.org/wiki/Posterior_auricular_vein; https://en.wikipedia.org/wiki/Ulnar_artery; https://en.wikipedia.org/wiki/Left_gastric_artery; https://en.wikipedia.org/wiki/Maxillary_artery; https://en.wikipedia.org/wiki/Aorta; https://www.ncbi.nlm.nih.gov/pmc/articles/PMC6880211/; https://en.wikipedia.org/wiki/Glomerulus_(kidney); https://en.wikipedia.org/wiki/Artery_of_Adamkiewicz; https://en.wikipedia.org/wiki/Right_gastroepiploic_artery; https://en.wikipedia.org/wiki/Right_gastric_vein; https://en.wikipedia.org/wiki/Renal_circulation; https://en.wikipedia.org/wiki/Superior_labial_artery; https://en.wikipedia.org/wiki/Perforating_branches_of_internal_thoracic_artery; https://en.wikipedia.org/wiki/Tonsillar_branch_of_the_facial_artery; https://en.wikipedia.org/wiki/External_iliac_artery; https://en.wikipedia.org/wiki/Ileal_veins; https://en.wikipedia.org/wiki/Ileocolic_vein; https://en.wikipedia.org/wiki/Deep_auricular_artery; https://en.wikipedia.org/wiki/Trabecular_veins; https://en.wikipedia.org/wiki/Pericardiacophrenic_veins; https://en.wikipedia.org/wiki/Superior_epigastric_vein; https://en.wikipedia.org/wiki/Anterior_tympanic_artery; https://radiopaedia.org/articles/diagonal-branches-of-the-left-anterior-descending-artery; https://www.kenhub.com/en/library/anatomy/maxillary-artery; https://en.wikipedia.org/wiki/Deep_circumflex_iliac_artery; https://en.wikipedia.org/wiki/Accessory_meningeal_artery; https://www.healthline.com/human-body-maps/ascending-branch-of-the-left-colic-artery#1; https://en.wikipedia.org/wiki/Medial_circumflex_femoral_artery; https://en.wikipedia.org/wiki/Middle_colic_vein; https://en.wikipedia.org/wiki/Thalamogeniculate_artery; https://en.wikipedia.org/wiki/Superior_thoracic_artery; https://en.wikipedia.org/wiki/Middle_cerebral_artery; http://purl.obolibrary.org/obo/UBERON_0009654; https://en.wikipedia.org/wiki/Superior_mesenteric_vein; https://en.wikipedia.org/wiki/Transverse_cervical_veins; https://en.wikipedia.org/wiki/Artery_of_round_ligament_of_uterus; https://en.wikipedia.org/wiki/Intercostal_arteries; https://radiopaedia.org/articles/angular-artery-mcabranch; https://radiopaedia.org/articles/lateral-lenticulostriate-arteries; https://en.wikipedia.org/wiki/Superior_thalamostriate_vein; https://en.wikipedia.org/wiki/Sublingual_vein; https://en.wikipedia.org/wiki/Central_retinal_vein; https://en.wikipedia.org/wiki/Dorsal_venous_network_of_hand; https://en.wikipedia.org/wiki/Zygomatico-orbital_artery; https://en.wikipedia.org/wiki/Superior_labial_vein; https://en.wikipedia.org/wiki/Subscapular_artery; https://en.wikipedia.org/wiki/Inferior_labial_vein; https://en.wikipedia.org/wiki/Ophthalmic_artery; https://en.wikipedia.org/wiki/Cavernous_sinus; https://en.wikipedia.org/wiki/Inferior_petrosal_sinus; https://en.wikipedia.org/wiki/Auricular_branch_of_occipital_artery; https://en.wikipedia.org/wiki/Iliac_branch_of_iliolumbar_artery; https://doi.org/10.3171/jns.1978.49.2.0204; https://www.imaios.com/en/e-Anatomy/Anatomical-Parts/Lacrimal-vein; https://www.anatomy.net/superior-thyroid-vein; https://en.wikipedia.org/wiki/Posterior_humeral_circumflex_artery; https://en.wikipedia.org/wiki/Great_cardiac_vein; https://en.wikipedia.org/wiki/Radial_recurrent_artery; https://www.kenhub.com/en/library/anatomy/obturator-artery; https://en.wikipedia.org/wiki/Right_gastroepiploic_vein; https://en.wikipedia.org/wiki/Inferior_ophthalmic_vein; https://en.wikipedia.org/wiki/Superior_gluteal_artery; https://en.wikipedia.org/wiki/Left_colic_artery; https://en.wikipedia.org/wiki/Hyaloid_artery; https://en.wikipedia.org/wiki/Medial_palpebral_arteries; https://ranzcrpart1.fandom.com/wiki/Arterial_supply_to_brain:Ophthalmic_artery_and_branches; https://en.wikipedia.org/wiki/Posterior_cerebral_artery; https://en.wikipedia.org/wiki/Superficial_palmar_venous_arch; https://en.wikipedia.org/wiki/Suprascapular_vein; https://en.wikipedia.org/wiki/Brachial_veins; https://en.wikipedia.org/wiki/Lateral_thoracic_vein; http://purl.obolibrary.org/obo/UBERON_0004561; https://en.wikipedia.org/wiki/Trabecular_arteries; https://en.wikipedia.org/wiki/Radial_veins; https://en.wikipedia.org/wiki/Ulnar_veins; https://en.wikipedia.org/wiki/Dorsal_metacarpal_veins; https://doi.org/10.1152/ajprenal.00071.2010; https://en.wikipedia.org/wiki/Stylomastoid_artery; https://en.wikipedia.org/wiki/Posterior_spinal_artery; https://en.wikipedia.org/wiki/Median_antebrachial_vein; https://en.wikipedia.org/wiki/Subclavian_vein; https://en.wikipedia.org/wiki/Aortic_arch; https://www.kenhub.com/en/library/anatomy/femoral-vein; https://en.wikipedia.org/wiki/Anterior_superior_alveolar_arteries; https://en.wikipedia.org/wiki/Straight_sinus; https://en.wikipedia.org/wiki/Deep_lingual_vein; https://en.wikipedia.org/wiki/Splenic_artery; https://en.wikipedia.org/wiki/Dorsal_lingual_veins; https://en.wikipedia.org/wiki/Occipital_sinus; https://en.wikipedia.org/wiki/Anterior_spinal_artery; https://en.wikipedia.org/wiki/Umbilical_artery; https://en.wikipedia.org/wiki/Lateral_nasal_branch_of_facial_artery; https://en.wikipedia.org/wiki/Superior_vena_cava; https://en.wikipedia.org/wiki/Deep_temporal_arteries; https://anatomyzone.com/neuroanatomy/spinal-cord/blood-supply-to-the-spinal-cord/; https://en.wikipedia.org/wiki/Buccal_artery; https://en.wikipedia.org/wiki/Thoracoacromial_artery; https://en.wikipedia.org/wiki/Dorsal_pancreatic_artery; https://en.wikipedia.org/wiki/Glandular_branches_of_facial_artery; https://en.wikipedia.org/wiki/Inferior_anastomotic_vein; https://en.wikipedia.org/wiki/Superior_vesical_artery; https://en.wikipedia.org/wiki/External_jugular_vein; https://en.wikipedia.org/wiki/Anterior_jugular_vein; https://en.wikipedia.org/wiki/Sural_arteries; https://en.wikipedia.org/wiki/Lesser_palatine_arteries; http://purl.obolibrary.org/obo/UBERON_0002089; https://en.wikipedia.org/wiki/Posterior_external_jugular_vein; https://en.wikipedia.org/wiki/Superior_cerebellar_artery; https://en.wikipedia.org/wiki/Pontine_arteries; https://radiopaedia.org/articles/transverse-cervical-artery; https://en.wikipedia.org/wiki/Labyrinthine_artery; https://radiopaedia.org/articles/sulcal-artery?lang=us; https://en.wikipedia.org/wiki/Superior_sagittal_sinus; https://en.wikipedia.org/wiki/Inferior_cerebral_veins; https://en.wikipedia.org/wiki/Deep_palmar_arch; https://en.wikipedia.org/wiki/Cerebellar_veins; https://www.kenhub.com/en/library/anatomy/veins-of-the-brain; https://en.wikipedia.org/wiki/Great_cerebral_vein; https://en.wikipedia.org/wiki/Superior_cerebral_veins; https://en.wikipedia.org/wiki/Internal_cerebral_veins; http://purl.obolibrary.org/obo/UBERON_0036074; https://en.wikipedia.org/wiki/Maxillary_veins; https://www.dizziness-and-balance.com/anatomy/ear/vascular.html; http://purl.obolibrary.org/obo/UBERON_0010205; https://en.wikipedia.org/wiki/Inferior_mesenteric_artery; https://en.wikipedia.org/wiki/Iliolumbar_artery; https://en.wikipedia.org/wiki/Submental_artery; https://en.wikipedia.org/wiki/Lateral_sacral_artery; https://en.wikipedia.org/wiki/Superior_epigastric_artery; https://en.wikipedia.org/wiki/Esophageal_branches_of_left_gastric_artery; https://en.wikipedia.org/wiki/Dorsal_nasal_artery; https://en.wikipedia.org/wiki/Median_sacral_artery; https://en.wikipedia.org/wiki/Left_gastroepiploic_artery; https://en.wikipedia.org/wiki/Greater_pancreatic_artery; https://en.wikipedia.org/wiki/Suprascapular_artery; https://en.wikipedia.org/wiki/Thoracodorsal_artery; https://en.wikipedia.org/wiki/Occipital_vein; https://en.wikipedia.org/wiki/Pterygoid_plexus; https://medical-dictionary.thefreedictionary.com/Burow+vein; https://en.wikipedia.org/wiki/Arcuate_arteries_of_the_kidney; https://en.wikipedia.org/wiki/Palmar_carpal_branch_of_ulnar_artery; https://en.wikipedia.org/wiki/Afferent_arterioles; https://en.wikipedia.org/wiki/Interlobular_arteries; https://en.wikipedia.org/wiki/Deep_facial_vein; https://en.wikipedia.org/wiki/Superficial_palmar_branch_of_radial_artery; https://doi.org/10.1002/cphy.cp060142; https://en.wikipedia.org/wiki/Abdominal_aorta; https://www.kenhub.com/en/library/anatomy/the-cavernous-sinus; https://en.wikipedia.org/wiki/Ethmoidal_veins; https://radiopaedia.org/articles/radialis-indicis-artery; https://www.imaios.com/en/e-Anatomy/Anatomical-Parts/Anterior-ciliary-veins; https://en.wikipedia.org/wiki/Anterior_communicating_artery; https://en.wikipedia.org/wiki/Plantar_metatarsal_veins; https://en.wikipedia.org/wiki/Sigmoid_arteries; https://en.wikipedia.org/wiki/Choroid; https://en.wikipedia.org/wiki/Confluence_of_sinuses; https://en.wikipedia.org/wiki/Supratrochlear_artery; https://en.wikipedia.org/wiki/Supraorbital_artery; https://en.wikipedia.org/wiki/Superior_hypophysial_artery; https://en.wikipedia.org/wiki/Superficial_palmar_arch; https://en.wikipedia.org/wiki/Anterior_intercostal_veins; https://radiopaedia.org/articles/superior-petrosal-vein-2; https://en.wikipedia.org/wiki/Lacrimal_artery; https://en.wikipedia.org/wiki/Vertebral_vein; https://en.wikipedia.org/wiki/Supreme_intercostal_vein; https://en.wikipedia.org/wiki/Anterior_choroidal_artery; https://doi.org/10.17354/ijss/2016/337; https://en.wikipedia.org/wiki/Obturator_artery; https://en.wikipedia.org/wiki/Dorsal_carpal_branch_of_the_ulnar_artery; https://en.wikipedia.org/wiki/External_vertebral_venous_plexuses; https://www.healthline.com/human-body-maps/medial-inferior-genicular-artery#1; https://www.imaios.com/en/e-Anatomy/Anatomical-Parts/Anterior-vertebral-vein; https://radiopaedia.org/articles/appendicular-artery; https://doi.org/10.1016/B978-0-12-803062-2.00002-4; ISBN:9780323393225; https://en.wikipedia.org/wiki/Deep_cervical_artery",CD59; TIE1,GJA5; HLA-DPB1; HLA-DPA1; ESAM; CD59; HLA-DRA; CD34; CD209; PECAM1; ICAM1; ENG; EMCN; TEK; SPARCL1; TIE1; CDH5; MARCO; NECTIN2; CCL14; HLA-DRB1; CD300LG; PDPN; PROX1; CD74; PLVAP; ACKR1; JAM2; CAV1
"6,5",CL:0000115,endothelial cell,9,fallopian-tube; spinal-cord,2,https://doi.org/10.1016/j.neuron.2023.01.007; https://doi.org/10.1016/j.celrep.2021.108978,CLDN5,CLDN5
"6,5",CL:0002138,endothelial cell of lymphatic vessel,4,thymus; kidney,2,https://doi.org/10.1080/01926230600865549; https://doi.org/10.1126/science.aay3224; https://doi.org/10.1038/s41467-019-10861-2; https://doi.org/10.1038/s41467-019-12872-5; https://doi.org/10.1172/jci.insight.133267; https://doi.org/10.1038/s41586-020-2941-1,TFPI; FABP5; MMRN1,NTS; NUPR1; LAPTM5; TFPI; TFF3; LYVE1; CCL21; CAVIN2; PROX1; PECAM1; FABP5; TBX1; MMRN1
"6,5",CL:0000818,transitional stage B cell,3,blood-pelvis; bone-marrow; spleen,3,https://doi.org/10.1093/intimm/14.2.157; https://doi.org/10.1038/s41421-020-0157-z; https://doi.org/10.1073/pnas.172384399,APLP2; SOX4,IL4R; FCRLA; CD38; CD22; IGHM; CD19; IGLL5; MS4A1; CD27; CR2; THBD; CD24; HLA-DRA; SOX4; TCL1A; ITGAX; IGHD; MME; CLEC9A; FCER2; APLP2; CD14; CD1C; CD5; BCL7A; PLPP5; FCGR3A; CD3E; IL3RA; NCAM1; CXCR4
"6,5",CL:4028002,alveolar capillary type 1 endothelial cell,3,lung,1,https://doi.org/10.1148/93.3.507; https://doi.org/10.1136/thx.13.2.110,CLDN5,APLNR; DTL; GPIHBP1; PLVAP; CLEC14A; CLDN5; NOTCH4; IL7R; PECAM1; ECSCR
"6,5",CL:4028003,alveolar capillary type 2 endothelial cell,3,lung,1,https://doi.org/10.1148/93.3.507; https://doi.org/10.1136/thx.13.2.110,CLDN5,EDNRB; NOTCH4; PECAM1; ECSCR; APLN; CLEC14A; CLDN5; CA4
"6,5",CL:0000540,neuron,2,spinal-cord,1,https://doi.org/10.1016/j.neuron.2023.01.007,RELN,IRAK1; RELN; PDE11A; NMUR2
"6,5",CL:0009086,endothelial cell of respiratory system lymphatic vessel,2,lung,1,https://doi.org/10.1148/93.3.507; https://doi.org/10.1136/thx.13.2.110,MMRN1; CLDN5,PROX1; PECAM1; ECSCR; MMRN1; CLDN5; LYVE1; CCL21
"6,5",PCL:0015107,Exc L5-6 FEZF2 CFTR primary motor cortex glutamatergic neuron (Hsap),1,allen-brain,1,https://doi.org/10.1038/s41586-021-03465-8,SEMA3D,NR4A2; SEMA3D
"6,5",PCL:0015125,Endo L2-5 NOSTRIN SRGN primary motor cortex endothelial cell (Hsap),1,allen-brain,1,https://doi.org/10.1038/s41586-021-03465-8,CLDN5,CLDN5
"6,5",PCL:0051434,Midi_433 midbrain-derived inhibitory neuron (Hsap),1,allen-brain,1,https://doi.org/10.1101/2022.10.12.511898,RELN,PRSS12; OTX2-AS1; RELN; HHIP
"6,5",PCL:0051299,CBI_298 cerebellar inhibitory GABAergic interneuron (Hsap),1,allen-brain,1,https://doi.org/10.1101/2022.10.12.511898,RELN,RELN; VCAN; SLC6A5
"6,5",PCL:0015046,Inh L3-5 SST GGTLC3 primary motor cortex GABAergic interneuron (Hsap),1,allen-brain,1,https://doi.org/10.1038/s41586-021-03465-8,RELN,RELN; EYS
"6,5",PCL:0051409,Amex_408 amygdala excitatory neuron (Hsap),1,allen-brain,1,https://doi.org/10.1101/2022.10.12.511898,RELN,RELN; EOMES; HPSE2
"6,5",CL:4033008,vein endothelial cell of respiratory system,1,lung,1,https://doi.org/10.1148/93.3.507; https://doi.org/10.1136/thx.13.2.110,CLDN5,NOTCH4; ACKR1; PDZRN4; EMCN; VWF; PECAM1; ECSCR; NR2F2; CLEC14A; CLDN5
"6,5",CL:1000351,basal cell of epithelium of respiratory bronchiole,1,lung,1,https://doi.org/10.1148/93.3.507; https://doi.org/10.1136/thx.13.2.110,SOX4,ELF3; SCGB3A2; TSPAN1; CDH1; SCGB1A1; EPCAM; SOX4; KLK11; FXYD3
"6,5",CL:0000936,early lymphoid progenitor,1,bone-marrow,1,https://doi.org/10.1038/ni.1889,SOX4,NCAM1; PTPRC; IL2RG; SOX4; SYK; CD2; CD14; CD34; GYPA; CD19; BCL11A; FCGR3A; JCHAIN; CD38; CD3E
"6,5",PCL:0015008,Inh L1 PAX6 MIR101-1 primary motor cortex GABAergic interneuron (Hsap),1,allen-brain,1,https://doi.org/10.1038/s41586-021-03465-8,RELN,RELN; TGFBR2
"6,5",CL:0000037,hematopoietic stem cell,1,spleen,1,https://doi.org/10.1111/imcb.12035; https://doi.org/10.1101/2020.01.26.919753,SOX4,SOX4; IGLL1; PTPRC; CPA3; HPGDS; CD38; CD34; CD19; THY1
"6,5",PCL:0015015,Inh L1 LAMP5 NMBR primary motor cortex GABAergic interneuron (Hsap),1,allen-brain,1,https://doi.org/10.1038/s41586-021-03465-8,RELN,RELN; PCDH18
"6,5",PCL:0051397,Splat_396 neuron (Hsap),1,allen-brain,1,https://doi.org/10.1101/2022.10.12.511898,SEMA3D,LMX1B; GATA3; SEMA3D
"6,5",PCL:0015001,Inh L1 LAMP5 PVRL2 primary motor cortex GABAergic interneuron (Hsap),1,allen-brain,1,https://doi.org/10.1038/s41586-021-03465-8,RELN,RELN; HS3ST5; CBLN4; TRPC3
"6,5",PCL:0051252,MGE_251 medial ganglionic eminence derived interneuron (Hsap),1,allen-brain,1,https://doi.org/10.1101/2022.10.12.511898,RELN,RP11-387P12.1; RELN; ADGRG6; SST
"6,5",PCL:0051034,OPC_33 oligodendrocyte precursor cell (Hsap),1,allen-brain,1,https://doi.org/10.1101/2022.10.12.511898,APOD,RP1-45C12.1; APOD; OLIG1
"6,5",PCL:0015007,Inh L3-6 PAX6 LINC01497 primary motor cortex GABAergic interneuron (Hsap),1,allen-brain,1,https://doi.org/10.1038/s41586-021-03465-8,RELN,RELN; PALMD
"6,5",PCL:0051311,URL_310 cerebellar granule cell (Hsap),1,allen-brain,1,https://doi.org/10.1101/2022.10.12.511898,RELN,RP11-97F8.2; RP11-81F8.1; RP11-649A16.1; RELN
"6,6",CL:4030014,kidney loop of Henle long descending thin limb inner medulla epithelial cell,1,kidney,1,https://doi.org/10.1681/ASN.2020010071; https://doi.org/10.1152/ajprenal.2000.278.2.F202; https://doi.org/10.1152/ajprenal.2000.278.1.F52; https://doi.org/10.1101/2021.07.28.454201; https://doi.org/10.1016/j.devcel.2019.10.005; https://doi.org/10.1038/s41467-019-10861-2,CRYAB,SH3GL3; CRYAB; CLDN1; SLC4A11; TACSTD2; CPE; SLC14A2
"6,6",CL:0009075,myo-medullary thymic epithelial cell,1,thymus,1,https://doi.org/10.1126/science.aay3224; https://doi.org/10.3791/50951; https://doi.org/10.1038/s41467-021-21346-6; https://doi.org/10.1080/01926230600865549,TTN,TTN; TPM2; TNNT3; EPCAM; PTPRC; NEB; MYOG; ACTA1; NNAT; CDR2; TNNI2; MYL11; KLHL41
"6,6",PCL:0051064,Astro_63 astrocyte (Hsap),1,allen-brain,1,https://doi.org/10.1101/2022.10.12.511898,CRYAB,GFAP; CRYAB
"6,6",CL:4030013,kidney loop of Henle long descending thin limb outer medulla epithelial cell,1,kidney,1,https://doi.org/10.1681/ASN.2020010071; https://doi.org/10.1152/ajprenal.2000.278.1.F52; https://doi.org/10.1101/2021.07.28.454201; https://doi.org/10.1016/j.devcel.2019.10.005; https://doi.org/10.1038/s41467-019-10861-2,CRYAB,CRYAB; SLC39A8; AQP1; SLC4A11; TACSTD2; SLC9A3
"6,6",CL:1001111,kidney loop of Henle thin descending limb epithelial cell,1,kidney,1,https://doi.org/10.1681/ASN.2020010071; https://doi.org/10.1172/jci.insight.133267; https://doi.org/10.1038/s41467-019-10861-2,CRYAB,CRYAB; SATB2; CDH1; VIM; VCAM1; SLC44A5; SPP1
"6,6",PCL:0051050,Oligo_49 oligodendrocyte (Hsap),1,allen-brain,1,https://doi.org/10.1101/2022.10.12.511898,CRYAB,CARNS1; CRYAB; AC084149.2; SLC5A11; TF
"6,6",CL:1001107,kidney loop of Henle thin ascending limb epithelial cell,1,kidney,1,https://doi.org/10.1016/j.devcel.2019.10.005; https://doi.org/10.1038/s41467-019-10861-2,CRYAB,CLCNKA; CLDN3; CDH1; PROX1; TACSTD2; CRYAB; SH3GL3
"6,6",CL:4030012,kidney loop of Henle short descending thin limb epithelial cell,1,kidney,1,https://doi.org/10.1681/ASN.2020010071; https://doi.org/10.1152/ajprenal.2000.278.1.F52; https://doi.org/10.1172/jci.insight.133267; https://doi.org/10.1038/s41467-019-10861-2,CRYAB,ID1; CRYAB; SATB2; JAG1; TACSTD2; SPP1; CPE; SLC14A2
"6,7",CL:2000053,splenic endothelial cell,10,spleen,1,https://doi.org/ 10.1182/ bloodadvances.2017015073; https://doi.org/10.1182/ bloodadvances.2017015073; https://doi.org/10.1111/j.1365-2559.1986.tb02482.x; https://doi.org/10.1111/j.1365-2559.1985.tb02841.x; https://doi.org/10.1016/j.aanat.2019.05.004; https://doi.org/10.1182/bloodadvances.2017015073; https://doi.org/10.1111/imm.12469; https://doi.org/10.1007/s00418-007-0320-8,THBD,CD8A; PECAM1; CD34; VWF; THBD
"6,7",CL:0000442,follicular dendritic cell,5,spleen,1,PMID: 20126587; https://doi.org/10.1007/s00418-011-0799-x; https://doi.org/10.1111/imm.12469; https://doi.org/10.1038/s41467-019-09728-3,THBD,CR1; FCER2; PTHLH; NGFR; CXCL13; THBD; KLF6; THY1; ACTA2; MFGE8; ENG; SOX9; FNBP1; CR2; POSTN; FCGR2B; MADCAM1
"6,7",CL:0002394,CD141-positive myeloid dendritic cell,4,spleen; lymph-node; blood-pelvis,3,https://doi.org/10.4049/jimmunol.1002632; https://doi.org/10.1046/j.1365-2567.1997.00328.x; https://doi.org/10.1186/s13059-019-1906-x; https://doi.org/10.1016/j.immuni.2017.02.019; https://doi.org/10.1016/S0002-94401061694-X; https://doi.org/10.3109/10428194.2013.781167,THBD,IDO1; CD74; ANPEP; CADM1; CD19; FCGR3A; IL3RA; XCR1; BATF3; CD1C; CD14; CD3E; HLA-DRA; THBD; CLEC9A; ITGAX; NCAM1
"6,7",CL:0000990,conventional dendritic cell,3,liver; bone-marrow,2,https://doi.org/10.1111/imm.12888; https://doi.org/10.3109/10428194.2013.781167; https://doi.org/10.1016/j.immuni.2017.04.019,THBD,CADM1; NCAM1; ITGAX; CD19; FCGR2B; FCGR3A; IL3RA; CD14; CD1C; CD3E; HLA-DPB1; HLA-DRA; CLEC10A; XCR1; HLA-DQA2; CLEC9A; THBD; FCER1A
"6,7",CL:0002399,CD1c-positive myeloid dendritic cell,2,blood-pelvis,1,https://doi.org/10.1002/cyto.a.23724; https://doi.org/10.1016/j.immuni.2017.04.019,THBD,CD36; S100A9; ITGAX; IL3RA; NCAM1; CD19; FCGR2B; FCGR3A; CD14; CD1C; S100A8; CD3E; HLA-DPB1; HLA-DRA; CD163; CLEC10A; HLA-DQA2; THBD; FCER1A
"6,7",CL:1000489,reticular cell of splenic cord,2,spleen,1,https://doi.org/10.55418/9781933477060.; https://doi.org/10.1111/imm.12469; https://doi.org/10.1038/s41467-019-09728-3,THBD,MADCAM1; NGFR; IL7; ENPP2; CCL19; CCL21; BST1; DSC2; THBD; ACTA2; THY1; C3; CLU; CD74; CR2; DCN; ENG
"6,7",CL:0002460,CD8-alpha-negative thymic conventional dendritic cell,2,thymus,1,https://doi.org/10.1172/JCI11734; https://doi.org/10.1038/cti.2015.21; https://doi.org/10.1126/science.aay3224,THBD,MNDA; LGALS2; ITGAX; XCR1; CD1C; CD33; HLA-DQB1; THBD; ALDH2; SIRPA; ITGAM; CD4; PTPRC; CLEC10A; GSN; HLA-DQA1; CD83; JAML; CTSH
"6,7",CL:0002059,CD8-alpha-positive thymic conventional dendritic cell,2,thymus,1,https://doi.org/10.1172/JCI11734; https://doi.org/10.1038/cti.2015.21; https://doi.org/10.1126/science.aay3224,THBD,PTPRC; ITGAX; LYZ; LGALS2; CPVL; SIRPA; ITGAM; XCR1; CD33; BATF3; IRF8; C1orf54; CD4; DNASE1L3; CD83; RGCC; HLA-DPA1; THBD; CLEC9A
"6,7",CL:0000575,corneal epithelial cell,1,eye,1,https://doi.org/10.1634/stemcell.22-3-355,GJA1,NES; KRT3; KRT12; GJA1; CDH1
"6,7",CL:0000818,transitional stage B cell,1,bone-marrow,1,https://doi.org/10.1073/pnas.172384399,THBD,NCAM1; IL3RA; BCL7A; ITGAX; TCL1A; SOX4; HLA-DRA; CD24; CD19; FCGR3A; CD14; CD1C; CD3E; FCRLA; THBD; IGLL5; CLEC9A
"6,7",CL:1000413,endothelial cell of artery,1,spleen,1,https://doi.org/10.1182/bloodadvances.2017015073; https://doi.org/10.1016/j.aanat.2019.05.004; https://doi.org/10.1007/s00418-007-0320-8,THBD,PECAM1; CD34; VWF; THBD
"6,7",CL:0002543,vein endothelial cell,1,spleen,1,https://doi.org/10.1182/bloodadvances.2017015073; https://doi.org/10.1016/j.aanat.2019.05.004; https://doi.org/10.1007/s00418-007-0320-8,THBD,PECAM1; CD34; VWF; THBD
"6,7",ASCTB-TEMP:splenic-stromal-cell-non-frc-non-fdc-,Splenic Stromal Cell (non-FRC/non-FDC),1,spleen,1,https://doi.org/10.1111/imm.12469,THBD,ENG; PDPN; CR2; NGFR; CR1; MADCAM1; TNFSF11; ACTA2; THY1; THBD; CXCL13
"6,7",PCL:0051147,DLIT_146 intratelencephalic-projecting glutamatergic cortical neuron (Hsap),1,allen-brain,1,https://doi.org/10.1101/2022.10.12.511898,SNTG2,ADAMTS16; CBLN2; SNTG2; FBXL21P
"6,7",CL:0000788,naive B cell,1,spleen,1,https://doi.org/10.1186/s13059-019-1906-x; https://doi.org/10.1111/imm.12469,YBX3,IGHD; YBX3; MS4A1; FCER2; TCL1A; IL4R
"7,0",PCL:0051231,EMSN_230 medium spiny neuron (Hsap),1,allen-brain,1,https://doi.org/10.1101/2022.10.12.511898,EYA2,HRH3; EYA2; ADAMTS3; RXFP1
"7,0",PCL:0051030,Fbl_29 fibroblast (Hsap),1,allen-brain,1,https://doi.org/10.1101/2022.10.12.511898,BMPR1B,EBF2; SLC2A1; BMPR1B
"7,0",PCL:0051018,VendV_17 vein endothelial cell (Hsap),1,allen-brain,1,https://doi.org/10.1101/2022.10.12.511898,IL1R1,SRGN; IL1R1
"7,0",PCL:0051217,MSN_216 indirect pathway medium spiny neuron (Hsap),1,allen-brain,1,https://doi.org/10.1101/2022.10.12.511898,EYA2,CTC-340A15.2; PENK; EYA2; RP11-97F8.2; DRD2
"7,0",PCL:0051438,Midi_437 midbrain-derived inhibitory neuron (Hsap),1,allen-brain,1,https://doi.org/10.1101/2022.10.12.511898,BMPR1B,CH17-174L20.1; OTX2-AS1; BMPR1B; RORB
"7,0",PCL:0051372,Splat_371 neuron (Hsap),1,allen-brain,1,https://doi.org/10.1101/2022.10.12.511898,BNC2,BNC2; NPSR1; CPA6
"7,0",PCL:0051020,Vsmc_19 brain vascular cell (Hsap),1,allen-brain,1,https://doi.org/10.1101/2022.10.12.511898,MECOM,MECOM; ACTA2
"7,0",PCL:0051317,LRL_316 neuron (Hsap),1,allen-brain,1,https://doi.org/10.1101/2022.10.12.511898,EYA2,EYA2; BTNL9; ADAMTS20
"7,0",PCL:0051017,VendVC_16 capillary endothelial cell (Hsap),1,allen-brain,1,https://doi.org/10.1101/2022.10.12.511898,MECOM,MECOM; TRPM6
"7,0",PCL:0051422,Splat_421 neuron (Hsap),1,allen-brain,1,https://doi.org/10.1101/2022.10.12.511898,ESR1,ESR1; STK32B
"7,0",PCL:0051227,EMSN_226 medium spiny neuron (Hsap),1,allen-brain,1,https://doi.org/10.1101/2022.10.12.511898,EYA2,EYA2; PTPRQ; RXFP1; CXCL14
"7,0",PCL:0051229,EMSN_228 medium spiny neuron (Hsap),1,allen-brain,1,https://doi.org/10.1101/2022.10.12.511898,MEIS1,MEIS1; NPFFR2; ADAMTSL1; RP11-154H17.1; SEMA3C
"7,0",PCL:0051230,EMSN_229 medium spiny neuron (Hsap),1,allen-brain,1,https://doi.org/10.1101/2022.10.12.511898,MEIS1,PTH2R; MEIS1; ADAMTSL1; CACNG5; TSHZ1
"7,0",PCL:0051427,EMSN_426 medium spiny neuron (Hsap),1,allen-brain,1,https://doi.org/10.1101/2022.10.12.511898,MEIS1,MEIS1; RP11-537P24.1; TSHZ1
"7,0",PCL:0051052,Bgl_51 Bergmann glial cell (Hsap),1,allen-brain,1,https://doi.org/10.1101/2022.10.12.511898,LAMA2,LAMA2; LINC01727
"7,0",PCL:0051340,Splat_339 neuron (Hsap),1,allen-brain,1,https://doi.org/10.1101/2022.10.12.511898,MEIS1,MEIS1; LINC01798; SLC6A5
"7,0",PCL:0015077,Exc L2-3 LINC00507 DSG3 primary motor cortex glutamatergic neuron (Hsap),1,allen-brain,1,https://doi.org/10.1038/s41586-021-03465-8,BMPR1B,BMPR1B; BDNF
"7,0",PCL:0051306,CBI_305 cerebellar inhibitory GABAergic interneuron (Hsap),1,allen-brain,1,https://doi.org/10.1101/2022.10.12.511898,BMPR1B,NTN1; LINC02552; TFAP2B; BMPR1B
"7,0",PCL:0051019,VendA_18 endothelial cell of artery (Hsap),1,allen-brain,1,https://doi.org/10.1101/2022.10.12.511898,MECOM,MGP; MECOM
"7,0",PCL:0051129,ULIT_128 intratelencephalic-projecting glutamatergic cortical neuron (Hsap),1,allen-brain,1,https://doi.org/10.1101/2022.10.12.511898,LAMA2,RP11-387P12.1; LAMA2; LINC02055; COL5A2
"7,0",PCL:0015082,Exc L3 THEMIS ENPEP primary motor cortex glutamatergic neuron (Hsap),1,allen-brain,1,https://doi.org/10.1038/s41586-021-03465-8,LAMA2,LAMA2; FAP
"7,0",PCL:0051032,Fbl_31 arachnoid barrier cell (Hsap),1,allen-brain,1,https://doi.org/10.1101/2022.10.12.511898,BNC2,PTGDR; BNC2
"7,0",PCL:0051437,Midi_436 midbrain-derived inhibitory neuron (Hsap),1,allen-brain,1,https://doi.org/10.1101/2022.10.12.511898,BMPR1B,OTX2-AS1; HMCN1; BMPR1B
"7,0",PCL:0051016,VendC_15 capillary endothelial cell (Hsap),1,allen-brain,1,https://doi.org/10.1101/2022.10.12.511898,MECOM,ABCG2; MECOM; HMCN1
"7,0",PCL:0051041,Oligo_40 oligodendrocyte (Hsap),1,allen-brain,1,https://doi.org/10.1101/2022.10.12.511898,ERBB4,ERBB4; OPALIN; PLP1
"7,0",PCL:0051426,Splat_425 neuron (Hsap),1,allen-brain,1,https://doi.org/10.1101/2022.10.12.511898,ESR1,SATB1-AS1; NR2F2-AS1; ESR1; LHX6
"7,1",CL:0008036,extravillous trophoblast,9,placenta,1,PMID:8804361; https://doi.org/10.1155/2021/6662201; https://doi.org/10.1095/biolreprod.106.055244; https://doi.org/10.1093/humrep/dem265; https://doi.org/10.1053/plac.2000.0559; https://doi.org/10.1016/j.jim.2003.03.001; https://doi.org/10.1242/dev.148932; https://doi.org/10.1016/0198-8859(93)90138-Q,KRT7,HLA-G; KRT7; PLAC8; MCAM
"7,1",CL:0000523,mononuclear cytotrophoblast cell,8,placenta,1,https://doi.org/10.1095/biolreprod.106.055244; https://doi.org/10.1053/plac.2000.0559; https://doi.org/10.1016/S0143-4004(05)80438-2; https://doi.org/10.1016/j.jim.2003.03.001; https://doi.org/10.1016/j.ajpath.2014.08.006,KRT7,KRT7; EGFR; TP63
"7,1",CL:0000525,syncytiotrophoblast cell,7,placenta,1,https://doi.org/10.1095/biolreprod.106.055244; https://doi.org/10.1056/NEJM197007232830408; https://doi.org/10.1053/plac.2000.0559; https://doi.org/10.1016/S0143-4004(05)80438-2; https://doi.org/10.1016/j.jim.2003.03.001; https://doi.org/10.1146/annurev.bi.50.070181.002341; https://doi.org/10.1007/BF01628222,KRT7,PSG4; KRT7; CSH1; EGFR; CGB3
"7,1",CL:0000764,erythroid lineage cell,6,thymus,1,PMID:7364659; https://doi.org/10.1126/science.aay3224,HBA2; HBB; HBA1,HBG2; HBG1; HBB; HBM; HBA2; FAM178B; AHSP; HBA1; ALAS2; BLVRB
"7,1",CL:4033063,endovascular extravillous trophoblast cell,3,placenta,1,https://doi.org/10.1172/JCI119387; https://doi.org/10.1016/0198-8859(93)90138-Q; PMID:8804361; https://doi.org/10.1155/2021/6662201; https://doi.org/10.1095/biolreprod.106.055244; https://doi.org/10.1093/humrep/dem265; https://doi.org/10.1053/plac.2000.0559; https://doi.org/10.1016/j.jim.2003.03.001,KRT7,MCAM; KRT7; HLA-G; CDH5
"7,1",CL:0002536,epithelial cell of amnion,3,placenta,1,https://doi.org/10.17772/gp/1673; https://doi.org/10.1016/j.jri.2009.02.007; https://doi.org/10.1095/biolreprod.106.055244; https://doi.org/10.1053/plac.2000.0559; https://doi.org/10.1371/journal.pone.0146082; https://doi.org/10.1016/j.jim.2003.03.001,KRT7,POU5F1; KRT7; SOX2
"7,1",ASCTB-TEMP:effector-chondrocyte,Effector Chondrocyte,2,knee,1,https://doi.org/10.1136/ard-2022-223227,IGFBP7,IGFBP7; CHAD; STC2
"7,1",CL:0000244,transitional epithelial cell,1,large-intestine,1,ISBN:978-1496398949,KRT7,KRT7; KRT19
"7,1",CL:0000240,stratified squamous epithelial cell,1,large-intestine,1,ISBN:978-1496398949,KRT7,KRT7; KRTAP5-6; CHAF1B
"7,1",PCL:0015045,Inh L3-5 SST OR5AH1P primary motor cortex GABAergic interneuron (Hsap),1,allen-brain,1,https://doi.org/10.1038/s41586-021-03465-8,FBXL7,ADAMTS5; FBXL7; SST
"7,1",CL:0000317,sebocyte,1,large-intestine,1,ISBN:978-1496398949,KRT7,KRT7
"7,1",CL:0000434,eccrine cell,1,large-intestine,1,ISBN:978-1496398949,KRT7,keratin 19; KRT7
"7,1",CL:0000033,apocrine cell,1,large-intestine,1,ISBN:978-1496398949,KRT7,keratin 19; KRT7
"7,1",PCL:0015003,Inh L1-6 LAMP5 AARD primary motor cortex GABAergic interneuron (Hsap),1,allen-brain,1,https://doi.org/10.1038/s41586-021-03465-8,FBXL7,KIT; PRELID2; FREM1; FBXL7
"7,1",CL:0000146,simple columnar epithelial cell,1,large-intestine,1,ISBN:978-1496398949,KRT7,KRT7
"7,1",CL:0000241,stratified cuboidal epithelial cell,1,liver,1,https://doi.org/10.1111/j.1365-2559.2009.03391.x,KRT7,KRT7; KRT19
"7,1",PCL:0051041,Oligo_40 oligodendrocyte (Hsap),1,allen-brain,1,https://doi.org/10.1101/2022.10.12.511898,ERBB4,ERBB4; OPALIN; PLP1
"7,1",PCL:0051330,Mmb_329 mammillary body neuron (Hsap),1,allen-brain,1,https://doi.org/10.1101/2022.10.12.511898,FBXL7,PRLR; LINC02196; FBXL7; SIM1
"7,1",CL:4033062,interstitial extravillous trophoblast cell,1,placenta,1,https://doi.org/10.1242/dev.148932; https://doi.org/10.1016/0198-8859(93)90138-Q; PMID:8804361; https://doi.org/10.1155/2021/6662201; https://doi.org/10.1095/biolreprod.106.055244; https://doi.org/10.1093/humrep/dem265; https://doi.org/10.1053/plac.2000.0559; https://doi.org/10.1016/j.jim.2003.03.001,KRT7,MCAM; HLA-G; KRT7; PLAC8
"7,1",PCL:0015011,Inh L2 PAX6 FREM2 primary motor cortex GABAergic interneuron (Hsap),1,allen-brain,1,https://doi.org/10.1038/s41586-021-03465-8,IGFBP7,IGFBP7; CILP2
"7,3",CL:0000576,monocyte,1,thymus,1,https://doi.org/10.1126/science.aay3224,S100A6,CTSS; VCAN; LYZ; CD52; S100A9; S100A8; FCN1; S100A6; S100A4; S100A12
"7,4",CL:0009073,medullary thymic epithelial cell type 3,5,thymus,1,https://doi.org/10.1038/nature03886.; https://doi.org/10.4049/jimmunol.1002151; https://doi.org/10.1038/s41467-021-21346-6; https://doi.org/10.3791/50951; https://doi.org/10.1080/01926230600865549; https://doi.org/10.1126/science.aay3224,KRT10; SFN; PERP,SOX2; TSLP; S100A9; SFN; PERP; IVL; KRT6A; EPCAM; SUCO; LY6D; SPINK5; CDR2; CALML5; KRT10; DEFB1; PTPRC; KRT19
"7,4",CL:0002062,pulmonary alveolar type 1 cell,3,lung,1,https://doi.org/10.1148/93.3.507; https://doi.org/10.1136/thx.13.2.110,KRT1,AQP4; FXYD3; SCEL; ELF3; SEMA3B; CDH1; CLIC5; SFTA2; EPCAM; RTKN2; SLC39A8; AGER; HOPX; GRAMD2A; KRT1
"7,4",CL:0002063,pulmonary alveolar type 2 cell,3,lung,1,https://doi.org/10.1148/93.3.507; https://doi.org/10.1136/thx.13.2.110,KRT1,FXYD3; SFTPA2; EPCAM; BMP1; CDH1; SLC39A8; HOPX; MFSD2A; LAMP3; SFTA2; ABCA3; ELF3; SFTPC; KRT1
"7,4",CL:0000649,spinous cell of epidermis,2,skin,1,https://doi.org/10.1083/jcb.200603161,KRT10; KRT1,KRT10; KRT1
"7,4",CL:0000312,keratinocyte,1,skin,1,https://doi.org/10.1083/jcb.200603161,KRT10,MKI67; DDB2; KRT10; TP53
"7,4",PCL:0051195,CA4_194 hippocampal CA4 neuron (Hsap),1,allen-brain,1,https://doi.org/10.1101/2022.10.12.511898,RPL26,C9orf16; HOPX; RPL26
"7,5",ASCTB-TEMP:luminal-epithelial-cell,luminal epithelial cell,36,uterus,1,https://doi.org/10.1101/2021.01.02.425073,EPCAM,PTGS1; LGR5; EPCAM
"7,5",ASCTB-TEMP:glandular-epithelial-cell,glandular epithelial cell,36,uterus,1,https://doi.org/10.1101/2021.01.02.425073,EPCAM,SCGB2A2; PAEP; EPCAM; CXCL8
"7,5",ASCTB-TEMP:sox9-epithelial-cell,SOX9+ epithelial cell,18,uterus,1,https://doi.org/10.1101/2021.01.02.425073,EPCAM,SOX9; MMP7; EPCAM
"7,5",ASCTB-TEMP:ciliated-epithelial-cell,ciliated epithelial cell,18,uterus,1,https://doi.org/10.1101/2021.01.02.425073,EPCAM,TPPP3; PIFO; FOXJ1; EPCAM
"7,5",CL:0009009,paneth cell of colon,11,large-intestine,1,https://doi.org/10.1016/j.humpath.2008.12.003,DEFA5,DEFA5
"7,5",CL:0009084,glandular epithelial cell of endometrium,6,placenta,1,https://doi.org/10.1186/s13287-018-0962-6; https://doi.org/10.1177/1933719118756745; https://doi.org/10.1093/humrep/det285,EPCAM; KRT19,KRT19; KRT18; FUT4; EPCAM
"7,5",CL:4033014,peg cell,5,fallopian-tube,1,PMID:22911892,EPCAM,ITGA6; CD44; EPCAM
"7,5",CL:0009073,medullary thymic epithelial cell type 3,4,thymus,1,https://doi.org/10.1038/nature03886.; https://doi.org/10.4049/jimmunol.1002151; https://doi.org/10.1038/s41467-021-21346-6; https://doi.org/10.3791/50951; https://doi.org/10.1080/01926230600865549; https://doi.org/10.1126/science.aay3224,EPCAM; KRT19,SOX2; TSLP; S100A9; SFN; PERP; IVL; KRT6A; EPCAM; SUCO; LY6D; SPINK5; CDR2; CALML5; KRT10; DEFB1; PTPRC; KRT19
"7,5",CL:0002062,pulmonary alveolar type 1 cell,3,lung,1,https://doi.org/10.1148/93.3.507; https://doi.org/10.1136/thx.13.2.110,EPCAM,AQP4; FXYD3; SCEL; ELF3; SEMA3B; CDH1; CLIC5; SFTA2; EPCAM; RTKN2; SLC39A8; AGER; HOPX; GRAMD2A; KRT1
"7,5",CL:0002063,pulmonary alveolar type 2 cell,3,lung,1,https://doi.org/10.1148/93.3.507; https://doi.org/10.1136/thx.13.2.110,EPCAM,FXYD3; SFTPA2; EPCAM; BMP1; CDH1; SLC39A8; HOPX; MFSD2A; LAMP3; SFTA2; ABCA3; ELF3; SFTPC; KRT1
"7,5",CL:0002255,stromal cell of endometrium,3,placenta,1,https://doi.org/10.5966/sctm.2015-0022; https://doi.org/10.3346/jkms.2012.27.8.857; https://doi.org/10.1093/humrep/den051; https://doi.org/10.3390/cells1041061; https://doi.org/10.1186/s13287-017-0757-1; https://doi.org/10.1182/blood.V74.2.751.751; https://doi.org/10.1016/s1472-6483(10)61745-2; https://doi.org/10.1095/biolreprod51.4.739; https://doi.org/10.1095/biolreprod.108.075226; https://doi.org/10.1016/j.jcyt.2017.03.001,ANPEP,MME; ENG; CD44; ANPEP; THY1
"7,5",CL:0000942,thymic plasmacytoid dendritic cell,2,thymus,1,https://doi.org/10.1172/JCI11734; https://doi.org/10.1172/JCI11734.; https://doi.org/10.1126/science.aay3224; https://doi.org/10.1182/blood-2008-11-187633,ANPEP,CCDC50; ANPEP; CD33; PLAC8; PLD4; IL3RA; UGCG; GZMB; PSMB11; ITGAX; PTPRC; IRF8; IRF7; JCHAIN; CLEC4C; LILRA4
"7,5",CL:0000158,club cell,2,lung,1,https://doi.org/10.1148/93.3.507; https://doi.org/10.1136/thx.13.2.110,EPCAM,ELF3; CYP2F1; SCGB3A2; TSPAN1; CDH1; SCGB1A1; EPCAM; FXYD3
"7,5",CL:1000271,lung multiciliated epithelial cell,2,lung,1,https://doi.org/10.1148/93.3.507; https://doi.org/10.1136/thx.13.2.110,EPCAM,DYNLRB2; CDHR3; TSPAN1; CDH1; RSPH1; EPCAM; FXYD3; TUBB4B; FOXJ1; ELF3; CDHR4
"7,5",CL:0009071,medullary thymic epithelial cell type 1,2,thymus,1,https://doi.org/10.3791/50951; https://doi.org/10.1038/s41467-021-21346-6; https://doi.org/10.1126/science.aay3224,EPCAM; KRT19,PTPRC; SAA1; EPCAM; KRT5; CCL19; CH25H; CLU; FN1; CDR2; KRT14; KRT19; KRT15; PTGDS; ASCL1
"7,5",CL:0002364,cortical thymic epithelial cell,1,thymus,1,https://doi.org/10.1182/blood-2008-11-187633.; https://doi.org/10.1126/science.aay3224; https://doi.org/10.3791/50951,EPCAM,PSMB9; PSMB10; PDLIM1; PTPRC; PSMB11; PRSS16; CDR2; PLTP; CCL25; EPCAM; COX7A1; SCX; CTSV; S100A14; GNG11
"7,5",CL:0000241,stratified cuboidal epithelial cell,1,liver,1,https://doi.org/10.1111/j.1365-2559.2009.03391.x,KRT19,KRT7; KRT19
"7,5",CL:1000350,basal cell of epithelium of terminal bronchiole,1,lung,1,https://doi.org/10.1148/93.3.507; https://doi.org/10.1136/thx.13.2.110,EPCAM,NGFR; FXYD3; ELF3; TSPAN1; CDH1; KRT5; TRPC6; TP63; EPCAM
"7,5",CL:0002394,CD141-positive myeloid dendritic cell,1,lymph-node,1,https://doi.org/10.1016/j.immuni.2017.02.019; https://doi.org/10.1016/S0002-94401061694-X,ANPEP,BATF3; ITGAX; CLEC9A; CD74; XCR1; IDO1; CADM1; ANPEP; THBD
"7,5",PCL:0051412,Splat_411 neuron (Hsap),1,allen-brain,1,https://doi.org/10.1101/2022.10.12.511898,PDE3A,PDE3A; PPP1R17; RORB
"7,5",PCL:0015051,Inh L1-3 SST FAM20A primary motor cortex GABAergic interneuron (Hsap),1,allen-brain,1,https://doi.org/10.1038/s41586-021-03465-8,PCSK5,PCSK5; TAC1
"7,5",CL:0000764,erythroid lineage cell,1,bone-marrow,1,https://doi.org/10.1371/journal.pone.0162209,EPCAM,KIT; PTPRC; GYPA; APOC1; ENG; KLF1; GATA1; CD36; MYC; TFRC; KCNH2; PRSS57; EPCAM
"7,5",PCL:0015033,Inh L2-5 VIP BSPRY primary motor cortex GABAergic interneuron (Hsap),1,allen-brain,1,https://doi.org/10.1038/s41586-021-03465-8,PDE3A,PDE3A; ST18
"7,5",CL:0000244,transitional epithelial cell,1,large-intestine,1,ISBN:978-1496398949,KRT19,KRT7; KRT19
"7,5",CL:0009075,myo-medullary thymic epithelial cell,1,thymus,1,https://doi.org/10.1126/science.aay3224; https://doi.org/10.3791/50951; https://doi.org/10.1038/s41467-021-21346-6; https://doi.org/10.1080/01926230600865549,EPCAM,TTN; TPM2; TNNT3; EPCAM; PTPRC; NEB; MYOG; ACTA1; NNAT; CDR2; TNNI2; MYL11; KLHL41
"7,5",CL:0009076,neuro-medullary thymic epithelial cell,1,thymus,1,https://doi.org/10.3791/50951; https://doi.org/10.1038/s41467-021-21346-6; https://doi.org/10.1080/01926230600865549; https://doi.org/10.1126/science.aay3224,EPCAM,MAP1B; HES6; NNAT; CDR2; KIF19; CLDN3; CAMK2B; CIB2; EPCAM; PTPRC; SYP; BEX1
"7,5",PCL:0051363,Splat_362 neuron (Hsap),1,allen-brain,1,https://doi.org/10.1101/2022.10.12.511898,PTPRK,PTPRK; LUZP2; PREX2; FSTL5
"7,5",CL:0009072,medullary thymic epithelial cell type 2,1,thymus,1,https://doi.org/10.3791/50951; https://doi.org/10.1038/s41467-021-21346-6; https://doi.org/10.1080/01926230600865549; https://doi.org/10.1126/science.aay3224,EPCAM,TYW3; CDR2; HLA-DQA1; KRT17; AIRE; NTHL1; PTPRC; KRT5; CCL19; VIM; EPCAM; SNCG; CSTA; FGF17; CALML3
"7,5",CL:1000417,myoepithelial cell of sweat gland,1,skin,1,https://doi.org/10.1111/1523-1747.ep12277180; https://doi.org/10.1046/j.1365-2133.1997.17651853.x,KRT19,KRT19; KRT26; S100A2
"7,5",CL:1000351,basal cell of epithelium of respiratory bronchiole,1,lung,1,https://doi.org/10.1148/93.3.507; https://doi.org/10.1136/thx.13.2.110,EPCAM,ELF3; SCGB3A2; TSPAN1; CDH1; SCGB1A1; EPCAM; SOX4; KLK11; FXYD3
"7,5",CL:0002196,hepatic oval stem cell,1,liver,1,https://doi.org/10.1634/stemcells.2007-0176; https://doi.org/10.1053/j.gastro.2012.08.024; https://doi.org/10.1038/ng.722; https://doi.org/10.1038/nature11826,EPCAM,OPHN1; LGR5; EPCAM; PROM1; SOX9
"7,5",CL:0009074,medullary thymic epithelial cell type 4,1,thymus,1,https://doi.org/10.3791/50951; https://doi.org/10.1038/s41586-018-0345-2; https://doi.org/10.1080/01926230600865549; https://doi.org/10.1126/science.aay3224,EPCAM,PTPRC; IRAG2; KRT8; FOXI1; DCLK1; KRT18; ANXA4; RASSF6; ANXA1; CDR2; EPCAM; HEPACAM2; BMX
"7,5",CL:0002306,epithelial cell of proximal tubule,1,kidney,1,https://doi.org/10.1681/ASN.2020010071; https://doi.org/10.1073/pnas.2005477117; https://doi.org/10.1172/jci.insight.133267; https://doi.org/10.1038/s41586-020-2941-1; https://doi.org/10.1038/s41467-019-10861-2,ALDOB,LRP2; GATM; ALDOB; CUBN; SLC13A1
"7,5",PCL:0051307,CBI_306 cerebellar inhibitory GABAergic interneuron (Hsap),1,allen-brain,1,https://doi.org/10.1101/2022.10.12.511898,PTPRK,PTPRK; MARCHF11; SCGN
"7,6",CL:0000525,syncytiotrophoblast cell,21,placenta,1,https://doi.org/10.1095/biolreprod.106.055244; https://doi.org/10.1056/NEJM197007232830408; https://doi.org/10.1053/plac.2000.0559; https://doi.org/10.1016/S0143-4004(05)80438-2; https://doi.org/10.1016/j.jim.2003.03.001; https://doi.org/10.1146/annurev.bi.50.070181.002341; https://doi.org/10.1007/BF01628222,EGFR; PSG4; CSH1,PSG4; KRT7; CSH1; EGFR; CGB3
"7,6",CL:0000523,mononuclear cytotrophoblast cell,8,placenta,1,https://doi.org/10.1095/biolreprod.106.055244; https://doi.org/10.1053/plac.2000.0559; https://doi.org/10.1016/S0143-4004(05)80438-2; https://doi.org/10.1016/j.jim.2003.03.001; https://doi.org/10.1016/j.ajpath.2014.08.006,EGFR,KRT7; EGFR; TP63
"7,6",CL:0002063,pulmonary alveolar type 2 cell,3,lung,1,https://doi.org/10.1148/93.3.507; https://doi.org/10.1136/thx.13.2.110,BMP1,FXYD3; SFTPA2; EPCAM; BMP1; CDH1; SLC39A8; HOPX; MFSD2A; LAMP3; SFTA2; ABCA3; ELF3; SFTPC; KRT1
"7,6",PCL:0015080,Exc L2-3 RORB CCDC68 primary motor cortex glutamatergic neuron (Hsap),1,allen-brain,1,https://doi.org/10.1038/s41586-021-03465-8,COBLL1,PRSS12; COBLL1; COL5A2
"7,6",PCL:0051425,Splat_424 neuron (Hsap),1,allen-brain,1,https://doi.org/10.1101/2022.10.12.511898,CYP19A1,ZBTB7C; CYP19A1; LHX6; NR2F2
"7,6",PCL:0051277,CGE_276 VIP GABAergic cortical interneuron (Hsap),1,allen-brain,1,https://doi.org/10.1101/2022.10.12.511898,SVEP1,SVEP1; VIP
"7,6",PCL:0051178,Misc_177 neuron (Hsap),1,allen-brain,1,https://doi.org/10.1101/2022.10.12.511898,COBLL1,CTC-535M15.2; RP11-719N9.1; COBLL1; CALCRL; VIPR2
"7,6",PCL:0051177,Misc_176 neuron (Hsap),1,allen-brain,1,https://doi.org/10.1101/2022.10.12.511898,COBLL1,RP11-719N9.1; FREM2; COBLL1; CARM1P1
"7,6",CL:0000775,neutrophil,1,kidney,1,https://doi.org/10.1016/j.exphem.2016.10.008; https://doi.org/10.1172/jci.insight.133267; https://doi.org/10.1101/2021.07.28.454201; https://doi.org/10.1038/s41586-020-2941-1; https://doi.org/10.1126/science.aat5031,CSF3R,FCGR3B; CSF3R; S100A9; S100A8
"7,6",PCL:0015113,Exc L5 FEZF2 PKD2L1 primary motor cortex glutamatergic neuron (Hsap),1,allen-brain,1,https://doi.org/10.1038/s41586-021-03465-8,VGLL3,VGLL3; NPSR1-AS1
"7,7",PCL:0051016,VendC_15 capillary endothelial cell (Hsap),1,allen-brain,1,https://doi.org/10.1101/2022.10.12.511898,MECOM,ABCG2; MECOM; HMCN1
"7,7",PCL:0051020,Vsmc_19 brain vascular cell (Hsap),1,allen-brain,1,https://doi.org/10.1101/2022.10.12.511898,MECOM,MECOM; ACTA2
"7,7",PCL:0051017,VendVC_16 capillary endothelial cell (Hsap),1,allen-brain,1,https://doi.org/10.1101/2022.10.12.511898,MECOM,MECOM; TRPM6
"7,7",PCL:0051019,VendA_18 endothelial cell of artery (Hsap),1,allen-brain,1,https://doi.org/10.1101/2022.10.12.511898,MECOM,MGP; MECOM
"7,8",CL:1000489,reticular cell of splenic cord,3,spleen,1,https://doi.org/10.55418/9781933477060.; https://doi.org/10.1111/imm.12469; https://doi.org/10.1038/s41467-019-09728-3,C3,NGFR; IL7; ENG; DSC2; CR2; CD74; CLU; CFB; CCL21; ACTA2; MFGE8; CXCL9; BST1; MADCAM1; DCN; CTSS; CXCL13; THBD; ENPP2; CCL19; C3; THY1
"7,8",CL:4028004,alveolar type 1 fibroblast cell,2,lung,1,https://doi.org/10.1148/93.3.507; https://doi.org/10.1136/thx.13.2.110,SAA1,LUM; MFAP4; TCF21; PCDH15; INMT; WNT2; CES1; COL6A3; PLIN2; DCN; SAA1; FBLN1; COL1A2; FGFR4; VEGFD
"7,8",CL:1000452,parietal epithelial cell,1,kidney,1,https://doi.org/10.1172/jci.insight.133267; https://doi.org/10.1038/s41467-019-10861-2,CFH,CFH; CRB2; ALDH1A2; VIM; VCAM1
"7,8",CL:0000182,hepatocyte,1,liver,1,https://doi.org/10.1097/00000478-200110000-00011; https://doi.org/10.1007/s00424-006-0152-8,ALB,MME; ALB; CYP2D6; HNF4A; ABCB11
"7,8",CL:0009071,medullary thymic epithelial cell type 1,1,thymus,1,https://doi.org/10.3791/50951; https://doi.org/10.1038/s41467-021-21346-6; https://doi.org/10.1126/science.aay3224,SAA1,PTPRC; SAA1; EPCAM; KRT5; CCL19; CH25H; CLU; FN1; CDR2; KRT14; KRT19; KRT15; PTGDS; ASCL1
"8,0",ASCTB-TEMP:luminal-epithelial-cell,luminal epithelial cell,36,uterus,1,https://doi.org/10.1101/2021.01.02.425073,EPCAM,PTGS1; LGR5; EPCAM
"8,0",ASCTB-TEMP:glandular-epithelial-cell,glandular epithelial cell,36,uterus,1,https://doi.org/10.1101/2021.01.02.425073,EPCAM,SCGB2A2; PAEP; EPCAM; CXCL8
"8,0",ASCTB-TEMP:lymphocyte,lymphocyte,18,uterus,1,https://doi.org/10.1101/2021.01.02.425073,PTPRC,PTPRC; NCAM1
"8,0",ASCTB-TEMP:sox9-epithelial-cell,SOX9+ epithelial cell,18,uterus,1,https://doi.org/10.1101/2021.01.02.425073,EPCAM,SOX9; MMP7; EPCAM
"8,0",ASCTB-TEMP:ciliated-epithelial-cell,ciliated epithelial cell,18,uterus,1,https://doi.org/10.1101/2021.01.02.425073,EPCAM,TPPP3; PIFO; FOXJ1; EPCAM
"8,0",CL:0009009,paneth cell of colon,11,large-intestine,1,https://doi.org/10.1016/j.humpath.2008.12.003,DEFA5,DEFA5
"8,0",CL:1000457,mesothelial cell of visceral peritoneum,10,large-intestine,1,isBN:978-1496398949; ISBN:978-1496398949,KRT8,KRT8; KRT18; CALB2
"8,0",CL:0009073,medullary thymic epithelial cell type 3,6,thymus,1,https://doi.org/10.1038/nature03886.; https://doi.org/10.4049/jimmunol.1002151; https://doi.org/10.1038/s41467-021-21346-6; https://doi.org/10.3791/50951; https://doi.org/10.1080/01926230600865549; https://doi.org/10.1126/science.aay3224,PTPRC; EPCAM; KRT19,SOX2; TSLP; S100A9; SFN; PERP; IVL; KRT6A; EPCAM; SUCO; LY6D; SPINK5; CDR2; CALML5; KRT10; DEFB1; PTPRC; KRT19
"8,0",CL:0009084,glandular epithelial cell of endometrium,6,placenta,1,https://doi.org/10.1186/s13287-018-0962-6; https://doi.org/10.1177/1933719118756745; https://doi.org/10.1093/humrep/det285,EPCAM; KRT19,KRT19; KRT18; FUT4; EPCAM
"8,0",CL:0000909,"CD8-positive, alpha-beta memory T cell",5,lymph-node; spleen,2,https://doi.org/10.1111/j.1365-2362.2006.01626.x; https://doi.org/10.1126/sciimmunol.aau6085; https://doi.org/10.1186/s13059-019-1906-x; https://doi.org/10.1002/cyto.a.20643; ISBN:9781933477060,PTPRC,PRF1; CD27; CD3E; ITGA1; CD8A; GNLY; CD4; PTPRC; CD3G; GZMB; CXCR6; CD3D
"8,0",CL:4033014,peg cell,5,fallopian-tube,1,PMID:22911892,EPCAM,ITGA6; CD44; EPCAM
"8,0",CL:0002138,endothelial cell of lymphatic vessel,5,thymus; lymph-node,2,https://doi.org/10.1080/01926230600865549; https://doi.org/10.1126/science.aay3224; https://doi.org/10.1016/j.immuni.2019.06.027; https://doi.org/10.3389/fcvm.2020.00052,TFF3; PTPRC,TFPI; MMRN1; TFF3; CAVIN2; PTPRC; CCL21; PECAM1; NUPR1; NT5E; MFAP4; CLEC4M; FABP5; LAPTM5; LYVE1; NUDT4; CD274; ICAM1; NTS; CLDN11; CAV1; ACKR4; PROX1; TNFRSF9; PDPN; STAB2; CD209; CLEC4G; MARCO
"8,0",CL:0000900,"naive thymus-derived CD8-positive, alpha-beta T cell",4,spleen; lymph-node,2,https://doi.org/10.1126/sciimmunol.aau6085; https://doi.org/10.1186/s13059-019-1906-x; https://doi.org/10.1002/cyto.a.20643; ISBN:9781933477060,PTPRC,CD8A; CD4; PTPRC; CD3G; CD3E; CD28; CCR7; CD3D; SELL
"8,0",CL:0000895,"naive thymus-derived CD4-positive, alpha-beta T cell",4,lymph-node; spleen,2,https://doi.org/10.1126/sciimmunol.aau6085; https://doi.org/10.1186/s13059-019-1906-x; ISBN:9781933477060; https://doi.org/10.4049/jimmunol.1701025,PTPRC,CD8A; CD4; PTPRC; CD3G; CD3E; CD28; CCR7; CD3D; SELL
"8,0",CL:2000062,placental villus capillary endothelial cell,3,placenta,1,https://doi.org/10.1290/1071-2690(2001)037<0408:IOECFH>2.0.CO;2; https://doi.org/10.1016/j.ajog.2009.01.025; PMID:8804361; https://doi.org/10.1155/2021/6662201; https://doi.org/10.1093/oxfordjournals.humrep.a136040; https://doi.org/10.1093/humrep/dem265,ESR2,RARA; MCAM; ESR2; VWF; RXRA
"8,0",CL:0002062,pulmonary alveolar type 1 cell,3,lung,1,https://doi.org/10.1148/93.3.507; https://doi.org/10.1136/thx.13.2.110,EPCAM,AQP4; FXYD3; SCEL; ELF3; SEMA3B; CDH1; CLIC5; SFTA2; EPCAM; RTKN2; SLC39A8; AGER; HOPX; GRAMD2A; KRT1
"8,0",CL:0002063,pulmonary alveolar type 2 cell,3,lung,1,https://doi.org/10.1148/93.3.507; https://doi.org/10.1136/thx.13.2.110,EPCAM,FXYD3; SFTPA2; EPCAM; BMP1; CDH1; SLC39A8; HOPX; MFSD2A; LAMP3; SFTA2; ABCA3; ELF3; SFTPC; KRT1
"8,0",CL:0009071,medullary thymic epithelial cell type 1,3,thymus,1,https://doi.org/10.3791/50951; https://doi.org/10.1038/s41467-021-21346-6; https://doi.org/10.1126/science.aay3224,PTPRC; EPCAM; KRT19,PTPRC; SAA1; EPCAM; KRT5; CCL19; CH25H; CLU; FN1; CDR2; KRT14; KRT19; KRT15; PTGDS; ASCL1
"8,0",CL:0000897,"CD4-positive, alpha-beta memory T cell",3,spleen; lymph-node,2,https://doi.org/10.1111/j.1365-2362.2006.01626.x; https://doi.org/10.1186/s13059-019-1906-x; ISBN:9781933477060; https://doi.org/10.4049/jimmunol.1701025,PTPRC,CD27; CD3E; ITGA1; CD8A; CD4; PTPRC; CD3G; CXCR6; CD3D
"8,0",CL:0009074,medullary thymic epithelial cell type 4,3,thymus,1,https://doi.org/10.3791/50951; https://doi.org/10.1038/s41586-018-0345-2; https://doi.org/10.1080/01926230600865549; https://doi.org/10.1126/science.aay3224,KRT8; PTPRC; EPCAM,PTPRC; IRAG2; KRT8; FOXI1; DCLK1; KRT18; ANXA4; RASSF6; ANXA1; CDR2; EPCAM; HEPACAM2; BMX
"8,0",CL:0002436,mature CD4 single-positive thymocyte,2,thymus,1,https://doi.org/10.1172/JCI7558.; https://doi.org/10.1126/science.aay3224; https://doi.org/10.3389/fimmu.2019.00447; https://doi.org/10.1038/s41467-021-21346-6,PTPRC,CD8A; CD3E; CD38; GIMAP7; ADD3; ID2; CD27; DENND2D; ABLIM1; ARMH1; PTPRC; CD69; RPL17; SELL; CAMK4; CD1A; CD4
"8,0",CL:0000942,thymic plasmacytoid dendritic cell,2,thymus,1,https://doi.org/10.1172/JCI11734; https://doi.org/10.1172/JCI11734.; https://doi.org/10.1126/science.aay3224; https://doi.org/10.1182/blood-2008-11-187633,PTPRC,CCDC50; ANPEP; CD33; PLAC8; PLD4; IL3RA; UGCG; GZMB; PSMB11; ITGAX; PTPRC; IRF8; IRF7; JCHAIN; CLEC4C; LILRA4
"8,0",CL:0009075,myo-medullary thymic epithelial cell,2,thymus,1,https://doi.org/10.1126/science.aay3224; https://doi.org/10.3791/50951; https://doi.org/10.1038/s41467-021-21346-6; https://doi.org/10.1080/01926230600865549,PTPRC; EPCAM,TTN; TPM2; TNNT3; EPCAM; PTPRC; NEB; MYOG; ACTA1; NNAT; CDR2; TNNI2; MYL11; KLHL41
"8,0",CL:0009076,neuro-medullary thymic epithelial cell,2,thymus,1,https://doi.org/10.3791/50951; https://doi.org/10.1038/s41467-021-21346-6; https://doi.org/10.1080/01926230600865549; https://doi.org/10.1126/science.aay3224,PTPRC; EPCAM,MAP1B; HES6; NNAT; CDR2; KIF19; CLDN3; CAMK2B; CIB2; EPCAM; PTPRC; SYP; BEX1
"8,0",CL:0002460,CD8-alpha-negative thymic conventional dendritic cell,2,thymus,1,https://doi.org/10.1172/JCI11734; https://doi.org/10.1038/cti.2015.21; https://doi.org/10.1126/science.aay3224,PTPRC,MNDA; LGALS2; ITGAX; XCR1; CD1C; CD33; HLA-DQB1; THBD; ALDH2; SIRPA; ITGAM; CD4; PTPRC; CLEC10A; GSN; HLA-DQA1; CD83; JAML; CTSH
"8,0",CL:0009072,medullary thymic epithelial cell type 2,2,thymus,1,https://doi.org/10.3791/50951; https://doi.org/10.1038/s41467-021-21346-6; https://doi.org/10.1080/01926230600865549; https://doi.org/10.1126/science.aay3224,PTPRC; EPCAM,TYW3; CDR2; HLA-DQA1; KRT17; AIRE; NTHL1; PTPRC; KRT5; CCL19; VIM; EPCAM; SNCG; CSTA; FGF17; CALML3
"8,0",CL:0000788,naive B cell,2,lymph-node,1,ISBN:9781933477060; ISBN:9781933477381; PMCID:PMC1900414,PTPRC,BCL2; PTPRC; IGHD; SELL; HLA-DRA; CD27; CD19; CD1C; CD38; MME; FCER2; CR2; FCAMR; CD74; MS4A1
"8,0",CL:0000764,erythroid lineage cell,2,bone-marrow,1,https://doi.org/10.1371/journal.pone.0162209,PTPRC; EPCAM,KIT; PTPRC; GYPA; APOC1; ENG; KLF1; GATA1; CD36; MYC; TFRC; KCNH2; PRSS57; EPCAM
"8,0",CL:0002437,mature CD8 single-positive thymocyte,2,thymus,1,https://doi.org/10.1172/JCI7558.; https://doi.org/10.3389/fimmu.2019.00447; https://doi.org/10.1038/s41467-021-21346-6; https://doi.org/10.1126/science.aay3224,PTPRC,CD4; CD38; STK17A; CD27; IL7R; CD69; CD7; CD8A; CD8B; CD1A; LRRN3; CD3E; CHI3L2; PTPRC; ACTN1; GZMM
"8,0",CL:0000936,early lymphoid progenitor,2,bone-marrow,1,https://doi.org/10.1038/ni.1889,PTPRC; SYK,NCAM1; PTPRC; IL2RG; SOX4; SYK; CD2; CD14; CD34; GYPA; CD19; BCL11A; FCGR3A; JCHAIN; CD38; CD3E
"8,0",CL:0002364,cortical thymic epithelial cell,2,thymus,1,https://doi.org/10.1182/blood-2008-11-187633.; https://doi.org/10.1126/science.aay3224; https://doi.org/10.3791/50951,PTPRC; EPCAM,PSMB9; PSMB10; PDLIM1; PTPRC; PSMB11; PRSS16; CDR2; PLTP; CCL25; EPCAM; COX7A1; SCX; CTSV; S100A14; GNG11
"8,0",CL:1000271,lung multiciliated epithelial cell,2,lung,1,https://doi.org/10.1148/93.3.507; https://doi.org/10.1136/thx.13.2.110,EPCAM,DYNLRB2; CDHR3; TSPAN1; CDH1; RSPH1; EPCAM; FXYD3; TUBB4B; FOXJ1; ELF3; CDHR4
"8,0",CL:0000158,club cell,2,lung,1,https://doi.org/10.1148/93.3.507; https://doi.org/10.1136/thx.13.2.110,EPCAM,ELF3; CYP2F1; SCGB3A2; TSPAN1; CDH1; SCGB1A1; EPCAM; FXYD3
"8,0",CL:0002059,CD8-alpha-positive thymic conventional dendritic cell,2,thymus,1,https://doi.org/10.1172/JCI11734; https://doi.org/10.1038/cti.2015.21; https://doi.org/10.1126/science.aay3224,PTPRC,PTPRC; ITGAX; LYZ; LGALS2; CPVL; SIRPA; ITGAM; XCR1; CD33; BATF3; IRF8; C1orf54; CD4; DNASE1L3; CD83; RGCC; HLA-DPA1; THBD; CLEC9A
"8,0",CL:0000787,memory B cell,2,lymph-node,1,ISBN:9781933477381; PMCID:PMC1900414; ISBN:9781933477060,PTPRC,CD27; HLA-DRA; CD79A; PTPRC; CD74; MS4A1; CD19
"8,0",CL:0000815,regulatory T cell,1,spleen,1,https://doi.org/10.1016/j.immuni.2012.09.020; https://doi.org/10.1007/s00262-015-1729-x; https://doi.org/10.1186/s13059-019-1906-x,PTPRC,PTPRC; FOXP3; IL7R; CD4; CD3E; IL2RA; CCR7
"8,0",ASCTB-TEMP:splenic-littoral-cell,Splenic Littoral Cell,1,spleen,1,https://doi.org/10.4049/jimmunol.1103086; https://doi.org/10.1182/blood.V126.23.3594.3594; https://doi.org/10.1182/bloodadvances.2017015073,PTPRC,PTPRC; ACKR1; MRC1; SIRPA; CR2; FHOD1; CD8A; PECAM1; CD3E; CD34; CD14; VWF
"8,0",CL:0009108,lymphatic endothelial cell of subcapsular sinus floor,1,lymph-node,1,https://doi.org/10.1016/j.immuni.2019.06.027; https://doi.org/10.3389/fcvm.2020.00052,PTPRC,NT5E; MFAP4; MARCO; LYZ; ICAM1; PECAM1; CXCL1; PTPRC; ACKR4; CD9; CXCL5; THY1; PROX1; PDPN; CCL20; TNFRSF9; LYVE1; CD274; ACKR1; CLDN11; CAV1
"8,0",CL:0002306,epithelial cell of proximal tubule,1,kidney,1,https://doi.org/10.1681/ASN.2020010071; https://doi.org/10.1073/pnas.2005477117; https://doi.org/10.1172/jci.insight.133267; https://doi.org/10.1038/s41586-020-2941-1; https://doi.org/10.1038/s41467-019-10861-2,ALDOB,LRP2; GATM; ALDOB; CUBN; SLC13A1
"8,0",CL:0000840,immature conventional dendritic cell,1,bone-marrow,1,https://doi.org/10.1182/blood-2004-02-0769,PTPRC,AXL; KIT; PTPRC; GYPA; CD36; ENG; CD22; TFRC; SIGLEC6
"8,0",CL:0009107,lymphatic endothelial cell of subcapsular sinus ceiling,1,lymph-node,1,https://doi.org/10.1016/j.immuni.2019.06.027; https://doi.org/10.3389/fcvm.2020.00052,PTPRC,NUDT4; NT5E; MFAP4; MARCO; PTPRC; PROX1; PDPN; ACKR4; CAV1; PECAM1; CLDN11; LYVE1; TNFRSF9
"8,0",CL:1000417,myoepithelial cell of sweat gland,1,skin,1,https://doi.org/10.1111/1523-1747.ep12277180; https://doi.org/10.1046/j.1365-2133.1997.17651853.x,KRT19,KRT19; KRT26; S100A2
"8,0",PCL:0015030,Inh L3-5 VIP HS3ST3A1 primary motor cortex GABAergic interneuron (Hsap),1,allen-brain,1,https://doi.org/10.1038/s41586-021-03465-8,IQGAP2,IQGAP2; ABI3BP; SLC22A3
"8,0",ASCTB-TEMP:splenic-stromal-cell-non-frc-non-fdc-,Splenic Stromal Cell (non-FRC/non-FDC),1,spleen,1,https://doi.org/10.1111/imm.12469,KRT8,NGFR; MADCAM1; KRT8; ACTA2
"8,0",CL:0000557,granulocyte monocyte progenitor cell,1,bone-marrow,1,https://doi.org/10.1038/ni.1889,PTPRC,NCAM1; MPO; PTPRC; AZU1; FLT3; CD3E; CD38; CD34; CD14; CALR; IL3RA; FCGR3A; CLEC11A
"8,0",PCL:0051261,MGE_260 pvalb GABAergic cortical interneuron (Hsap),1,allen-brain,1,https://doi.org/10.1101/2022.10.12.511898,IQGAP2,IQGAP2; CTXND1; TAFA4
"8,0",CL:0009110,lymphatic endothelial cell of medulla ceiling,1,lymph-node,1,https://doi.org/10.1016/j.immuni.2019.06.027; https://doi.org/10.3389/fcvm.2020.00052,PTPRC,NT5E; MFAP4; MARCO; PTPRC; PROX1; PDPN; ACKR4; CAV1; PECAM1; CLDN11; LYVE1; TNFRSF9
"8,0",CL:0000244,transitional epithelial cell,1,large-intestine,1,ISBN:978-1496398949,KRT19,KRT7; KRT19
"8,0",CL:0000914,immature NK T cell,1,thymus,1,https://doi.org/10.1111/cei.12045; https://doi.org/10.1002/eji.200425958; https://doi.org/10.1126/science.aay3224,PTPRC,NKG7; LAIR1; IL7R; IL4; CCL5; XCL1; CD4; SELL; PTPRC; CCR7; CD3E; CD8A; CST7; SAMD3; KLRB1; IFNG; GIMAP4; GZMK; GZMM
"8,0",CL:0000049,common myeloid progenitor,1,bone-marrow,1,https://doi.org/10.1038/ni.1889,PTPRC,PTPRC; CD38; CD14; CD3E; FLT3; CYTL1; SERPINB1; FCGR3A; HPGD; IL3RA; CD34; GATA2; MEST; NCAM1
"8,0",CL:0000241,stratified cuboidal epithelial cell,1,liver,1,https://doi.org/10.1111/j.1365-2559.2009.03391.x,KRT19,KRT7; KRT19
"8,0",CL:1000350,basal cell of epithelium of terminal bronchiole,1,lung,1,https://doi.org/10.1148/93.3.507; https://doi.org/10.1136/thx.13.2.110,EPCAM,NGFR; FXYD3; ELF3; TSPAN1; CDH1; KRT5; TRPC6; TP63; EPCAM
"8,0",CL:0009109,lymphatic endothelial cell of trabecula,1,lymph-node,1,https://doi.org/10.1016/j.immuni.2019.06.027; https://doi.org/10.3389/fcvm.2020.00052,PTPRC,NT5E; MFAP4; MARCO; PTPRC; PROX1; PDPN; ACKR4; CAV1; PECAM1; CLDN11; LYVE1; TNFRSF9
"8,0",CL:0002196,hepatic oval stem cell,1,liver,1,https://doi.org/10.1634/stemcells.2007-0176; https://doi.org/10.1053/j.gastro.2012.08.024; https://doi.org/10.1038/ng.722; https://doi.org/10.1038/nature11826,EPCAM,OPHN1; LGR5; EPCAM; PROM1; SOX9
"8,0",CL:1000351,basal cell of epithelium of respiratory bronchiole,1,lung,1,https://doi.org/10.1148/93.3.507; https://doi.org/10.1136/thx.13.2.110,EPCAM,ELF3; SCGB3A2; TSPAN1; CDH1; SCGB1A1; EPCAM; SOX4; KLK11; FXYD3
"8,0",PCL:0051294,CGE_293 VIP GABAergic cortical interneuron (Hsap),1,allen-brain,1,https://doi.org/10.1101/2022.10.12.511898,IQGAP2,RP11-197H3.1; IQGAP2; HS3ST3A1
"8,0",PCL:0015032,Inh L1-5 VIP CD27-AS1 primary motor cortex GABAergic interneuron (Hsap),1,allen-brain,1,https://doi.org/10.1038/s41586-021-03465-8,IQGAP2,IQGAP2; ANKFN1; EGFEM1P
"8,0",CL:0000037,hematopoietic stem cell,1,spleen,1,https://doi.org/10.1111/imcb.12035; https://doi.org/10.1101/2020.01.26.919753,PTPRC,SOX4; IGLL1; PTPRC; CPA3; HPGDS; CD38; CD34; CD19; THY1
"8,0",CL:0000798,gamma-delta T cell,1,thymus,1,https://doi.org/10.1126/science.aay3224; https://doi.org/10.4049/jimmunol.1303119,PTPRC,LAT; CD1A; CCR9; IFNG; TLE5; CD3E; SH3BP5; FCGRT; SELL; TESPA1; TRD; ANXA1; PTPRC; CD27; TRG; TRDC; SMPD3
"8,0",CL:1000454,kidney collecting duct epithelial cell,1,kidney,1,https://doi.org/10.1681/ASN.2020010071; https://doi.org/10.1172/jci.insight.133267; https://doi.org/10.1038/s41467-019-10861-2,KRT8,KRT8; GATA3; CDH1
"8,0",CL:0000050,megakaryocyte-erythroid progenitor cell,1,bone-marrow,1,https://doi.org/10.1038/ni.1889,PTPRC,PTPRC; NCAM1; IL3RA; SPINK2; CTNNBL1; CD3E; PRSS57; FLT3; CD14; IL1B; CD38; TESPA1; FCGR3A; GATA1; CD34; GATA2
"8,0",CL:0001058,"plasmacytoid dendritic cell, human",1,lymph-node,1,https://doi.org/10.1097/pap.0b013e3181bb6bc2; https://doi.org/10.1016/S0002-94401061694-X,PTPRC,PTPRC; ITGAX; IL3RA; JCHAIN; GZMB; CLEC4C; TCF4
"8,1",PCL:0051280,CGE_279 VIP GABAergic cortical interneuron (Hsap),1,allen-brain,1,https://doi.org/10.1101/2022.10.12.511898,DOCK8,FREM2; DOCK8; CXCL14
"8,1",PCL:0051345,Splat_344 neuron (Hsap),1,allen-brain,1,https://doi.org/10.1101/2022.10.12.511898,DOCK8,AC067959.1; DOCK8; EBF3
"8,1",PCL:0051011,Mgl_10 microglial cell (Hsap),1,allen-brain,1,https://doi.org/10.1101/2022.10.12.511898,DOCK8,LNCAROD; DOCK8; P2RY12
"8,2",CL:0000897,"CD4-positive, alpha-beta memory T cell",1,thymus,1,https://doi.org/10.1126/science.aay3224,KLF2,IL7R; ANXA1; GPR183; KLF2; RGCC; AP3M2; CD69; CCR7; LTB; RPL36A
"8,2",CL:0002038,T follicular helper cell,1,thymus,1,https://doi.org/10.1126/science.aay3224,FOSB,NR4A2; NDUFV2; FOSB; FLT3LG; ALG13; DDIT4; IL7R; FAM177A1; EIF4A3; CCNH
"8,3",CL:0002138,endothelial cell of lymphatic vessel,1,thymus,1,https://doi.org/10.1080/01926230600865549; https://doi.org/10.1126/science.aay3224,TFPI,NTS; MMRN1; FABP5; NUPR1; LAPTM5; TFPI; TFF3; PROX1; CAVIN2; LYVE1; CCL21
"8,3",PCL:0015085,Exc L5 THEMIS VILL primary motor cortex glutamatergic neuron (Hsap),1,allen-brain,1,https://doi.org/10.1038/s41586-021-03465-8,DACH1,TNC; DACH1
"8,3",PCL:0051233,EMSN_232 medium spiny neuron (Hsap),1,allen-brain,1,https://doi.org/10.1101/2022.10.12.511898,ABCA1,ABCA1; RXFP1; CHRM5
"8,3",CL:0000540,neuron,1,spinal-cord,1,https://doi.org/10.1016/j.neuron.2023.01.007,SAMD3,NPY; SAMD3; HMCN1
"8,3",CL:0000914,immature NK T cell,1,thymus,1,https://doi.org/10.1111/cei.12045; https://doi.org/10.1002/eji.200425958; https://doi.org/10.1126/science.aay3224,SAMD3,NKG7; LAIR1; IL7R; IL4; CCL5; XCL1; CD4; SELL; PTPRC; CCR7; CD3E; CD8A; CST7; SAMD3; KLRB1; IFNG; GIMAP4; GZMK; GZMM
"8,3",PCL:0051367,Splat_366 neuron (Hsap),1,allen-brain,1,https://doi.org/10.1101/2022.10.12.511898,DACH1,DACH1; EBF3; TCF7L2; KLHL1
"8,3",PCL:0015073,Exc L2 LAMP5 KCNG3 primary motor cortex glutamatergic neuron (Hsap),1,allen-brain,1,https://doi.org/10.1038/s41586-021-03465-8,SAMD3,FAM163A; SAMD3
"8,3",PCL:0051390,Splat_389 neuron (Hsap),1,allen-brain,1,https://doi.org/10.1101/2022.10.12.511898,DACH1,GATA3; DACH1; FIGN
"8,4",ASCTB-TEMP:innate-lymphoid-cell,innate lymphoid cell,18,uterus,1,https://doi.org/10.1101/2021.01.02.425073,CXCR4,SPINK2; KIT; IL7R; CXCR4; CD69; CCL5
"8,4",ASCTB-TEMP:t-cell,T cell,18,uterus,1,https://doi.org/10.1101/2021.01.02.425073,CXCR4,IL7R; CXCR4; HMGB2; CD69; CD3G; CCL5
"8,4",ASCTB-TEMP:b-cell,B cell,18,uterus,1,https://doi.org/10.1101/2021.01.02.425073,CXCR4,CCL5; MS4A1; CXCR4; CD69
"8,4",CL:0000980,plasmablast,5,spleen; lymph-node,2,https://doi.org/10.55418/9781933477060.; https://doi.org/10.1002/eji.200425442; https://doi.org/10.1186/s13059-019-1906-x; ISBN:9781933477060,CXCR4,JCHAIN; IGHG1; XBP1; IRF4; CD79A; CXCR4; MS4A1; CD38; IGHM; CD27; PRDM1; SDC1
"8,4",CL:0002620,skin fibroblast,2,skin,1,https://doi.org/10.1111/j.1365-2133.1989.tb15509.x; https://doi.org/10.1097/00000372-199606000-00008; https://doi.org/10.1074/jbc.M701586200,VIM,F3; CD34; VIM
"8,4",CL:0000186,myofibroblast cell,2,lymph-node,1,PMCID:PMC1899700; https://www.pathologyoutlines.com/topic/lymphnodesanatomy.html; https://doi.org/10.1002/ar.1091830404; https://fblt.cz/en/skripta/v-krev-a-organy-imunitniho-systemu/6-thymus-mizni-uzliny-a-difuzni-imunitni-system/,VIM,DES; COL1A1; ELN; COL3A1; ACTA2; VIM
"8,4",CL:0000786,plasma cell,2,spleen,1,https://doi.org/10.55418/9781933477060.; https://doi.org/10.1002/eji.200425442; https://doi.org/10.1186/s13059-019-1906-x,CXCR4,IRF4; ITGAL; JCHAIN; MS4A1; CXCR4; CD79A; CD38; IGHG1; XBP1; IGHM; CD27; SDC1
"8,4",CL:0009105,T cell zone reticular cell,2,lymph-node,1,https://doi.org/10.3389/fimmu.2011.00035; https://doi.org/10.1016/j.jcyt.2017.01.010; https://doi.org/10.1016/j.ajpath.2010.12.039,VIM,PECAM1; IL7; PDPN; DES; ACTA2; VIM; CCL21; CCL19
"8,4",CL:0011004,lens fiber cell,1,eye,1,https://doi.org/10.1167/iovs.15-18117,VIM,AQP0 residues 1-263 +fatty acyl; VIM
"8,4",CL:1001111,kidney loop of Henle thin descending limb epithelial cell,1,kidney,1,https://doi.org/10.1681/ASN.2020010071; https://doi.org/10.1172/jci.insight.133267; https://doi.org/10.1038/s41467-019-10861-2,VIM,CRYAB; SATB2; CDH1; VIM; VCAM1; SLC44A5; SPP1
"8,4",CL:0009104,B cell zone reticular cell,1,lymph-node,1,ISBN:9781933477381; https://doi.org/10.1080/01926230600867727,VIM,PECAM1; PDPN; DES; ACTA2; VIM; TNFSF11; CXCL12
"8,4",CL:0009112,centroblast,1,lymph-node,1,ISBN:9781933477381; https://doi.org/10.1182/blood-2012-03-415380; PMCID:PMC1900414,CXCR4,CD38; CD19; AICDA; CD27; MKI67; LMO2; MME; IGHD; BCL2; CD74; MS4A1; CXCR4; BCL6
"8,4",PCL:0051005,Mgl_4 microglial cell (Hsap),1,allen-brain,1,https://doi.org/10.1101/2022.10.12.511898,SRGN,SRGN; HIF1A-AS3
"8,4",PCL:0051366,Splat_365 neuron (Hsap),1,allen-brain,1,https://doi.org/10.1101/2022.10.12.511898,CALM1,MEIS2; GNAS; HTR2C; ZFHX3; CNTN1; CALM1
"8,4",CL:0002586,retinal pigment epithelial cell,1,eye,1,https://doi.org/10.1083/jcb.147.7.1533; https://doi.org/10.1016/j.ophtha.2017.09.016,EZR,EZR; RPE65; RLBP1
"8,4",CL:0009106,medullary reticular cell,1,lymph-node,1,https://doi.org/10.3389/fimmu.2011.00035.; https://doi.org/10.1016/j.jcyt.2017.01.010; https://doi.org/10.1016/j.ajpath.2010.12.039,VIM,PECAM1; PDPN; DES; ACTA2; VIM; TNFSF11; CXCL12
"8,4",PCL:0051018,VendV_17 vein endothelial cell (Hsap),1,allen-brain,1,https://doi.org/10.1101/2022.10.12.511898,SRGN,SRGN; IL1R1
"8,4",CL:0009077,subcapsular thymic epithelial cell,1,thymus,1,https://doi.org/10.1016/s0065-2776(08)60900-1,PTMA,PTMA; TMSB4X
"8,4",CL:1000452,parietal epithelial cell,1,kidney,1,https://doi.org/10.1172/jci.insight.133267; https://doi.org/10.1038/s41467-019-10861-2,VIM,CFH; CRB2; ALDH1A2; VIM; VCAM1
"8,4",CL:0009103,lymph node marginal reticular cell,1,lymph-node,1,https://doi.org/10.3389/fimmu.2011.00035; https://doi.org/10.1016/j.jcyt.2017.01.010; https://doi.org/10.1016/j.ajpath.2010.12.039,VIM,PDPN; ENPP2; DES; ACTA2; VIM; TNFSF11; PECAM1; CXCL13
"8,4",CL:0000818,transitional stage B cell,1,spleen,1,https://doi.org/10.1093/intimm/14.2.157; https://doi.org/10.1038/s41421-020-0157-z,CXCR4,IL4R; APLP2; IGHD; IGHM; PLPP5; CXCR4; MS4A1; FCER2; TCL1A
"8,4",CL:0009072,medullary thymic epithelial cell type 2,1,thymus,1,https://doi.org/10.3791/50951; https://doi.org/10.1038/s41467-021-21346-6; https://doi.org/10.1080/01926230600865549; https://doi.org/10.1126/science.aay3224,VIM,TYW3; CDR2; HLA-DQA1; KRT17; AIRE; NTHL1; PTPRC; KRT5; CCL19; VIM; EPCAM; SNCG; CSTA; FGF17; CALML3
"8,4",CL:1000692,kidney interstitial fibroblast,1,kidney,1,https://doi.org/10.1172/jci.insight.133267; https://doi.org/10.1038/s41467-019-10861-2,VIM,LUM; COL1A2; COL1A1; DCN; ZEB2; C7; VIM
"8,4",ASCTB-TEMP:interdigitating-dendritic-cells,Interdigitating Dendritic Cells,1,spleen,1,https://doi.org/10.1309/M95G-7DQ2-TLQL-7Q11,VIM,CD68; CD1A; VIM; S100B
"8,5",CL:4028006,alveolar adventitial fibroblast,3,lung,1,https://doi.org/10.1148/93.3.507; https://doi.org/10.1136/thx.13.2.110,COL1A2,MFAP4; MFAP5; FBLN1; SCARA5; DCN; PI16; COL6A3; PLA2G2A; LUM; COL1A2; SLPI; DCLK1; CDON
"8,5",CL:0009089,lung pericyte,3,lung,1,https://doi.org/10.1148/93.3.507; https://doi.org/10.1136/thx.13.2.110,COL1A2,PDGFRB; LAMC3; DCN; CSPG4; HIGD1B; COL1A2; COX4I2; TRPC6
"8,5",CL:4028004,alveolar type 1 fibroblast cell,3,lung,1,https://doi.org/10.1148/93.3.507; https://doi.org/10.1136/thx.13.2.110,COL1A2,INMT; VEGFD; LUM; PCDH15; PLIN2; DCN; COL1A2; FGFR4; TCF21; MFAP4; FBLN1; SAA1; WNT2; COL6A3; CES1
"8,5",CL:0000866,thymic macrophage,3,thymus,1,https://doi.org/10.1016/j.imbio.2008.07.032; https://doi.org/10.1016/s0065-2776(08)60900-1; https://doi.org/10.1016/j.imbio.2008.07.032.; https://doi.org/10.1126/science.aay3224,SELENOP,LGMN; LYZ; ITGAX; ICAM1; MS4A7; CD68; SELENOP; SLC40A1; C1QB; C1QA; ITGAM; C1QC; CD163; RNASE1; CD209; APOE; STAB1
"8,5",CL:0000186,myofibroblast cell,3,spleen,1,PMID: 3310649; PMID: 20126587; https://doi.org/10.1038/s41598-018-34105-3,CALD1,CALD1; ACTA2
"8,5",ASCTB-TEMP:fibrocartilage-chondrocyte-1,Fibrocartilage Chondrocyte 1,2,knee,1,https://doi.org/10.1136/ard-2022-223227,COL1A2,MSMP; COL3A1; COL1A2
"8,5",CL:0009079,thymic fibroblast type 2,2,thymus,1,https://doi.org/10.1126/science.aay3224,COL1A2; MGP,FN1; COL3A1; IGFBP6; COL1A1; LUM; COL1A2; FBN1; COL14A1; OGN; MGP
"8,5",CL:4033017,bronchiolar smooth muscle cell,2,lung,1,https://doi.org/10.1148/93.3.507; https://doi.org/10.1136/thx.13.2.110,COL1A2,ACTG1; COL1A2; LGR6; ACTA2; CNN1; DES; TAGLN; DCN; PLN; MYH11; MFAP4
"8,5",ASCTB-TEMP:effector-chondrocyte,Effector Chondrocyte,2,knee,1,https://doi.org/10.1136/ard-2022-223227,IGFBP7,IGFBP7; CHAD; STC2
"8,5",CL:1000489,reticular cell of splenic cord,2,spleen,1,https://doi.org/10.1038/nri2588; https://doi.org/10.1111/imm.12469,ITGB1; CXCL12,PDGFRA; ITGB1; ITGA5; PDGFRB; ITGA3; ITGA4; ICAM1; DES; CXCL12
"8,5",CL:1000692,kidney interstitial fibroblast,2,kidney,1,https://doi.org/10.1172/jci.insight.133267; https://doi.org/10.1038/s41467-019-10861-2,ZEB2; COL1A2,LUM; COL1A2; COL1A1; DCN; ZEB2; C7; VIM
"8,5",CL:0000359,vascular associated smooth muscle cell,2,skin,1,https://doi.org/10.1083/jcb.113.1.147; No DOI,CALD1,CNN1; CALD1; ACTA2
"8,5",PCL:0051382,Splat_381 neuron (Hsap),1,allen-brain,1,https://doi.org/10.1101/2022.10.12.511898,EBF1,OTP; EBF1; EBF2
"8,5",CL:0009104,B cell zone reticular cell,1,lymph-node,1,ISBN:9781933477381; https://doi.org/10.1080/01926230600867727,CXCL12,PECAM1; PDPN; DES; ACTA2; VIM; TNFSF11; CXCL12
"8,5",PCL:0051029,Fbl_28 fibroblast (Hsap),1,allen-brain,1,https://doi.org/10.1101/2022.10.12.511898,COL1A2,COL1A2; FBLN2; C7
"8,5",ASCTB-TEMP:splenic-red-pulp-stromal-cell,Splenic Red Pulp Stromal Cell,1,spleen,1,https://doi.org/10.1002/eji.200425442,CXCL12,IL6; ICAM1; CXCL12
"8,5",PCL:0015011,Inh L2 PAX6 FREM2 primary motor cortex GABAergic interneuron (Hsap),1,allen-brain,1,https://doi.org/10.1038/s41586-021-03465-8,IGFBP7,IGFBP7; CILP2
"8,5",CL:0000888,lymph node tingible body macrophage,1,lymph-node,1,https://doi.org/10.1111/cas.13137,SPARC,ITGAX; CD68; CD4; HLA-DRA; ITGAM; CD14; SPARC; SIGLEC1
"8,5",PCL:0015126,VLMC L1-5 PDGFRA COLEC12 primary motor cortex vascular leptomeningeal cell (Hsap),1,allen-brain,1,https://doi.org/10.1038/s41586-021-03465-8,COL1A2,COL1A2; COLEC12
"8,5",PCL:0051019,VendA_18 endothelial cell of artery (Hsap),1,allen-brain,1,https://doi.org/10.1101/2022.10.12.511898,MGP,MGP; MECOM
"8,5",PCL:0051369,Splat_368 neuron (Hsap),1,allen-brain,1,https://doi.org/10.1101/2022.10.12.511898,EBF1,SNHG14; EBF1; EBF3; TCF7L2
"8,5",CL:0000882,thymic medullary macrophage,1,thymus,1,https://doi.org/10.1016/s0065-2776(08)60900-1; https://doi.org/10.1016/j.imbio.2008.07.032; https://doi.org/10.1126/science.aay3224,SELENOP,ITGAX; ICAM1; STAB1; APOE; LYZ; LGMN; SELENOP; MS4A7; CD68; SLC40A1; C1QB; C1QA; ITGAM; C1QC; CD163; RNASE1; CD209
"8,5",PCL:0051207,MSN_206 medium spiny neuron (Hsap),1,allen-brain,1,https://doi.org/10.1101/2022.10.12.511898,EBF1,RP11-640F22.1; AC002066.1; GLI3; EBF1
"8,5",CL:0002138,endothelial cell of lymphatic vessel,1,thymus,1,https://doi.org/10.1080/01926230600865549; https://doi.org/10.1126/science.aay3224,TFPI,NTS; MMRN1; FABP5; NUPR1; LAPTM5; TFPI; TFF3; PROX1; CAVIN2; LYVE1; CCL21
"8,5",CL:0009106,medullary reticular cell,1,lymph-node,1,https://doi.org/10.3389/fimmu.2011.00035.; https://doi.org/10.1016/j.jcyt.2017.01.010; https://doi.org/10.1016/j.ajpath.2010.12.039,CXCL12,PECAM1; PDPN; DES; ACTA2; VIM; TNFSF11; CXCL12
"8,5",CL:0000883,thymic cortical macrophage,1,thymus,1,https://doi.org/10.1016/s0065-2776(08)60900-1,SELENOP,STAB1; APOE; C1QC; C1QB; TMSB4X; SLC40A1; LGMN; SELENOP; MS4A7; C1QA; RNASE1
"8,5",CL:0000669,pericyte,1,eye,1,https://doi.org/10.1016/j.cell.2019.01.004,MGP,MGP; KCNJ8; COL4A1; RGC5; MYL9
"8,6",CL:0000818,transitional stage B cell,2,blood-pelvis; bone-marrow,2,https://doi.org/10.1073/pnas.172384399,IGLL5,NCAM1; IL3RA; FCGR3A; CD3E; CD1C; CD14; MME; IGHD; ITGAX; TCL1A; SOX4; HLA-DRA; CD24; CD27; CLEC9A; THBD; IGLL5; CD19; CR2; CD22; BCL7A; CD38; MS4A1; CD5; FCRLA
"8,6",CL:0000786,plasma cell,1,thymus,1,https://doi.org/10.1126/sciimmunol.aah4447; https://doi.org/10.1080/01926230600865549; https://doi.org/10.1126/science.aay3224,SSR4,IGKC; JCHAIN; SDC1; SSR4; XBP1; CD28; CD19; IGHG1; IGHG3; DERL3; MS4A1; FKBP11; SEC11C; IGHM; MZB1
