leiden_sub,asctb_1,asctb_2,asctb_3,asctb_4,asctb_5,asctb_refs_1,asctb_refs_2,asctb_refs_3,asctb_refs_4,asctb_refs_5
"0,0",fibroblast (CL:0000057)[5 bg][fallopian-tube],lung pericyte (CL:0009089)[3 bg][lung],alveolar type 1 fibroblast cell (CL:4028004)[3 bg][lung],alveolar adventitial fibroblast (CL:4028006)[3 bg][lung],T cell zone reticular cell (CL:0009105)[2 bg][lymph-node],https://doi.org/10.1016/j.celrep.2021.108978,https://doi.org/10.1016/j.celrep.2021.108978,https://doi.org/10.1016/j.celrep.2021.108978,https://doi.org/10.1016/j.celrep.2021.108978,https://doi.org/10.1016/j.celrep.2021.108978
"0,1",thymic macrophage (CL:0000866)[3 bg][thymus],splenic red pulp macrophage (CL:0000874)[2 bg][spleen],Fibrocartilage Chondrocyte 2 (ASCTB-TEMP:fibrocartilage-chondrocyte-2)[2 bg][knee],splenic white pulp macrophage (CL:0000876)[2 bg][spleen],Splat_415 neuron (Hsap) (PCL:0051416)[1 bg][allen-brain],https://doi.org/10.1016/j.imbio.2008.07.032; https://doi.org/10.1016/s0065-2776(08)60900-1; https://doi.org/10.1016/j.imbio.2008.07.032.; https://doi.org/10.1126/science.aay3224,https://doi.org/10.1016/j.imbio.2008.07.032; https://doi.org/10.1016/s0065-2776(08)60900-1; https://doi.org/10.1016/j.imbio.2008.07.032.; https://doi.org/10.1126/science.aay3224,https://doi.org/10.1016/j.imbio.2008.07.032; https://doi.org/10.1016/s0065-2776(08)60900-1; https://doi.org/10.1016/j.imbio.2008.07.032.; https://doi.org/10.1126/science.aay3224,https://doi.org/10.1016/j.imbio.2008.07.032; https://doi.org/10.1016/s0065-2776(08)60900-1; https://doi.org/10.1016/j.imbio.2008.07.032.; https://doi.org/10.1126/science.aay3224,https://doi.org/10.1016/j.imbio.2008.07.032; https://doi.org/10.1016/s0065-2776(08)60900-1; https://doi.org/10.1016/j.imbio.2008.07.032.; https://doi.org/10.1126/science.aay3224
"0,2",stromal cell (ASCTB-TEMP:stromal-cell)[36 bg][uterus],pulmonary alveolar type 1 cell (CL:0002062)[3 bg][lung],CD8-alpha-positive thymic conventional dendritic cell (CL:0002059)[2 bg][thymus],neuron (CL:0000540)[1 bg][spinal-cord],"",https://doi.org/10.1101/2021.01.02.425073,https://doi.org/10.1101/2021.01.02.425073,https://doi.org/10.1101/2021.01.02.425073,https://doi.org/10.1101/2021.01.02.425073,https://doi.org/10.1101/2021.01.02.425073
"0,3",blood vessel endothelial cell (CL:0000071)[21 bg][thymus; lymph-node],intestinal tuft cell (CL:0019032)[11 bg][large-intestine],alveolar adventitial fibroblast (CL:4028006)[3 bg][lung],thymic fibroblast type 1 (CL:0009078)[2 bg][thymus],Splat_381 neuron (Hsap) (PCL:0051382)[2 bg][allen-brain],https://doi.org/10.1126/science.aay3224; https://doi.org/10.1080/01926230600865549; https://doi.org/10.1007/s00441-008-0706-5; https://doi.org/10.1038/nri32982012.; https://doi.org/10.1371/journal.pone.0094781; https://doi.org/10.1369/jhc.4A6514.2005,https://doi.org/10.1126/science.aay3224; https://doi.org/10.1080/01926230600865549; https://doi.org/10.1007/s00441-008-0706-5; https://doi.org/10.1038/nri32982012.; https://doi.org/10.1371/journal.pone.0094781; https://doi.org/10.1369/jhc.4A6514.2005,https://doi.org/10.1126/science.aay3224; https://doi.org/10.1080/01926230600865549; https://doi.org/10.1007/s00441-008-0706-5; https://doi.org/10.1038/nri32982012.; https://doi.org/10.1371/journal.pone.0094781; https://doi.org/10.1369/jhc.4A6514.2005,https://doi.org/10.1126/science.aay3224; https://doi.org/10.1080/01926230600865549; https://doi.org/10.1007/s00441-008-0706-5; https://doi.org/10.1038/nri32982012.; https://doi.org/10.1371/journal.pone.0094781; https://doi.org/10.1369/jhc.4A6514.2005,https://doi.org/10.1126/science.aay3224; https://doi.org/10.1080/01926230600865549; https://doi.org/10.1007/s00441-008-0706-5; https://doi.org/10.1038/nri32982012.; https://doi.org/10.1371/journal.pone.0094781; https://doi.org/10.1369/jhc.4A6514.2005
"0,4",subcapsular thymic epithelial cell (CL:0009077)[2 bg][thymus],thymic cortical macrophage (CL:0000883)[1 bg][thymus],"","","",https://doi.org/10.1016/s0065-2776(08)60900-1,https://doi.org/10.1016/s0065-2776(08)60900-1,https://doi.org/10.1016/s0065-2776(08)60900-1,https://doi.org/10.1016/s0065-2776(08)60900-1,https://doi.org/10.1016/s0065-2776(08)60900-1
"0,5",neuron (CL:0000540)[5 bg][spinal-cord],ON-bipolar cell (CL:0000749)[2 bg][eye],EMSN_426 medium spiny neuron (Hsap) (PCL:0051427)[1 bg][allen-brain],Splat_371 neuron (Hsap) (PCL:0051372)[1 bg][allen-brain],retinal bipolar neuron (CL:0000748)[1 bg][eye],https://doi.org/10.1016/j.neuron.2023.01.007,https://doi.org/10.1016/j.neuron.2023.01.007,https://doi.org/10.1016/j.neuron.2023.01.007,https://doi.org/10.1016/j.neuron.2023.01.007,https://doi.org/10.1016/j.neuron.2023.01.007
"1,0",Inh L2-5 PVALB HHIPL1 primary motor cortex GABAergic interneuron (Hsap) (PCL:0015063)[1 bg][allen-brain],Exc L6 FEZF2 KLK7 primary motor cortex glutamatergic neuron (Hsap) (PCL:0015108)[1 bg][allen-brain],corneal epithelial cell (CL:0000575)[1 bg][eye],"","",https://doi.org/10.1038/s41586-021-03465-8,https://doi.org/10.1038/s41586-021-03465-8,https://doi.org/10.1038/s41586-021-03465-8,https://doi.org/10.1038/s41586-021-03465-8,https://doi.org/10.1038/s41586-021-03465-8
"1,00",Splat_423 neuron (Hsap) (PCL:0051424)[1 bg][allen-brain],Oligo_40 oligodendrocyte (Hsap) (PCL:0051041)[1 bg][allen-brain],Inh L5-6 VIP COL4A3 primary motor cortex GABAergic interneuron (Hsap) (PCL:0015031)[1 bg][allen-brain],Inh L1-5 VIP LINC01013 primary motor cortex GABAergic interneuron (Hsap) (PCL:0015037)[1 bg][allen-brain],MGE_249 sst GABAergic cortical interneuron (Hsap) (PCL:0051250)[1 bg][allen-brain],https://doi.org/10.1101/2022.10.12.511898,https://doi.org/10.1101/2022.10.12.511898,https://doi.org/10.1101/2022.10.12.511898,https://doi.org/10.1101/2022.10.12.511898,https://doi.org/10.1101/2022.10.12.511898
"1,2",macrophage (CL:0000235)[34 bg][large-intestine],dendritic cell (CL:0000451)[25 bg][lymph-node; large-intestine],blood vessel endothelial cell (CL:0000071)[12 bg][lymph-node],DEC205+ DC (ASCTB-TEMP:dec205-dc)[3 bg][spleen],medullary thymic epithelial cell type 3 (CL:0009073)[3 bg][thymus],https://doi.org/10.1007/978-1-4939-0897-4_3; https://doi.org/10.1016/j.immuni.2020.02.001,https://doi.org/10.1007/978-1-4939-0897-4_3; https://doi.org/10.1016/j.immuni.2020.02.001,https://doi.org/10.1007/978-1-4939-0897-4_3; https://doi.org/10.1016/j.immuni.2020.02.001,https://doi.org/10.1007/978-1-4939-0897-4_3; https://doi.org/10.1016/j.immuni.2020.02.001,https://doi.org/10.1007/978-1-4939-0897-4_3; https://doi.org/10.1016/j.immuni.2020.02.001
"10,0",neuron (CL:0000540)[5 bg][spinal-cord],myofibroblast cell (CL:0000186)[3 bg][spleen],vascular associated smooth muscle cell (CL:0000359)[2 bg][skin],EMSN_426 medium spiny neuron (Hsap) (PCL:0051427)[1 bg][allen-brain],Splat_423 neuron (Hsap) (PCL:0051424)[1 bg][allen-brain],https://doi.org/10.1016/j.neuron.2023.01.007,https://doi.org/10.1016/j.neuron.2023.01.007,https://doi.org/10.1016/j.neuron.2023.01.007,https://doi.org/10.1016/j.neuron.2023.01.007,https://doi.org/10.1016/j.neuron.2023.01.007
"10,2",endothelial cell of arteriole (CL:1000412)[67 bg][large-intestine],endothelial cell of venule (CL:1000414)[65 bg][large-intestine],capillary endothelial cell (CL:0002144)[25 bg][large-intestine],pericyte (CL:0000669)[10 bg][placenta],vascular associated smooth muscle cell (CL:0000359)[7 bg][placenta],isBN:978-1496398949; ISBN:978-1496398949; https://doi.org/10.1007/978-1-4939-0897-4_3,isBN:978-1496398949; ISBN:978-1496398949; https://doi.org/10.1007/978-1-4939-0897-4_3,isBN:978-1496398949; ISBN:978-1496398949; https://doi.org/10.1007/978-1-4939-0897-4_3,isBN:978-1496398949; ISBN:978-1496398949; https://doi.org/10.1007/978-1-4939-0897-4_3,isBN:978-1496398949; ISBN:978-1496398949; https://doi.org/10.1007/978-1-4939-0897-4_3
"10,3",myofibroblast cell (CL:0000186)[2 bg][lymph-node],Inh L3 PVALB SAMD13 primary motor cortex GABAergic interneuron (Hsap) (PCL:0015065)[1 bg][allen-brain],Exc L5-6 FEZF2 FILIP1L primary motor cortex glutamatergic neuron (Hsap) (PCL:0015102)[1 bg][allen-brain],DLCT6b_100 glutamatergic neuron (Hsap) (PCL:0051101)[1 bg][allen-brain],VendC_15 capillary endothelial cell (Hsap) (PCL:0051016)[1 bg][allen-brain],PMCID:PMC1899700; https://www.pathologyoutlines.com/topic/lymphnodesanatomy.html; https://doi.org/10.1002/ar.1091830404; https://fblt.cz/en/skripta/v-krev-a-organy-imunitniho-systemu/6-thymus-mizni-uzliny-a-difuzni-imunitni-system/,PMCID:PMC1899700; https://www.pathologyoutlines.com/topic/lymphnodesanatomy.html; https://doi.org/10.1002/ar.1091830404; https://fblt.cz/en/skripta/v-krev-a-organy-imunitniho-systemu/6-thymus-mizni-uzliny-a-difuzni-imunitni-system/,PMCID:PMC1899700; https://www.pathologyoutlines.com/topic/lymphnodesanatomy.html; https://doi.org/10.1002/ar.1091830404; https://fblt.cz/en/skripta/v-krev-a-organy-imunitniho-systemu/6-thymus-mizni-uzliny-a-difuzni-imunitni-system/,PMCID:PMC1899700; https://www.pathologyoutlines.com/topic/lymphnodesanatomy.html; https://doi.org/10.1002/ar.1091830404; https://fblt.cz/en/skripta/v-krev-a-organy-imunitniho-systemu/6-thymus-mizni-uzliny-a-difuzni-imunitni-system/,PMCID:PMC1899700; https://www.pathologyoutlines.com/topic/lymphnodesanatomy.html; https://doi.org/10.1002/ar.1091830404; https://fblt.cz/en/skripta/v-krev-a-organy-imunitniho-systemu/6-thymus-mizni-uzliny-a-difuzni-imunitni-system/
"10,4",Effector Chondrocyte (ASCTB-TEMP:effector-chondrocyte)[2 bg][knee],"CD14-positive, CD16-low monocyte (CL:0001055)[2 bg][spleen]",Inh L2 PAX6 FREM2 primary motor cortex GABAergic interneuron (Hsap) (PCL:0015011)[1 bg][allen-brain],subcapsular thymic epithelial cell (CL:0009077)[1 bg][thymus],Fbl_24 fibroblast (Hsap) (PCL:0051025)[1 bg][allen-brain],https://doi.org/10.1136/ard-2022-223227,https://doi.org/10.1136/ard-2022-223227,https://doi.org/10.1136/ard-2022-223227,https://doi.org/10.1136/ard-2022-223227,https://doi.org/10.1136/ard-2022-223227
"10,5",follicular dendritic cell (CL:0000442)[5 bg][spleen],alveolar type 1 fibroblast cell (CL:4028004)[3 bg][lung],Inh L5-6 SST BEAN1 primary motor cortex GABAergic interneuron (Hsap) (PCL:0015053)[1 bg][allen-brain],DLCT6b_84 glutamatergic neuron (Hsap) (PCL:0051085)[1 bg][allen-brain],MGE_250 medial ganglionic eminence derived interneuron (Hsap) (PCL:0051251)[1 bg][allen-brain],PMID: 20126587; https://doi.org/10.1007/s00418-011-0799-x; https://doi.org/10.1111/imm.12469; https://doi.org/10.1038/s41467-019-09728-3,PMID: 20126587; https://doi.org/10.1007/s00418-011-0799-x; https://doi.org/10.1111/imm.12469; https://doi.org/10.1038/s41467-019-09728-3,PMID: 20126587; https://doi.org/10.1007/s00418-011-0799-x; https://doi.org/10.1111/imm.12469; https://doi.org/10.1038/s41467-019-09728-3,PMID: 20126587; https://doi.org/10.1007/s00418-011-0799-x; https://doi.org/10.1111/imm.12469; https://doi.org/10.1038/s41467-019-09728-3,PMID: 20126587; https://doi.org/10.1007/s00418-011-0799-x; https://doi.org/10.1111/imm.12469; https://doi.org/10.1038/s41467-019-09728-3
"12,0",mucosal-associated invariant T cell (CL:0000940)[1 bg][thymus],DLNP_86 near-projecting glutamatergic cortical neuron (Hsap) (PCL:0051087)[1 bg][allen-brain],DG_202 dentate gyrus granule cell (Hsap) (PCL:0051203)[1 bg][allen-brain],T-helper 17 cell (CL:0000899)[1 bg][thymus],Inh L1 SST P4HA3 primary motor cortex GABAergic interneuron (Hsap) (PCL:0015017)[1 bg][allen-brain],https://doi.org/10.1038/ni.3565.,https://doi.org/10.1038/ni.3565.,https://doi.org/10.1038/ni.3565.,https://doi.org/10.1038/ni.3565.,https://doi.org/10.1038/ni.3565.
"12,1",intestinal crypt stem cell of large intestine (CL:0009016)[11 bg][large-intestine],blood vessel endothelial cell (CL:0000071)[9 bg][thymus],fibroblast of villous mesenchyme (CL:0002558)[8 bg][placenta],alveolar type 1 fibroblast cell (CL:4028004)[6 bg][lung],lung pericyte (CL:0009089)[6 bg][lung],https://doi.org/10.1038/nature06196,https://doi.org/10.1038/nature06196,https://doi.org/10.1038/nature06196,https://doi.org/10.1038/nature06196,https://doi.org/10.1038/nature06196
"13,0",mature CD4 single-positive thymocyte (CL:0002436)[2 bg][thymus],Exc L5 THEMIS RGPD6 primary motor cortex glutamatergic neuron (Hsap) (PCL:0015100)[1 bg][allen-brain],Exc L6 FEZF2 KLK7 primary motor cortex glutamatergic neuron (Hsap) (PCL:0015108)[1 bg][allen-brain],Inh L1 SST P4HA3 primary motor cortex GABAergic interneuron (Hsap) (PCL:0015017)[1 bg][allen-brain],Inh L2-5 PVALB HHIPL1 primary motor cortex GABAergic interneuron (Hsap) (PCL:0015063)[1 bg][allen-brain],https://doi.org/10.1172/JCI7558.; https://doi.org/10.1126/science.aay3224; https://doi.org/10.3389/fimmu.2019.00447; https://doi.org/10.1038/s41467-021-21346-6,https://doi.org/10.1172/JCI7558.; https://doi.org/10.1126/science.aay3224; https://doi.org/10.3389/fimmu.2019.00447; https://doi.org/10.1038/s41467-021-21346-6,https://doi.org/10.1172/JCI7558.; https://doi.org/10.1126/science.aay3224; https://doi.org/10.3389/fimmu.2019.00447; https://doi.org/10.1038/s41467-021-21346-6,https://doi.org/10.1172/JCI7558.; https://doi.org/10.1126/science.aay3224; https://doi.org/10.3389/fimmu.2019.00447; https://doi.org/10.1038/s41467-021-21346-6,https://doi.org/10.1172/JCI7558.; https://doi.org/10.1126/science.aay3224; https://doi.org/10.3389/fimmu.2019.00447; https://doi.org/10.1038/s41467-021-21346-6
"13,1",lymphocyte of large intestine lamina propria (CL:0009018)[33 bg][large-intestine],Schwann cell (CL:0002573)[24 bg][large-intestine],uterine natural killer cell (ASCTB-TEMP:uterine-natural-killer-cell)[18 bg][uterus],natural killer cell (CL:0000623)[18 bg][allen-brain; thymus; liver; kidney; fallopian-tube; skin; spleen; lymph-node],lymphocyte (ASCTB-TEMP:lymphocyte)[18 bg][uterus],https://doi.org/10.1007/978-1-4939-0897-4_3; https://doi.org/10.1016/j.immuni.2020.02.001,https://doi.org/10.1007/978-1-4939-0897-4_3; https://doi.org/10.1016/j.immuni.2020.02.001,https://doi.org/10.1007/978-1-4939-0897-4_3; https://doi.org/10.1016/j.immuni.2020.02.001,https://doi.org/10.1007/978-1-4939-0897-4_3; https://doi.org/10.1016/j.immuni.2020.02.001,https://doi.org/10.1007/978-1-4939-0897-4_3; https://doi.org/10.1016/j.immuni.2020.02.001
"13,2",subcapsular thymic epithelial cell (CL:0009077)[2 bg][thymus],CA4_194 hippocampal CA4 neuron (Hsap) (PCL:0051195)[1 bg][allen-brain],thymic cortical macrophage (CL:0000883)[1 bg][thymus],"","",https://doi.org/10.1016/s0065-2776(08)60900-1,https://doi.org/10.1016/s0065-2776(08)60900-1,https://doi.org/10.1016/s0065-2776(08)60900-1,https://doi.org/10.1016/s0065-2776(08)60900-1,https://doi.org/10.1016/s0065-2776(08)60900-1
"13,3",luminal epithelial cell (ASCTB-TEMP:luminal-epithelial-cell)[36 bg][uterus],glandular epithelial cell (ASCTB-TEMP:glandular-epithelial-cell)[36 bg][uterus],SOX9+ epithelial cell (ASCTB-TEMP:sox9-epithelial-cell)[18 bg][uterus],ciliated epithelial cell (ASCTB-TEMP:ciliated-epithelial-cell)[18 bg][uterus],paneth cell of colon (CL:0009009)[11 bg][large-intestine],https://doi.org/10.1101/2021.01.02.425073,https://doi.org/10.1101/2021.01.02.425073,https://doi.org/10.1101/2021.01.02.425073,https://doi.org/10.1101/2021.01.02.425073,https://doi.org/10.1101/2021.01.02.425073
"15,0",fallopian tube secretory epithelial cell (CL:4030006)[5 bg][fallopian-tube],CGE_287 lamp5 GABAergic cortical interneuron (Hsap) (PCL:0051288)[1 bg][allen-brain],Splat_421 neuron (Hsap) (PCL:0051422)[1 bg][allen-brain],Exc L3 THEMIS ENPEP primary motor cortex glutamatergic neuron (Hsap) (PCL:0015082)[1 bg][allen-brain],Midi_437 midbrain-derived inhibitory neuron (Hsap) (PCL:0051438)[1 bg][allen-brain],https://doi.org/10.1016/j.celrep.2021.108978,https://doi.org/10.1016/j.celrep.2021.108978,https://doi.org/10.1016/j.celrep.2021.108978,https://doi.org/10.1016/j.celrep.2021.108978,https://doi.org/10.1016/j.celrep.2021.108978
"15,1",medullary thymic epithelial cell type 3 (CL:0009073)[2 bg][thymus],bronchiolar smooth muscle cell (CL:4033017)[1 bg][lung],subcapsular thymic epithelial cell (CL:0009077)[1 bg][thymus],"","",https://doi.org/10.1038/nature03886.; https://doi.org/10.4049/jimmunol.1002151; https://doi.org/10.1038/s41467-021-21346-6; https://doi.org/10.3791/50951; https://doi.org/10.1080/01926230600865549; https://doi.org/10.1126/science.aay3224,https://doi.org/10.1038/nature03886.; https://doi.org/10.4049/jimmunol.1002151; https://doi.org/10.1038/s41467-021-21346-6; https://doi.org/10.3791/50951; https://doi.org/10.1080/01926230600865549; https://doi.org/10.1126/science.aay3224,https://doi.org/10.1038/nature03886.; https://doi.org/10.4049/jimmunol.1002151; https://doi.org/10.1038/s41467-021-21346-6; https://doi.org/10.3791/50951; https://doi.org/10.1080/01926230600865549; https://doi.org/10.1126/science.aay3224,https://doi.org/10.1038/nature03886.; https://doi.org/10.4049/jimmunol.1002151; https://doi.org/10.1038/s41467-021-21346-6; https://doi.org/10.3791/50951; https://doi.org/10.1080/01926230600865549; https://doi.org/10.1126/science.aay3224,https://doi.org/10.1038/nature03886.; https://doi.org/10.4049/jimmunol.1002151; https://doi.org/10.1038/s41467-021-21346-6; https://doi.org/10.3791/50951; https://doi.org/10.1080/01926230600865549; https://doi.org/10.1126/science.aay3224
"15,2",monocyte (CL:0000576)[6 bg][thymus; fallopian-tube],dendritic cell (CL:0000451)[5 bg][fallopian-tube],macrophage (CL:0000235)[5 bg][fallopian-tube],thymic macrophage (CL:0000866)[3 bg][thymus],CD141-positive myeloid dendritic cell (CL:0002394)[2 bg][lymph-node; blood-pelvis],https://doi.org/10.1126/science.aay3224; https://doi.org/10.1016/j.celrep.2021.108978,https://doi.org/10.1126/science.aay3224; https://doi.org/10.1016/j.celrep.2021.108978,https://doi.org/10.1126/science.aay3224; https://doi.org/10.1016/j.celrep.2021.108978,https://doi.org/10.1126/science.aay3224; https://doi.org/10.1016/j.celrep.2021.108978,https://doi.org/10.1126/science.aay3224; https://doi.org/10.1016/j.celrep.2021.108978
"15,3",luminal epithelial cell (ASCTB-TEMP:luminal-epithelial-cell)[36 bg][uterus],glandular epithelial cell (ASCTB-TEMP:glandular-epithelial-cell)[36 bg][uterus],SOX9+ epithelial cell (ASCTB-TEMP:sox9-epithelial-cell)[18 bg][uterus],ciliated epithelial cell (ASCTB-TEMP:ciliated-epithelial-cell)[18 bg][uterus],peg cell (CL:4033014)[5 bg][fallopian-tube],https://doi.org/10.1101/2021.01.02.425073,https://doi.org/10.1101/2021.01.02.425073,https://doi.org/10.1101/2021.01.02.425073,https://doi.org/10.1101/2021.01.02.425073,https://doi.org/10.1101/2021.01.02.425073
"15,4",enterocyte of epithelium of large intestine (CL:0002071)[44 bg][large-intestine],luminal epithelial cell (ASCTB-TEMP:luminal-epithelial-cell)[36 bg][uterus],glandular epithelial cell (ASCTB-TEMP:glandular-epithelial-cell)[36 bg][uterus],large intestine crypt goblet cell (CL:1000321)[22 bg][large-intestine],SOX9+ epithelial cell (ASCTB-TEMP:sox9-epithelial-cell)[18 bg][uterus],https://doi.org/10.1038/s42003-020-01181-z,https://doi.org/10.1038/s42003-020-01181-z,https://doi.org/10.1038/s42003-020-01181-z,https://doi.org/10.1038/s42003-020-01181-z,https://doi.org/10.1038/s42003-020-01181-z
"15,5",Splat_355 neuron (Hsap) (PCL:0051356)[1 bg][allen-brain],Inh L5 SST RPL35AP11 primary motor cortex GABAergic interneuron (Hsap) (PCL:0015042)[1 bg][allen-brain],Inh L5-6 SST BEAN1 primary motor cortex GABAergic interneuron (Hsap) (PCL:0015053)[1 bg][allen-brain],Inh L5-6 SST PAWR primary motor cortex GABAergic interneuron (Hsap) (PCL:0015048)[1 bg][allen-brain],"",https://doi.org/10.1101/2022.10.12.511898,https://doi.org/10.1101/2022.10.12.511898,https://doi.org/10.1101/2022.10.12.511898,https://doi.org/10.1101/2022.10.12.511898,https://doi.org/10.1101/2022.10.12.511898
"15,6",neuron (CL:0000540)[4 bg][spinal-cord],Splat_422 neuron (Hsap) (PCL:0051423)[1 bg][allen-brain],hepatic oval stem cell (CL:0002196)[1 bg][liver],LLC_267 interneuron (Hsap) (PCL:0051268)[1 bg][allen-brain],MGE_250 medial ganglionic eminence derived interneuron (Hsap) (PCL:0051251)[1 bg][allen-brain],https://doi.org/10.1016/j.neuron.2023.01.007,https://doi.org/10.1016/j.neuron.2023.01.007,https://doi.org/10.1016/j.neuron.2023.01.007,https://doi.org/10.1016/j.neuron.2023.01.007,https://doi.org/10.1016/j.neuron.2023.01.007
"18,0",extravillous trophoblast (CL:0008036)[9 bg][placenta],thymic plasmacytoid dendritic cell (CL:0000942)[2 bg][thymus],kidney loop of Henle short descending thin limb epithelial cell (CL:4030012)[1 bg][kidney],Splat_366 neuron (Hsap) (PCL:0051367)[1 bg][allen-brain],Splat_373 neuron (Hsap) (PCL:0051374)[1 bg][allen-brain],PMID:8804361; https://doi.org/10.1155/2021/6662201; https://doi.org/10.1095/biolreprod.106.055244; https://doi.org/10.1093/humrep/dem265; https://doi.org/10.1053/plac.2000.0559; https://doi.org/10.1016/j.jim.2003.03.001; https://doi.org/10.1242/dev.148932; https://doi.org/10.1016/0198-8859(93)90138-Q,PMID:8804361; https://doi.org/10.1155/2021/6662201; https://doi.org/10.1095/biolreprod.106.055244; https://doi.org/10.1093/humrep/dem265; https://doi.org/10.1053/plac.2000.0559; https://doi.org/10.1016/j.jim.2003.03.001; https://doi.org/10.1242/dev.148932; https://doi.org/10.1016/0198-8859(93)90138-Q,PMID:8804361; https://doi.org/10.1155/2021/6662201; https://doi.org/10.1095/biolreprod.106.055244; https://doi.org/10.1093/humrep/dem265; https://doi.org/10.1053/plac.2000.0559; https://doi.org/10.1016/j.jim.2003.03.001; https://doi.org/10.1242/dev.148932; https://doi.org/10.1016/0198-8859(93)90138-Q,PMID:8804361; https://doi.org/10.1155/2021/6662201; https://doi.org/10.1095/biolreprod.106.055244; https://doi.org/10.1093/humrep/dem265; https://doi.org/10.1053/plac.2000.0559; https://doi.org/10.1016/j.jim.2003.03.001; https://doi.org/10.1242/dev.148932; https://doi.org/10.1016/0198-8859(93)90138-Q,PMID:8804361; https://doi.org/10.1155/2021/6662201; https://doi.org/10.1095/biolreprod.106.055244; https://doi.org/10.1093/humrep/dem265; https://doi.org/10.1053/plac.2000.0559; https://doi.org/10.1016/j.jim.2003.03.001; https://doi.org/10.1242/dev.148932; https://doi.org/10.1016/0198-8859(93)90138-Q
"18,1",paneth cell of colon (CL:0009009)[11 bg][large-intestine],"","","","",https://doi.org/10.1016/j.humpath.2008.12.003,https://doi.org/10.1016/j.humpath.2008.12.003,https://doi.org/10.1016/j.humpath.2008.12.003,https://doi.org/10.1016/j.humpath.2008.12.003,https://doi.org/10.1016/j.humpath.2008.12.003
"18,2",thymic macrophage (CL:0000866)[3 bg][thymus],epithelial cell of proximal tubule (CL:0002306)[2 bg][kidney],MGE_249 sst GABAergic cortical interneuron (Hsap) (PCL:0051250)[1 bg][allen-brain],thymic medullary macrophage (CL:0000882)[1 bg][thymus],Inh L2-5 VIP BSPRY primary motor cortex GABAergic interneuron (Hsap) (PCL:0015033)[1 bg][allen-brain],https://doi.org/10.1016/j.imbio.2008.07.032; https://doi.org/10.1016/s0065-2776(08)60900-1; https://doi.org/10.1016/j.imbio.2008.07.032.; https://doi.org/10.1126/science.aay3224,https://doi.org/10.1016/j.imbio.2008.07.032; https://doi.org/10.1016/s0065-2776(08)60900-1; https://doi.org/10.1016/j.imbio.2008.07.032.; https://doi.org/10.1126/science.aay3224,https://doi.org/10.1016/j.imbio.2008.07.032; https://doi.org/10.1016/s0065-2776(08)60900-1; https://doi.org/10.1016/j.imbio.2008.07.032.; https://doi.org/10.1126/science.aay3224,https://doi.org/10.1016/j.imbio.2008.07.032; https://doi.org/10.1016/s0065-2776(08)60900-1; https://doi.org/10.1016/j.imbio.2008.07.032.; https://doi.org/10.1126/science.aay3224,https://doi.org/10.1016/j.imbio.2008.07.032; https://doi.org/10.1016/s0065-2776(08)60900-1; https://doi.org/10.1016/j.imbio.2008.07.032.; https://doi.org/10.1126/science.aay3224
"18,3",endothelial cell of arteriole (CL:1000412)[67 bg][large-intestine],endothelial cell of venule (CL:1000414)[65 bg][large-intestine],capillary endothelial cell (CL:0002144)[25 bg][large-intestine],naive B cell (CL:0000788)[3 bg][blood-pelvis; lymph-node],stromal cell of endometrium (CL:0002255)[3 bg][placenta],isBN:978-1496398949; ISBN:978-1496398949; https://doi.org/10.1007/978-1-4939-0897-4_3,isBN:978-1496398949; ISBN:978-1496398949; https://doi.org/10.1007/978-1-4939-0897-4_3,isBN:978-1496398949; ISBN:978-1496398949; https://doi.org/10.1007/978-1-4939-0897-4_3,isBN:978-1496398949; ISBN:978-1496398949; https://doi.org/10.1007/978-1-4939-0897-4_3,isBN:978-1496398949; ISBN:978-1496398949; https://doi.org/10.1007/978-1-4939-0897-4_3
"19,0",pulmonary alveolar type 2 cell (CL:0002063)[3 bg][lung],Splat_365 neuron (Hsap) (PCL:0051366)[1 bg][allen-brain],Fbl_31 arachnoid barrier cell (Hsap) (PCL:0051032)[1 bg][allen-brain],Amex_405 amygdala excitatory neuron (Hsap) (PCL:0051406)[1 bg][allen-brain],Splat_371 neuron (Hsap) (PCL:0051372)[1 bg][allen-brain],https://doi.org/10.1148/93.3.507; https://doi.org/10.1136/thx.13.2.110,https://doi.org/10.1148/93.3.507; https://doi.org/10.1136/thx.13.2.110,https://doi.org/10.1148/93.3.507; https://doi.org/10.1136/thx.13.2.110,https://doi.org/10.1148/93.3.507; https://doi.org/10.1136/thx.13.2.110,https://doi.org/10.1148/93.3.507; https://doi.org/10.1136/thx.13.2.110
"19,1",glandular epithelial cell (ASCTB-TEMP:glandular-epithelial-cell)[36 bg][uterus],luminal epithelial cell (ASCTB-TEMP:luminal-epithelial-cell)[36 bg][uterus],interstitial cell of Cajal (CL:0002088)[26 bg][large-intestine],mast cell (CL:0000097)[21 bg][thymus; lymph-node; skin; kidney; large-intestine],mast cell (ASCTB-TEMP:mast-cell)[18 bg][uterus],https://doi.org/10.1101/2021.01.02.425073,https://doi.org/10.1101/2021.01.02.425073,https://doi.org/10.1101/2021.01.02.425073,https://doi.org/10.1101/2021.01.02.425073,https://doi.org/10.1101/2021.01.02.425073
"19,2",blood vessel endothelial cell (CL:0000071)[21 bg][lymph-node; thymus],myo-medullary thymic epithelial cell (CL:0009075)[1 bg][thymus],kidney loop of Henle short descending thin limb epithelial cell (CL:4030012)[1 bg][kidney],thymic fibroblast type 1 (CL:0009078)[1 bg][thymus],cortical thymic epithelial cell (CL:0002364)[1 bg][thymus],https://doi.org/10.1126/science.aay3224; https://doi.org/10.1080/01926230600865549; https://doi.org/10.1007/s00441-008-0706-5; https://doi.org/10.1038/nri32982012.; https://doi.org/10.1371/journal.pone.0094781; https://doi.org/10.1369/jhc.4A6514.2005,https://doi.org/10.1126/science.aay3224; https://doi.org/10.1080/01926230600865549; https://doi.org/10.1007/s00441-008-0706-5; https://doi.org/10.1038/nri32982012.; https://doi.org/10.1371/journal.pone.0094781; https://doi.org/10.1369/jhc.4A6514.2005,https://doi.org/10.1126/science.aay3224; https://doi.org/10.1080/01926230600865549; https://doi.org/10.1007/s00441-008-0706-5; https://doi.org/10.1038/nri32982012.; https://doi.org/10.1371/journal.pone.0094781; https://doi.org/10.1369/jhc.4A6514.2005,https://doi.org/10.1126/science.aay3224; https://doi.org/10.1080/01926230600865549; https://doi.org/10.1007/s00441-008-0706-5; https://doi.org/10.1038/nri32982012.; https://doi.org/10.1371/journal.pone.0094781; https://doi.org/10.1369/jhc.4A6514.2005,https://doi.org/10.1126/science.aay3224; https://doi.org/10.1080/01926230600865549; https://doi.org/10.1007/s00441-008-0706-5; https://doi.org/10.1038/nri32982012.; https://doi.org/10.1371/journal.pone.0094781; https://doi.org/10.1369/jhc.4A6514.2005
"19,3",CA4_194 hippocampal CA4 neuron (Hsap) (PCL:0051195)[1 bg][allen-brain],monocyte (CL:0000576)[1 bg][thymus],"","","",https://doi.org/10.1101/2022.10.12.511898,https://doi.org/10.1101/2022.10.12.511898,https://doi.org/10.1101/2022.10.12.511898,https://doi.org/10.1101/2022.10.12.511898,https://doi.org/10.1101/2022.10.12.511898
"19,4",Midi_435 midbrain-derived inhibitory neuron (Hsap) (PCL:0051436)[1 bg][allen-brain],EMSN_229 medium spiny neuron (Hsap) (PCL:0051230)[1 bg][allen-brain],Thex_451 thalamic excitatory neuron (Hsap) (PCL:0051452)[1 bg][allen-brain],Splat_339 neuron (Hsap) (PCL:0051340)[1 bg][allen-brain],Exc L5-6 THEMIS TNFAIP6 primary motor cortex glutamatergic neuron (Hsap) (PCL:0015089)[1 bg][allen-brain],https://doi.org/10.1101/2022.10.12.511898,https://doi.org/10.1101/2022.10.12.511898,https://doi.org/10.1101/2022.10.12.511898,https://doi.org/10.1101/2022.10.12.511898,https://doi.org/10.1101/2022.10.12.511898
"19,5",intestinal tuft cell (CL:0019032)[22 bg][large-intestine],neuron (CL:0000540)[8 bg][spinal-cord],pulmonary alveolar type 1 cell (CL:0002062)[3 bg][lung],medullary thymic epithelial cell type 4 (CL:0009074)[2 bg][thymus],Splat_376 neuron (Hsap) (PCL:0051377)[1 bg][allen-brain],https://doi.org/10.1038/s41598-019-53997-3; https://doi.org/10.1038/s42003-020-01181-z; https://doi.org/10.4049/jimmunol.1801069,https://doi.org/10.1038/s41598-019-53997-3; https://doi.org/10.1038/s42003-020-01181-z; https://doi.org/10.4049/jimmunol.1801069,https://doi.org/10.1038/s41598-019-53997-3; https://doi.org/10.1038/s42003-020-01181-z; https://doi.org/10.4049/jimmunol.1801069,https://doi.org/10.1038/s41598-019-53997-3; https://doi.org/10.1038/s42003-020-01181-z; https://doi.org/10.4049/jimmunol.1801069,https://doi.org/10.1038/s41598-019-53997-3; https://doi.org/10.1038/s42003-020-01181-z; https://doi.org/10.4049/jimmunol.1801069
"20,0",splenic endothelial cell (CL:2000053)[13 bg][spleen],blood vessel endothelial cell (CL:0000071)[8 bg][placenta],endothelial cell of lymphatic vessel (CL:0002138)[5 bg][spleen],placental villus capillary endothelial cell (CL:2000062)[3 bg][placenta],endometrial microvascular endothelial cell (CL:2000091)[3 bg][placenta],https://doi.org/ 10.1182/ bloodadvances.2017015073; https://doi.org/10.1182/ bloodadvances.2017015073; https://doi.org/10.1111/j.1365-2559.1986.tb02482.x; https://doi.org/10.1111/j.1365-2559.1985.tb02841.x; https://doi.org/10.1017/CBO9780511545979; https://doi.org/10.1182/bloodadvances.2017015073; https://doi.org/10.1016/j.aanat.2019.05.004; https://doi.org/10.1007/s00418-007-0320-8; https://doi.org/10.1111/imm.12469,https://doi.org/ 10.1182/ bloodadvances.2017015073; https://doi.org/10.1182/ bloodadvances.2017015073; https://doi.org/10.1111/j.1365-2559.1986.tb02482.x; https://doi.org/10.1111/j.1365-2559.1985.tb02841.x; https://doi.org/10.1017/CBO9780511545979; https://doi.org/10.1182/bloodadvances.2017015073; https://doi.org/10.1016/j.aanat.2019.05.004; https://doi.org/10.1007/s00418-007-0320-8; https://doi.org/10.1111/imm.12469,https://doi.org/ 10.1182/ bloodadvances.2017015073; https://doi.org/10.1182/ bloodadvances.2017015073; https://doi.org/10.1111/j.1365-2559.1986.tb02482.x; https://doi.org/10.1111/j.1365-2559.1985.tb02841.x; https://doi.org/10.1017/CBO9780511545979; https://doi.org/10.1182/bloodadvances.2017015073; https://doi.org/10.1016/j.aanat.2019.05.004; https://doi.org/10.1007/s00418-007-0320-8; https://doi.org/10.1111/imm.12469,https://doi.org/ 10.1182/ bloodadvances.2017015073; https://doi.org/10.1182/ bloodadvances.2017015073; https://doi.org/10.1111/j.1365-2559.1986.tb02482.x; https://doi.org/10.1111/j.1365-2559.1985.tb02841.x; https://doi.org/10.1017/CBO9780511545979; https://doi.org/10.1182/bloodadvances.2017015073; https://doi.org/10.1016/j.aanat.2019.05.004; https://doi.org/10.1007/s00418-007-0320-8; https://doi.org/10.1111/imm.12469,https://doi.org/ 10.1182/ bloodadvances.2017015073; https://doi.org/10.1182/ bloodadvances.2017015073; https://doi.org/10.1111/j.1365-2559.1986.tb02482.x; https://doi.org/10.1111/j.1365-2559.1985.tb02841.x; https://doi.org/10.1017/CBO9780511545979; https://doi.org/10.1182/bloodadvances.2017015073; https://doi.org/10.1016/j.aanat.2019.05.004; https://doi.org/10.1007/s00418-007-0320-8; https://doi.org/10.1111/imm.12469
"20,1",Effector Chondrocyte (ASCTB-TEMP:effector-chondrocyte)[2 bg][knee],mature CD4 single-positive thymocyte (CL:0002436)[2 bg][thymus],CA4_194 hippocampal CA4 neuron (Hsap) (PCL:0051195)[1 bg][allen-brain],Inh L2 PAX6 FREM2 primary motor cortex GABAergic interneuron (Hsap) (PCL:0015011)[1 bg][allen-brain],"",https://doi.org/10.1136/ard-2022-223227,https://doi.org/10.1136/ard-2022-223227,https://doi.org/10.1136/ard-2022-223227,https://doi.org/10.1136/ard-2022-223227,https://doi.org/10.1136/ard-2022-223227
"20,2",blood vessel endothelial cell (CL:0000071)[10 bg][lymph-node; thymus],neuron (CL:0000540)[5 bg][spinal-cord],reticular cell of splenic cord (CL:1000489)[3 bg][spleen],vasa recta descending limb cell (CL:1001285)[2 bg][kidney],Inh L1-3 SST FAM20A primary motor cortex GABAergic interneuron (Hsap) (PCL:0015051)[1 bg][allen-brain],https://doi.org/10.1126/science.aay3224; https://doi.org/10.1080/01926230600865549; https://doi.org/10.1007/s00441-008-0706-5,https://doi.org/10.1126/science.aay3224; https://doi.org/10.1080/01926230600865549; https://doi.org/10.1007/s00441-008-0706-5,https://doi.org/10.1126/science.aay3224; https://doi.org/10.1080/01926230600865549; https://doi.org/10.1007/s00441-008-0706-5,https://doi.org/10.1126/science.aay3224; https://doi.org/10.1080/01926230600865549; https://doi.org/10.1007/s00441-008-0706-5,https://doi.org/10.1126/science.aay3224; https://doi.org/10.1080/01926230600865549; https://doi.org/10.1007/s00441-008-0706-5
"20,3",follicular dendritic cell (CL:0000442)[5 bg][spleen],alveolar type 1 fibroblast cell (CL:4028004)[3 bg][lung],DG_199 dentate gyrus granule cell (Hsap) (PCL:0051200)[1 bg][allen-brain],DLIT_150 intratelencephalic-projecting glutamatergic cortical neuron (Hsap) (PCL:0051151)[1 bg][allen-brain],Inh L5-6 PVALB ZFPM2-AS1 primary motor cortex GABAergic interneuron (Hsap) (PCL:0015060)[1 bg][allen-brain],PMID: 20126587; https://doi.org/10.1007/s00418-011-0799-x; https://doi.org/10.1111/imm.12469; https://doi.org/10.1038/s41467-019-09728-3,PMID: 20126587; https://doi.org/10.1007/s00418-011-0799-x; https://doi.org/10.1111/imm.12469; https://doi.org/10.1038/s41467-019-09728-3,PMID: 20126587; https://doi.org/10.1007/s00418-011-0799-x; https://doi.org/10.1111/imm.12469; https://doi.org/10.1038/s41467-019-09728-3,PMID: 20126587; https://doi.org/10.1007/s00418-011-0799-x; https://doi.org/10.1111/imm.12469; https://doi.org/10.1038/s41467-019-09728-3,PMID: 20126587; https://doi.org/10.1007/s00418-011-0799-x; https://doi.org/10.1111/imm.12469; https://doi.org/10.1038/s41467-019-09728-3
"20,4",T cell (ASCTB-TEMP:t-cell)[18 bg][uterus],innate lymphoid cell (ASCTB-TEMP:innate-lymphoid-cell)[18 bg][uterus],lymphocyte of large intestine lamina propria (CL:0009018)[11 bg][large-intestine],alveolar capillary type 1 endothelial cell (CL:4028002)[3 bg][lung],pulmonary alveolar type 2 cell (CL:0002063)[3 bg][lung],https://doi.org/10.1101/2021.01.02.425073,https://doi.org/10.1101/2021.01.02.425073,https://doi.org/10.1101/2021.01.02.425073,https://doi.org/10.1101/2021.01.02.425073,https://doi.org/10.1101/2021.01.02.425073
"20,5",endothelial cell (CL:0000115)[9 bg][fallopian-tube; spinal-cord],blood vessel endothelial cell (CL:0000071)[9 bg][thymus],alveolar capillary type 2 endothelial cell (CL:4028003)[6 bg][lung],alveolar capillary type 1 endothelial cell (CL:4028002)[3 bg][lung],pulmonary alveolar type 2 cell (CL:0002063)[3 bg][lung],https://doi.org/10.1016/j.neuron.2023.01.007; https://doi.org/10.1016/j.celrep.2021.108978,https://doi.org/10.1016/j.neuron.2023.01.007; https://doi.org/10.1016/j.celrep.2021.108978,https://doi.org/10.1016/j.neuron.2023.01.007; https://doi.org/10.1016/j.celrep.2021.108978,https://doi.org/10.1016/j.neuron.2023.01.007; https://doi.org/10.1016/j.celrep.2021.108978,https://doi.org/10.1016/j.neuron.2023.01.007; https://doi.org/10.1016/j.celrep.2021.108978
"20,6",CD8-alpha-positive thymic conventional dendritic cell (CL:0002059)[2 bg][thymus],mucosal-associated invariant T cell (CL:0000940)[2 bg][thymus],"CD8-positive, alpha-beta memory T cell (CL:0000909)[1 bg][thymus]",Inh L1 PVALB-like SST ASIC4 primary motor cortex GABAergic interneuron (Hsap) (PCL:0015016)[1 bg][allen-brain],Exc L5-6 FEZF2 SH2D1B primary motor cortex glutamatergic neuron (Hsap) (PCL:0015103)[1 bg][allen-brain],https://doi.org/10.1172/JCI11734; https://doi.org/10.1038/cti.2015.21; https://doi.org/10.1126/science.aay3224,https://doi.org/10.1172/JCI11734; https://doi.org/10.1038/cti.2015.21; https://doi.org/10.1126/science.aay3224,https://doi.org/10.1172/JCI11734; https://doi.org/10.1038/cti.2015.21; https://doi.org/10.1126/science.aay3224,https://doi.org/10.1172/JCI11734; https://doi.org/10.1038/cti.2015.21; https://doi.org/10.1126/science.aay3224,https://doi.org/10.1172/JCI11734; https://doi.org/10.1038/cti.2015.21; https://doi.org/10.1126/science.aay3224
"22,0",columnar ovarian surface epithelial cell (ASCTB-TEMP:columnar-ovarian-surface-epithelial-cell)[12 bg][ovary],kidney loop of Henle long descending thin limb inner medulla epithelial cell (CL:4030014)[1 bg][kidney],kidney loop of Henle thin ascending limb epithelial cell (CL:1001107)[1 bg][kidney],Misc_167 cerebral cortex neuron (Hsap) (PCL:0051168)[1 bg][allen-brain],hilus cell of ovary (CL:0002095)[1 bg][ovary],https://doi.org/10.1371/journal.pone.0055578; https://doi.org/10.1016/0090-8258(79)90005-2; PMID:13774016; PMID:4143757; ISBN:9781496398949,https://doi.org/10.1371/journal.pone.0055578; https://doi.org/10.1016/0090-8258(79)90005-2; PMID:13774016; PMID:4143757; ISBN:9781496398949,https://doi.org/10.1371/journal.pone.0055578; https://doi.org/10.1016/0090-8258(79)90005-2; PMID:13774016; PMID:4143757; ISBN:9781496398949,https://doi.org/10.1371/journal.pone.0055578; https://doi.org/10.1016/0090-8258(79)90005-2; PMID:13774016; PMID:4143757; ISBN:9781496398949,https://doi.org/10.1371/journal.pone.0055578; https://doi.org/10.1016/0090-8258(79)90005-2; PMID:13774016; PMID:4143757; ISBN:9781496398949
"22,1",lung multiciliated epithelial cell (CL:1000271)[2 bg][lung],neuron (CL:0000540)[2 bg][spinal-cord],CA13_188 hippocampal CA1-3 neuron (Hsap) (PCL:0051189)[1 bg][allen-brain],Misc_401 neuron of the forebrain (Hsap) (PCL:0051402)[1 bg][allen-brain],LRL_315 neuron (Hsap) (PCL:0051316)[1 bg][allen-brain],https://doi.org/10.1148/93.3.507; https://doi.org/10.1136/thx.13.2.110,https://doi.org/10.1148/93.3.507; https://doi.org/10.1136/thx.13.2.110,https://doi.org/10.1148/93.3.507; https://doi.org/10.1136/thx.13.2.110,https://doi.org/10.1148/93.3.507; https://doi.org/10.1136/thx.13.2.110,https://doi.org/10.1148/93.3.507; https://doi.org/10.1136/thx.13.2.110
"22,2",reticular cell of splenic cord (CL:1000489)[3 bg][spleen],thymic macrophage (CL:0000866)[3 bg][thymus],VendV_17 vein endothelial cell (Hsap) (PCL:0051018)[1 bg][allen-brain],Splat_421 neuron (Hsap) (PCL:0051422)[1 bg][allen-brain],thymic medullary macrophage (CL:0000882)[1 bg][thymus],https://doi.org/10.55418/9781933477060.; https://doi.org/10.1111/imm.12469; https://doi.org/10.1038/s41467-019-09728-3,https://doi.org/10.55418/9781933477060.; https://doi.org/10.1111/imm.12469; https://doi.org/10.1038/s41467-019-09728-3,https://doi.org/10.55418/9781933477060.; https://doi.org/10.1111/imm.12469; https://doi.org/10.1038/s41467-019-09728-3,https://doi.org/10.55418/9781933477060.; https://doi.org/10.1111/imm.12469; https://doi.org/10.1038/s41467-019-09728-3,https://doi.org/10.55418/9781933477060.; https://doi.org/10.1111/imm.12469; https://doi.org/10.1038/s41467-019-09728-3
"22,3",CD141-positive myeloid dendritic cell (CL:0002394)[2 bg][blood-pelvis; lymph-node],Inh L5 PVALB LRIG3 primary motor cortex GABAergic interneuron (Hsap) (PCL:0015062)[1 bg][allen-brain],conventional dendritic cell (CL:0000990)[1 bg][bone-marrow],"","",https://doi.org/10.1016/j.immuni.2017.02.019; https://doi.org/10.1016/S0002-94401061694-X; https://doi.org/10.3109/10428194.2013.781167,https://doi.org/10.1016/j.immuni.2017.02.019; https://doi.org/10.1016/S0002-94401061694-X; https://doi.org/10.3109/10428194.2013.781167,https://doi.org/10.1016/j.immuni.2017.02.019; https://doi.org/10.1016/S0002-94401061694-X; https://doi.org/10.3109/10428194.2013.781167,https://doi.org/10.1016/j.immuni.2017.02.019; https://doi.org/10.1016/S0002-94401061694-X; https://doi.org/10.3109/10428194.2013.781167,https://doi.org/10.1016/j.immuni.2017.02.019; https://doi.org/10.1016/S0002-94401061694-X; https://doi.org/10.3109/10428194.2013.781167
"22,4",pulmonary alveolar type 2 cell (CL:0002063)[3 bg][lung],neuron (CL:0000540)[2 bg][spinal-cord],LLC_273 interneuron (Hsap) (PCL:0051274)[1 bg][allen-brain],MSN_219 direct pathway medium spiny neuron (Hsap) (PCL:0051220)[1 bg][allen-brain],EMSN_224 medium spiny neuron (Hsap) (PCL:0051225)[1 bg][allen-brain],https://doi.org/10.1148/93.3.507; https://doi.org/10.1136/thx.13.2.110,https://doi.org/10.1148/93.3.507; https://doi.org/10.1136/thx.13.2.110,https://doi.org/10.1148/93.3.507; https://doi.org/10.1136/thx.13.2.110,https://doi.org/10.1148/93.3.507; https://doi.org/10.1136/thx.13.2.110,https://doi.org/10.1148/93.3.507; https://doi.org/10.1136/thx.13.2.110
"23,0","CD4-positive, alpha-beta memory T cell (CL:0000897)[1 bg][thymus]",EMSN_226 medium spiny neuron (Hsap) (PCL:0051227)[1 bg][allen-brain],Splat_421 neuron (Hsap) (PCL:0051422)[1 bg][allen-brain],EMSN_426 medium spiny neuron (Hsap) (PCL:0051427)[1 bg][allen-brain],Oligo_40 oligodendrocyte (Hsap) (PCL:0051041)[1 bg][allen-brain],https://doi.org/10.1126/science.aay3224,https://doi.org/10.1126/science.aay3224,https://doi.org/10.1126/science.aay3224,https://doi.org/10.1126/science.aay3224,https://doi.org/10.1126/science.aay3224
"23,1",neuron (CL:0000540)[5 bg][spinal-cord],myofibroblast cell (CL:0000186)[3 bg][spleen],vascular associated smooth muscle cell (CL:0000359)[2 bg][skin],Effector Chondrocyte (ASCTB-TEMP:effector-chondrocyte)[2 bg][knee],Exc L5-6 THEMIS TNFAIP6 primary motor cortex glutamatergic neuron (Hsap) (PCL:0015089)[1 bg][allen-brain],https://doi.org/10.1016/j.neuron.2023.01.007,https://doi.org/10.1016/j.neuron.2023.01.007,https://doi.org/10.1016/j.neuron.2023.01.007,https://doi.org/10.1016/j.neuron.2023.01.007,https://doi.org/10.1016/j.neuron.2023.01.007
"23,3",large intestine crypt goblet cell (CL:1000321)[22 bg][large-intestine],COP_38 committed oligodendrocyte precursor (Hsap) (PCL:0051039)[1 bg][allen-brain],COP_37 committed oligodendrocyte precursor (Hsap) (PCL:0051038)[1 bg][allen-brain],endothelial cell of lymphatic vessel (CL:0002138)[1 bg][thymus],"",https://doi.org/10.1038/s42003-020-01181-z,https://doi.org/10.1038/s42003-020-01181-z,https://doi.org/10.1038/s42003-020-01181-z,https://doi.org/10.1038/s42003-020-01181-z,https://doi.org/10.1038/s42003-020-01181-z
"23,4",paneth cell of colon (CL:0009009)[11 bg][large-intestine],stromal cell of endometrium (CL:0002255)[6 bg][placenta],naive B cell (CL:0000788)[3 bg][lymph-node; blood-pelvis],MGE_242 medial ganglionic eminence derived interneuron (Hsap) (PCL:0051243)[2 bg][allen-brain],neuron (CL:0000540)[2 bg][spinal-cord],https://doi.org/10.1016/j.humpath.2008.12.003,https://doi.org/10.1016/j.humpath.2008.12.003,https://doi.org/10.1016/j.humpath.2008.12.003,https://doi.org/10.1016/j.humpath.2008.12.003,https://doi.org/10.1016/j.humpath.2008.12.003
"23,5",pulmonary alveolar type 2 cell (CL:0002063)[3 bg][lung],pulmonary alveolar type 1 cell (CL:0002062)[3 bg][lung],club cell (CL:0000158)[2 bg][lung],Inh L5-6 SST BEAN1 primary motor cortex GABAergic interneuron (Hsap) (PCL:0015053)[2 bg][allen-brain],lung multiciliated epithelial cell (CL:1000271)[2 bg][lung],https://doi.org/10.1148/93.3.507; https://doi.org/10.1136/thx.13.2.110,https://doi.org/10.1148/93.3.507; https://doi.org/10.1136/thx.13.2.110,https://doi.org/10.1148/93.3.507; https://doi.org/10.1136/thx.13.2.110,https://doi.org/10.1148/93.3.507; https://doi.org/10.1136/thx.13.2.110,https://doi.org/10.1148/93.3.507; https://doi.org/10.1136/thx.13.2.110
"24,0",blood vessel endothelial cell (CL:0000071)[9 bg][thymus],epithelial cell of proximal tubule segment 3 (CL:4030011)[2 bg][kidney],EMSN_229 medium spiny neuron (Hsap) (PCL:0051230)[1 bg][allen-brain],kidney loop of Henle long descending thin limb outer medulla epithelial cell (CL:4030013)[1 bg][kidney],retinal ganglion cell (CL:0000740)[1 bg][eye],https://doi.org/10.1126/science.aay3224; https://doi.org/10.1080/01926230600865549,https://doi.org/10.1126/science.aay3224; https://doi.org/10.1080/01926230600865549,https://doi.org/10.1126/science.aay3224; https://doi.org/10.1080/01926230600865549,https://doi.org/10.1126/science.aay3224; https://doi.org/10.1080/01926230600865549,https://doi.org/10.1126/science.aay3224; https://doi.org/10.1080/01926230600865549
"24,1",kidney loop of Henle short descending thin limb epithelial cell (CL:4030012)[3 bg][kidney],neuron (CL:0000540)[3 bg][spinal-cord],kidney loop of Henle cortical thick ascending limb epithelial cell (CL:1001109)[2 bg][kidney],kidney loop of Henle medullary thick ascending limb epithelial cell (CL:1001108)[2 bg][kidney],kidney loop of Henle thick ascending limb epithelial cell (CL:1001106)[2 bg][kidney],https://doi.org/10.1681/ASN.2020010071; https://doi.org/10.1152/ajprenal.2000.278.1.F52; https://doi.org/10.1172/jci.insight.133267; https://doi.org/10.1038/s41467-019-10861-2,https://doi.org/10.1681/ASN.2020010071; https://doi.org/10.1152/ajprenal.2000.278.1.F52; https://doi.org/10.1172/jci.insight.133267; https://doi.org/10.1038/s41467-019-10861-2,https://doi.org/10.1681/ASN.2020010071; https://doi.org/10.1152/ajprenal.2000.278.1.F52; https://doi.org/10.1172/jci.insight.133267; https://doi.org/10.1038/s41467-019-10861-2,https://doi.org/10.1681/ASN.2020010071; https://doi.org/10.1152/ajprenal.2000.278.1.F52; https://doi.org/10.1172/jci.insight.133267; https://doi.org/10.1038/s41467-019-10861-2,https://doi.org/10.1681/ASN.2020010071; https://doi.org/10.1152/ajprenal.2000.278.1.F52; https://doi.org/10.1172/jci.insight.133267; https://doi.org/10.1038/s41467-019-10861-2
"24,2",kidney loop of Henle long descending thin limb inner medulla epithelial cell (CL:4030014)[2 bg][kidney],reticular cell of splenic cord (CL:1000489)[2 bg][spleen],monocyte (CL:0000576)[2 bg][thymus],alveolar adventitial fibroblast (CL:4028006)[2 bg][lung],kidney loop of Henle short descending thin limb epithelial cell (CL:4030012)[2 bg][kidney],https://doi.org/10.1681/ASN.2020010071; https://doi.org/10.1152/ajprenal.2000.278.2.F202; https://doi.org/10.1152/ajprenal.2000.278.1.F52; https://doi.org/10.1101/2021.07.28.454201; https://doi.org/10.1016/j.devcel.2019.10.005; https://doi.org/10.1038/s41467-019-10861-2,https://doi.org/10.1681/ASN.2020010071; https://doi.org/10.1152/ajprenal.2000.278.2.F202; https://doi.org/10.1152/ajprenal.2000.278.1.F52; https://doi.org/10.1101/2021.07.28.454201; https://doi.org/10.1016/j.devcel.2019.10.005; https://doi.org/10.1038/s41467-019-10861-2,https://doi.org/10.1681/ASN.2020010071; https://doi.org/10.1152/ajprenal.2000.278.2.F202; https://doi.org/10.1152/ajprenal.2000.278.1.F52; https://doi.org/10.1101/2021.07.28.454201; https://doi.org/10.1016/j.devcel.2019.10.005; https://doi.org/10.1038/s41467-019-10861-2,https://doi.org/10.1681/ASN.2020010071; https://doi.org/10.1152/ajprenal.2000.278.2.F202; https://doi.org/10.1152/ajprenal.2000.278.1.F52; https://doi.org/10.1101/2021.07.28.454201; https://doi.org/10.1016/j.devcel.2019.10.005; https://doi.org/10.1038/s41467-019-10861-2,https://doi.org/10.1681/ASN.2020010071; https://doi.org/10.1152/ajprenal.2000.278.2.F202; https://doi.org/10.1152/ajprenal.2000.278.1.F52; https://doi.org/10.1101/2021.07.28.454201; https://doi.org/10.1016/j.devcel.2019.10.005; https://doi.org/10.1038/s41467-019-10861-2
"24,3",parietal epithelial cell (CL:1000452)[3 bg][kidney],follicular dendritic cell (CL:0000442)[2 bg][lymph-node],Exc L5-6 FEZF2 SH2D1B primary motor cortex glutamatergic neuron (Hsap) (PCL:0015103)[1 bg][allen-brain],Inh L3-5 SST OR5AH1P primary motor cortex GABAergic interneuron (Hsap) (PCL:0015045)[1 bg][allen-brain],Inh L2 VIP SLC6A16 primary motor cortex GABAergic interneuron (Hsap) (PCL:0015026)[1 bg][allen-brain],https://doi.org/10.1172/jci.insight.133267; https://doi.org/10.1038/s41467-019-10861-2,https://doi.org/10.1172/jci.insight.133267; https://doi.org/10.1038/s41467-019-10861-2,https://doi.org/10.1172/jci.insight.133267; https://doi.org/10.1038/s41467-019-10861-2,https://doi.org/10.1172/jci.insight.133267; https://doi.org/10.1038/s41467-019-10861-2,https://doi.org/10.1172/jci.insight.133267; https://doi.org/10.1038/s41467-019-10861-2
"24,4",intestinal crypt stem cell of large intestine (CL:0009016)[11 bg][large-intestine],fibroblast of villous mesenchyme (CL:0002558)[8 bg][placenta],follicular dendritic cell (CL:0000442)[5 bg][spleen],peg cell (CL:4033014)[5 bg][fallopian-tube],stromal cell of endometrium (CL:0002255)[3 bg][placenta],https://doi.org/10.1038/nature06196,https://doi.org/10.1038/nature06196,https://doi.org/10.1038/nature06196,https://doi.org/10.1038/nature06196,https://doi.org/10.1038/nature06196
"24,5",endothelial cell of lymphatic vessel (CL:0002138)[11 bg][thymus; lymph-node; spleen; kidney],blood vessel endothelial cell (CL:0000071)[9 bg][lymph-node],kidney loop of Henle thin ascending limb epithelial cell (CL:1001107)[3 bg][kidney],neuron (CL:0000540)[2 bg][spinal-cord],Inh L5-6 PVALB KCNIP2 primary motor cortex GABAergic interneuron (Hsap) (PCL:0015059)[2 bg][allen-brain],https://doi.org/10.1080/01926230600865549; https://doi.org/10.1126/science.aay3224; PMID:16515224; https://doi.org/10.1369%2Fjhc.4A6514.2005; https://doi.org/10.1369/jhc.4A6514.2005; https://doi.org/10.1016/j.immuni.2019.06.027; https://doi.org/10.3389/fcvm.2020.00052; https://doi.org/10.1038/s41467-019-10861-2; https://doi.org/10.1038/s41467-019-12872-5; https://doi.org/10.1172/jci.insight.133267; https://doi.org/10.1038/s41586-020-2941-1,https://doi.org/10.1080/01926230600865549; https://doi.org/10.1126/science.aay3224; PMID:16515224; https://doi.org/10.1369%2Fjhc.4A6514.2005; https://doi.org/10.1369/jhc.4A6514.2005; https://doi.org/10.1016/j.immuni.2019.06.027; https://doi.org/10.3389/fcvm.2020.00052; https://doi.org/10.1038/s41467-019-10861-2; https://doi.org/10.1038/s41467-019-12872-5; https://doi.org/10.1172/jci.insight.133267; https://doi.org/10.1038/s41586-020-2941-1,https://doi.org/10.1080/01926230600865549; https://doi.org/10.1126/science.aay3224; PMID:16515224; https://doi.org/10.1369%2Fjhc.4A6514.2005; https://doi.org/10.1369/jhc.4A6514.2005; https://doi.org/10.1016/j.immuni.2019.06.027; https://doi.org/10.3389/fcvm.2020.00052; https://doi.org/10.1038/s41467-019-10861-2; https://doi.org/10.1038/s41467-019-12872-5; https://doi.org/10.1172/jci.insight.133267; https://doi.org/10.1038/s41586-020-2941-1,https://doi.org/10.1080/01926230600865549; https://doi.org/10.1126/science.aay3224; PMID:16515224; https://doi.org/10.1369%2Fjhc.4A6514.2005; https://doi.org/10.1369/jhc.4A6514.2005; https://doi.org/10.1016/j.immuni.2019.06.027; https://doi.org/10.3389/fcvm.2020.00052; https://doi.org/10.1038/s41467-019-10861-2; https://doi.org/10.1038/s41467-019-12872-5; https://doi.org/10.1172/jci.insight.133267; https://doi.org/10.1038/s41586-020-2941-1,https://doi.org/10.1080/01926230600865549; https://doi.org/10.1126/science.aay3224; PMID:16515224; https://doi.org/10.1369%2Fjhc.4A6514.2005; https://doi.org/10.1369/jhc.4A6514.2005; https://doi.org/10.1016/j.immuni.2019.06.027; https://doi.org/10.3389/fcvm.2020.00052; https://doi.org/10.1038/s41467-019-10861-2; https://doi.org/10.1038/s41467-019-12872-5; https://doi.org/10.1172/jci.insight.133267; https://doi.org/10.1038/s41586-020-2941-1
"25,00",Oligo_40 oligodendrocyte (Hsap) (PCL:0051041)[1 bg][allen-brain],CBI_299 cerebellar inhibitory GABAergic interneuron (Hsap) (PCL:0051300)[1 bg][allen-brain],"","","",https://doi.org/10.1101/2022.10.12.511898,https://doi.org/10.1101/2022.10.12.511898,https://doi.org/10.1101/2022.10.12.511898,https://doi.org/10.1101/2022.10.12.511898,https://doi.org/10.1101/2022.10.12.511898
"25,1",CA4_194 hippocampal CA4 neuron (Hsap) (PCL:0051195)[1 bg][allen-brain],bronchiolar smooth muscle cell (CL:4033017)[1 bg][lung],"","","",https://doi.org/10.1101/2022.10.12.511898,https://doi.org/10.1101/2022.10.12.511898,https://doi.org/10.1101/2022.10.12.511898,https://doi.org/10.1101/2022.10.12.511898,https://doi.org/10.1101/2022.10.12.511898
"25,2",mesothelial cell of visceral peritoneum (CL:1000457)[20 bg][large-intestine],glandular epithelial cell of endometrium (CL:0009084)[6 bg][placenta],medullary thymic epithelial cell type 4 (CL:0009074)[2 bg][thymus],medullary thymic epithelial cell type 3 (CL:0009073)[2 bg][thymus],Splenic Stromal Cell (non-FRC/non-FDC) (ASCTB-TEMP:splenic-stromal-cell-non-frc-non-fdc-)[1 bg][spleen],isBN:978-1496398949; ISBN:978-1496398949,isBN:978-1496398949; ISBN:978-1496398949,isBN:978-1496398949; ISBN:978-1496398949,isBN:978-1496398949; ISBN:978-1496398949,isBN:978-1496398949; ISBN:978-1496398949
"26,0",naive B cell (CL:0000788)[2 bg][lymph-node],Splat_411 neuron (Hsap) (PCL:0051412)[1 bg][allen-brain],centroblast (CL:0009112)[1 bg][lymph-node],Exc L5-6 FEZF2 FILIP1L primary motor cortex glutamatergic neuron (Hsap) (PCL:0015102)[1 bg][allen-brain],amacrine cell (CL:0000561)[1 bg][eye],ISBN:9781933477060; ISBN:9781933477381; PMCID:PMC1900414,ISBN:9781933477060; ISBN:9781933477381; PMCID:PMC1900414,ISBN:9781933477060; ISBN:9781933477381; PMCID:PMC1900414,ISBN:9781933477060; ISBN:9781933477381; PMCID:PMC1900414,ISBN:9781933477060; ISBN:9781933477381; PMCID:PMC1900414
"26,1",extravillous trophoblast (CL:0008036)[9 bg][placenta],pulmonary alveolar type 1 cell (CL:0002062)[3 bg][lung],thymic plasmacytoid dendritic cell (CL:0000942)[2 bg][thymus],club cell (CL:0000158)[2 bg][lung],neuron (CL:0000540)[2 bg][spinal-cord],PMID:8804361; https://doi.org/10.1155/2021/6662201; https://doi.org/10.1095/biolreprod.106.055244; https://doi.org/10.1093/humrep/dem265; https://doi.org/10.1053/plac.2000.0559; https://doi.org/10.1016/j.jim.2003.03.001; https://doi.org/10.1242/dev.148932; https://doi.org/10.1016/0198-8859(93)90138-Q,PMID:8804361; https://doi.org/10.1155/2021/6662201; https://doi.org/10.1095/biolreprod.106.055244; https://doi.org/10.1093/humrep/dem265; https://doi.org/10.1053/plac.2000.0559; https://doi.org/10.1016/j.jim.2003.03.001; https://doi.org/10.1242/dev.148932; https://doi.org/10.1016/0198-8859(93)90138-Q,PMID:8804361; https://doi.org/10.1155/2021/6662201; https://doi.org/10.1095/biolreprod.106.055244; https://doi.org/10.1093/humrep/dem265; https://doi.org/10.1053/plac.2000.0559; https://doi.org/10.1016/j.jim.2003.03.001; https://doi.org/10.1242/dev.148932; https://doi.org/10.1016/0198-8859(93)90138-Q,PMID:8804361; https://doi.org/10.1155/2021/6662201; https://doi.org/10.1095/biolreprod.106.055244; https://doi.org/10.1093/humrep/dem265; https://doi.org/10.1053/plac.2000.0559; https://doi.org/10.1016/j.jim.2003.03.001; https://doi.org/10.1242/dev.148932; https://doi.org/10.1016/0198-8859(93)90138-Q,PMID:8804361; https://doi.org/10.1155/2021/6662201; https://doi.org/10.1095/biolreprod.106.055244; https://doi.org/10.1093/humrep/dem265; https://doi.org/10.1053/plac.2000.0559; https://doi.org/10.1016/j.jim.2003.03.001; https://doi.org/10.1242/dev.148932; https://doi.org/10.1016/0198-8859(93)90138-Q
"26,3",large intestine crypt goblet cell (CL:1000321)[22 bg][large-intestine],paneth cell of colon (CL:0009009)[11 bg][large-intestine],stromal cell of endometrium (CL:0002255)[3 bg][placenta],thymic plasmacytoid dendritic cell (CL:0000942)[2 bg][thymus],Exc L5 THEMIS VILL primary motor cortex glutamatergic neuron (Hsap) (PCL:0015085)[1 bg][allen-brain],https://doi.org/10.1038/s42003-020-01181-z,https://doi.org/10.1038/s42003-020-01181-z,https://doi.org/10.1038/s42003-020-01181-z,https://doi.org/10.1038/s42003-020-01181-z,https://doi.org/10.1038/s42003-020-01181-z
"26,4",paneth cell of colon (CL:0009009)[11 bg][large-intestine],intestinal crypt stem cell of large intestine (CL:0009016)[11 bg][large-intestine],alveolar adventitial fibroblast (CL:4028006)[2 bg][lung],MGE_242 medial ganglionic eminence derived interneuron (Hsap) (PCL:0051243)[1 bg][allen-brain],MGE_249 sst GABAergic cortical interneuron (Hsap) (PCL:0051250)[1 bg][allen-brain],https://doi.org/10.1016/j.humpath.2008.12.003,https://doi.org/10.1016/j.humpath.2008.12.003,https://doi.org/10.1016/j.humpath.2008.12.003,https://doi.org/10.1016/j.humpath.2008.12.003,https://doi.org/10.1016/j.humpath.2008.12.003
"26,5",mesothelial cell of visceral peritoneum (CL:1000457)[10 bg][large-intestine],glandular epithelial cell of endometrium (CL:0009084)[3 bg][placenta],endothelial cell of lymphatic vessel (CL:0002138)[1 bg][thymus],subcapsular thymic epithelial cell (CL:0009077)[1 bg][thymus],monocyte (CL:0000576)[1 bg][thymus],isBN:978-1496398949; ISBN:978-1496398949,isBN:978-1496398949; ISBN:978-1496398949,isBN:978-1496398949; ISBN:978-1496398949,isBN:978-1496398949; ISBN:978-1496398949,isBN:978-1496398949; ISBN:978-1496398949
"26,6",monocyte (CL:0000576)[6 bg][fallopian-tube; thymus],macrophage (CL:0000235)[5 bg][fallopian-tube],dendritic cell (CL:0000451)[5 bg][fallopian-tube],thymic macrophage (CL:0000866)[3 bg][thymus],CD8-alpha-positive thymic conventional dendritic cell (CL:0002059)[2 bg][thymus],https://doi.org/10.1126/science.aay3224; https://doi.org/10.1016/j.celrep.2021.108978,https://doi.org/10.1126/science.aay3224; https://doi.org/10.1016/j.celrep.2021.108978,https://doi.org/10.1126/science.aay3224; https://doi.org/10.1016/j.celrep.2021.108978,https://doi.org/10.1126/science.aay3224; https://doi.org/10.1016/j.celrep.2021.108978,https://doi.org/10.1126/science.aay3224; https://doi.org/10.1016/j.celrep.2021.108978
"27,0",intestinal crypt stem cell of large intestine (CL:0009016)[11 bg][large-intestine],fibroblast of villous mesenchyme (CL:0002558)[8 bg][placenta],peg cell (CL:4033014)[5 bg][fallopian-tube],stromal cell of endometrium (CL:0002255)[3 bg][placenta],B cell (CL:0000236)[3 bg][placenta],https://doi.org/10.1038/nature06196,https://doi.org/10.1038/nature06196,https://doi.org/10.1038/nature06196,https://doi.org/10.1038/nature06196,https://doi.org/10.1038/nature06196
"27,1",kidney connecting tubule epithelial cell (CL:1000768)[4 bg][kidney],epithelial cell of late distal convoluted tubule (CL:4030017)[3 bg][kidney],medullary thymic epithelial cell type 3 (CL:0009073)[2 bg][thymus],Inh L5-6 SST ISX primary motor cortex GABAergic interneuron (Hsap) (PCL:0015043)[1 bg][allen-brain],amacrine cell (CL:0000561)[1 bg][eye],https://doi.org/10.1681/ASN.2020010071; https://doi.org/10.1038/s41467-019-10861-2,https://doi.org/10.1681/ASN.2020010071; https://doi.org/10.1038/s41467-019-10861-2,https://doi.org/10.1681/ASN.2020010071; https://doi.org/10.1038/s41467-019-10861-2,https://doi.org/10.1681/ASN.2020010071; https://doi.org/10.1038/s41467-019-10861-2,https://doi.org/10.1681/ASN.2020010071; https://doi.org/10.1038/s41467-019-10861-2
"27,2",kidney outer medulla collecting duct principal cell (CL:1000716)[4 bg][kidney],kidney collecting duct principal cell (CL:1001431)[4 bg][kidney],kidney cortex collecting duct principal cell (CL:1000714)[4 bg][kidney],kidney connecting tubule principal cell (CL:4030018)[3 bg][kidney],kidney loop of Henle cortical thick ascending limb epithelial cell (CL:1001109)[2 bg][kidney],https://doi.org/10.1172/jci.insight.133267; https://doi.org/10.1016/j.devcel.2019.10.005; https://doi.org/10.1038/s41467-019-10861-2,https://doi.org/10.1172/jci.insight.133267; https://doi.org/10.1016/j.devcel.2019.10.005; https://doi.org/10.1038/s41467-019-10861-2,https://doi.org/10.1172/jci.insight.133267; https://doi.org/10.1016/j.devcel.2019.10.005; https://doi.org/10.1038/s41467-019-10861-2,https://doi.org/10.1172/jci.insight.133267; https://doi.org/10.1016/j.devcel.2019.10.005; https://doi.org/10.1038/s41467-019-10861-2,https://doi.org/10.1172/jci.insight.133267; https://doi.org/10.1016/j.devcel.2019.10.005; https://doi.org/10.1038/s41467-019-10861-2
"27,3",neuron (CL:0000540)[7 bg][spinal-cord],kidney cortex collecting duct principal cell (CL:1000714)[2 bg][kidney],kidney loop of Henle short descending thin limb epithelial cell (CL:4030012)[2 bg][kidney],alveolar adventitial fibroblast (CL:4028006)[2 bg][lung],reticular cell of splenic cord (CL:1000489)[2 bg][spleen],https://doi.org/10.1016/j.neuron.2023.01.007,https://doi.org/10.1016/j.neuron.2023.01.007,https://doi.org/10.1016/j.neuron.2023.01.007,https://doi.org/10.1016/j.neuron.2023.01.007,https://doi.org/10.1016/j.neuron.2023.01.007
"28,0",lymphocyte of large intestine lamina propria (CL:0009018)[33 bg][large-intestine],B cell (ASCTB-TEMP:b-cell)[18 bg][uterus],naive B cell (CL:0000788)[11 bg][thymus; lymph-node; blood-pelvis; bone-marrow; spleen],memory B cell (CL:0000787)[9 bg][lymph-node; blood-pelvis; bone-marrow; spleen],follicular dendritic cell (CL:0000442)[6 bg][spleen; lymph-node],https://doi.org/10.1007/978-1-4939-0897-4_3; https://doi.org/10.1016/j.immuni.2020.02.001,https://doi.org/10.1007/978-1-4939-0897-4_3; https://doi.org/10.1016/j.immuni.2020.02.001,https://doi.org/10.1007/978-1-4939-0897-4_3; https://doi.org/10.1016/j.immuni.2020.02.001,https://doi.org/10.1007/978-1-4939-0897-4_3; https://doi.org/10.1016/j.immuni.2020.02.001,https://doi.org/10.1007/978-1-4939-0897-4_3; https://doi.org/10.1016/j.immuni.2020.02.001
"28,1",lymphocyte (ASCTB-TEMP:lymphocyte)[18 bg][uterus],"CD8-positive, alpha-beta memory T cell (CL:0000909)[5 bg][lymph-node; spleen]","naive thymus-derived CD4-positive, alpha-beta T cell (CL:0000895)[4 bg][spleen; lymph-node]",mature CD4 single-positive thymocyte (CL:0002436)[4 bg][thymus],"naive thymus-derived CD8-positive, alpha-beta T cell (CL:0000900)[4 bg][spleen; lymph-node]",https://doi.org/10.1101/2021.01.02.425073,https://doi.org/10.1101/2021.01.02.425073,https://doi.org/10.1101/2021.01.02.425073,https://doi.org/10.1101/2021.01.02.425073,https://doi.org/10.1101/2021.01.02.425073
"28,2",thymic macrophage (CL:0000866)[3 bg][thymus],pulmonary alveolar type 2 cell (CL:0002063)[3 bg][lung],pulmonary alveolar type 1 cell (CL:0002062)[3 bg][lung],Thex_447 thalamic excitatory neuron (Hsap) (PCL:0051448)[1 bg][allen-brain],Thex_456 thalamic excitatory neuron (Hsap) (PCL:0051457)[1 bg][allen-brain],https://doi.org/10.1016/j.imbio.2008.07.032; https://doi.org/10.1016/s0065-2776(08)60900-1; https://doi.org/10.1016/j.imbio.2008.07.032.; https://doi.org/10.1126/science.aay3224,https://doi.org/10.1016/j.imbio.2008.07.032; https://doi.org/10.1016/s0065-2776(08)60900-1; https://doi.org/10.1016/j.imbio.2008.07.032.; https://doi.org/10.1126/science.aay3224,https://doi.org/10.1016/j.imbio.2008.07.032; https://doi.org/10.1016/s0065-2776(08)60900-1; https://doi.org/10.1016/j.imbio.2008.07.032.; https://doi.org/10.1126/science.aay3224,https://doi.org/10.1016/j.imbio.2008.07.032; https://doi.org/10.1016/s0065-2776(08)60900-1; https://doi.org/10.1016/j.imbio.2008.07.032.; https://doi.org/10.1126/science.aay3224,https://doi.org/10.1016/j.imbio.2008.07.032; https://doi.org/10.1016/s0065-2776(08)60900-1; https://doi.org/10.1016/j.imbio.2008.07.032.; https://doi.org/10.1126/science.aay3224
"28,3",innate lymphoid cell (ASCTB-TEMP:innate-lymphoid-cell)[18 bg][uterus],microglial cell (CL:0000129)[4 bg][spinal-cord],T cell zone reticular cell (CL:0009105)[2 bg][lymph-node],myofibroblast cell (CL:0000186)[2 bg][lymph-node],skin fibroblast (CL:0002620)[2 bg][skin],https://doi.org/10.1101/2021.01.02.425073,https://doi.org/10.1101/2021.01.02.425073,https://doi.org/10.1101/2021.01.02.425073,https://doi.org/10.1101/2021.01.02.425073,https://doi.org/10.1101/2021.01.02.425073
"28,4",Schwann cell (CL:0002573)[117 bg][large-intestine],adipocyte (CL:0000136)[27 bg][large-intestine],thymic plasmacytoid dendritic cell (CL:0000942)[4 bg][thymus],thymic macrophage (CL:0000866)[3 bg][thymus],CD8-alpha-positive thymic conventional dendritic cell (CL:0002059)[2 bg][thymus],https://doi.org/10.1034/j.1600-065x.2003.00072.x; PMCID:PMC1256735; https://doi.org/10.1111/j.1440-1827.1989.tb02421.x; isBN:978-1496398949; ISBN:978-1496398949; https://doi.org/10.1007/978-1-4939-0897-4_3,https://doi.org/10.1034/j.1600-065x.2003.00072.x; PMCID:PMC1256735; https://doi.org/10.1111/j.1440-1827.1989.tb02421.x; isBN:978-1496398949; ISBN:978-1496398949; https://doi.org/10.1007/978-1-4939-0897-4_3,https://doi.org/10.1034/j.1600-065x.2003.00072.x; PMCID:PMC1256735; https://doi.org/10.1111/j.1440-1827.1989.tb02421.x; isBN:978-1496398949; ISBN:978-1496398949; https://doi.org/10.1007/978-1-4939-0897-4_3,https://doi.org/10.1034/j.1600-065x.2003.00072.x; PMCID:PMC1256735; https://doi.org/10.1111/j.1440-1827.1989.tb02421.x; isBN:978-1496398949; ISBN:978-1496398949; https://doi.org/10.1007/978-1-4939-0897-4_3,https://doi.org/10.1034/j.1600-065x.2003.00072.x; PMCID:PMC1256735; https://doi.org/10.1111/j.1440-1827.1989.tb02421.x; isBN:978-1496398949; ISBN:978-1496398949; https://doi.org/10.1007/978-1-4939-0897-4_3
"28,5",transitional stage B cell (CL:0000818)[8 bg][blood-pelvis; bone-marrow; spleen],naive B cell (CL:0000788)[7 bg][lymph-node; spleen; blood-pelvis; bone-marrow; thymus],plasmablast (CL:0000980)[6 bg][spleen; thymus; lymph-node],plasma cell (CL:0000786)[4 bg][spleen; lymph-node],immature B cell (CL:0000816)[3 bg][blood-pelvis; bone-marrow],https://doi.org/10.1093/intimm/14.2.157; https://doi.org/10.1038/s41421-020-0157-z; https://doi.org/10.1073/pnas.172384399,https://doi.org/10.1093/intimm/14.2.157; https://doi.org/10.1038/s41421-020-0157-z; https://doi.org/10.1073/pnas.172384399,https://doi.org/10.1093/intimm/14.2.157; https://doi.org/10.1038/s41421-020-0157-z; https://doi.org/10.1073/pnas.172384399,https://doi.org/10.1093/intimm/14.2.157; https://doi.org/10.1038/s41421-020-0157-z; https://doi.org/10.1073/pnas.172384399,https://doi.org/10.1093/intimm/14.2.157; https://doi.org/10.1038/s41421-020-0157-z; https://doi.org/10.1073/pnas.172384399
"28,6",intestinal crypt stem cell of large intestine (CL:0009016)[11 bg][large-intestine],pro-B cell (CL:0000826)[3 bg][bone-marrow],rearranging double negative thymocyte (Homo sapiens) (CL:0009083)[3 bg][thymus],stromal cell of endometrium (CL:0002255)[3 bg][placenta],naive B cell (CL:0000788)[3 bg][blood-pelvis; lymph-node],https://doi.org/10.1038/nature06196,https://doi.org/10.1038/nature06196,https://doi.org/10.1038/nature06196,https://doi.org/10.1038/nature06196,https://doi.org/10.1038/nature06196
"29,0",epithelial cell of early distal convoluted tubule (CL:4030016)[2 bg][kidney],kidney distal convoluted tubule epithelial cell (CL:1000849)[2 bg][kidney],Splat_377 neuron (Hsap) (PCL:0051378)[1 bg][allen-brain],Mmb_332 mammillary body neuron (Hsap) (PCL:0051333)[1 bg][allen-brain],epithelial cell of late distal convoluted tubule (CL:4030017)[1 bg][kidney],https://doi.org/10.1681/ASN.2020010071; https://doi.org/10.1038/s41467-019-10861-2,https://doi.org/10.1681/ASN.2020010071; https://doi.org/10.1038/s41467-019-10861-2,https://doi.org/10.1681/ASN.2020010071; https://doi.org/10.1038/s41467-019-10861-2,https://doi.org/10.1681/ASN.2020010071; https://doi.org/10.1038/s41467-019-10861-2,https://doi.org/10.1681/ASN.2020010071; https://doi.org/10.1038/s41467-019-10861-2
"29,1",fallopian tube secretory epithelial cell (CL:4030006)[5 bg][fallopian-tube],Schwann cell (CL:0002573)[4 bg][skin; large-intestine],"plasmacytoid dendritic cell, human (CL:0001058)[3 bg][spleen]",alveolar adventitial fibroblast (CL:4028006)[2 bg][lung],thymic plasmacytoid dendritic cell (CL:0000942)[2 bg][thymus],https://doi.org/10.1016/j.celrep.2021.108978,https://doi.org/10.1016/j.celrep.2021.108978,https://doi.org/10.1016/j.celrep.2021.108978,https://doi.org/10.1016/j.celrep.2021.108978,https://doi.org/10.1016/j.celrep.2021.108978
"29,2",kidney loop of Henle thick ascending limb epithelial cell (CL:1001106)[2 bg][kidney],kidney loop of Henle medullary thick ascending limb epithelial cell (CL:1001108)[2 bg][kidney],kidney loop of Henle cortical thick ascending limb epithelial cell (CL:1001109)[2 bg][kidney],naive B cell (CL:0000788)[2 bg][lymph-node],Inh L5-6 PVALB GAPDHP60 primary motor cortex GABAergic interneuron (Hsap) (PCL:0015069)[1 bg][allen-brain],https://doi.org/10.1681/ASN.2020010071; https://doi.org/10.1172/jci.insight.133267; https://doi.org/10.1038/s41586-020-2941-1; https://doi.org/10.1016/j.devcel.2019.10.005; https://doi.org/10.1038/s41467-019-10861-2,https://doi.org/10.1681/ASN.2020010071; https://doi.org/10.1172/jci.insight.133267; https://doi.org/10.1038/s41586-020-2941-1; https://doi.org/10.1016/j.devcel.2019.10.005; https://doi.org/10.1038/s41467-019-10861-2,https://doi.org/10.1681/ASN.2020010071; https://doi.org/10.1172/jci.insight.133267; https://doi.org/10.1038/s41586-020-2941-1; https://doi.org/10.1016/j.devcel.2019.10.005; https://doi.org/10.1038/s41467-019-10861-2,https://doi.org/10.1681/ASN.2020010071; https://doi.org/10.1172/jci.insight.133267; https://doi.org/10.1038/s41586-020-2941-1; https://doi.org/10.1016/j.devcel.2019.10.005; https://doi.org/10.1038/s41467-019-10861-2,https://doi.org/10.1681/ASN.2020010071; https://doi.org/10.1172/jci.insight.133267; https://doi.org/10.1038/s41586-020-2941-1; https://doi.org/10.1016/j.devcel.2019.10.005; https://doi.org/10.1038/s41467-019-10861-2
"29,3",endothelial cell of lymphatic vessel (CL:0002138)[11 bg][kidney; lymph-node; thymus; spleen],blood vessel endothelial cell (CL:0000071)[9 bg][lymph-node],neuron (CL:0000540)[4 bg][spinal-cord],kidney loop of Henle medullary thick ascending limb epithelial cell (CL:1001108)[3 bg][kidney],kidney loop of Henle thin ascending limb epithelial cell (CL:1001107)[2 bg][kidney],https://doi.org/10.1080/01926230600865549; https://doi.org/10.1126/science.aay3224; PMID:16515224; https://doi.org/10.1369%2Fjhc.4A6514.2005; https://doi.org/10.1369/jhc.4A6514.2005; https://doi.org/10.1016/j.immuni.2019.06.027; https://doi.org/10.3389/fcvm.2020.00052; https://doi.org/10.1038/s41467-019-10861-2; https://doi.org/10.1038/s41467-019-12872-5; https://doi.org/10.1172/jci.insight.133267; https://doi.org/10.1038/s41586-020-2941-1,https://doi.org/10.1080/01926230600865549; https://doi.org/10.1126/science.aay3224; PMID:16515224; https://doi.org/10.1369%2Fjhc.4A6514.2005; https://doi.org/10.1369/jhc.4A6514.2005; https://doi.org/10.1016/j.immuni.2019.06.027; https://doi.org/10.3389/fcvm.2020.00052; https://doi.org/10.1038/s41467-019-10861-2; https://doi.org/10.1038/s41467-019-12872-5; https://doi.org/10.1172/jci.insight.133267; https://doi.org/10.1038/s41586-020-2941-1,https://doi.org/10.1080/01926230600865549; https://doi.org/10.1126/science.aay3224; PMID:16515224; https://doi.org/10.1369%2Fjhc.4A6514.2005; https://doi.org/10.1369/jhc.4A6514.2005; https://doi.org/10.1016/j.immuni.2019.06.027; https://doi.org/10.3389/fcvm.2020.00052; https://doi.org/10.1038/s41467-019-10861-2; https://doi.org/10.1038/s41467-019-12872-5; https://doi.org/10.1172/jci.insight.133267; https://doi.org/10.1038/s41586-020-2941-1,https://doi.org/10.1080/01926230600865549; https://doi.org/10.1126/science.aay3224; PMID:16515224; https://doi.org/10.1369%2Fjhc.4A6514.2005; https://doi.org/10.1369/jhc.4A6514.2005; https://doi.org/10.1016/j.immuni.2019.06.027; https://doi.org/10.3389/fcvm.2020.00052; https://doi.org/10.1038/s41467-019-10861-2; https://doi.org/10.1038/s41467-019-12872-5; https://doi.org/10.1172/jci.insight.133267; https://doi.org/10.1038/s41586-020-2941-1,https://doi.org/10.1080/01926230600865549; https://doi.org/10.1126/science.aay3224; PMID:16515224; https://doi.org/10.1369%2Fjhc.4A6514.2005; https://doi.org/10.1369/jhc.4A6514.2005; https://doi.org/10.1016/j.immuni.2019.06.027; https://doi.org/10.3389/fcvm.2020.00052; https://doi.org/10.1038/s41467-019-10861-2; https://doi.org/10.1038/s41467-019-12872-5; https://doi.org/10.1172/jci.insight.133267; https://doi.org/10.1038/s41586-020-2941-1
"29,4",kidney loop of Henle cortical thick ascending limb epithelial cell (CL:1001109)[5 bg][kidney],kidney loop of Henle medullary thick ascending limb epithelial cell (CL:1001108)[3 bg][kidney],kidney loop of Henle thick ascending limb epithelial cell (CL:1001106)[3 bg][kidney],macula densa epithelial cell (CL:1000850)[1 bg][kidney],Splat_366 neuron (Hsap) (PCL:0051367)[1 bg][allen-brain],https://doi.org/10.1681/ASN.2020010071; https://doi.org/10.1016/j.devcel.2019.10.005; https://doi.org/10.1038/s41467-019-10861-2,https://doi.org/10.1681/ASN.2020010071; https://doi.org/10.1016/j.devcel.2019.10.005; https://doi.org/10.1038/s41467-019-10861-2,https://doi.org/10.1681/ASN.2020010071; https://doi.org/10.1016/j.devcel.2019.10.005; https://doi.org/10.1038/s41467-019-10861-2,https://doi.org/10.1681/ASN.2020010071; https://doi.org/10.1016/j.devcel.2019.10.005; https://doi.org/10.1038/s41467-019-10861-2,https://doi.org/10.1681/ASN.2020010071; https://doi.org/10.1016/j.devcel.2019.10.005; https://doi.org/10.1038/s41467-019-10861-2
"3,0",macrophage (CL:0000235)[78 bg][large-intestine; fallopian-tube; skin; lymph-node],endothelial cell of lymphatic vessel (CL:0002138)[34 bg][large-intestine; lymph-node; thymus; skin; spleen],thymic macrophage (CL:0000866)[9 bg][thymus],Hofbauer cell (CL:3000001)[5 bg][placenta],thymic medullary macrophage (CL:0000882)[3 bg][thymus],https://doi.org/10.1038/labinvest.2016.116; https://doi.org/10.1038/jid.2010.165; https://doi.org/10.1136/ard.2003.013029; https://doi.org/10.1016/j.actatropica.2016.01.008; https://doi.org/10.1053/j.semdp.2017.11.002; https://doi.org/10.1097/01.pas.0000157940.80538.ec; https://doi.org/10.1007/978-1-4939-0897-4_3; https://doi.org/10.1182/blood-2008-06-165266; https://doi.org/10.1016/j.immuni.2020.02.001; https://doi.org/10.1016/j.celrep.2021.108978,https://doi.org/10.1038/labinvest.2016.116; https://doi.org/10.1038/jid.2010.165; https://doi.org/10.1136/ard.2003.013029; https://doi.org/10.1016/j.actatropica.2016.01.008; https://doi.org/10.1053/j.semdp.2017.11.002; https://doi.org/10.1097/01.pas.0000157940.80538.ec; https://doi.org/10.1007/978-1-4939-0897-4_3; https://doi.org/10.1182/blood-2008-06-165266; https://doi.org/10.1016/j.immuni.2020.02.001; https://doi.org/10.1016/j.celrep.2021.108978,https://doi.org/10.1038/labinvest.2016.116; https://doi.org/10.1038/jid.2010.165; https://doi.org/10.1136/ard.2003.013029; https://doi.org/10.1016/j.actatropica.2016.01.008; https://doi.org/10.1053/j.semdp.2017.11.002; https://doi.org/10.1097/01.pas.0000157940.80538.ec; https://doi.org/10.1007/978-1-4939-0897-4_3; https://doi.org/10.1182/blood-2008-06-165266; https://doi.org/10.1016/j.immuni.2020.02.001; https://doi.org/10.1016/j.celrep.2021.108978,https://doi.org/10.1038/labinvest.2016.116; https://doi.org/10.1038/jid.2010.165; https://doi.org/10.1136/ard.2003.013029; https://doi.org/10.1016/j.actatropica.2016.01.008; https://doi.org/10.1053/j.semdp.2017.11.002; https://doi.org/10.1097/01.pas.0000157940.80538.ec; https://doi.org/10.1007/978-1-4939-0897-4_3; https://doi.org/10.1182/blood-2008-06-165266; https://doi.org/10.1016/j.immuni.2020.02.001; https://doi.org/10.1016/j.celrep.2021.108978,https://doi.org/10.1038/labinvest.2016.116; https://doi.org/10.1038/jid.2010.165; https://doi.org/10.1136/ard.2003.013029; https://doi.org/10.1016/j.actatropica.2016.01.008; https://doi.org/10.1053/j.semdp.2017.11.002; https://doi.org/10.1097/01.pas.0000157940.80538.ec; https://doi.org/10.1007/978-1-4939-0897-4_3; https://doi.org/10.1182/blood-2008-06-165266; https://doi.org/10.1016/j.immuni.2020.02.001; https://doi.org/10.1016/j.celrep.2021.108978
"3,1",macrophage (CL:0000235)[43 bg][large-intestine; fallopian-tube; lymph-node],dendritic cell (CL:0000451)[33 bg][large-intestine; fallopian-tube; lymph-node],blood vessel endothelial cell (CL:0000071)[24 bg][lymph-node],monocyte (CL:0000576)[8 bg][thymus; fallopian-tube; kidney],B cell (CL:0000236)[6 bg][lymph-node; kidney; placenta],https://doi.org/10.1053/j.semdp.2017.11.002; https://doi.org/10.1097/01.pas.0000157940.80538.ec; https://doi.org/10.1182/blood.v97.1.288; https://doi.org/10.1111/cas.13137; https://doi.org/10.1007/978-1-4939-0897-4_3; https://doi.org/10.1182/blood-2008-06-165266; https://doi.org/10.1016/j.immuni.2020.02.001; https://doi.org/10.1016/j.celrep.2021.108978,https://doi.org/10.1053/j.semdp.2017.11.002; https://doi.org/10.1097/01.pas.0000157940.80538.ec; https://doi.org/10.1182/blood.v97.1.288; https://doi.org/10.1111/cas.13137; https://doi.org/10.1007/978-1-4939-0897-4_3; https://doi.org/10.1182/blood-2008-06-165266; https://doi.org/10.1016/j.immuni.2020.02.001; https://doi.org/10.1016/j.celrep.2021.108978,https://doi.org/10.1053/j.semdp.2017.11.002; https://doi.org/10.1097/01.pas.0000157940.80538.ec; https://doi.org/10.1182/blood.v97.1.288; https://doi.org/10.1111/cas.13137; https://doi.org/10.1007/978-1-4939-0897-4_3; https://doi.org/10.1182/blood-2008-06-165266; https://doi.org/10.1016/j.immuni.2020.02.001; https://doi.org/10.1016/j.celrep.2021.108978,https://doi.org/10.1053/j.semdp.2017.11.002; https://doi.org/10.1097/01.pas.0000157940.80538.ec; https://doi.org/10.1182/blood.v97.1.288; https://doi.org/10.1111/cas.13137; https://doi.org/10.1007/978-1-4939-0897-4_3; https://doi.org/10.1182/blood-2008-06-165266; https://doi.org/10.1016/j.immuni.2020.02.001; https://doi.org/10.1016/j.celrep.2021.108978,https://doi.org/10.1053/j.semdp.2017.11.002; https://doi.org/10.1097/01.pas.0000157940.80538.ec; https://doi.org/10.1182/blood.v97.1.288; https://doi.org/10.1111/cas.13137; https://doi.org/10.1007/978-1-4939-0897-4_3; https://doi.org/10.1182/blood-2008-06-165266; https://doi.org/10.1016/j.immuni.2020.02.001; https://doi.org/10.1016/j.celrep.2021.108978
"3,2",Thex_372 thalamic excitatory neuron (Hsap) (PCL:0051373)[1 bg][allen-brain],Splat_366 neuron (Hsap) (PCL:0051367)[1 bg][allen-brain],Splat_367 neuron (Hsap) (PCL:0051368)[1 bg][allen-brain],Splat_382 neuron (Hsap) (PCL:0051383)[1 bg][allen-brain],MSN_214 direct pathway medium spiny neuron (Hsap) (PCL:0051215)[1 bg][allen-brain],https://doi.org/10.1101/2022.10.12.511898,https://doi.org/10.1101/2022.10.12.511898,https://doi.org/10.1101/2022.10.12.511898,https://doi.org/10.1101/2022.10.12.511898,https://doi.org/10.1101/2022.10.12.511898
"3,3",extravillous trophoblast (CL:0008036)[9 bg][placenta],endothelial cell (CL:0000115)[2 bg][skin],neutrophil (CL:0000775)[2 bg][spleen],naive B cell (CL:0000788)[2 bg][blood-pelvis; bone-marrow],transitional stage B cell (CL:0000818)[2 bg][blood-pelvis; bone-marrow],PMID:8804361; https://doi.org/10.1155/2021/6662201; https://doi.org/10.1095/biolreprod.106.055244; https://doi.org/10.1093/humrep/dem265; https://doi.org/10.1053/plac.2000.0559; https://doi.org/10.1016/j.jim.2003.03.001; https://doi.org/10.1242/dev.148932; https://doi.org/10.1016/0198-8859(93)90138-Q,PMID:8804361; https://doi.org/10.1155/2021/6662201; https://doi.org/10.1095/biolreprod.106.055244; https://doi.org/10.1093/humrep/dem265; https://doi.org/10.1053/plac.2000.0559; https://doi.org/10.1016/j.jim.2003.03.001; https://doi.org/10.1242/dev.148932; https://doi.org/10.1016/0198-8859(93)90138-Q,PMID:8804361; https://doi.org/10.1155/2021/6662201; https://doi.org/10.1095/biolreprod.106.055244; https://doi.org/10.1093/humrep/dem265; https://doi.org/10.1053/plac.2000.0559; https://doi.org/10.1016/j.jim.2003.03.001; https://doi.org/10.1242/dev.148932; https://doi.org/10.1016/0198-8859(93)90138-Q,PMID:8804361; https://doi.org/10.1155/2021/6662201; https://doi.org/10.1095/biolreprod.106.055244; https://doi.org/10.1093/humrep/dem265; https://doi.org/10.1053/plac.2000.0559; https://doi.org/10.1016/j.jim.2003.03.001; https://doi.org/10.1242/dev.148932; https://doi.org/10.1016/0198-8859(93)90138-Q,PMID:8804361; https://doi.org/10.1155/2021/6662201; https://doi.org/10.1095/biolreprod.106.055244; https://doi.org/10.1093/humrep/dem265; https://doi.org/10.1053/plac.2000.0559; https://doi.org/10.1016/j.jim.2003.03.001; https://doi.org/10.1242/dev.148932; https://doi.org/10.1016/0198-8859(93)90138-Q
"3,4",blood vessel endothelial cell (CL:0000071)[22 bg][thymus; lymph-node],fibroblast (CL:0000057)[5 bg][fallopian-tube],neuron (CL:0000540)[5 bg][spinal-cord],lung pericyte (CL:0009089)[3 bg][lung],alveolar adventitial fibroblast (CL:4028006)[3 bg][lung],https://doi.org/10.1126/science.aay3224; https://doi.org/10.1080/01926230600865549; https://doi.org/10.1007/s00441-008-0706-5; https://doi.org/10.1038/nri32982012.; https://doi.org/10.1371/journal.pone.0094781; https://doi.org/10.1369/jhc.4A6514.2005,https://doi.org/10.1126/science.aay3224; https://doi.org/10.1080/01926230600865549; https://doi.org/10.1007/s00441-008-0706-5; https://doi.org/10.1038/nri32982012.; https://doi.org/10.1371/journal.pone.0094781; https://doi.org/10.1369/jhc.4A6514.2005,https://doi.org/10.1126/science.aay3224; https://doi.org/10.1080/01926230600865549; https://doi.org/10.1007/s00441-008-0706-5; https://doi.org/10.1038/nri32982012.; https://doi.org/10.1371/journal.pone.0094781; https://doi.org/10.1369/jhc.4A6514.2005,https://doi.org/10.1126/science.aay3224; https://doi.org/10.1080/01926230600865549; https://doi.org/10.1007/s00441-008-0706-5; https://doi.org/10.1038/nri32982012.; https://doi.org/10.1371/journal.pone.0094781; https://doi.org/10.1369/jhc.4A6514.2005,https://doi.org/10.1126/science.aay3224; https://doi.org/10.1080/01926230600865549; https://doi.org/10.1007/s00441-008-0706-5; https://doi.org/10.1038/nri32982012.; https://doi.org/10.1371/journal.pone.0094781; https://doi.org/10.1369/jhc.4A6514.2005
"3,5",neutrophil (CL:0000775)[3 bg][kidney],medullary thymic epithelial cell type 3 (CL:0009073)[2 bg][thymus],VendV_17 vein endothelial cell (Hsap) (PCL:0051018)[2 bg][allen-brain],CD1c-positive myeloid dendritic cell (CL:0002399)[2 bg][blood-pelvis],"dendritic cell, human (CL:0001056)[2 bg][bone-marrow]",https://doi.org/10.1016/j.exphem.2016.10.008; https://doi.org/10.1172/jci.insight.133267; https://doi.org/10.1101/2021.07.28.454201; https://doi.org/10.1038/s41586-020-2941-1; https://doi.org/10.1126/science.aat5031,https://doi.org/10.1016/j.exphem.2016.10.008; https://doi.org/10.1172/jci.insight.133267; https://doi.org/10.1101/2021.07.28.454201; https://doi.org/10.1038/s41586-020-2941-1; https://doi.org/10.1126/science.aat5031,https://doi.org/10.1016/j.exphem.2016.10.008; https://doi.org/10.1172/jci.insight.133267; https://doi.org/10.1101/2021.07.28.454201; https://doi.org/10.1038/s41586-020-2941-1; https://doi.org/10.1126/science.aat5031,https://doi.org/10.1016/j.exphem.2016.10.008; https://doi.org/10.1172/jci.insight.133267; https://doi.org/10.1101/2021.07.28.454201; https://doi.org/10.1038/s41586-020-2941-1; https://doi.org/10.1126/science.aat5031,https://doi.org/10.1016/j.exphem.2016.10.008; https://doi.org/10.1172/jci.insight.133267; https://doi.org/10.1101/2021.07.28.454201; https://doi.org/10.1038/s41586-020-2941-1; https://doi.org/10.1126/science.aat5031
"30,0",intestinal crypt stem cell of large intestine (CL:0009016)[11 bg][large-intestine],fibroblast of villous mesenchyme (CL:0002558)[8 bg][placenta],peg cell (CL:4033014)[5 bg][fallopian-tube],B cell (CL:0000236)[3 bg][placenta],stromal cell of endometrium (CL:0002255)[3 bg][placenta],https://doi.org/10.1038/nature06196,https://doi.org/10.1038/nature06196,https://doi.org/10.1038/nature06196,https://doi.org/10.1038/nature06196,https://doi.org/10.1038/nature06196
"30,1",neuroendocrine cell (CL:0000165)[22 bg][large-intestine],paneth cell of colon (CL:0009009)[11 bg][large-intestine],neuron (CL:0000540)[2 bg][spinal-cord],Merkel cell (CL:0000242)[2 bg][skin; large-intestine],lung multiciliated epithelial cell (CL:1000271)[2 bg][lung],https://doi.org/10.1111/j.1440-1827.1989.tb02421.x; https://doi.org/10.1034/j.1600-065x.2003.00072.x; https://doi.org/10.3892/or.2012.2119; https://doi.org/10.1159/000501521,https://doi.org/10.1111/j.1440-1827.1989.tb02421.x; https://doi.org/10.1034/j.1600-065x.2003.00072.x; https://doi.org/10.3892/or.2012.2119; https://doi.org/10.1159/000501521,https://doi.org/10.1111/j.1440-1827.1989.tb02421.x; https://doi.org/10.1034/j.1600-065x.2003.00072.x; https://doi.org/10.3892/or.2012.2119; https://doi.org/10.1159/000501521,https://doi.org/10.1111/j.1440-1827.1989.tb02421.x; https://doi.org/10.1034/j.1600-065x.2003.00072.x; https://doi.org/10.3892/or.2012.2119; https://doi.org/10.1159/000501521,https://doi.org/10.1111/j.1440-1827.1989.tb02421.x; https://doi.org/10.1034/j.1600-065x.2003.00072.x; https://doi.org/10.3892/or.2012.2119; https://doi.org/10.1159/000501521
"30,2",extravillous trophoblast (CL:0008036)[9 bg][placenta],mononuclear cytotrophoblast cell (CL:0000523)[8 bg][placenta],syncytiotrophoblast cell (CL:0000525)[7 bg][placenta],endovascular extravillous trophoblast cell (CL:4033063)[3 bg][placenta],epithelial cell of amnion (CL:0002536)[3 bg][placenta],PMID:8804361; https://doi.org/10.1155/2021/6662201; https://doi.org/10.1095/biolreprod.106.055244; https://doi.org/10.1093/humrep/dem265; https://doi.org/10.1053/plac.2000.0559; https://doi.org/10.1016/j.jim.2003.03.001; https://doi.org/10.1242/dev.148932; https://doi.org/10.1016/0198-8859(93)90138-Q,PMID:8804361; https://doi.org/10.1155/2021/6662201; https://doi.org/10.1095/biolreprod.106.055244; https://doi.org/10.1093/humrep/dem265; https://doi.org/10.1053/plac.2000.0559; https://doi.org/10.1016/j.jim.2003.03.001; https://doi.org/10.1242/dev.148932; https://doi.org/10.1016/0198-8859(93)90138-Q,PMID:8804361; https://doi.org/10.1155/2021/6662201; https://doi.org/10.1095/biolreprod.106.055244; https://doi.org/10.1093/humrep/dem265; https://doi.org/10.1053/plac.2000.0559; https://doi.org/10.1016/j.jim.2003.03.001; https://doi.org/10.1242/dev.148932; https://doi.org/10.1016/0198-8859(93)90138-Q,PMID:8804361; https://doi.org/10.1155/2021/6662201; https://doi.org/10.1095/biolreprod.106.055244; https://doi.org/10.1093/humrep/dem265; https://doi.org/10.1053/plac.2000.0559; https://doi.org/10.1016/j.jim.2003.03.001; https://doi.org/10.1242/dev.148932; https://doi.org/10.1016/0198-8859(93)90138-Q,PMID:8804361; https://doi.org/10.1155/2021/6662201; https://doi.org/10.1095/biolreprod.106.055244; https://doi.org/10.1093/humrep/dem265; https://doi.org/10.1053/plac.2000.0559; https://doi.org/10.1016/j.jim.2003.03.001; https://doi.org/10.1242/dev.148932; https://doi.org/10.1016/0198-8859(93)90138-Q
"30,3",interstitial cell of Cajal (CL:0002088)[26 bg][large-intestine],innate lymphoid cell (ASCTB-TEMP:innate-lymphoid-cell)[18 bg][uterus],mast cell (ASCTB-TEMP:mast-cell)[18 bg][uterus],mast cell (CL:0000097)[18 bg][large-intestine; lymph-node; kidney; skin],lymphocyte of large intestine lamina propria (CL:0009018)[11 bg][large-intestine],https://doi.org/10.1152/ajpgi.00432.2011; https://doi.org/10.1007/978-1-4939-0897-4_3,https://doi.org/10.1152/ajpgi.00432.2011; https://doi.org/10.1007/978-1-4939-0897-4_3,https://doi.org/10.1152/ajpgi.00432.2011; https://doi.org/10.1007/978-1-4939-0897-4_3,https://doi.org/10.1152/ajpgi.00432.2011; https://doi.org/10.1007/978-1-4939-0897-4_3,https://doi.org/10.1152/ajpgi.00432.2011; https://doi.org/10.1007/978-1-4939-0897-4_3
"31,0",pulmonary alveolar type 1 cell (CL:0002062)[3 bg][lung],pulmonary alveolar type 2 cell (CL:0002063)[3 bg][lung],club cell (CL:0000158)[2 bg][lung],lung multiciliated epithelial cell (CL:1000271)[2 bg][lung],basal cell of epithelium of respiratory bronchiole (CL:1000351)[1 bg][lung],https://doi.org/10.1148/93.3.507; https://doi.org/10.1136/thx.13.2.110,https://doi.org/10.1148/93.3.507; https://doi.org/10.1136/thx.13.2.110,https://doi.org/10.1148/93.3.507; https://doi.org/10.1136/thx.13.2.110,https://doi.org/10.1148/93.3.507; https://doi.org/10.1136/thx.13.2.110,https://doi.org/10.1148/93.3.507; https://doi.org/10.1136/thx.13.2.110
"31,1",blood vessel endothelial cell (CL:0000071)[21 bg][lymph-node; thymus],plasma cell (CL:0000786)[17 bg][spleen; large-intestine; thymus; lymph-node; bone-marrow],extravillous trophoblast (CL:0008036)[9 bg][placenta],mononuclear cytotrophoblast cell (CL:0000523)[8 bg][placenta],syncytiotrophoblast cell (CL:0000525)[7 bg][placenta],https://doi.org/10.1126/science.aay3224; https://doi.org/10.1080/01926230600865549; https://doi.org/10.1007/s00441-008-0706-5; https://doi.org/10.1038/nri32982012.; https://doi.org/10.1371/journal.pone.0094781; https://doi.org/10.1369/jhc.4A6514.2005,https://doi.org/10.1126/science.aay3224; https://doi.org/10.1080/01926230600865549; https://doi.org/10.1007/s00441-008-0706-5; https://doi.org/10.1038/nri32982012.; https://doi.org/10.1371/journal.pone.0094781; https://doi.org/10.1369/jhc.4A6514.2005,https://doi.org/10.1126/science.aay3224; https://doi.org/10.1080/01926230600865549; https://doi.org/10.1007/s00441-008-0706-5; https://doi.org/10.1038/nri32982012.; https://doi.org/10.1371/journal.pone.0094781; https://doi.org/10.1369/jhc.4A6514.2005,https://doi.org/10.1126/science.aay3224; https://doi.org/10.1080/01926230600865549; https://doi.org/10.1007/s00441-008-0706-5; https://doi.org/10.1038/nri32982012.; https://doi.org/10.1371/journal.pone.0094781; https://doi.org/10.1369/jhc.4A6514.2005,https://doi.org/10.1126/science.aay3224; https://doi.org/10.1080/01926230600865549; https://doi.org/10.1007/s00441-008-0706-5; https://doi.org/10.1038/nri32982012.; https://doi.org/10.1371/journal.pone.0094781; https://doi.org/10.1369/jhc.4A6514.2005
"31,2",neuron (CL:0000540)[5 bg][spinal-cord],myofibroblast cell (CL:0000186)[2 bg][lymph-node],Exc L3 THEMIS ENPEP primary motor cortex glutamatergic neuron (Hsap) (PCL:0015082)[1 bg][allen-brain],mucosal-associated invariant T cell (CL:0000940)[1 bg][thymus],Bgl_51 Bergmann glial cell (Hsap) (PCL:0051052)[1 bg][allen-brain],https://doi.org/10.1016/j.neuron.2023.01.007,https://doi.org/10.1016/j.neuron.2023.01.007,https://doi.org/10.1016/j.neuron.2023.01.007,https://doi.org/10.1016/j.neuron.2023.01.007,https://doi.org/10.1016/j.neuron.2023.01.007
"33,0",blood vessel endothelial cell (CL:0000071)[21 bg][lymph-node; thymus],intestinal tuft cell (CL:0019032)[11 bg][large-intestine],alveolar adventitial fibroblast (CL:4028006)[6 bg][lung],fibroblast (CL:0000057)[5 bg][fallopian-tube],alveolar type 1 fibroblast cell (CL:4028004)[3 bg][lung],https://doi.org/10.1126/science.aay3224; https://doi.org/10.1080/01926230600865549; https://doi.org/10.1007/s00441-008-0706-5; https://doi.org/10.1038/nri32982012.; https://doi.org/10.1371/journal.pone.0094781; https://doi.org/10.1369/jhc.4A6514.2005,https://doi.org/10.1126/science.aay3224; https://doi.org/10.1080/01926230600865549; https://doi.org/10.1007/s00441-008-0706-5; https://doi.org/10.1038/nri32982012.; https://doi.org/10.1371/journal.pone.0094781; https://doi.org/10.1369/jhc.4A6514.2005,https://doi.org/10.1126/science.aay3224; https://doi.org/10.1080/01926230600865549; https://doi.org/10.1007/s00441-008-0706-5; https://doi.org/10.1038/nri32982012.; https://doi.org/10.1371/journal.pone.0094781; https://doi.org/10.1369/jhc.4A6514.2005,https://doi.org/10.1126/science.aay3224; https://doi.org/10.1080/01926230600865549; https://doi.org/10.1007/s00441-008-0706-5; https://doi.org/10.1038/nri32982012.; https://doi.org/10.1371/journal.pone.0094781; https://doi.org/10.1369/jhc.4A6514.2005,https://doi.org/10.1126/science.aay3224; https://doi.org/10.1080/01926230600865549; https://doi.org/10.1007/s00441-008-0706-5; https://doi.org/10.1038/nri32982012.; https://doi.org/10.1371/journal.pone.0094781; https://doi.org/10.1369/jhc.4A6514.2005
"33,1",naive B cell (CL:0000788)[3 bg][blood-pelvis; lymph-node],stromal cell of endometrium (CL:0002255)[3 bg][placenta],centroblast (CL:0009112)[1 bg][lymph-node],precursor B cell (CL:0000817)[1 bg][bone-marrow],MSN_207 indirect pathway medium spiny neuron (Hsap) (PCL:0051208)[1 bg][allen-brain],ISBN:9781933477060; ISBN:9781933477381; PMCID:PMC1900414; https://doi.org/10.1038/s41467-019-12464-3,ISBN:9781933477060; ISBN:9781933477381; PMCID:PMC1900414; https://doi.org/10.1038/s41467-019-12464-3,ISBN:9781933477060; ISBN:9781933477381; PMCID:PMC1900414; https://doi.org/10.1038/s41467-019-12464-3,ISBN:9781933477060; ISBN:9781933477381; PMCID:PMC1900414; https://doi.org/10.1038/s41467-019-12464-3,ISBN:9781933477060; ISBN:9781933477381; PMCID:PMC1900414; https://doi.org/10.1038/s41467-019-12464-3
"33,2",Regulatory Chondrocyte 1 (ASCTB-TEMP:regulatory-chondrocyte-1)[2 bg][knee],Splat_368 neuron (Hsap) (PCL:0051369)[1 bg][allen-brain],Splat_366 neuron (Hsap) (PCL:0051367)[1 bg][allen-brain],Splat_354 neuron (Hsap) (PCL:0051355)[1 bg][allen-brain],Thex_456 thalamic excitatory neuron (Hsap) (PCL:0051457)[1 bg][allen-brain],https://doi.org/10.1136/ard-2022-223227,https://doi.org/10.1136/ard-2022-223227,https://doi.org/10.1136/ard-2022-223227,https://doi.org/10.1136/ard-2022-223227,https://doi.org/10.1136/ard-2022-223227
"33,3",EMSN_232 medium spiny neuron (Hsap) (PCL:0051233)[1 bg][allen-brain],OPC_33 oligodendrocyte precursor cell (Hsap) (PCL:0051034)[1 bg][allen-brain],"","","",https://doi.org/10.1101/2022.10.12.511898,https://doi.org/10.1101/2022.10.12.511898,https://doi.org/10.1101/2022.10.12.511898,https://doi.org/10.1101/2022.10.12.511898,https://doi.org/10.1101/2022.10.12.511898
"33,4",macrophage (CL:0000235)[78 bg][large-intestine; fallopian-tube; skin; lymph-node],Hofbauer cell (CL:3000001)[5 bg][placenta],thymic macrophage (CL:0000866)[3 bg][thymus],uterine resident macrophage (CL:4033064)[3 bg][placenta],kidney interstitial alternatively activated macrophage (CL:1000695)[2 bg][kidney],https://doi.org/10.1038/labinvest.2016.116; https://doi.org/10.1038/jid.2010.165; https://doi.org/10.1136/ard.2003.013029; https://doi.org/10.1016/j.actatropica.2016.01.008; https://doi.org/10.1053/j.semdp.2017.11.002; https://doi.org/10.1097/01.pas.0000157940.80538.ec; https://doi.org/10.1007/978-1-4939-0897-4_3; https://doi.org/10.1182/blood-2008-06-165266; https://doi.org/10.1016/j.immuni.2020.02.001; https://doi.org/10.1016/j.celrep.2021.108978,https://doi.org/10.1038/labinvest.2016.116; https://doi.org/10.1038/jid.2010.165; https://doi.org/10.1136/ard.2003.013029; https://doi.org/10.1016/j.actatropica.2016.01.008; https://doi.org/10.1053/j.semdp.2017.11.002; https://doi.org/10.1097/01.pas.0000157940.80538.ec; https://doi.org/10.1007/978-1-4939-0897-4_3; https://doi.org/10.1182/blood-2008-06-165266; https://doi.org/10.1016/j.immuni.2020.02.001; https://doi.org/10.1016/j.celrep.2021.108978,https://doi.org/10.1038/labinvest.2016.116; https://doi.org/10.1038/jid.2010.165; https://doi.org/10.1136/ard.2003.013029; https://doi.org/10.1016/j.actatropica.2016.01.008; https://doi.org/10.1053/j.semdp.2017.11.002; https://doi.org/10.1097/01.pas.0000157940.80538.ec; https://doi.org/10.1007/978-1-4939-0897-4_3; https://doi.org/10.1182/blood-2008-06-165266; https://doi.org/10.1016/j.immuni.2020.02.001; https://doi.org/10.1016/j.celrep.2021.108978,https://doi.org/10.1038/labinvest.2016.116; https://doi.org/10.1038/jid.2010.165; https://doi.org/10.1136/ard.2003.013029; https://doi.org/10.1016/j.actatropica.2016.01.008; https://doi.org/10.1053/j.semdp.2017.11.002; https://doi.org/10.1097/01.pas.0000157940.80538.ec; https://doi.org/10.1007/978-1-4939-0897-4_3; https://doi.org/10.1182/blood-2008-06-165266; https://doi.org/10.1016/j.immuni.2020.02.001; https://doi.org/10.1016/j.celrep.2021.108978,https://doi.org/10.1038/labinvest.2016.116; https://doi.org/10.1038/jid.2010.165; https://doi.org/10.1136/ard.2003.013029; https://doi.org/10.1016/j.actatropica.2016.01.008; https://doi.org/10.1053/j.semdp.2017.11.002; https://doi.org/10.1097/01.pas.0000157940.80538.ec; https://doi.org/10.1007/978-1-4939-0897-4_3; https://doi.org/10.1182/blood-2008-06-165266; https://doi.org/10.1016/j.immuni.2020.02.001; https://doi.org/10.1016/j.celrep.2021.108978
"34,0",class switched memory B cell (CL:0000972)[1 bg][thymus],Epen_68 ependymal cell (Hsap) (PCL:0051069)[1 bg][allen-brain],medullary thymic epithelial cell type 2 (CL:0009072)[1 bg][thymus],unswitched memory B cell (CL:0000970)[1 bg][thymus],"",https://doi.org/10.1126/sciimmunol.aah4447; https://doi.org/10.1080/01926230600865549; https://doi.org/10.1126/science.aay3224,https://doi.org/10.1126/sciimmunol.aah4447; https://doi.org/10.1080/01926230600865549; https://doi.org/10.1126/science.aay3224,https://doi.org/10.1126/sciimmunol.aah4447; https://doi.org/10.1080/01926230600865549; https://doi.org/10.1126/science.aay3224,https://doi.org/10.1126/sciimmunol.aah4447; https://doi.org/10.1080/01926230600865549; https://doi.org/10.1126/science.aay3224,https://doi.org/10.1126/sciimmunol.aah4447; https://doi.org/10.1080/01926230600865549; https://doi.org/10.1126/science.aay3224
"34,00",fibroblast (CL:0000057)[182 bg][large-intestine],intestinal crypt stem cell of large intestine (CL:0009016)[11 bg][large-intestine],fibroblast of villous mesenchyme (CL:0002558)[8 bg][placenta],myofibroblast cell (CL:0000186)[5 bg][lymph-node; spleen],peg cell (CL:4033014)[5 bg][fallopian-tube],isBN:978-1496398949; ISBN:978-1496398949; https://doi.org/10.1111/j.1440-1827.1989.tb02421.x; https://doi.org/10.1034/j.1600-065x.2003.00072.x; https://doi.org/10.1007/978-1-4939-0897-4_3,isBN:978-1496398949; ISBN:978-1496398949; https://doi.org/10.1111/j.1440-1827.1989.tb02421.x; https://doi.org/10.1034/j.1600-065x.2003.00072.x; https://doi.org/10.1007/978-1-4939-0897-4_3,isBN:978-1496398949; ISBN:978-1496398949; https://doi.org/10.1111/j.1440-1827.1989.tb02421.x; https://doi.org/10.1034/j.1600-065x.2003.00072.x; https://doi.org/10.1007/978-1-4939-0897-4_3,isBN:978-1496398949; ISBN:978-1496398949; https://doi.org/10.1111/j.1440-1827.1989.tb02421.x; https://doi.org/10.1034/j.1600-065x.2003.00072.x; https://doi.org/10.1007/978-1-4939-0897-4_3,isBN:978-1496398949; ISBN:978-1496398949; https://doi.org/10.1111/j.1440-1827.1989.tb02421.x; https://doi.org/10.1034/j.1600-065x.2003.00072.x; https://doi.org/10.1007/978-1-4939-0897-4_3
"34,2",naive regulatory T cell (CL:0002677)[1 bg][thymus],"group 3 innate lymphoid cell, human (CL:0001078)[1 bg][thymus]",thymic fibroblast type 2 (CL:0009079)[1 bg][thymus],monocyte (CL:0000576)[1 bg][thymus],neuron (CL:0000540)[1 bg][spinal-cord],https://doi.org/10.3389/fimmu.2019.00447; https://doi.org/10.1038/nature03886; https://doi.org/10.1126/science.aay3224,https://doi.org/10.3389/fimmu.2019.00447; https://doi.org/10.1038/nature03886; https://doi.org/10.1126/science.aay3224,https://doi.org/10.3389/fimmu.2019.00447; https://doi.org/10.1038/nature03886; https://doi.org/10.1126/science.aay3224,https://doi.org/10.3389/fimmu.2019.00447; https://doi.org/10.1038/nature03886; https://doi.org/10.1126/science.aay3224,https://doi.org/10.3389/fimmu.2019.00447; https://doi.org/10.1038/nature03886; https://doi.org/10.1126/science.aay3224
"35,0",endothelial cell of arteriole (CL:1000412)[67 bg][large-intestine],endothelial cell of venule (CL:1000414)[65 bg][large-intestine],capillary endothelial cell (CL:0002144)[25 bg][large-intestine],"plasmacytoid dendritic cell, human (CL:0001058)[3 bg][spleen]",vein endothelial cell (CL:0002543)[2 bg][large-intestine],isBN:978-1496398949; ISBN:978-1496398949; https://doi.org/10.1007/978-1-4939-0897-4_3,isBN:978-1496398949; ISBN:978-1496398949; https://doi.org/10.1007/978-1-4939-0897-4_3,isBN:978-1496398949; ISBN:978-1496398949; https://doi.org/10.1007/978-1-4939-0897-4_3,isBN:978-1496398949; ISBN:978-1496398949; https://doi.org/10.1007/978-1-4939-0897-4_3,isBN:978-1496398949; ISBN:978-1496398949; https://doi.org/10.1007/978-1-4939-0897-4_3
"35,1",myo-medullary thymic epithelial cell (CL:0009075)[1 bg][thymus],corticomedullary thymic epithelial cell (CL:0009070)[1 bg][thymus],CA13_189 hippocampal CA1-3 neuron (Hsap) (PCL:0051190)[1 bg][allen-brain],"","",https://doi.org/10.1126/science.aay3224; https://doi.org/10.3791/50951; https://doi.org/10.1038/s41467-021-21346-6; https://doi.org/10.1080/01926230600865549,https://doi.org/10.1126/science.aay3224; https://doi.org/10.3791/50951; https://doi.org/10.1038/s41467-021-21346-6; https://doi.org/10.1080/01926230600865549,https://doi.org/10.1126/science.aay3224; https://doi.org/10.3791/50951; https://doi.org/10.1038/s41467-021-21346-6; https://doi.org/10.1080/01926230600865549,https://doi.org/10.1126/science.aay3224; https://doi.org/10.3791/50951; https://doi.org/10.1038/s41467-021-21346-6; https://doi.org/10.1080/01926230600865549,https://doi.org/10.1126/science.aay3224; https://doi.org/10.3791/50951; https://doi.org/10.1038/s41467-021-21346-6; https://doi.org/10.1080/01926230600865549
"35,2",neuron (CL:0000540)[5 bg][spinal-cord],Inh L5 SST RPL35AP11 primary motor cortex GABAergic interneuron (Hsap) (PCL:0015042)[1 bg][allen-brain],CBI_305 cerebellar inhibitory GABAergic interneuron (Hsap) (PCL:0051306)[1 bg][allen-brain],CGE_281 VIP GABAergic cortical interneuron (Hsap) (PCL:0051282)[1 bg][allen-brain],Splat_371 neuron (Hsap) (PCL:0051372)[1 bg][allen-brain],https://doi.org/10.1016/j.neuron.2023.01.007,https://doi.org/10.1016/j.neuron.2023.01.007,https://doi.org/10.1016/j.neuron.2023.01.007,https://doi.org/10.1016/j.neuron.2023.01.007,https://doi.org/10.1016/j.neuron.2023.01.007
"38,0",stromal cell of endometrium (CL:0002255)[3 bg][placenta],naive B cell (CL:0000788)[3 bg][blood-pelvis; lymph-node],epithelial cell of proximal tubule segment 2 (CL:4030010)[2 bg][kidney],Amex_419 amygdala excitatory neuron (Hsap) (PCL:0051420)[1 bg][allen-brain],MSN_207 indirect pathway medium spiny neuron (Hsap) (PCL:0051208)[1 bg][allen-brain],https://doi.org/10.5966/sctm.2015-0022; https://doi.org/10.3346/jkms.2012.27.8.857; https://doi.org/10.1093/humrep/den051; https://doi.org/10.3390/cells1041061; https://doi.org/10.1186/s13287-017-0757-1; https://doi.org/10.1182/blood.V74.2.751.751; https://doi.org/10.1016/s1472-6483(10)61745-2; https://doi.org/10.1095/biolreprod51.4.739; https://doi.org/10.1095/biolreprod.108.075226; https://doi.org/10.1016/j.jcyt.2017.03.001,https://doi.org/10.5966/sctm.2015-0022; https://doi.org/10.3346/jkms.2012.27.8.857; https://doi.org/10.1093/humrep/den051; https://doi.org/10.3390/cells1041061; https://doi.org/10.1186/s13287-017-0757-1; https://doi.org/10.1182/blood.V74.2.751.751; https://doi.org/10.1016/s1472-6483(10)61745-2; https://doi.org/10.1095/biolreprod51.4.739; https://doi.org/10.1095/biolreprod.108.075226; https://doi.org/10.1016/j.jcyt.2017.03.001,https://doi.org/10.5966/sctm.2015-0022; https://doi.org/10.3346/jkms.2012.27.8.857; https://doi.org/10.1093/humrep/den051; https://doi.org/10.3390/cells1041061; https://doi.org/10.1186/s13287-017-0757-1; https://doi.org/10.1182/blood.V74.2.751.751; https://doi.org/10.1016/s1472-6483(10)61745-2; https://doi.org/10.1095/biolreprod51.4.739; https://doi.org/10.1095/biolreprod.108.075226; https://doi.org/10.1016/j.jcyt.2017.03.001,https://doi.org/10.5966/sctm.2015-0022; https://doi.org/10.3346/jkms.2012.27.8.857; https://doi.org/10.1093/humrep/den051; https://doi.org/10.3390/cells1041061; https://doi.org/10.1186/s13287-017-0757-1; https://doi.org/10.1182/blood.V74.2.751.751; https://doi.org/10.1016/s1472-6483(10)61745-2; https://doi.org/10.1095/biolreprod51.4.739; https://doi.org/10.1095/biolreprod.108.075226; https://doi.org/10.1016/j.jcyt.2017.03.001,https://doi.org/10.5966/sctm.2015-0022; https://doi.org/10.3346/jkms.2012.27.8.857; https://doi.org/10.1093/humrep/den051; https://doi.org/10.3390/cells1041061; https://doi.org/10.1186/s13287-017-0757-1; https://doi.org/10.1182/blood.V74.2.751.751; https://doi.org/10.1016/s1472-6483(10)61745-2; https://doi.org/10.1095/biolreprod51.4.739; https://doi.org/10.1095/biolreprod.108.075226; https://doi.org/10.1016/j.jcyt.2017.03.001
"38,1","plasmacytoid dendritic cell, human (CL:0001058)[3 bg][spleen]",mast cell (CL:0000097)[1 bg][thymus],amacrine cell (CL:0000561)[1 bg][eye],kidney loop of Henle short descending thin limb epithelial cell (CL:4030012)[1 bg][kidney],neuron (CL:0000540)[1 bg][spinal-cord],https://doi.org/10.1111/imm.12469; https://doi.org/10.4049/jimmunol.1002632; https://doi.org/10.1186/s13059-019-1906-x,https://doi.org/10.1111/imm.12469; https://doi.org/10.4049/jimmunol.1002632; https://doi.org/10.1186/s13059-019-1906-x,https://doi.org/10.1111/imm.12469; https://doi.org/10.4049/jimmunol.1002632; https://doi.org/10.1186/s13059-019-1906-x,https://doi.org/10.1111/imm.12469; https://doi.org/10.4049/jimmunol.1002632; https://doi.org/10.1186/s13059-019-1906-x,https://doi.org/10.1111/imm.12469; https://doi.org/10.4049/jimmunol.1002632; https://doi.org/10.1186/s13059-019-1906-x
"38,2","","","","","","","","","",""
"38,3",epithelial cell of proximal tubule segment 1 (CL:4030009)[5 bg][kidney],epithelial cell of proximal tubule segment 2 (CL:4030010)[4 bg][kidney],alveolar type 1 fibroblast cell (CL:4028004)[3 bg][lung],naive B cell (CL:0000788)[3 bg][blood-pelvis; lymph-node],stromal cell of endometrium (CL:0002255)[3 bg][placenta],https://doi.org/10.1681/ASN.2020010071; https://doi.org/10.1073/pnas.2005477117; https://doi.org/10.1172/jci.insight.133267; https://doi.org/10.1038/s41586-020-2941-1; https://doi.org/10.1016/j.devcel.2019.10.005; https://doi.org/10.1038/s41467-019-10861-2,https://doi.org/10.1681/ASN.2020010071; https://doi.org/10.1073/pnas.2005477117; https://doi.org/10.1172/jci.insight.133267; https://doi.org/10.1038/s41586-020-2941-1; https://doi.org/10.1016/j.devcel.2019.10.005; https://doi.org/10.1038/s41467-019-10861-2,https://doi.org/10.1681/ASN.2020010071; https://doi.org/10.1073/pnas.2005477117; https://doi.org/10.1172/jci.insight.133267; https://doi.org/10.1038/s41586-020-2941-1; https://doi.org/10.1016/j.devcel.2019.10.005; https://doi.org/10.1038/s41467-019-10861-2,https://doi.org/10.1681/ASN.2020010071; https://doi.org/10.1073/pnas.2005477117; https://doi.org/10.1172/jci.insight.133267; https://doi.org/10.1038/s41586-020-2941-1; https://doi.org/10.1016/j.devcel.2019.10.005; https://doi.org/10.1038/s41467-019-10861-2,https://doi.org/10.1681/ASN.2020010071; https://doi.org/10.1073/pnas.2005477117; https://doi.org/10.1172/jci.insight.133267; https://doi.org/10.1038/s41586-020-2941-1; https://doi.org/10.1016/j.devcel.2019.10.005; https://doi.org/10.1038/s41467-019-10861-2
"39,0",pulmonary alveolar type 2 cell (CL:0002063)[3 bg][lung],T-helper 17 cell (CL:0000899)[1 bg][thymus],myo-medullary thymic epithelial cell (CL:0009075)[1 bg][thymus],Thex_447 thalamic excitatory neuron (Hsap) (PCL:0051448)[1 bg][allen-brain],mucosal-associated invariant T cell (CL:0000940)[1 bg][thymus],https://doi.org/10.1148/93.3.507; https://doi.org/10.1136/thx.13.2.110,https://doi.org/10.1148/93.3.507; https://doi.org/10.1136/thx.13.2.110,https://doi.org/10.1148/93.3.507; https://doi.org/10.1136/thx.13.2.110,https://doi.org/10.1148/93.3.507; https://doi.org/10.1136/thx.13.2.110,https://doi.org/10.1148/93.3.507; https://doi.org/10.1136/thx.13.2.110
"39,1",pulmonary alveolar type 2 cell (CL:0002063)[18 bg][lung],CD8-alpha-negative thymic conventional dendritic cell (CL:0002460)[2 bg][thymus],OFF-bipolar cell (CL:0000750)[1 bg][eye],Midi_433 midbrain-derived inhibitory neuron (Hsap) (PCL:0051434)[1 bg][allen-brain],CA4_195 hippocampal CA4 neuron (Hsap) (PCL:0051196)[1 bg][allen-brain],https://doi.org/10.1148/93.3.507; https://doi.org/10.1136/thx.13.2.110,https://doi.org/10.1148/93.3.507; https://doi.org/10.1136/thx.13.2.110,https://doi.org/10.1148/93.3.507; https://doi.org/10.1136/thx.13.2.110,https://doi.org/10.1148/93.3.507; https://doi.org/10.1136/thx.13.2.110,https://doi.org/10.1148/93.3.507; https://doi.org/10.1136/thx.13.2.110
"39,2",club cell (CL:0000158)[2 bg][lung],alveolar adventitial fibroblast (CL:4028006)[2 bg][lung],DLCT6b_108 glutamatergic neuron (Hsap) (PCL:0051109)[1 bg][allen-brain],Inh L5-6 SST PAWR primary motor cortex GABAergic interneuron (Hsap) (PCL:0015048)[1 bg][allen-brain],Inh L1 SST P4HA3 primary motor cortex GABAergic interneuron (Hsap) (PCL:0015017)[1 bg][allen-brain],https://doi.org/10.1148/93.3.507; https://doi.org/10.1136/thx.13.2.110,https://doi.org/10.1148/93.3.507; https://doi.org/10.1136/thx.13.2.110,https://doi.org/10.1148/93.3.507; https://doi.org/10.1136/thx.13.2.110,https://doi.org/10.1148/93.3.507; https://doi.org/10.1136/thx.13.2.110,https://doi.org/10.1148/93.3.507; https://doi.org/10.1136/thx.13.2.110
"39,3",Cycling B (ASCTB-TEMP:cycling-b)[3 bg][palatine-tonsil],subcapsular thymic epithelial cell (CL:0009077)[1 bg][thymus],CD8aa(II) thymocyte (CL:0009069)[1 bg][thymus],Oligo_44 oligodendrocyte (Hsap) (PCL:0051045)[1 bg][allen-brain],retinal ganglion cell (CL:0000740)[1 bg][eye],https://doi.org/10.1101/2022.06.24.497299; https://doi.org/10.1126/sciimmunol.abh3768,https://doi.org/10.1101/2022.06.24.497299; https://doi.org/10.1126/sciimmunol.abh3768,https://doi.org/10.1101/2022.06.24.497299; https://doi.org/10.1126/sciimmunol.abh3768,https://doi.org/10.1101/2022.06.24.497299; https://doi.org/10.1126/sciimmunol.abh3768,https://doi.org/10.1101/2022.06.24.497299; https://doi.org/10.1126/sciimmunol.abh3768
"4,0",uterine smooth muscle type II cell (ASCTB-TEMP:uterine-smooth-muscle-type-ii-cell)[72 bg][uterus],perivascular support cell (ASCTB-TEMP:perivascular-support-cell)[18 bg][uterus],follicular dendritic cell (CL:0000442)[5 bg][spleen],neuron (CL:0000540)[2 bg][spinal-cord],bronchiolar smooth muscle cell (CL:4033017)[2 bg][lung],https://doi.org/10.1101/2021.01.02.425073,https://doi.org/10.1101/2021.01.02.425073,https://doi.org/10.1101/2021.01.02.425073,https://doi.org/10.1101/2021.01.02.425073,https://doi.org/10.1101/2021.01.02.425073
"4,1",endothelial cell of arteriole (CL:1000412)[67 bg][large-intestine],endothelial cell of venule (CL:1000414)[65 bg][large-intestine],capillary endothelial cell (CL:0002144)[25 bg][large-intestine],Splat_381 neuron (Hsap) (PCL:0051382)[2 bg][allen-brain],Splat_389 neuron (Hsap) (PCL:0051390)[2 bg][allen-brain],isBN:978-1496398949; ISBN:978-1496398949; https://doi.org/10.1007/978-1-4939-0897-4_3,isBN:978-1496398949; ISBN:978-1496398949; https://doi.org/10.1007/978-1-4939-0897-4_3,isBN:978-1496398949; ISBN:978-1496398949; https://doi.org/10.1007/978-1-4939-0897-4_3,isBN:978-1496398949; ISBN:978-1496398949; https://doi.org/10.1007/978-1-4939-0897-4_3,isBN:978-1496398949; ISBN:978-1496398949; https://doi.org/10.1007/978-1-4939-0897-4_3
"4,2",subcapsular thymic epithelial cell (CL:0009077)[1 bg][thymus],thymic cortical macrophage (CL:0000883)[1 bg][thymus],"","","",https://doi.org/10.1016/s0065-2776(08)60900-1,https://doi.org/10.1016/s0065-2776(08)60900-1,https://doi.org/10.1016/s0065-2776(08)60900-1,https://doi.org/10.1016/s0065-2776(08)60900-1,https://doi.org/10.1016/s0065-2776(08)60900-1
"4,3",uterine smooth muscle type II cell (ASCTB-TEMP:uterine-smooth-muscle-type-ii-cell)[36 bg][uterus],perivascular support cell (ASCTB-TEMP:perivascular-support-cell)[18 bg][uterus],neuron (CL:0000540)[8 bg][spinal-cord],bronchiolar smooth muscle cell (CL:4033017)[2 bg][lung],renal interstitial pericyte (CL:1001318)[2 bg][kidney],https://doi.org/10.1101/2021.01.02.425073,https://doi.org/10.1101/2021.01.02.425073,https://doi.org/10.1101/2021.01.02.425073,https://doi.org/10.1101/2021.01.02.425073,https://doi.org/10.1101/2021.01.02.425073
"5,0",lymphocyte of large intestine lamina propria (CL:0009018)[33 bg][large-intestine],Schwann cell (CL:0002573)[24 bg][large-intestine],uterine natural killer cell (ASCTB-TEMP:uterine-natural-killer-cell)[18 bg][uterus],lymphocyte (ASCTB-TEMP:lymphocyte)[18 bg][uterus],endothelial cell of lymphatic vessel (CL:0002138)[13 bg][large-intestine],https://doi.org/10.1007/978-1-4939-0897-4_3; https://doi.org/10.1016/j.immuni.2020.02.001,https://doi.org/10.1007/978-1-4939-0897-4_3; https://doi.org/10.1016/j.immuni.2020.02.001,https://doi.org/10.1007/978-1-4939-0897-4_3; https://doi.org/10.1016/j.immuni.2020.02.001,https://doi.org/10.1007/978-1-4939-0897-4_3; https://doi.org/10.1016/j.immuni.2020.02.001,https://doi.org/10.1007/978-1-4939-0897-4_3; https://doi.org/10.1016/j.immuni.2020.02.001
"5,1",neuron (CL:0000540)[2 bg][spinal-cord],Inh L1 LAMP5 PVRL2 primary motor cortex GABAergic interneuron (Hsap) (PCL:0015001)[1 bg][allen-brain],URL_310 cerebellar granule cell (Hsap) (PCL:0051311)[1 bg][allen-brain],CBI_298 cerebellar inhibitory GABAergic interneuron (Hsap) (PCL:0051299)[1 bg][allen-brain],Inh L1 LAMP5 NMBR primary motor cortex GABAergic interneuron (Hsap) (PCL:0015015)[1 bg][allen-brain],https://doi.org/10.1016/j.neuron.2023.01.007,https://doi.org/10.1016/j.neuron.2023.01.007,https://doi.org/10.1016/j.neuron.2023.01.007,https://doi.org/10.1016/j.neuron.2023.01.007,https://doi.org/10.1016/j.neuron.2023.01.007
"5,2",intestinal tuft cell (CL:0019032)[11 bg][large-intestine],alveolar adventitial fibroblast (CL:4028006)[3 bg][lung],alveolar type 1 fibroblast cell (CL:4028004)[3 bg][lung],mature CD4 single-positive thymocyte (CL:0002436)[2 bg][thymus],Inh L5 PVALB LRIG3 primary motor cortex GABAergic interneuron (Hsap) (PCL:0015062)[1 bg][allen-brain],https://doi.org/10.1038/s41598-019-53997-3; https://doi.org/10.1038/s42003-020-01181-z; https://doi.org/10.4049/jimmunol.1801069,https://doi.org/10.1038/s41598-019-53997-3; https://doi.org/10.1038/s42003-020-01181-z; https://doi.org/10.4049/jimmunol.1801069,https://doi.org/10.1038/s41598-019-53997-3; https://doi.org/10.1038/s42003-020-01181-z; https://doi.org/10.4049/jimmunol.1801069,https://doi.org/10.1038/s41598-019-53997-3; https://doi.org/10.1038/s42003-020-01181-z; https://doi.org/10.4049/jimmunol.1801069,https://doi.org/10.1038/s41598-019-53997-3; https://doi.org/10.1038/s42003-020-01181-z; https://doi.org/10.4049/jimmunol.1801069
"5,3",reticular cell of splenic cord (CL:1000489)[2 bg][spleen],T cell zone reticular cell (CL:0009105)[2 bg][lymph-node],kidney loop of Henle thin descending limb epithelial cell (CL:1001111)[2 bg][kidney],CD8-alpha-negative thymic conventional dendritic cell (CL:0002460)[2 bg][thymus],monocyte (CL:0000576)[2 bg][thymus],https://doi.org/10.55418/9781933477060.; https://doi.org/10.1111/imm.12469; https://doi.org/10.1038/s41467-019-09728-3,https://doi.org/10.55418/9781933477060.; https://doi.org/10.1111/imm.12469; https://doi.org/10.1038/s41467-019-09728-3,https://doi.org/10.55418/9781933477060.; https://doi.org/10.1111/imm.12469; https://doi.org/10.1038/s41467-019-09728-3,https://doi.org/10.55418/9781933477060.; https://doi.org/10.1111/imm.12469; https://doi.org/10.1038/s41467-019-09728-3,https://doi.org/10.55418/9781933477060.; https://doi.org/10.1111/imm.12469; https://doi.org/10.1038/s41467-019-09728-3
"5,4",ON-bipolar cell (CL:0000749)[2 bg][eye],Fbl_27 fibroblast (Hsap) (PCL:0051028)[1 bg][allen-brain],Inh L1-2 PVALB CDK20 primary motor cortex GABAergic interneuron (Hsap) (PCL:0015066)[1 bg][allen-brain],Inh L5 PVALB LRIG3 primary motor cortex GABAergic interneuron (Hsap) (PCL:0015062)[1 bg][allen-brain],Inh L2-5 VIP BSPRY primary motor cortex GABAergic interneuron (Hsap) (PCL:0015033)[1 bg][allen-brain],https://doi.org/10.1002/cne.22756; https://doi.org/10.1002/cne.10491,https://doi.org/10.1002/cne.22756; https://doi.org/10.1002/cne.10491,https://doi.org/10.1002/cne.22756; https://doi.org/10.1002/cne.10491,https://doi.org/10.1002/cne.22756; https://doi.org/10.1002/cne.10491,https://doi.org/10.1002/cne.22756; https://doi.org/10.1002/cne.10491
"5,5",Splat_409 neuron (Hsap) (PCL:0051410)[1 bg][allen-brain],Splat_389 neuron (Hsap) (PCL:0051390)[1 bg][allen-brain],CA4_191 hippocampal CA4 neuron (Hsap) (PCL:0051192)[1 bg][allen-brain],Chrp_76 choroid plexus epithelial cell (Hsap) (PCL:0051077)[1 bg][allen-brain],Inh L2-5 VIP BSPRY primary motor cortex GABAergic interneuron (Hsap) (PCL:0015033)[1 bg][allen-brain],https://doi.org/10.1101/2022.10.12.511898,https://doi.org/10.1101/2022.10.12.511898,https://doi.org/10.1101/2022.10.12.511898,https://doi.org/10.1101/2022.10.12.511898,https://doi.org/10.1101/2022.10.12.511898
"5,6",catecholaminergic neuron (CL:4033050)[5 bg][spleen],Schwann cell (CL:0002573)[2 bg][peripheral-nervous-system],subcutaneous adipocyte (CL:0002521)[1 bg][skin],Oligo L3-6 OPALIN-like ENPP6 primary motor cortex oligodendrocyte (Hsap) (PCL:0015119)[1 bg][allen-brain],Interdigitating Dendritic Cells (ASCTB-TEMP:interdigitating-dendritic-cells)[1 bg][spleen],https://doi.org/10.3389/fimmu.2017.01712; https://doi.org/10.1016/j.bbi.2018.12.009,https://doi.org/10.3389/fimmu.2017.01712; https://doi.org/10.1016/j.bbi.2018.12.009,https://doi.org/10.3389/fimmu.2017.01712; https://doi.org/10.1016/j.bbi.2018.12.009,https://doi.org/10.3389/fimmu.2017.01712; https://doi.org/10.1016/j.bbi.2018.12.009,https://doi.org/10.3389/fimmu.2017.01712; https://doi.org/10.1016/j.bbi.2018.12.009
"5,7",mononuclear cytotrophoblast cell (CL:0000523)[16 bg][placenta],syncytiotrophoblast cell (CL:0000525)[7 bg][placenta],basal cell of epithelium of terminal bronchiole (CL:1000350)[1 bg][lung],DLNP_86 near-projecting glutamatergic cortical neuron (Hsap) (PCL:0051087)[1 bg][allen-brain],Inh L5-6 PVALB MEPE primary motor cortex GABAergic interneuron (Hsap) (PCL:0015071)[1 bg][allen-brain],https://doi.org/10.1095/biolreprod.106.055244; https://doi.org/10.1053/plac.2000.0559; https://doi.org/10.1016/S0143-4004(05)80438-2; https://doi.org/10.1016/j.jim.2003.03.001; https://doi.org/10.1016/j.ajpath.2014.08.006,https://doi.org/10.1095/biolreprod.106.055244; https://doi.org/10.1053/plac.2000.0559; https://doi.org/10.1016/S0143-4004(05)80438-2; https://doi.org/10.1016/j.jim.2003.03.001; https://doi.org/10.1016/j.ajpath.2014.08.006,https://doi.org/10.1095/biolreprod.106.055244; https://doi.org/10.1053/plac.2000.0559; https://doi.org/10.1016/S0143-4004(05)80438-2; https://doi.org/10.1016/j.jim.2003.03.001; https://doi.org/10.1016/j.ajpath.2014.08.006,https://doi.org/10.1095/biolreprod.106.055244; https://doi.org/10.1053/plac.2000.0559; https://doi.org/10.1016/S0143-4004(05)80438-2; https://doi.org/10.1016/j.jim.2003.03.001; https://doi.org/10.1016/j.ajpath.2014.08.006,https://doi.org/10.1095/biolreprod.106.055244; https://doi.org/10.1053/plac.2000.0559; https://doi.org/10.1016/S0143-4004(05)80438-2; https://doi.org/10.1016/j.jim.2003.03.001; https://doi.org/10.1016/j.ajpath.2014.08.006
"5,8",interstitial cell of Cajal (CL:0002088)[26 bg][large-intestine],innate lymphoid cell (ASCTB-TEMP:innate-lymphoid-cell)[18 bg][uterus],mast cell (CL:0000097)[18 bg][skin; lymph-node; large-intestine; kidney],mast cell (ASCTB-TEMP:mast-cell)[18 bg][uterus],intestinal crypt stem cell of large intestine (CL:0009016)[11 bg][large-intestine],https://doi.org/10.1152/ajpgi.00432.2011; https://doi.org/10.1007/978-1-4939-0897-4_3,https://doi.org/10.1152/ajpgi.00432.2011; https://doi.org/10.1007/978-1-4939-0897-4_3,https://doi.org/10.1152/ajpgi.00432.2011; https://doi.org/10.1007/978-1-4939-0897-4_3,https://doi.org/10.1152/ajpgi.00432.2011; https://doi.org/10.1007/978-1-4939-0897-4_3,https://doi.org/10.1152/ajpgi.00432.2011; https://doi.org/10.1007/978-1-4939-0897-4_3
"6,0",endothelial cell of arteriole (CL:1000412)[67 bg][large-intestine],endothelial cell of venule (CL:1000414)[65 bg][large-intestine],capillary endothelial cell (CL:0002144)[25 bg][large-intestine],pulmonary alveolar type 2 cell (CL:0002063)[6 bg][lung],vein endothelial cell (CL:0002543)[2 bg][large-intestine],isBN:978-1496398949; ISBN:978-1496398949; https://doi.org/10.1007/978-1-4939-0897-4_3,isBN:978-1496398949; ISBN:978-1496398949; https://doi.org/10.1007/978-1-4939-0897-4_3,isBN:978-1496398949; ISBN:978-1496398949; https://doi.org/10.1007/978-1-4939-0897-4_3,isBN:978-1496398949; ISBN:978-1496398949; https://doi.org/10.1007/978-1-4939-0897-4_3,isBN:978-1496398949; ISBN:978-1496398949; https://doi.org/10.1007/978-1-4939-0897-4_3
"6,1",T cell zone reticular cell (CL:0009105)[4 bg][lymph-node],reticular cell of splenic cord (CL:1000489)[3 bg][spleen],myofibroblast cell (CL:0000186)[2 bg][lymph-node],skin fibroblast (CL:0002620)[2 bg][skin],endothelial cell of lymphatic vessel (CL:0002138)[2 bg][thymus],https://doi.org/10.3389/fimmu.2011.00035; https://doi.org/10.1016/j.jcyt.2017.01.010; https://doi.org/10.1016/j.ajpath.2010.12.039,https://doi.org/10.3389/fimmu.2011.00035; https://doi.org/10.1016/j.jcyt.2017.01.010; https://doi.org/10.1016/j.ajpath.2010.12.039,https://doi.org/10.3389/fimmu.2011.00035; https://doi.org/10.1016/j.jcyt.2017.01.010; https://doi.org/10.1016/j.ajpath.2010.12.039,https://doi.org/10.3389/fimmu.2011.00035; https://doi.org/10.1016/j.jcyt.2017.01.010; https://doi.org/10.1016/j.ajpath.2010.12.039,https://doi.org/10.3389/fimmu.2011.00035; https://doi.org/10.1016/j.jcyt.2017.01.010; https://doi.org/10.1016/j.ajpath.2010.12.039
"6,2",neuron (CL:0000540)[5 bg][spinal-cord],Splat_339 neuron (Hsap) (PCL:0051340)[1 bg][allen-brain],ULIT_128 intratelencephalic-projecting glutamatergic cortical neuron (Hsap) (PCL:0051129)[1 bg][allen-brain],EMSN_228 medium spiny neuron (Hsap) (PCL:0051229)[1 bg][allen-brain],Bgl_51 Bergmann glial cell (Hsap) (PCL:0051052)[1 bg][allen-brain],https://doi.org/10.1016/j.neuron.2023.01.007,https://doi.org/10.1016/j.neuron.2023.01.007,https://doi.org/10.1016/j.neuron.2023.01.007,https://doi.org/10.1016/j.neuron.2023.01.007,https://doi.org/10.1016/j.neuron.2023.01.007
"6,4",endothelial cell of lymphatic vessel (CL:0002138)[11 bg][spleen; thymus; lymph-node; kidney],blood vessel endothelial cell (CL:0000071)[9 bg][lymph-node],neuron (CL:0000540)[2 bg][spinal-cord],Inh L3-5 PVALB ISG20 primary motor cortex GABAergic interneuron (Hsap) (PCL:0015061)[1 bg][allen-brain],Splat_423 neuron (Hsap) (PCL:0051424)[1 bg][allen-brain],https://doi.org/10.1080/01926230600865549; https://doi.org/10.1126/science.aay3224; PMID:16515224; https://doi.org/10.1369%2Fjhc.4A6514.2005; https://doi.org/10.1369/jhc.4A6514.2005; https://doi.org/10.1016/j.immuni.2019.06.027; https://doi.org/10.3389/fcvm.2020.00052; https://doi.org/10.1038/s41467-019-10861-2; https://doi.org/10.1038/s41467-019-12872-5; https://doi.org/10.1172/jci.insight.133267; https://doi.org/10.1038/s41586-020-2941-1,https://doi.org/10.1080/01926230600865549; https://doi.org/10.1126/science.aay3224; PMID:16515224; https://doi.org/10.1369%2Fjhc.4A6514.2005; https://doi.org/10.1369/jhc.4A6514.2005; https://doi.org/10.1016/j.immuni.2019.06.027; https://doi.org/10.3389/fcvm.2020.00052; https://doi.org/10.1038/s41467-019-10861-2; https://doi.org/10.1038/s41467-019-12872-5; https://doi.org/10.1172/jci.insight.133267; https://doi.org/10.1038/s41586-020-2941-1,https://doi.org/10.1080/01926230600865549; https://doi.org/10.1126/science.aay3224; PMID:16515224; https://doi.org/10.1369%2Fjhc.4A6514.2005; https://doi.org/10.1369/jhc.4A6514.2005; https://doi.org/10.1016/j.immuni.2019.06.027; https://doi.org/10.3389/fcvm.2020.00052; https://doi.org/10.1038/s41467-019-10861-2; https://doi.org/10.1038/s41467-019-12872-5; https://doi.org/10.1172/jci.insight.133267; https://doi.org/10.1038/s41586-020-2941-1,https://doi.org/10.1080/01926230600865549; https://doi.org/10.1126/science.aay3224; PMID:16515224; https://doi.org/10.1369%2Fjhc.4A6514.2005; https://doi.org/10.1369/jhc.4A6514.2005; https://doi.org/10.1016/j.immuni.2019.06.027; https://doi.org/10.3389/fcvm.2020.00052; https://doi.org/10.1038/s41467-019-10861-2; https://doi.org/10.1038/s41467-019-12872-5; https://doi.org/10.1172/jci.insight.133267; https://doi.org/10.1038/s41586-020-2941-1,https://doi.org/10.1080/01926230600865549; https://doi.org/10.1126/science.aay3224; PMID:16515224; https://doi.org/10.1369%2Fjhc.4A6514.2005; https://doi.org/10.1369/jhc.4A6514.2005; https://doi.org/10.1016/j.immuni.2019.06.027; https://doi.org/10.3389/fcvm.2020.00052; https://doi.org/10.1038/s41467-019-10861-2; https://doi.org/10.1038/s41467-019-12872-5; https://doi.org/10.1172/jci.insight.133267; https://doi.org/10.1038/s41586-020-2941-1
"6,5",blood vessel endothelial cell (CL:0000071)[1139 bg][blood-vasculature; lymph-node],endothelial cell (CL:0000115)[9 bg][fallopian-tube; spinal-cord],endothelial cell of lymphatic vessel (CL:0002138)[4 bg][thymus; kidney],alveolar capillary type 1 endothelial cell (CL:4028002)[3 bg][lung],transitional stage B cell (CL:0000818)[3 bg][blood-pelvis; bone-marrow; spleen],"https://doi.org/10.1369/jhc.4A6514.2005; https://doi.org/10.1371/journal.pone.0094781; https://en.wikipedia.org/wiki/Deep_artery_of_arm; https://en.wikipedia.org/wiki/Inferior_tympanic_artery; https://en.wikipedia.org/wiki/Esophageal_veins; https://radiopaedia.org/articles/perforating-branches-of-internal-thoracic-artery; https://en.wikipedia.org/wiki/Left_anterior_descending_artery; https://en.wikipedia.org/wiki/Hemiazygos_vein; https://en.wikipedia.org/wiki/Descending_aorta; https://en.wikipedia.org/wiki/Penile_artery; https://radiopaedia.org/articles/inferior-hypophyseal-artery; https://www.imaios.com/en/e-Anatomy/Anatomical-Parts/Perforating-branches3; https://en.wikipedia.org/wiki/Perforating_arteries; https://www.kenhub.com/en/library/anatomy/vas-deferens; https://en.wikipedia.org/wiki/Median_cubital_vein; https://en.wikipedia.org/wiki/Ovarian_vein; https://en.wikipedia.org/wiki/Circumflex_fibular_artery; https://en.wikipedia.org/wiki/Obturator_veins; https://en.wikipedia.org/wiki/Arcuate_artery_of_the_foot; http://neuroangio.org/anatomy-and-variants/posterior-meningeal-artery/; https://en.wikipedia.org/wiki/Inferior_epigastric_artery; https://en.wikipedia.org/wiki/Meningohypophyseal_artery; http://purl.obolibrary.org/obo/UBERON_0001655; https://en.wikipedia.org/wiki/Lateral_plantar_artery; https://en.wikipedia.org/wiki/Axillary_artery; https://en.wikipedia.org/wiki/Ovarian_artery; PMID:32119317; https://www.kenhub.com/en/library/anatomy/retromandibular-vein; https://en.wikipedia.org/wiki/Anterior_ciliary_arteries; https://en.wikipedia.org/wiki/Arcuate_vein; https://en.wikipedia.org/wiki/Palmar_carpal_arch; https://en.wikipedia.org/wiki/Circumflex_scapular_artery; https://en.wikipedia.org/wiki/Left_coronary_artery; https://basicmedicalkey.com/endocrine-system-3/; https://en.wikipedia.org/wiki/Ascending_pharyngeal_artery; https://en.wikipedia.org/wiki/Pancreatic_branches_of_splenic_artery; https://en.wikipedia.org/wiki/Accessory_hemiazygos_vein; https://en.wikipedia.org/wiki/Posterior_communicating_artery; https://en.wikipedia.org/wiki/Deep_plantar_artery; https://en.wikipedia.org/wiki/Deep_palmar_branch_of_ulnar_artery; https://en.wikipedia.org/wiki/Superior_suprarenal_artery; https://en.wikipedia.org/wiki/Inferior_rectal_artery; https://www.healthline.com/human-body-maps/deep-temporal-veins#1; https://en.wikipedia.org/wiki/Posterior_inferior_cerebellar_artery; https://www.kenhub.com/en/library/anatomy/thoracoacromial-artery; https://en.wikipedia.org/wiki/Costocervical_trunk; https://radiopaedia.org/articles/superficial-femoral-artery; https://www.imaios.com/en/e-Anatomy/Anatomical-Parts/Accessory-vertebral-vein; https://en.wikipedia.org/wiki/Uterine_veins; https://en.wikipedia.org/wiki/Descending_branch_of_occipital_artery; https://en.wikipedia.org/wiki/Helicine_arteries_of_penis; https://en.wikipedia.org/wiki/Subclavian_artery; https://en.wikipedia.org/wiki/Angular_vein; https://en.wikipedia.org/wiki/Vesical_veins; https://en.wikipedia.org/wiki/Central_veins_of_liver; https://en.wikipedia.org/wiki/Lateral_thoracic_artery; https://en.wikipedia.org/wiki/Inferior_suprarenal_artery; https://en.wikipedia.org/wiki/Recurrent_artery_of_Heubner; https://www.ncbi.nlm.nih.gov/books/NBK546657/; https://en.wikipedia.org/wiki/Tibial-fibular_trunk; https://en.wikipedia.org/wiki/Caroticotympanic_arteries; https://doi.org/10.1227/01.neu.0000303217.53607.d9; https://en.wikipedia.org/wiki/External_carotid_artery; https://en.wikipedia.org/wiki/Common_interosseous_artery; https://en.wikipedia.org/wiki/Lingual_veins; https://en.wikipedia.org/wiki/Internal_thoracic_artery; https://en.wikipedia.org/wiki/Portal_vein; https://en.wikipedia.org/wiki/Anterior_ulnar_recurrent_artery; https://en.wikipedia.org/wiki/Superior_rectal_vein; https://pubmed.ncbi.nlm.nih.gov/9932327/; https://en.wikipedia.org/wiki/Left_gastroepiploic_vein; https://en.wikipedia.org/wiki/Left_colic_vein; https://en.wikipedia.org/wiki/Posterior_tibial_vein; https://www.kenhub.com/en/library/anatomy/occipital-artery; https://en.wikipedia.org/wiki/Cystic_vein; https://en.wikipedia.org/wiki/Palmar_carpal_branch_of_radial_artery; https://en.wikipedia.org/wiki/Facial_vein; https://en.wikipedia.org/wiki/Inferior_mesenteric_vein; https://en.wikipedia.org/wiki/Sigmoid_sinus; https://en.wikipedia.org/wiki/Splenic_vein; https://en.wikipedia.org/wiki/Basal_vein; https://en.wikipedia.org/wiki/Lumbar_branch_of_iliolumbar_artery; https://en.wikipedia.org/wiki/Anterior_lateral_malleolar_artery; https://en.wikipedia.org/wiki/Renal_artery; https://en.wikipedia.org/wiki/Superior_mesenteric_artery; https://en.wikipedia.org/wiki/Inferior_phrenic_arteries; https://doi.org/10.1111/j.1469-7580.2009.01199.x; https://www.healthline.com/human-body-maps/colic-branch-of-the-ileocolic-artery; https://en.wikipedia.org/wiki/Ileal_branch_of_ileocolic_artery; https://en.wikipedia.org/wiki/Medial_tarsal_arteries; https://en.wikipedia.org/wiki/Common_hepatic_artery; https://en.wikipedia.org/wiki/Posterior_tibial_recurrent_artery; https://en.wikipedia.org/wiki/Spiral_artery; https://www.healthline.com/human-body-maps/lateral-inferior-genicular-artery#1; https://en.wikipedia.org/wiki/Axillary_vein; https://en.wikipedia.org/wiki/Ascending_branch_of_medial_circumflex_femoral_artery; https://en.wikipedia.org/wiki/Testicular_artery; https://en.wikipedia.org/wiki/Lateral_superior_genicular_artery; https://en.wikipedia.org/wiki/Testicular_vein; https://en.wikipedia.org/wiki/Pericardiacophrenic_artery; https://en.wikipedia.org/wiki/Angular_artery; https://en.wikipedia.org/wiki/Inferior_gluteal_veins; https://en.wikipedia.org/wiki/Superior_thyroid_artery; https://en.wikipedia.org/wiki/Transverse_facial_artery; https://en.wikipedia.org/wiki/Anterior_medial_malleolar_artery; https://medical-dictionary.thefreedictionary.com/transverse+facial+vein; https://en.wikipedia.org/wiki/External_pudendal_veins; https://en.wikipedia.org/wiki/Pulmonary_artery; https://en.wikipedia.org/wiki/Atrioventricular_nodal_branch; https://en.wikipedia.org/wiki/Right_colic_vein; https://en.wikipedia.org/wiki/Internal_iliac_artery; https://en.wikipedia.org/wiki/Cystic_artery; https://en.wikipedia.org/wiki/Interlobular_veins; https://en.wikipedia.org/wiki/Middle_cerebral_veins; https://en.wikipedia.org/wiki/Stellate_veins; https://en.wikipedia.org/wiki/Internal_vertebral_venous_plexuses; https://en.wikipedia.org/wiki/Proper_palmar_digital_arteries; https://en.wikipedia.org/wiki/Inferior_ulnar_collateral_artery; https://en.wikipedia.org/wiki/Anterior_auricular_branches; https://en.wikipedia.org/wiki/Perineal_artery; https://ijcrr.com/uploads/759_pdf.pdf; https://radiopaedia.org/articles/vertebral-venous-plexus-1; https://en.wikipedia.org/wiki/Brachiocephalic_vein; https://en.wikipedia.org/wiki/Renal_vein; https://en.wikipedia.org/wiki/Deep_palmar_venous_arch; https://en.wikipedia.org/wiki/Descending_palatine_artery; http://purl.obolibrary.org/obo/UBERON_0035234; https://en.wikipedia.org/wiki/Deep_dorsal_vein_of_clitoris; https://en.wikipedia.org/wiki/External_iliac_vein; https://plasticsurgerykey.com/veins-of-the-face-and-neck/; https://en.wikipedia.org/wiki/Dorsalis_pedis_artery; https://en.wikipedia.org/wiki/Posterior_vein_of_the_left_ventricle; https://en.wikipedia.org/wiki/Lingual_artery; https://doi.org/10.1067/mtc.2001.113604; https://en.wikipedia.org/wiki/Oblique_vein_of_the_left_atrium; https://en.wikipedia.org/wiki/Medial_superior_genicular_artery; https://www.vestib.com/arterial-supply.html; https://en.wikipedia.org/wiki/Circumflex_branch_of_left_coronary_artery; https://doi.org/10.26463/rjds.15_2_21; https://en.wikipedia.org/wiki/Thyrocervical_trunk; https://radiopaedia.org/articles/circumflex-artery; https://en.wikipedia.org/wiki/Medial_collateral_artery; https://en.wikipedia.org/wiki/Right_coronary_artery; https://radiopaedia.org/articles/common-femoral-artery; https://en.wikipedia.org/wiki/Posterior_superior_alveolar_artery; https://en.wikipedia.org/wiki/Artery_of_the_pterygoid_canal; https://en.wikipedia.org/wiki/Suprarenal_veins; https://www.wikiwand.com/en/Anterior_spinal_veins; https://doi.org/10.21037/cdt.2018.01.04; https://en.wikipedia.org/wiki/Transverse_cervical_artery; https://en.wikipedia.org/wiki/Anterior_cardiac_veins; https://en.wikipedia.org/wiki/Infraorbital_vein; https://en.wikipedia.org/wiki/Anterior_accessory_saphenous_vein; https://en.wikipedia.org/wiki/Middle_meningeal_artery; https://en.wikipedia.org/wiki/Internal_carotid_artery; http://radiopaedia.org/articles/orbitofrontal-artery; https://teachmeanatomy.info/neuroanatomy/vessels/venous-drainage/; https://en.wikipedia.org/wiki/Dorsal_venous_arch_of_the_foot; https://en.wikipedia.org/wiki/Descending_thoracic_aorta; https://en.wikipedia.org/wiki/Inferior_rectal_veins; http://purl.obolibrary.org/obo/UBERON_0006662; https://www.hand.theclinics.com/article/S0749-0712(19)30087-3/fulltext#secsectitle0035; https://en.wikipedia.org/wiki/Inferior_vesical_artery; https://www.kenhub.com/en/library/anatomy/veins-of-the-vertebral-column; https://www.kenhub.com/en/library/anatomy/lumbar-veins; https://radiopaedia.org/articles/calcarine-artery; https://en.wikipedia.org/wiki/Deep_circumflex_iliac_vein; https://radiopaedia.org/articles/pancreaticoduodenal-veins; https://en.wikipedia.org/wiki/Left_marginal_vein; http://purl.obolibrary.org/obo/UBERON_0036300; https://en.wikipedia.org/wiki/Pulmonary_vein; https://en.wikipedia.org/wiki/Coronary_sinus; https://en.wikipedia.org/wiki/Superficial_epigastric_vein; https://en.wikipedia.org/wiki/Small_saphenous_vein; https://en.wikipedia.org/wiki/Middle_cardiac_vein; https://en.wikipedia.org/wiki/Middle_colic_artery; https://en.wikipedia.org/wiki/Arcuate_vessels_of_uterus; https://en.wikipedia.org/wiki/Lateral_tarsal_artery; https://en.wikipedia.org/wiki/Superior_pancreaticoduodenal_artery; https://en.wikipedia.org/wiki/Lateral_circumflex_femoral_artery; https://en.wikipedia.org/wiki/Middle_rectal_veins; https://en.wikipedia.org/wiki/Sphenopalatine_artery; https://en.wikipedia.org/wiki/Dorsal_metatarsal_arteries; https://en.wikipedia.org/wiki/Superficial_temporal_artery; https://en.wikipedia.org/wiki/Occipital_branch_of_posterior_auricular_artery; https://radiologykey.com/6-pulmonary-artery-and-vein/; https://en.wikipedia.org/wiki/Anterior_tibial_recurrent_artery; https://en.wikipedia.org/wiki/Ascending_aorta; https://en.wikipedia.org/wiki/Ileocolic_artery; https://en.wikipedia.org/wiki/Anterior_tibial_vein; https://en.wikipedia.org/wiki/Thymic_veins; https://en.wikipedia.org/wiki/Vertebral_artery; https://en.wikipedia.org/wiki/Middle_suprarenal_arteries; https://en.wikipedia.org/wiki/Posterior_labial_arteries; https://en.wikipedia.org/wiki/Anterior_tibial_artery; https://en.wikipedia.org/wiki/Inferior_pancreaticoduodenal_artery; https://en.wikipedia.org/wiki/Sternocleidomastoid_branches_of_occipital_artery; https://en.wikipedia.org/wiki/Posterior_interventricular_artery; https://en.wikipedia.org/wiki/Great_saphenous_vein; http://purl.obolibrary.org/obo/UBERON_0001658; https://en.wikipedia.org/wiki/Basilic_vein; https://radiopaedia.org/articles/arterial-supply-to-the-foot; https://doi.org/10.2484/rcr.v5i3.394; https://www.kenhub.com/en/library/anatomy/posterior-auricular-artery; https://www.wikidoc.org/index.php/Left_coronary_artery; https://radiopaedia.org/articles/internal-pudendal-vein; https://en.wikipedia.org/wiki/Femoral_vein; https://en.wikipedia.org/wiki/Common_carotid_artery; https://en.wikipedia.org/wiki/Inferior_labial_artery; https://en.wikipedia.org/wiki/Common_palmar_digital_arteries; https://radiopaedia.org/articles/inferior-vesical-artery; https://radiopaedia.org/articles/profunda-femoris-artery; https://en.wikipedia.org/wiki/Brachial_artery; https://en.wikipedia.org/wiki/Peritubular_capillaries; https://en.wikipedia.org/wiki/Occipital_artery; https://doi.org/10.1007/s12565-018-00475-x; https://en.wikipedia.org/wiki/Internal_pudendal_veins; https://en.wikipedia.org/wiki/Popliteal_vein; https://en.wikipedia.org/wiki/Hepatic_veins; https://doi.org/10.1177/159101999600200307; https://www.kenhub.com/en/library/anatomy/prostatic-venous-plexus; https://radiopaedia.org/articles/venous-drainage-of-the-thoracic-wall; https://doi.org/10.1016/j.wneu.2018.12.071; https://radiopaedia.org/articles/musculophrenic-artery; PMID:12169487; https://en.wikipedia.org/wiki/Anterior_cerebral_artery; https://en.wikipedia.org/wiki/Plantar_arch; https://en.wikipedia.org/wiki/Superior_phrenic_arteries; https://en.wikipedia.org/wiki/Masseteric_artery; https://en.wikipedia.org/wiki/Internal_thoracic_vein; https://en.wikipedia.org/wiki/Left_gastric_vein; https://en.wikipedia.org/wiki/Uterine_venous_plexus; https://en.wikipedia.org/wiki/Dorsal_metatarsal_veins; https://en.wikipedia.org/wiki/Superior_anastomotic_vein; https://en.wikipedia.org/wiki/Common_iliac_vein; https://en.wikipedia.org/wiki/Plantar_digital_veins; https://en.wikipedia.org/wiki/Posterior_intercostal_veins; https://en.wikipedia.org/wiki/Inferior_phrenic_vein; https://www.kenhub.com/en/library/anatomy/left-colic-artery; https://en.wikipedia.org/wiki/Internal_pudendal_artery; https://en.wikipedia.org/wiki/Pampiniform_plexus; https://en.wikipedia.org/wiki/Common_iliac_artery; https://doi.org/10.1016/j.ejvs.2005.10.022; https://doi.org/10.3400/avd.AVDoa07004; https://en.wikipedia.org/wiki/Medial_marginal_vein; https://en.wikipedia.org/wiki/Anterior_ethmoidal_artery; https://en.wikipedia.org/wiki/Superior_rectal_artery; https://en.wikipedia.org/wiki/Deep_cervical_vein; http://purl.obolibrary.org/obo/UBERON_0006690; https://en.wikipedia.org/wiki/Lumbar_arteries; https://en.wikipedia.org/wiki/Uterine_artery; https://en.wikipedia.org/wiki/Anterior_inferior_cerebellar_artery; https://en.wikipedia.org/wiki/Sinoatrial_nodal_artery; https://en.wikipedia.org/wiki/Thymic_branches_of_internal_thoracic_artery; https://doi.org/10.1152/japplphysiol.01177.2009; https://en.wikipedia.org/wiki/Fibular_veins; https://en.wikipedia.org/wiki/Plantar_venous_arch; https://en.wikipedia.org/wiki/Inferior_vena_cava; https://en.wikipedia.org/wiki/Medial_plantar_artery; https://en.wikipedia.org/wiki/Right_colic_artery; https://en.wikipedia.org/wiki/Superior_gluteal_veins; https://en.wikipedia.org/wiki/Transverse_sinuses; https://en.wikipedia.org/wiki/Artery_of_bulb_of_vestibule; PMID:32119400; https://en.wikipedia.org/wiki/Palmar_metacarpal_arteries; https://en.wikipedia.org/wiki/Anterior_humeral_circumflex_artery; https://en.wikipedia.org/wiki/Bronchial_artery; https://en.wikipedia.org/wiki/Princeps_pollicis_artery; https://en.wikipedia.org/wiki/Inferior_gluteal_artery; https://doi.org/10.1148/rg.2019180195; https://en.wikipedia.org/wiki/Meningeal_branch_of_occipital_artery; https://en.wikipedia.org/wiki/Efferent_arteriole; https://en.wikipedia.org/wiki/Inferior_sagittal_sinus; https://en.wikipedia.org/wiki/Dorsal_carpal_branch_of_the_radial_artery; https://en.wikipedia.org/wiki/Descending_genicular_artery; https://en.wikipedia.org/wiki/Colic_branch_of_ileocolic_artery; https://radiopaedia.org/articles/anterior-intercostal-arteries; https://radiopaedia.org/articles/superficial-epigastric-artery; https://www.wheelessonline.com/joints/knee/descending-genicular-branch-of-superficial-femoral-artery/; https://en.wikipedia.org/wiki/Facial_artery; http://purl.obolibrary.org/obo/UBERON_0003468; https://en.wikipedia.org/wiki/Jejunal_veins; https://en.wikipedia.org/wiki/Right_marginal_branch_of_right_coronary_artery; https://en.wikipedia.org/wiki/Posterior_scrotal_arteries; http://purl.obolibrary.org/obo/UBERON_0006656; https://doi.org/10.1053/j.sult.2016.05.008; https://en.wikipedia.org/wiki/Superior_ophthalmic_vein; https://en.wikipedia.org/wiki/Vorticose_veins; https://en.wikipedia.org/wiki/Inferior_thyroid_artery; https://en.wikipedia.org/wiki/Azygos_vein; https://en.wikipedia.org/wiki/Anterior_interosseous_artery; https://en.wikipedia.org/wiki/Jejunal_arteries; https://en.wikipedia.org/wiki/Liver_sinusoid; https://en.wikipedia.org/wiki/Vasa_recta_(intestines); https://www.kenhub.com/en/library/anatomy/blood-supply-of-the-spinal-cord; https://radiopaedia.org/articles/jejunal-and-ileal-branches-of-the-superior-mesenteric-artery; https://www.ncbi.nlm.nih.gov/books/NBK560912/; https://en.wikipedia.org/wiki/Celiac_artery; https://en.wikipedia.org/wiki/Lateral_palpebral_arteries; https://en.wikipedia.org/wiki/Ascending_palatine_artery; https://en.wikipedia.org/wiki/Cephalic_vein; https://en.wikipedia.org/wiki/Central_retinal_artery; https://en.wikipedia.org/wiki/Internal_iliac_vein; https://en.wikipedia.org/wiki/Pterygoid_branches_of_maxillary_artery; https://en.wikipedia.org/wiki/Auricular_branch_of_posterior_auricular_artery; https://en.wikipedia.org/wiki/Iliolumbar_vein; https://en.wikipedia.org/wiki/Greater_palatine_artery; https://en.wikipedia.org/wiki/Cremasteric_artery; https://en.wikipedia.org/wiki/Bronchial_veins; https://en.wikipedia.org/wiki/Lateral_marginal_vein; https://en.wikipedia.org/wiki/Posterior_ulnar_recurrent_artery; https://en.wikipedia.org/wiki/Inferior_epigastric_vein; https://neupsykey.com/the-external-carotid-artery-and-extracranial-circulation/; https://en.wikipedia.org/wiki/Posterior_auricular_artery; https://en.wikipedia.org/wiki/Lateral_sacral_veins; https://en.wikipedia.org/wiki/Gastroduodenal_artery; https://en.wikipedia.org/wiki/Dorsal_digital_veins_of_the_foot; https://radiopaedia.org/articles/labyrinthine-artery; https://doi.org/10.15562/bmj.v9i2.1812; https://epomedicine.com/medical-students/surgical-anatomy-stomach/; https://en.wikipedia.org/wiki/Anterior_spinal_veins; https://doi.org/10.12659/MSM.883201; https://www.flandershealth.us/chronic-pancreatitis/microcirculation-of-the-pancreas.html; https://en.wikipedia.org/wiki/Long_posterior_ciliary_arteries; https://en.wikipedia.org/wiki/Smallest_cardiac_veins; http://purl.obolibrary.org/obo/UBERON_0001362; https://en.wikipedia.org/wiki/Stapedial_branch_of_posterior_auricular_artery; https://radiopaedia.org/articles/transverse-pancreatic-artery; https://en.wikipedia.org/wiki/Brachiocephalic_artery; https://en.wikipedia.org/wiki/Small_cardiac_vein; https://en.wikipedia.org/wiki/Radial_collateral_artery; https://en.wikipedia.org/wiki/Basilar_artery; https://en.wikipedia.org/wiki/Hepatic_artery_proper; https://en.wikipedia.org/wiki/Nasofrontal_vein; https://en.wikipedia.org/wiki/Superior_ulnar_collateral_artery; https://www.kenhub.com/en/library/anatomy/anterior-jugular-vein; https://en.wikipedia.org/wiki/Supraorbital_vein; https://en.wikipedia.org/wiki/Superficial_temporal_vein; https://en.wikipedia.org/wiki/Subcostal_arteries; http://purl.obolibrary.org/obo/UBERON_0001659; https://en.wikipedia.org/wiki/Infraorbital_artery; https://en.wikipedia.org/wiki/Posterior_ethmoidal_artery; https://doi.org/10.1007/s00441-008-0706-5; https://en.wikipedia.org/wiki/Inferior_alveolar_artery; https://www.imaios.com/en/e-Anatomy/Anatomical-Parts/Superior-palpebral-veins; https://www.anatomy.net/angular-vein; https://en.wikipedia.org/wiki/Paramedian_arteries; https://en.wikipedia.org/wiki/Retromandibular_vein; https://en.wikipedia.org/wiki/Radial_artery; https://en.wikipedia.org/wiki/Interlobar_veins; https://en.wikipedia.org/wiki/Dorsal_carpal_arch; https://en.wikipedia.org/wiki/Superior_thyroid_vein; https://en.wikipedia.org/wiki/Middle_genicular_artery; https://en.wikipedia.org/wiki/Fibular_artery; https://en.wikipedia.org/wiki/Internal_jugular_vein; https://en.wikipedia.org/wiki/Short_posterior_ciliary_arteries; https://en.wikipedia.org/wiki/Median_sacral_vein; https://en.wikipedia.org/wiki/Inferior_thyroid_veins; https://en.wikipedia.org/wiki/Superior_intercostal_vein; https://en.wikipedia.org/wiki/Short_gastric_arteries; https://en.wikipedia.org/wiki/Superior_petrosal_sinus; https://doi.org/10.1016/B978-0-12-803058-5.00078-3; https://en.wikipedia.org/wiki/Superior_phrenic_vein; https://en.wikipedia.org/wiki/Jugular_venous_arch; https://teachmeanatomy.info/neck/viscera/larynx/organ/; https://en.wikipedia.org/wiki/Middle_thyroid_vein; http://purl.obolibrary.org/obo/UBERON_0013144; https://en.wikipedia.org/wiki/Common_facial_vein; https://en.wikipedia.org/wiki/Posterior_auricular_vein; https://en.wikipedia.org/wiki/Ulnar_artery; https://en.wikipedia.org/wiki/Left_gastric_artery; https://en.wikipedia.org/wiki/Maxillary_artery; https://en.wikipedia.org/wiki/Aorta; https://www.ncbi.nlm.nih.gov/pmc/articles/PMC6880211/; https://en.wikipedia.org/wiki/Glomerulus_(kidney); https://en.wikipedia.org/wiki/Artery_of_Adamkiewicz; https://en.wikipedia.org/wiki/Right_gastroepiploic_artery; https://en.wikipedia.org/wiki/Right_gastric_vein; https://en.wikipedia.org/wiki/Renal_circulation; https://en.wikipedia.org/wiki/Superior_labial_artery; https://en.wikipedia.org/wiki/Perforating_branches_of_internal_thoracic_artery; https://en.wikipedia.org/wiki/Tonsillar_branch_of_the_facial_artery; https://en.wikipedia.org/wiki/External_iliac_artery; https://en.wikipedia.org/wiki/Ileal_veins; https://en.wikipedia.org/wiki/Ileocolic_vein; https://en.wikipedia.org/wiki/Deep_auricular_artery; https://en.wikipedia.org/wiki/Trabecular_veins; https://en.wikipedia.org/wiki/Pericardiacophrenic_veins; https://en.wikipedia.org/wiki/Superior_epigastric_vein; https://en.wikipedia.org/wiki/Anterior_tympanic_artery; https://radiopaedia.org/articles/diagonal-branches-of-the-left-anterior-descending-artery; https://www.kenhub.com/en/library/anatomy/maxillary-artery; https://en.wikipedia.org/wiki/Deep_circumflex_iliac_artery; https://en.wikipedia.org/wiki/Accessory_meningeal_artery; https://www.healthline.com/human-body-maps/ascending-branch-of-the-left-colic-artery#1; https://en.wikipedia.org/wiki/Medial_circumflex_femoral_artery; https://en.wikipedia.org/wiki/Middle_colic_vein; https://en.wikipedia.org/wiki/Thalamogeniculate_artery; https://en.wikipedia.org/wiki/Superior_thoracic_artery; https://en.wikipedia.org/wiki/Middle_cerebral_artery; http://purl.obolibrary.org/obo/UBERON_0009654; https://en.wikipedia.org/wiki/Superior_mesenteric_vein; https://en.wikipedia.org/wiki/Transverse_cervical_veins; https://en.wikipedia.org/wiki/Artery_of_round_ligament_of_uterus; https://en.wikipedia.org/wiki/Intercostal_arteries; https://radiopaedia.org/articles/angular-artery-mcabranch; https://radiopaedia.org/articles/lateral-lenticulostriate-arteries; https://en.wikipedia.org/wiki/Superior_thalamostriate_vein; https://en.wikipedia.org/wiki/Sublingual_vein; https://en.wikipedia.org/wiki/Central_retinal_vein; https://en.wikipedia.org/wiki/Dorsal_venous_network_of_hand; https://en.wikipedia.org/wiki/Zygomatico-orbital_artery; https://en.wikipedia.org/wiki/Superior_labial_vein; https://en.wikipedia.org/wiki/Subscapular_artery; https://en.wikipedia.org/wiki/Inferior_labial_vein; https://en.wikipedia.org/wiki/Ophthalmic_artery; https://en.wikipedia.org/wiki/Cavernous_sinus; https://en.wikipedia.org/wiki/Inferior_petrosal_sinus; https://en.wikipedia.org/wiki/Auricular_branch_of_occipital_artery; https://en.wikipedia.org/wiki/Iliac_branch_of_iliolumbar_artery; https://doi.org/10.3171/jns.1978.49.2.0204; https://www.imaios.com/en/e-Anatomy/Anatomical-Parts/Lacrimal-vein; https://www.anatomy.net/superior-thyroid-vein; https://en.wikipedia.org/wiki/Posterior_humeral_circumflex_artery; https://en.wikipedia.org/wiki/Great_cardiac_vein; https://en.wikipedia.org/wiki/Radial_recurrent_artery; https://www.kenhub.com/en/library/anatomy/obturator-artery; https://en.wikipedia.org/wiki/Right_gastroepiploic_vein; https://en.wikipedia.org/wiki/Inferior_ophthalmic_vein; https://en.wikipedia.org/wiki/Superior_gluteal_artery; https://en.wikipedia.org/wiki/Left_colic_artery; https://en.wikipedia.org/wiki/Hyaloid_artery; https://en.wikipedia.org/wiki/Medial_palpebral_arteries; https://ranzcrpart1.fandom.com/wiki/Arterial_supply_to_brain:Ophthalmic_artery_and_branches; https://en.wikipedia.org/wiki/Posterior_cerebral_artery; https://en.wikipedia.org/wiki/Superficial_palmar_venous_arch; https://en.wikipedia.org/wiki/Suprascapular_vein; https://en.wikipedia.org/wiki/Brachial_veins; https://en.wikipedia.org/wiki/Lateral_thoracic_vein; http://purl.obolibrary.org/obo/UBERON_0004561; https://en.wikipedia.org/wiki/Trabecular_arteries; https://en.wikipedia.org/wiki/Radial_veins; https://en.wikipedia.org/wiki/Ulnar_veins; https://en.wikipedia.org/wiki/Dorsal_metacarpal_veins; https://doi.org/10.1152/ajprenal.00071.2010; https://en.wikipedia.org/wiki/Stylomastoid_artery; https://en.wikipedia.org/wiki/Posterior_spinal_artery; https://en.wikipedia.org/wiki/Median_antebrachial_vein; https://en.wikipedia.org/wiki/Subclavian_vein; https://en.wikipedia.org/wiki/Aortic_arch; https://www.kenhub.com/en/library/anatomy/femoral-vein; https://en.wikipedia.org/wiki/Anterior_superior_alveolar_arteries; https://en.wikipedia.org/wiki/Straight_sinus; https://en.wikipedia.org/wiki/Deep_lingual_vein; https://en.wikipedia.org/wiki/Splenic_artery; https://en.wikipedia.org/wiki/Dorsal_lingual_veins; https://en.wikipedia.org/wiki/Occipital_sinus; https://en.wikipedia.org/wiki/Anterior_spinal_artery; https://en.wikipedia.org/wiki/Umbilical_artery; https://en.wikipedia.org/wiki/Lateral_nasal_branch_of_facial_artery; https://en.wikipedia.org/wiki/Superior_vena_cava; https://en.wikipedia.org/wiki/Deep_temporal_arteries; https://anatomyzone.com/neuroanatomy/spinal-cord/blood-supply-to-the-spinal-cord/; https://en.wikipedia.org/wiki/Buccal_artery; https://en.wikipedia.org/wiki/Thoracoacromial_artery; https://en.wikipedia.org/wiki/Dorsal_pancreatic_artery; https://en.wikipedia.org/wiki/Glandular_branches_of_facial_artery; https://en.wikipedia.org/wiki/Inferior_anastomotic_vein; https://en.wikipedia.org/wiki/Superior_vesical_artery; https://en.wikipedia.org/wiki/External_jugular_vein; https://en.wikipedia.org/wiki/Anterior_jugular_vein; https://en.wikipedia.org/wiki/Sural_arteries; https://en.wikipedia.org/wiki/Lesser_palatine_arteries; http://purl.obolibrary.org/obo/UBERON_0002089; https://en.wikipedia.org/wiki/Posterior_external_jugular_vein; https://en.wikipedia.org/wiki/Superior_cerebellar_artery; https://en.wikipedia.org/wiki/Pontine_arteries; https://radiopaedia.org/articles/transverse-cervical-artery; https://en.wikipedia.org/wiki/Labyrinthine_artery; https://radiopaedia.org/articles/sulcal-artery?lang=us; https://en.wikipedia.org/wiki/Superior_sagittal_sinus; https://en.wikipedia.org/wiki/Inferior_cerebral_veins; https://en.wikipedia.org/wiki/Deep_palmar_arch; https://en.wikipedia.org/wiki/Cerebellar_veins; https://www.kenhub.com/en/library/anatomy/veins-of-the-brain; https://en.wikipedia.org/wiki/Great_cerebral_vein; https://en.wikipedia.org/wiki/Superior_cerebral_veins; https://en.wikipedia.org/wiki/Internal_cerebral_veins; http://purl.obolibrary.org/obo/UBERON_0036074; https://en.wikipedia.org/wiki/Maxillary_veins; https://www.dizziness-and-balance.com/anatomy/ear/vascular.html; http://purl.obolibrary.org/obo/UBERON_0010205; https://en.wikipedia.org/wiki/Inferior_mesenteric_artery; https://en.wikipedia.org/wiki/Iliolumbar_artery; https://en.wikipedia.org/wiki/Submental_artery; https://en.wikipedia.org/wiki/Lateral_sacral_artery; https://en.wikipedia.org/wiki/Superior_epigastric_artery; https://en.wikipedia.org/wiki/Esophageal_branches_of_left_gastric_artery; https://en.wikipedia.org/wiki/Dorsal_nasal_artery; https://en.wikipedia.org/wiki/Median_sacral_artery; https://en.wikipedia.org/wiki/Left_gastroepiploic_artery; https://en.wikipedia.org/wiki/Greater_pancreatic_artery; https://en.wikipedia.org/wiki/Suprascapular_artery; https://en.wikipedia.org/wiki/Thoracodorsal_artery; https://en.wikipedia.org/wiki/Occipital_vein; https://en.wikipedia.org/wiki/Pterygoid_plexus; https://medical-dictionary.thefreedictionary.com/Burow+vein; https://en.wikipedia.org/wiki/Arcuate_arteries_of_the_kidney; https://en.wikipedia.org/wiki/Palmar_carpal_branch_of_ulnar_artery; https://en.wikipedia.org/wiki/Afferent_arterioles; https://en.wikipedia.org/wiki/Interlobular_arteries; https://en.wikipedia.org/wiki/Deep_facial_vein; https://en.wikipedia.org/wiki/Superficial_palmar_branch_of_radial_artery; https://doi.org/10.1002/cphy.cp060142; https://en.wikipedia.org/wiki/Abdominal_aorta; https://www.kenhub.com/en/library/anatomy/the-cavernous-sinus; https://en.wikipedia.org/wiki/Ethmoidal_veins; https://radiopaedia.org/articles/radialis-indicis-artery; https://www.imaios.com/en/e-Anatomy/Anatomical-Parts/Anterior-ciliary-veins; https://en.wikipedia.org/wiki/Anterior_communicating_artery; https://en.wikipedia.org/wiki/Plantar_metatarsal_veins; https://en.wikipedia.org/wiki/Sigmoid_arteries; https://en.wikipedia.org/wiki/Choroid; https://en.wikipedia.org/wiki/Confluence_of_sinuses; https://en.wikipedia.org/wiki/Supratrochlear_artery; https://en.wikipedia.org/wiki/Supraorbital_artery; https://en.wikipedia.org/wiki/Superior_hypophysial_artery; https://en.wikipedia.org/wiki/Superficial_palmar_arch; https://en.wikipedia.org/wiki/Anterior_intercostal_veins; https://radiopaedia.org/articles/superior-petrosal-vein-2; https://en.wikipedia.org/wiki/Lacrimal_artery; https://en.wikipedia.org/wiki/Vertebral_vein; https://en.wikipedia.org/wiki/Supreme_intercostal_vein; https://en.wikipedia.org/wiki/Anterior_choroidal_artery; https://doi.org/10.17354/ijss/2016/337; https://en.wikipedia.org/wiki/Obturator_artery; https://en.wikipedia.org/wiki/Dorsal_carpal_branch_of_the_ulnar_artery; https://en.wikipedia.org/wiki/External_vertebral_venous_plexuses; https://www.healthline.com/human-body-maps/medial-inferior-genicular-artery#1; https://www.imaios.com/en/e-Anatomy/Anatomical-Parts/Anterior-vertebral-vein; https://radiopaedia.org/articles/appendicular-artery; https://doi.org/10.1016/B978-0-12-803062-2.00002-4; ISBN:9780323393225; https://en.wikipedia.org/wiki/Deep_cervical_artery","https://doi.org/10.1369/jhc.4A6514.2005; https://doi.org/10.1371/journal.pone.0094781; https://en.wikipedia.org/wiki/Deep_artery_of_arm; https://en.wikipedia.org/wiki/Inferior_tympanic_artery; https://en.wikipedia.org/wiki/Esophageal_veins; https://radiopaedia.org/articles/perforating-branches-of-internal-thoracic-artery; https://en.wikipedia.org/wiki/Left_anterior_descending_artery; https://en.wikipedia.org/wiki/Hemiazygos_vein; https://en.wikipedia.org/wiki/Descending_aorta; https://en.wikipedia.org/wiki/Penile_artery; https://radiopaedia.org/articles/inferior-hypophyseal-artery; https://www.imaios.com/en/e-Anatomy/Anatomical-Parts/Perforating-branches3; https://en.wikipedia.org/wiki/Perforating_arteries; https://www.kenhub.com/en/library/anatomy/vas-deferens; https://en.wikipedia.org/wiki/Median_cubital_vein; https://en.wikipedia.org/wiki/Ovarian_vein; https://en.wikipedia.org/wiki/Circumflex_fibular_artery; https://en.wikipedia.org/wiki/Obturator_veins; https://en.wikipedia.org/wiki/Arcuate_artery_of_the_foot; http://neuroangio.org/anatomy-and-variants/posterior-meningeal-artery/; https://en.wikipedia.org/wiki/Inferior_epigastric_artery; https://en.wikipedia.org/wiki/Meningohypophyseal_artery; http://purl.obolibrary.org/obo/UBERON_0001655; https://en.wikipedia.org/wiki/Lateral_plantar_artery; https://en.wikipedia.org/wiki/Axillary_artery; https://en.wikipedia.org/wiki/Ovarian_artery; PMID:32119317; https://www.kenhub.com/en/library/anatomy/retromandibular-vein; https://en.wikipedia.org/wiki/Anterior_ciliary_arteries; https://en.wikipedia.org/wiki/Arcuate_vein; https://en.wikipedia.org/wiki/Palmar_carpal_arch; https://en.wikipedia.org/wiki/Circumflex_scapular_artery; https://en.wikipedia.org/wiki/Left_coronary_artery; https://basicmedicalkey.com/endocrine-system-3/; https://en.wikipedia.org/wiki/Ascending_pharyngeal_artery; https://en.wikipedia.org/wiki/Pancreatic_branches_of_splenic_artery; https://en.wikipedia.org/wiki/Accessory_hemiazygos_vein; https://en.wikipedia.org/wiki/Posterior_communicating_artery; https://en.wikipedia.org/wiki/Deep_plantar_artery; https://en.wikipedia.org/wiki/Deep_palmar_branch_of_ulnar_artery; https://en.wikipedia.org/wiki/Superior_suprarenal_artery; https://en.wikipedia.org/wiki/Inferior_rectal_artery; https://www.healthline.com/human-body-maps/deep-temporal-veins#1; https://en.wikipedia.org/wiki/Posterior_inferior_cerebellar_artery; https://www.kenhub.com/en/library/anatomy/thoracoacromial-artery; https://en.wikipedia.org/wiki/Costocervical_trunk; https://radiopaedia.org/articles/superficial-femoral-artery; https://www.imaios.com/en/e-Anatomy/Anatomical-Parts/Accessory-vertebral-vein; https://en.wikipedia.org/wiki/Uterine_veins; https://en.wikipedia.org/wiki/Descending_branch_of_occipital_artery; https://en.wikipedia.org/wiki/Helicine_arteries_of_penis; https://en.wikipedia.org/wiki/Subclavian_artery; https://en.wikipedia.org/wiki/Angular_vein; https://en.wikipedia.org/wiki/Vesical_veins; https://en.wikipedia.org/wiki/Central_veins_of_liver; https://en.wikipedia.org/wiki/Lateral_thoracic_artery; https://en.wikipedia.org/wiki/Inferior_suprarenal_artery; https://en.wikipedia.org/wiki/Recurrent_artery_of_Heubner; https://www.ncbi.nlm.nih.gov/books/NBK546657/; https://en.wikipedia.org/wiki/Tibial-fibular_trunk; https://en.wikipedia.org/wiki/Caroticotympanic_arteries; https://doi.org/10.1227/01.neu.0000303217.53607.d9; https://en.wikipedia.org/wiki/External_carotid_artery; https://en.wikipedia.org/wiki/Common_interosseous_artery; https://en.wikipedia.org/wiki/Lingual_veins; https://en.wikipedia.org/wiki/Internal_thoracic_artery; https://en.wikipedia.org/wiki/Portal_vein; https://en.wikipedia.org/wiki/Anterior_ulnar_recurrent_artery; https://en.wikipedia.org/wiki/Superior_rectal_vein; https://pubmed.ncbi.nlm.nih.gov/9932327/; https://en.wikipedia.org/wiki/Left_gastroepiploic_vein; https://en.wikipedia.org/wiki/Left_colic_vein; https://en.wikipedia.org/wiki/Posterior_tibial_vein; https://www.kenhub.com/en/library/anatomy/occipital-artery; https://en.wikipedia.org/wiki/Cystic_vein; https://en.wikipedia.org/wiki/Palmar_carpal_branch_of_radial_artery; https://en.wikipedia.org/wiki/Facial_vein; https://en.wikipedia.org/wiki/Inferior_mesenteric_vein; https://en.wikipedia.org/wiki/Sigmoid_sinus; https://en.wikipedia.org/wiki/Splenic_vein; https://en.wikipedia.org/wiki/Basal_vein; https://en.wikipedia.org/wiki/Lumbar_branch_of_iliolumbar_artery; https://en.wikipedia.org/wiki/Anterior_lateral_malleolar_artery; https://en.wikipedia.org/wiki/Renal_artery; https://en.wikipedia.org/wiki/Superior_mesenteric_artery; https://en.wikipedia.org/wiki/Inferior_phrenic_arteries; https://doi.org/10.1111/j.1469-7580.2009.01199.x; https://www.healthline.com/human-body-maps/colic-branch-of-the-ileocolic-artery; https://en.wikipedia.org/wiki/Ileal_branch_of_ileocolic_artery; https://en.wikipedia.org/wiki/Medial_tarsal_arteries; https://en.wikipedia.org/wiki/Common_hepatic_artery; https://en.wikipedia.org/wiki/Posterior_tibial_recurrent_artery; https://en.wikipedia.org/wiki/Spiral_artery; https://www.healthline.com/human-body-maps/lateral-inferior-genicular-artery#1; https://en.wikipedia.org/wiki/Axillary_vein; https://en.wikipedia.org/wiki/Ascending_branch_of_medial_circumflex_femoral_artery; https://en.wikipedia.org/wiki/Testicular_artery; https://en.wikipedia.org/wiki/Lateral_superior_genicular_artery; https://en.wikipedia.org/wiki/Testicular_vein; https://en.wikipedia.org/wiki/Pericardiacophrenic_artery; https://en.wikipedia.org/wiki/Angular_artery; https://en.wikipedia.org/wiki/Inferior_gluteal_veins; https://en.wikipedia.org/wiki/Superior_thyroid_artery; https://en.wikipedia.org/wiki/Transverse_facial_artery; https://en.wikipedia.org/wiki/Anterior_medial_malleolar_artery; https://medical-dictionary.thefreedictionary.com/transverse+facial+vein; https://en.wikipedia.org/wiki/External_pudendal_veins; https://en.wikipedia.org/wiki/Pulmonary_artery; https://en.wikipedia.org/wiki/Atrioventricular_nodal_branch; https://en.wikipedia.org/wiki/Right_colic_vein; https://en.wikipedia.org/wiki/Internal_iliac_artery; https://en.wikipedia.org/wiki/Cystic_artery; https://en.wikipedia.org/wiki/Interlobular_veins; https://en.wikipedia.org/wiki/Middle_cerebral_veins; https://en.wikipedia.org/wiki/Stellate_veins; https://en.wikipedia.org/wiki/Internal_vertebral_venous_plexuses; https://en.wikipedia.org/wiki/Proper_palmar_digital_arteries; https://en.wikipedia.org/wiki/Inferior_ulnar_collateral_artery; https://en.wikipedia.org/wiki/Anterior_auricular_branches; https://en.wikipedia.org/wiki/Perineal_artery; https://ijcrr.com/uploads/759_pdf.pdf; https://radiopaedia.org/articles/vertebral-venous-plexus-1; https://en.wikipedia.org/wiki/Brachiocephalic_vein; https://en.wikipedia.org/wiki/Renal_vein; https://en.wikipedia.org/wiki/Deep_palmar_venous_arch; https://en.wikipedia.org/wiki/Descending_palatine_artery; http://purl.obolibrary.org/obo/UBERON_0035234; https://en.wikipedia.org/wiki/Deep_dorsal_vein_of_clitoris; https://en.wikipedia.org/wiki/External_iliac_vein; https://plasticsurgerykey.com/veins-of-the-face-and-neck/; https://en.wikipedia.org/wiki/Dorsalis_pedis_artery; https://en.wikipedia.org/wiki/Posterior_vein_of_the_left_ventricle; https://en.wikipedia.org/wiki/Lingual_artery; https://doi.org/10.1067/mtc.2001.113604; https://en.wikipedia.org/wiki/Oblique_vein_of_the_left_atrium; https://en.wikipedia.org/wiki/Medial_superior_genicular_artery; https://www.vestib.com/arterial-supply.html; https://en.wikipedia.org/wiki/Circumflex_branch_of_left_coronary_artery; https://doi.org/10.26463/rjds.15_2_21; https://en.wikipedia.org/wiki/Thyrocervical_trunk; https://radiopaedia.org/articles/circumflex-artery; https://en.wikipedia.org/wiki/Medial_collateral_artery; https://en.wikipedia.org/wiki/Right_coronary_artery; https://radiopaedia.org/articles/common-femoral-artery; https://en.wikipedia.org/wiki/Posterior_superior_alveolar_artery; https://en.wikipedia.org/wiki/Artery_of_the_pterygoid_canal; https://en.wikipedia.org/wiki/Suprarenal_veins; https://www.wikiwand.com/en/Anterior_spinal_veins; https://doi.org/10.21037/cdt.2018.01.04; https://en.wikipedia.org/wiki/Transverse_cervical_artery; https://en.wikipedia.org/wiki/Anterior_cardiac_veins; https://en.wikipedia.org/wiki/Infraorbital_vein; https://en.wikipedia.org/wiki/Anterior_accessory_saphenous_vein; https://en.wikipedia.org/wiki/Middle_meningeal_artery; https://en.wikipedia.org/wiki/Internal_carotid_artery; http://radiopaedia.org/articles/orbitofrontal-artery; https://teachmeanatomy.info/neuroanatomy/vessels/venous-drainage/; https://en.wikipedia.org/wiki/Dorsal_venous_arch_of_the_foot; https://en.wikipedia.org/wiki/Descending_thoracic_aorta; https://en.wikipedia.org/wiki/Inferior_rectal_veins; http://purl.obolibrary.org/obo/UBERON_0006662; https://www.hand.theclinics.com/article/S0749-0712(19)30087-3/fulltext#secsectitle0035; https://en.wikipedia.org/wiki/Inferior_vesical_artery; https://www.kenhub.com/en/library/anatomy/veins-of-the-vertebral-column; https://www.kenhub.com/en/library/anatomy/lumbar-veins; https://radiopaedia.org/articles/calcarine-artery; https://en.wikipedia.org/wiki/Deep_circumflex_iliac_vein; https://radiopaedia.org/articles/pancreaticoduodenal-veins; https://en.wikipedia.org/wiki/Left_marginal_vein; http://purl.obolibrary.org/obo/UBERON_0036300; https://en.wikipedia.org/wiki/Pulmonary_vein; https://en.wikipedia.org/wiki/Coronary_sinus; https://en.wikipedia.org/wiki/Superficial_epigastric_vein; https://en.wikipedia.org/wiki/Small_saphenous_vein; https://en.wikipedia.org/wiki/Middle_cardiac_vein; https://en.wikipedia.org/wiki/Middle_colic_artery; https://en.wikipedia.org/wiki/Arcuate_vessels_of_uterus; https://en.wikipedia.org/wiki/Lateral_tarsal_artery; https://en.wikipedia.org/wiki/Superior_pancreaticoduodenal_artery; https://en.wikipedia.org/wiki/Lateral_circumflex_femoral_artery; https://en.wikipedia.org/wiki/Middle_rectal_veins; https://en.wikipedia.org/wiki/Sphenopalatine_artery; https://en.wikipedia.org/wiki/Dorsal_metatarsal_arteries; https://en.wikipedia.org/wiki/Superficial_temporal_artery; https://en.wikipedia.org/wiki/Occipital_branch_of_posterior_auricular_artery; https://radiologykey.com/6-pulmonary-artery-and-vein/; https://en.wikipedia.org/wiki/Anterior_tibial_recurrent_artery; https://en.wikipedia.org/wiki/Ascending_aorta; https://en.wikipedia.org/wiki/Ileocolic_artery; https://en.wikipedia.org/wiki/Anterior_tibial_vein; https://en.wikipedia.org/wiki/Thymic_veins; https://en.wikipedia.org/wiki/Vertebral_artery; https://en.wikipedia.org/wiki/Middle_suprarenal_arteries; https://en.wikipedia.org/wiki/Posterior_labial_arteries; https://en.wikipedia.org/wiki/Anterior_tibial_artery; https://en.wikipedia.org/wiki/Inferior_pancreaticoduodenal_artery; https://en.wikipedia.org/wiki/Sternocleidomastoid_branches_of_occipital_artery; https://en.wikipedia.org/wiki/Posterior_interventricular_artery; https://en.wikipedia.org/wiki/Great_saphenous_vein; http://purl.obolibrary.org/obo/UBERON_0001658; https://en.wikipedia.org/wiki/Basilic_vein; https://radiopaedia.org/articles/arterial-supply-to-the-foot; https://doi.org/10.2484/rcr.v5i3.394; https://www.kenhub.com/en/library/anatomy/posterior-auricular-artery; https://www.wikidoc.org/index.php/Left_coronary_artery; https://radiopaedia.org/articles/internal-pudendal-vein; https://en.wikipedia.org/wiki/Femoral_vein; https://en.wikipedia.org/wiki/Common_carotid_artery; https://en.wikipedia.org/wiki/Inferior_labial_artery; https://en.wikipedia.org/wiki/Common_palmar_digital_arteries; https://radiopaedia.org/articles/inferior-vesical-artery; https://radiopaedia.org/articles/profunda-femoris-artery; https://en.wikipedia.org/wiki/Brachial_artery; https://en.wikipedia.org/wiki/Peritubular_capillaries; https://en.wikipedia.org/wiki/Occipital_artery; https://doi.org/10.1007/s12565-018-00475-x; https://en.wikipedia.org/wiki/Internal_pudendal_veins; https://en.wikipedia.org/wiki/Popliteal_vein; https://en.wikipedia.org/wiki/Hepatic_veins; https://doi.org/10.1177/159101999600200307; https://www.kenhub.com/en/library/anatomy/prostatic-venous-plexus; https://radiopaedia.org/articles/venous-drainage-of-the-thoracic-wall; https://doi.org/10.1016/j.wneu.2018.12.071; https://radiopaedia.org/articles/musculophrenic-artery; PMID:12169487; https://en.wikipedia.org/wiki/Anterior_cerebral_artery; https://en.wikipedia.org/wiki/Plantar_arch; https://en.wikipedia.org/wiki/Superior_phrenic_arteries; https://en.wikipedia.org/wiki/Masseteric_artery; https://en.wikipedia.org/wiki/Internal_thoracic_vein; https://en.wikipedia.org/wiki/Left_gastric_vein; https://en.wikipedia.org/wiki/Uterine_venous_plexus; https://en.wikipedia.org/wiki/Dorsal_metatarsal_veins; https://en.wikipedia.org/wiki/Superior_anastomotic_vein; https://en.wikipedia.org/wiki/Common_iliac_vein; https://en.wikipedia.org/wiki/Plantar_digital_veins; https://en.wikipedia.org/wiki/Posterior_intercostal_veins; https://en.wikipedia.org/wiki/Inferior_phrenic_vein; https://www.kenhub.com/en/library/anatomy/left-colic-artery; https://en.wikipedia.org/wiki/Internal_pudendal_artery; https://en.wikipedia.org/wiki/Pampiniform_plexus; https://en.wikipedia.org/wiki/Common_iliac_artery; https://doi.org/10.1016/j.ejvs.2005.10.022; https://doi.org/10.3400/avd.AVDoa07004; https://en.wikipedia.org/wiki/Medial_marginal_vein; https://en.wikipedia.org/wiki/Anterior_ethmoidal_artery; https://en.wikipedia.org/wiki/Superior_rectal_artery; https://en.wikipedia.org/wiki/Deep_cervical_vein; http://purl.obolibrary.org/obo/UBERON_0006690; https://en.wikipedia.org/wiki/Lumbar_arteries; https://en.wikipedia.org/wiki/Uterine_artery; https://en.wikipedia.org/wiki/Anterior_inferior_cerebellar_artery; https://en.wikipedia.org/wiki/Sinoatrial_nodal_artery; https://en.wikipedia.org/wiki/Thymic_branches_of_internal_thoracic_artery; https://doi.org/10.1152/japplphysiol.01177.2009; https://en.wikipedia.org/wiki/Fibular_veins; https://en.wikipedia.org/wiki/Plantar_venous_arch; https://en.wikipedia.org/wiki/Inferior_vena_cava; https://en.wikipedia.org/wiki/Medial_plantar_artery; https://en.wikipedia.org/wiki/Right_colic_artery; https://en.wikipedia.org/wiki/Superior_gluteal_veins; https://en.wikipedia.org/wiki/Transverse_sinuses; https://en.wikipedia.org/wiki/Artery_of_bulb_of_vestibule; PMID:32119400; https://en.wikipedia.org/wiki/Palmar_metacarpal_arteries; https://en.wikipedia.org/wiki/Anterior_humeral_circumflex_artery; https://en.wikipedia.org/wiki/Bronchial_artery; https://en.wikipedia.org/wiki/Princeps_pollicis_artery; https://en.wikipedia.org/wiki/Inferior_gluteal_artery; https://doi.org/10.1148/rg.2019180195; https://en.wikipedia.org/wiki/Meningeal_branch_of_occipital_artery; https://en.wikipedia.org/wiki/Efferent_arteriole; https://en.wikipedia.org/wiki/Inferior_sagittal_sinus; https://en.wikipedia.org/wiki/Dorsal_carpal_branch_of_the_radial_artery; https://en.wikipedia.org/wiki/Descending_genicular_artery; https://en.wikipedia.org/wiki/Colic_branch_of_ileocolic_artery; https://radiopaedia.org/articles/anterior-intercostal-arteries; https://radiopaedia.org/articles/superficial-epigastric-artery; https://www.wheelessonline.com/joints/knee/descending-genicular-branch-of-superficial-femoral-artery/; https://en.wikipedia.org/wiki/Facial_artery; http://purl.obolibrary.org/obo/UBERON_0003468; https://en.wikipedia.org/wiki/Jejunal_veins; https://en.wikipedia.org/wiki/Right_marginal_branch_of_right_coronary_artery; https://en.wikipedia.org/wiki/Posterior_scrotal_arteries; http://purl.obolibrary.org/obo/UBERON_0006656; https://doi.org/10.1053/j.sult.2016.05.008; https://en.wikipedia.org/wiki/Superior_ophthalmic_vein; https://en.wikipedia.org/wiki/Vorticose_veins; https://en.wikipedia.org/wiki/Inferior_thyroid_artery; https://en.wikipedia.org/wiki/Azygos_vein; https://en.wikipedia.org/wiki/Anterior_interosseous_artery; https://en.wikipedia.org/wiki/Jejunal_arteries; https://en.wikipedia.org/wiki/Liver_sinusoid; https://en.wikipedia.org/wiki/Vasa_recta_(intestines); https://www.kenhub.com/en/library/anatomy/blood-supply-of-the-spinal-cord; https://radiopaedia.org/articles/jejunal-and-ileal-branches-of-the-superior-mesenteric-artery; https://www.ncbi.nlm.nih.gov/books/NBK560912/; https://en.wikipedia.org/wiki/Celiac_artery; https://en.wikipedia.org/wiki/Lateral_palpebral_arteries; https://en.wikipedia.org/wiki/Ascending_palatine_artery; https://en.wikipedia.org/wiki/Cephalic_vein; https://en.wikipedia.org/wiki/Central_retinal_artery; https://en.wikipedia.org/wiki/Internal_iliac_vein; https://en.wikipedia.org/wiki/Pterygoid_branches_of_maxillary_artery; https://en.wikipedia.org/wiki/Auricular_branch_of_posterior_auricular_artery; https://en.wikipedia.org/wiki/Iliolumbar_vein; https://en.wikipedia.org/wiki/Greater_palatine_artery; https://en.wikipedia.org/wiki/Cremasteric_artery; https://en.wikipedia.org/wiki/Bronchial_veins; https://en.wikipedia.org/wiki/Lateral_marginal_vein; https://en.wikipedia.org/wiki/Posterior_ulnar_recurrent_artery; https://en.wikipedia.org/wiki/Inferior_epigastric_vein; https://neupsykey.com/the-external-carotid-artery-and-extracranial-circulation/; https://en.wikipedia.org/wiki/Posterior_auricular_artery; https://en.wikipedia.org/wiki/Lateral_sacral_veins; https://en.wikipedia.org/wiki/Gastroduodenal_artery; https://en.wikipedia.org/wiki/Dorsal_digital_veins_of_the_foot; https://radiopaedia.org/articles/labyrinthine-artery; https://doi.org/10.15562/bmj.v9i2.1812; https://epomedicine.com/medical-students/surgical-anatomy-stomach/; https://en.wikipedia.org/wiki/Anterior_spinal_veins; https://doi.org/10.12659/MSM.883201; https://www.flandershealth.us/chronic-pancreatitis/microcirculation-of-the-pancreas.html; https://en.wikipedia.org/wiki/Long_posterior_ciliary_arteries; https://en.wikipedia.org/wiki/Smallest_cardiac_veins; http://purl.obolibrary.org/obo/UBERON_0001362; https://en.wikipedia.org/wiki/Stapedial_branch_of_posterior_auricular_artery; https://radiopaedia.org/articles/transverse-pancreatic-artery; https://en.wikipedia.org/wiki/Brachiocephalic_artery; https://en.wikipedia.org/wiki/Small_cardiac_vein; https://en.wikipedia.org/wiki/Radial_collateral_artery; https://en.wikipedia.org/wiki/Basilar_artery; https://en.wikipedia.org/wiki/Hepatic_artery_proper; https://en.wikipedia.org/wiki/Nasofrontal_vein; https://en.wikipedia.org/wiki/Superior_ulnar_collateral_artery; https://www.kenhub.com/en/library/anatomy/anterior-jugular-vein; https://en.wikipedia.org/wiki/Supraorbital_vein; https://en.wikipedia.org/wiki/Superficial_temporal_vein; https://en.wikipedia.org/wiki/Subcostal_arteries; http://purl.obolibrary.org/obo/UBERON_0001659; https://en.wikipedia.org/wiki/Infraorbital_artery; https://en.wikipedia.org/wiki/Posterior_ethmoidal_artery; https://doi.org/10.1007/s00441-008-0706-5; https://en.wikipedia.org/wiki/Inferior_alveolar_artery; https://www.imaios.com/en/e-Anatomy/Anatomical-Parts/Superior-palpebral-veins; https://www.anatomy.net/angular-vein; https://en.wikipedia.org/wiki/Paramedian_arteries; https://en.wikipedia.org/wiki/Retromandibular_vein; https://en.wikipedia.org/wiki/Radial_artery; https://en.wikipedia.org/wiki/Interlobar_veins; https://en.wikipedia.org/wiki/Dorsal_carpal_arch; https://en.wikipedia.org/wiki/Superior_thyroid_vein; https://en.wikipedia.org/wiki/Middle_genicular_artery; https://en.wikipedia.org/wiki/Fibular_artery; https://en.wikipedia.org/wiki/Internal_jugular_vein; https://en.wikipedia.org/wiki/Short_posterior_ciliary_arteries; https://en.wikipedia.org/wiki/Median_sacral_vein; https://en.wikipedia.org/wiki/Inferior_thyroid_veins; https://en.wikipedia.org/wiki/Superior_intercostal_vein; https://en.wikipedia.org/wiki/Short_gastric_arteries; https://en.wikipedia.org/wiki/Superior_petrosal_sinus; https://doi.org/10.1016/B978-0-12-803058-5.00078-3; https://en.wikipedia.org/wiki/Superior_phrenic_vein; https://en.wikipedia.org/wiki/Jugular_venous_arch; https://teachmeanatomy.info/neck/viscera/larynx/organ/; https://en.wikipedia.org/wiki/Middle_thyroid_vein; http://purl.obolibrary.org/obo/UBERON_0013144; https://en.wikipedia.org/wiki/Common_facial_vein; https://en.wikipedia.org/wiki/Posterior_auricular_vein; https://en.wikipedia.org/wiki/Ulnar_artery; https://en.wikipedia.org/wiki/Left_gastric_artery; https://en.wikipedia.org/wiki/Maxillary_artery; https://en.wikipedia.org/wiki/Aorta; https://www.ncbi.nlm.nih.gov/pmc/articles/PMC6880211/; https://en.wikipedia.org/wiki/Glomerulus_(kidney); https://en.wikipedia.org/wiki/Artery_of_Adamkiewicz; https://en.wikipedia.org/wiki/Right_gastroepiploic_artery; https://en.wikipedia.org/wiki/Right_gastric_vein; https://en.wikipedia.org/wiki/Renal_circulation; https://en.wikipedia.org/wiki/Superior_labial_artery; https://en.wikipedia.org/wiki/Perforating_branches_of_internal_thoracic_artery; https://en.wikipedia.org/wiki/Tonsillar_branch_of_the_facial_artery; https://en.wikipedia.org/wiki/External_iliac_artery; https://en.wikipedia.org/wiki/Ileal_veins; https://en.wikipedia.org/wiki/Ileocolic_vein; https://en.wikipedia.org/wiki/Deep_auricular_artery; https://en.wikipedia.org/wiki/Trabecular_veins; https://en.wikipedia.org/wiki/Pericardiacophrenic_veins; https://en.wikipedia.org/wiki/Superior_epigastric_vein; https://en.wikipedia.org/wiki/Anterior_tympanic_artery; https://radiopaedia.org/articles/diagonal-branches-of-the-left-anterior-descending-artery; https://www.kenhub.com/en/library/anatomy/maxillary-artery; https://en.wikipedia.org/wiki/Deep_circumflex_iliac_artery; https://en.wikipedia.org/wiki/Accessory_meningeal_artery; https://www.healthline.com/human-body-maps/ascending-branch-of-the-left-colic-artery#1; https://en.wikipedia.org/wiki/Medial_circumflex_femoral_artery; https://en.wikipedia.org/wiki/Middle_colic_vein; https://en.wikipedia.org/wiki/Thalamogeniculate_artery; https://en.wikipedia.org/wiki/Superior_thoracic_artery; https://en.wikipedia.org/wiki/Middle_cerebral_artery; http://purl.obolibrary.org/obo/UBERON_0009654; https://en.wikipedia.org/wiki/Superior_mesenteric_vein; https://en.wikipedia.org/wiki/Transverse_cervical_veins; https://en.wikipedia.org/wiki/Artery_of_round_ligament_of_uterus; https://en.wikipedia.org/wiki/Intercostal_arteries; https://radiopaedia.org/articles/angular-artery-mcabranch; https://radiopaedia.org/articles/lateral-lenticulostriate-arteries; https://en.wikipedia.org/wiki/Superior_thalamostriate_vein; https://en.wikipedia.org/wiki/Sublingual_vein; https://en.wikipedia.org/wiki/Central_retinal_vein; https://en.wikipedia.org/wiki/Dorsal_venous_network_of_hand; https://en.wikipedia.org/wiki/Zygomatico-orbital_artery; https://en.wikipedia.org/wiki/Superior_labial_vein; https://en.wikipedia.org/wiki/Subscapular_artery; https://en.wikipedia.org/wiki/Inferior_labial_vein; https://en.wikipedia.org/wiki/Ophthalmic_artery; https://en.wikipedia.org/wiki/Cavernous_sinus; https://en.wikipedia.org/wiki/Inferior_petrosal_sinus; https://en.wikipedia.org/wiki/Auricular_branch_of_occipital_artery; https://en.wikipedia.org/wiki/Iliac_branch_of_iliolumbar_artery; https://doi.org/10.3171/jns.1978.49.2.0204; https://www.imaios.com/en/e-Anatomy/Anatomical-Parts/Lacrimal-vein; https://www.anatomy.net/superior-thyroid-vein; https://en.wikipedia.org/wiki/Posterior_humeral_circumflex_artery; https://en.wikipedia.org/wiki/Great_cardiac_vein; https://en.wikipedia.org/wiki/Radial_recurrent_artery; https://www.kenhub.com/en/library/anatomy/obturator-artery; https://en.wikipedia.org/wiki/Right_gastroepiploic_vein; https://en.wikipedia.org/wiki/Inferior_ophthalmic_vein; https://en.wikipedia.org/wiki/Superior_gluteal_artery; https://en.wikipedia.org/wiki/Left_colic_artery; https://en.wikipedia.org/wiki/Hyaloid_artery; https://en.wikipedia.org/wiki/Medial_palpebral_arteries; https://ranzcrpart1.fandom.com/wiki/Arterial_supply_to_brain:Ophthalmic_artery_and_branches; https://en.wikipedia.org/wiki/Posterior_cerebral_artery; https://en.wikipedia.org/wiki/Superficial_palmar_venous_arch; https://en.wikipedia.org/wiki/Suprascapular_vein; https://en.wikipedia.org/wiki/Brachial_veins; https://en.wikipedia.org/wiki/Lateral_thoracic_vein; http://purl.obolibrary.org/obo/UBERON_0004561; https://en.wikipedia.org/wiki/Trabecular_arteries; https://en.wikipedia.org/wiki/Radial_veins; https://en.wikipedia.org/wiki/Ulnar_veins; https://en.wikipedia.org/wiki/Dorsal_metacarpal_veins; https://doi.org/10.1152/ajprenal.00071.2010; https://en.wikipedia.org/wiki/Stylomastoid_artery; https://en.wikipedia.org/wiki/Posterior_spinal_artery; https://en.wikipedia.org/wiki/Median_antebrachial_vein; https://en.wikipedia.org/wiki/Subclavian_vein; https://en.wikipedia.org/wiki/Aortic_arch; https://www.kenhub.com/en/library/anatomy/femoral-vein; https://en.wikipedia.org/wiki/Anterior_superior_alveolar_arteries; https://en.wikipedia.org/wiki/Straight_sinus; https://en.wikipedia.org/wiki/Deep_lingual_vein; https://en.wikipedia.org/wiki/Splenic_artery; https://en.wikipedia.org/wiki/Dorsal_lingual_veins; https://en.wikipedia.org/wiki/Occipital_sinus; https://en.wikipedia.org/wiki/Anterior_spinal_artery; https://en.wikipedia.org/wiki/Umbilical_artery; https://en.wikipedia.org/wiki/Lateral_nasal_branch_of_facial_artery; https://en.wikipedia.org/wiki/Superior_vena_cava; https://en.wikipedia.org/wiki/Deep_temporal_arteries; https://anatomyzone.com/neuroanatomy/spinal-cord/blood-supply-to-the-spinal-cord/; https://en.wikipedia.org/wiki/Buccal_artery; https://en.wikipedia.org/wiki/Thoracoacromial_artery; https://en.wikipedia.org/wiki/Dorsal_pancreatic_artery; https://en.wikipedia.org/wiki/Glandular_branches_of_facial_artery; https://en.wikipedia.org/wiki/Inferior_anastomotic_vein; https://en.wikipedia.org/wiki/Superior_vesical_artery; https://en.wikipedia.org/wiki/External_jugular_vein; https://en.wikipedia.org/wiki/Anterior_jugular_vein; https://en.wikipedia.org/wiki/Sural_arteries; https://en.wikipedia.org/wiki/Lesser_palatine_arteries; http://purl.obolibrary.org/obo/UBERON_0002089; https://en.wikipedia.org/wiki/Posterior_external_jugular_vein; https://en.wikipedia.org/wiki/Superior_cerebellar_artery; https://en.wikipedia.org/wiki/Pontine_arteries; https://radiopaedia.org/articles/transverse-cervical-artery; https://en.wikipedia.org/wiki/Labyrinthine_artery; https://radiopaedia.org/articles/sulcal-artery?lang=us; https://en.wikipedia.org/wiki/Superior_sagittal_sinus; https://en.wikipedia.org/wiki/Inferior_cerebral_veins; https://en.wikipedia.org/wiki/Deep_palmar_arch; https://en.wikipedia.org/wiki/Cerebellar_veins; https://www.kenhub.com/en/library/anatomy/veins-of-the-brain; https://en.wikipedia.org/wiki/Great_cerebral_vein; https://en.wikipedia.org/wiki/Superior_cerebral_veins; https://en.wikipedia.org/wiki/Internal_cerebral_veins; http://purl.obolibrary.org/obo/UBERON_0036074; https://en.wikipedia.org/wiki/Maxillary_veins; https://www.dizziness-and-balance.com/anatomy/ear/vascular.html; http://purl.obolibrary.org/obo/UBERON_0010205; https://en.wikipedia.org/wiki/Inferior_mesenteric_artery; https://en.wikipedia.org/wiki/Iliolumbar_artery; https://en.wikipedia.org/wiki/Submental_artery; https://en.wikipedia.org/wiki/Lateral_sacral_artery; https://en.wikipedia.org/wiki/Superior_epigastric_artery; https://en.wikipedia.org/wiki/Esophageal_branches_of_left_gastric_artery; https://en.wikipedia.org/wiki/Dorsal_nasal_artery; https://en.wikipedia.org/wiki/Median_sacral_artery; https://en.wikipedia.org/wiki/Left_gastroepiploic_artery; https://en.wikipedia.org/wiki/Greater_pancreatic_artery; https://en.wikipedia.org/wiki/Suprascapular_artery; https://en.wikipedia.org/wiki/Thoracodorsal_artery; https://en.wikipedia.org/wiki/Occipital_vein; https://en.wikipedia.org/wiki/Pterygoid_plexus; https://medical-dictionary.thefreedictionary.com/Burow+vein; https://en.wikipedia.org/wiki/Arcuate_arteries_of_the_kidney; https://en.wikipedia.org/wiki/Palmar_carpal_branch_of_ulnar_artery; https://en.wikipedia.org/wiki/Afferent_arterioles; https://en.wikipedia.org/wiki/Interlobular_arteries; https://en.wikipedia.org/wiki/Deep_facial_vein; https://en.wikipedia.org/wiki/Superficial_palmar_branch_of_radial_artery; https://doi.org/10.1002/cphy.cp060142; https://en.wikipedia.org/wiki/Abdominal_aorta; https://www.kenhub.com/en/library/anatomy/the-cavernous-sinus; https://en.wikipedia.org/wiki/Ethmoidal_veins; https://radiopaedia.org/articles/radialis-indicis-artery; https://www.imaios.com/en/e-Anatomy/Anatomical-Parts/Anterior-ciliary-veins; https://en.wikipedia.org/wiki/Anterior_communicating_artery; https://en.wikipedia.org/wiki/Plantar_metatarsal_veins; https://en.wikipedia.org/wiki/Sigmoid_arteries; https://en.wikipedia.org/wiki/Choroid; https://en.wikipedia.org/wiki/Confluence_of_sinuses; https://en.wikipedia.org/wiki/Supratrochlear_artery; https://en.wikipedia.org/wiki/Supraorbital_artery; https://en.wikipedia.org/wiki/Superior_hypophysial_artery; https://en.wikipedia.org/wiki/Superficial_palmar_arch; https://en.wikipedia.org/wiki/Anterior_intercostal_veins; https://radiopaedia.org/articles/superior-petrosal-vein-2; https://en.wikipedia.org/wiki/Lacrimal_artery; https://en.wikipedia.org/wiki/Vertebral_vein; https://en.wikipedia.org/wiki/Supreme_intercostal_vein; https://en.wikipedia.org/wiki/Anterior_choroidal_artery; https://doi.org/10.17354/ijss/2016/337; https://en.wikipedia.org/wiki/Obturator_artery; https://en.wikipedia.org/wiki/Dorsal_carpal_branch_of_the_ulnar_artery; https://en.wikipedia.org/wiki/External_vertebral_venous_plexuses; https://www.healthline.com/human-body-maps/medial-inferior-genicular-artery#1; https://www.imaios.com/en/e-Anatomy/Anatomical-Parts/Anterior-vertebral-vein; https://radiopaedia.org/articles/appendicular-artery; https://doi.org/10.1016/B978-0-12-803062-2.00002-4; ISBN:9780323393225; https://en.wikipedia.org/wiki/Deep_cervical_artery","https://doi.org/10.1369/jhc.4A6514.2005; https://doi.org/10.1371/journal.pone.0094781; https://en.wikipedia.org/wiki/Deep_artery_of_arm; https://en.wikipedia.org/wiki/Inferior_tympanic_artery; https://en.wikipedia.org/wiki/Esophageal_veins; https://radiopaedia.org/articles/perforating-branches-of-internal-thoracic-artery; https://en.wikipedia.org/wiki/Left_anterior_descending_artery; https://en.wikipedia.org/wiki/Hemiazygos_vein; https://en.wikipedia.org/wiki/Descending_aorta; https://en.wikipedia.org/wiki/Penile_artery; https://radiopaedia.org/articles/inferior-hypophyseal-artery; https://www.imaios.com/en/e-Anatomy/Anatomical-Parts/Perforating-branches3; https://en.wikipedia.org/wiki/Perforating_arteries; https://www.kenhub.com/en/library/anatomy/vas-deferens; https://en.wikipedia.org/wiki/Median_cubital_vein; https://en.wikipedia.org/wiki/Ovarian_vein; https://en.wikipedia.org/wiki/Circumflex_fibular_artery; https://en.wikipedia.org/wiki/Obturator_veins; https://en.wikipedia.org/wiki/Arcuate_artery_of_the_foot; http://neuroangio.org/anatomy-and-variants/posterior-meningeal-artery/; https://en.wikipedia.org/wiki/Inferior_epigastric_artery; https://en.wikipedia.org/wiki/Meningohypophyseal_artery; http://purl.obolibrary.org/obo/UBERON_0001655; https://en.wikipedia.org/wiki/Lateral_plantar_artery; https://en.wikipedia.org/wiki/Axillary_artery; https://en.wikipedia.org/wiki/Ovarian_artery; PMID:32119317; https://www.kenhub.com/en/library/anatomy/retromandibular-vein; https://en.wikipedia.org/wiki/Anterior_ciliary_arteries; https://en.wikipedia.org/wiki/Arcuate_vein; https://en.wikipedia.org/wiki/Palmar_carpal_arch; https://en.wikipedia.org/wiki/Circumflex_scapular_artery; https://en.wikipedia.org/wiki/Left_coronary_artery; https://basicmedicalkey.com/endocrine-system-3/; https://en.wikipedia.org/wiki/Ascending_pharyngeal_artery; https://en.wikipedia.org/wiki/Pancreatic_branches_of_splenic_artery; https://en.wikipedia.org/wiki/Accessory_hemiazygos_vein; https://en.wikipedia.org/wiki/Posterior_communicating_artery; https://en.wikipedia.org/wiki/Deep_plantar_artery; https://en.wikipedia.org/wiki/Deep_palmar_branch_of_ulnar_artery; https://en.wikipedia.org/wiki/Superior_suprarenal_artery; https://en.wikipedia.org/wiki/Inferior_rectal_artery; https://www.healthline.com/human-body-maps/deep-temporal-veins#1; https://en.wikipedia.org/wiki/Posterior_inferior_cerebellar_artery; https://www.kenhub.com/en/library/anatomy/thoracoacromial-artery; https://en.wikipedia.org/wiki/Costocervical_trunk; https://radiopaedia.org/articles/superficial-femoral-artery; https://www.imaios.com/en/e-Anatomy/Anatomical-Parts/Accessory-vertebral-vein; https://en.wikipedia.org/wiki/Uterine_veins; https://en.wikipedia.org/wiki/Descending_branch_of_occipital_artery; https://en.wikipedia.org/wiki/Helicine_arteries_of_penis; https://en.wikipedia.org/wiki/Subclavian_artery; https://en.wikipedia.org/wiki/Angular_vein; https://en.wikipedia.org/wiki/Vesical_veins; https://en.wikipedia.org/wiki/Central_veins_of_liver; https://en.wikipedia.org/wiki/Lateral_thoracic_artery; https://en.wikipedia.org/wiki/Inferior_suprarenal_artery; https://en.wikipedia.org/wiki/Recurrent_artery_of_Heubner; https://www.ncbi.nlm.nih.gov/books/NBK546657/; https://en.wikipedia.org/wiki/Tibial-fibular_trunk; https://en.wikipedia.org/wiki/Caroticotympanic_arteries; https://doi.org/10.1227/01.neu.0000303217.53607.d9; https://en.wikipedia.org/wiki/External_carotid_artery; https://en.wikipedia.org/wiki/Common_interosseous_artery; https://en.wikipedia.org/wiki/Lingual_veins; https://en.wikipedia.org/wiki/Internal_thoracic_artery; https://en.wikipedia.org/wiki/Portal_vein; https://en.wikipedia.org/wiki/Anterior_ulnar_recurrent_artery; https://en.wikipedia.org/wiki/Superior_rectal_vein; https://pubmed.ncbi.nlm.nih.gov/9932327/; https://en.wikipedia.org/wiki/Left_gastroepiploic_vein; https://en.wikipedia.org/wiki/Left_colic_vein; https://en.wikipedia.org/wiki/Posterior_tibial_vein; https://www.kenhub.com/en/library/anatomy/occipital-artery; https://en.wikipedia.org/wiki/Cystic_vein; https://en.wikipedia.org/wiki/Palmar_carpal_branch_of_radial_artery; https://en.wikipedia.org/wiki/Facial_vein; https://en.wikipedia.org/wiki/Inferior_mesenteric_vein; https://en.wikipedia.org/wiki/Sigmoid_sinus; https://en.wikipedia.org/wiki/Splenic_vein; https://en.wikipedia.org/wiki/Basal_vein; https://en.wikipedia.org/wiki/Lumbar_branch_of_iliolumbar_artery; https://en.wikipedia.org/wiki/Anterior_lateral_malleolar_artery; https://en.wikipedia.org/wiki/Renal_artery; https://en.wikipedia.org/wiki/Superior_mesenteric_artery; https://en.wikipedia.org/wiki/Inferior_phrenic_arteries; https://doi.org/10.1111/j.1469-7580.2009.01199.x; https://www.healthline.com/human-body-maps/colic-branch-of-the-ileocolic-artery; https://en.wikipedia.org/wiki/Ileal_branch_of_ileocolic_artery; https://en.wikipedia.org/wiki/Medial_tarsal_arteries; https://en.wikipedia.org/wiki/Common_hepatic_artery; https://en.wikipedia.org/wiki/Posterior_tibial_recurrent_artery; https://en.wikipedia.org/wiki/Spiral_artery; https://www.healthline.com/human-body-maps/lateral-inferior-genicular-artery#1; https://en.wikipedia.org/wiki/Axillary_vein; https://en.wikipedia.org/wiki/Ascending_branch_of_medial_circumflex_femoral_artery; https://en.wikipedia.org/wiki/Testicular_artery; https://en.wikipedia.org/wiki/Lateral_superior_genicular_artery; https://en.wikipedia.org/wiki/Testicular_vein; https://en.wikipedia.org/wiki/Pericardiacophrenic_artery; https://en.wikipedia.org/wiki/Angular_artery; https://en.wikipedia.org/wiki/Inferior_gluteal_veins; https://en.wikipedia.org/wiki/Superior_thyroid_artery; https://en.wikipedia.org/wiki/Transverse_facial_artery; https://en.wikipedia.org/wiki/Anterior_medial_malleolar_artery; https://medical-dictionary.thefreedictionary.com/transverse+facial+vein; https://en.wikipedia.org/wiki/External_pudendal_veins; https://en.wikipedia.org/wiki/Pulmonary_artery; https://en.wikipedia.org/wiki/Atrioventricular_nodal_branch; https://en.wikipedia.org/wiki/Right_colic_vein; https://en.wikipedia.org/wiki/Internal_iliac_artery; https://en.wikipedia.org/wiki/Cystic_artery; https://en.wikipedia.org/wiki/Interlobular_veins; https://en.wikipedia.org/wiki/Middle_cerebral_veins; https://en.wikipedia.org/wiki/Stellate_veins; https://en.wikipedia.org/wiki/Internal_vertebral_venous_plexuses; https://en.wikipedia.org/wiki/Proper_palmar_digital_arteries; https://en.wikipedia.org/wiki/Inferior_ulnar_collateral_artery; https://en.wikipedia.org/wiki/Anterior_auricular_branches; https://en.wikipedia.org/wiki/Perineal_artery; https://ijcrr.com/uploads/759_pdf.pdf; https://radiopaedia.org/articles/vertebral-venous-plexus-1; https://en.wikipedia.org/wiki/Brachiocephalic_vein; https://en.wikipedia.org/wiki/Renal_vein; https://en.wikipedia.org/wiki/Deep_palmar_venous_arch; https://en.wikipedia.org/wiki/Descending_palatine_artery; http://purl.obolibrary.org/obo/UBERON_0035234; https://en.wikipedia.org/wiki/Deep_dorsal_vein_of_clitoris; https://en.wikipedia.org/wiki/External_iliac_vein; https://plasticsurgerykey.com/veins-of-the-face-and-neck/; https://en.wikipedia.org/wiki/Dorsalis_pedis_artery; https://en.wikipedia.org/wiki/Posterior_vein_of_the_left_ventricle; https://en.wikipedia.org/wiki/Lingual_artery; https://doi.org/10.1067/mtc.2001.113604; https://en.wikipedia.org/wiki/Oblique_vein_of_the_left_atrium; https://en.wikipedia.org/wiki/Medial_superior_genicular_artery; https://www.vestib.com/arterial-supply.html; https://en.wikipedia.org/wiki/Circumflex_branch_of_left_coronary_artery; https://doi.org/10.26463/rjds.15_2_21; https://en.wikipedia.org/wiki/Thyrocervical_trunk; https://radiopaedia.org/articles/circumflex-artery; https://en.wikipedia.org/wiki/Medial_collateral_artery; https://en.wikipedia.org/wiki/Right_coronary_artery; https://radiopaedia.org/articles/common-femoral-artery; https://en.wikipedia.org/wiki/Posterior_superior_alveolar_artery; https://en.wikipedia.org/wiki/Artery_of_the_pterygoid_canal; https://en.wikipedia.org/wiki/Suprarenal_veins; https://www.wikiwand.com/en/Anterior_spinal_veins; https://doi.org/10.21037/cdt.2018.01.04; https://en.wikipedia.org/wiki/Transverse_cervical_artery; https://en.wikipedia.org/wiki/Anterior_cardiac_veins; https://en.wikipedia.org/wiki/Infraorbital_vein; https://en.wikipedia.org/wiki/Anterior_accessory_saphenous_vein; https://en.wikipedia.org/wiki/Middle_meningeal_artery; https://en.wikipedia.org/wiki/Internal_carotid_artery; http://radiopaedia.org/articles/orbitofrontal-artery; https://teachmeanatomy.info/neuroanatomy/vessels/venous-drainage/; https://en.wikipedia.org/wiki/Dorsal_venous_arch_of_the_foot; https://en.wikipedia.org/wiki/Descending_thoracic_aorta; https://en.wikipedia.org/wiki/Inferior_rectal_veins; http://purl.obolibrary.org/obo/UBERON_0006662; https://www.hand.theclinics.com/article/S0749-0712(19)30087-3/fulltext#secsectitle0035; https://en.wikipedia.org/wiki/Inferior_vesical_artery; https://www.kenhub.com/en/library/anatomy/veins-of-the-vertebral-column; https://www.kenhub.com/en/library/anatomy/lumbar-veins; https://radiopaedia.org/articles/calcarine-artery; https://en.wikipedia.org/wiki/Deep_circumflex_iliac_vein; https://radiopaedia.org/articles/pancreaticoduodenal-veins; https://en.wikipedia.org/wiki/Left_marginal_vein; http://purl.obolibrary.org/obo/UBERON_0036300; https://en.wikipedia.org/wiki/Pulmonary_vein; https://en.wikipedia.org/wiki/Coronary_sinus; https://en.wikipedia.org/wiki/Superficial_epigastric_vein; https://en.wikipedia.org/wiki/Small_saphenous_vein; https://en.wikipedia.org/wiki/Middle_cardiac_vein; https://en.wikipedia.org/wiki/Middle_colic_artery; https://en.wikipedia.org/wiki/Arcuate_vessels_of_uterus; https://en.wikipedia.org/wiki/Lateral_tarsal_artery; https://en.wikipedia.org/wiki/Superior_pancreaticoduodenal_artery; https://en.wikipedia.org/wiki/Lateral_circumflex_femoral_artery; https://en.wikipedia.org/wiki/Middle_rectal_veins; https://en.wikipedia.org/wiki/Sphenopalatine_artery; https://en.wikipedia.org/wiki/Dorsal_metatarsal_arteries; https://en.wikipedia.org/wiki/Superficial_temporal_artery; https://en.wikipedia.org/wiki/Occipital_branch_of_posterior_auricular_artery; https://radiologykey.com/6-pulmonary-artery-and-vein/; https://en.wikipedia.org/wiki/Anterior_tibial_recurrent_artery; https://en.wikipedia.org/wiki/Ascending_aorta; https://en.wikipedia.org/wiki/Ileocolic_artery; https://en.wikipedia.org/wiki/Anterior_tibial_vein; https://en.wikipedia.org/wiki/Thymic_veins; https://en.wikipedia.org/wiki/Vertebral_artery; https://en.wikipedia.org/wiki/Middle_suprarenal_arteries; https://en.wikipedia.org/wiki/Posterior_labial_arteries; https://en.wikipedia.org/wiki/Anterior_tibial_artery; https://en.wikipedia.org/wiki/Inferior_pancreaticoduodenal_artery; https://en.wikipedia.org/wiki/Sternocleidomastoid_branches_of_occipital_artery; https://en.wikipedia.org/wiki/Posterior_interventricular_artery; https://en.wikipedia.org/wiki/Great_saphenous_vein; http://purl.obolibrary.org/obo/UBERON_0001658; https://en.wikipedia.org/wiki/Basilic_vein; https://radiopaedia.org/articles/arterial-supply-to-the-foot; https://doi.org/10.2484/rcr.v5i3.394; https://www.kenhub.com/en/library/anatomy/posterior-auricular-artery; https://www.wikidoc.org/index.php/Left_coronary_artery; https://radiopaedia.org/articles/internal-pudendal-vein; https://en.wikipedia.org/wiki/Femoral_vein; https://en.wikipedia.org/wiki/Common_carotid_artery; https://en.wikipedia.org/wiki/Inferior_labial_artery; https://en.wikipedia.org/wiki/Common_palmar_digital_arteries; https://radiopaedia.org/articles/inferior-vesical-artery; https://radiopaedia.org/articles/profunda-femoris-artery; https://en.wikipedia.org/wiki/Brachial_artery; https://en.wikipedia.org/wiki/Peritubular_capillaries; https://en.wikipedia.org/wiki/Occipital_artery; https://doi.org/10.1007/s12565-018-00475-x; https://en.wikipedia.org/wiki/Internal_pudendal_veins; https://en.wikipedia.org/wiki/Popliteal_vein; https://en.wikipedia.org/wiki/Hepatic_veins; https://doi.org/10.1177/159101999600200307; https://www.kenhub.com/en/library/anatomy/prostatic-venous-plexus; https://radiopaedia.org/articles/venous-drainage-of-the-thoracic-wall; https://doi.org/10.1016/j.wneu.2018.12.071; https://radiopaedia.org/articles/musculophrenic-artery; PMID:12169487; https://en.wikipedia.org/wiki/Anterior_cerebral_artery; https://en.wikipedia.org/wiki/Plantar_arch; https://en.wikipedia.org/wiki/Superior_phrenic_arteries; https://en.wikipedia.org/wiki/Masseteric_artery; https://en.wikipedia.org/wiki/Internal_thoracic_vein; https://en.wikipedia.org/wiki/Left_gastric_vein; https://en.wikipedia.org/wiki/Uterine_venous_plexus; https://en.wikipedia.org/wiki/Dorsal_metatarsal_veins; https://en.wikipedia.org/wiki/Superior_anastomotic_vein; https://en.wikipedia.org/wiki/Common_iliac_vein; https://en.wikipedia.org/wiki/Plantar_digital_veins; https://en.wikipedia.org/wiki/Posterior_intercostal_veins; https://en.wikipedia.org/wiki/Inferior_phrenic_vein; https://www.kenhub.com/en/library/anatomy/left-colic-artery; https://en.wikipedia.org/wiki/Internal_pudendal_artery; https://en.wikipedia.org/wiki/Pampiniform_plexus; https://en.wikipedia.org/wiki/Common_iliac_artery; https://doi.org/10.1016/j.ejvs.2005.10.022; https://doi.org/10.3400/avd.AVDoa07004; https://en.wikipedia.org/wiki/Medial_marginal_vein; https://en.wikipedia.org/wiki/Anterior_ethmoidal_artery; https://en.wikipedia.org/wiki/Superior_rectal_artery; https://en.wikipedia.org/wiki/Deep_cervical_vein; http://purl.obolibrary.org/obo/UBERON_0006690; https://en.wikipedia.org/wiki/Lumbar_arteries; https://en.wikipedia.org/wiki/Uterine_artery; https://en.wikipedia.org/wiki/Anterior_inferior_cerebellar_artery; https://en.wikipedia.org/wiki/Sinoatrial_nodal_artery; https://en.wikipedia.org/wiki/Thymic_branches_of_internal_thoracic_artery; https://doi.org/10.1152/japplphysiol.01177.2009; https://en.wikipedia.org/wiki/Fibular_veins; https://en.wikipedia.org/wiki/Plantar_venous_arch; https://en.wikipedia.org/wiki/Inferior_vena_cava; https://en.wikipedia.org/wiki/Medial_plantar_artery; https://en.wikipedia.org/wiki/Right_colic_artery; https://en.wikipedia.org/wiki/Superior_gluteal_veins; https://en.wikipedia.org/wiki/Transverse_sinuses; https://en.wikipedia.org/wiki/Artery_of_bulb_of_vestibule; PMID:32119400; https://en.wikipedia.org/wiki/Palmar_metacarpal_arteries; https://en.wikipedia.org/wiki/Anterior_humeral_circumflex_artery; https://en.wikipedia.org/wiki/Bronchial_artery; https://en.wikipedia.org/wiki/Princeps_pollicis_artery; https://en.wikipedia.org/wiki/Inferior_gluteal_artery; https://doi.org/10.1148/rg.2019180195; https://en.wikipedia.org/wiki/Meningeal_branch_of_occipital_artery; https://en.wikipedia.org/wiki/Efferent_arteriole; https://en.wikipedia.org/wiki/Inferior_sagittal_sinus; https://en.wikipedia.org/wiki/Dorsal_carpal_branch_of_the_radial_artery; https://en.wikipedia.org/wiki/Descending_genicular_artery; https://en.wikipedia.org/wiki/Colic_branch_of_ileocolic_artery; https://radiopaedia.org/articles/anterior-intercostal-arteries; https://radiopaedia.org/articles/superficial-epigastric-artery; https://www.wheelessonline.com/joints/knee/descending-genicular-branch-of-superficial-femoral-artery/; https://en.wikipedia.org/wiki/Facial_artery; http://purl.obolibrary.org/obo/UBERON_0003468; https://en.wikipedia.org/wiki/Jejunal_veins; https://en.wikipedia.org/wiki/Right_marginal_branch_of_right_coronary_artery; https://en.wikipedia.org/wiki/Posterior_scrotal_arteries; http://purl.obolibrary.org/obo/UBERON_0006656; https://doi.org/10.1053/j.sult.2016.05.008; https://en.wikipedia.org/wiki/Superior_ophthalmic_vein; https://en.wikipedia.org/wiki/Vorticose_veins; https://en.wikipedia.org/wiki/Inferior_thyroid_artery; https://en.wikipedia.org/wiki/Azygos_vein; https://en.wikipedia.org/wiki/Anterior_interosseous_artery; https://en.wikipedia.org/wiki/Jejunal_arteries; https://en.wikipedia.org/wiki/Liver_sinusoid; https://en.wikipedia.org/wiki/Vasa_recta_(intestines); https://www.kenhub.com/en/library/anatomy/blood-supply-of-the-spinal-cord; https://radiopaedia.org/articles/jejunal-and-ileal-branches-of-the-superior-mesenteric-artery; https://www.ncbi.nlm.nih.gov/books/NBK560912/; https://en.wikipedia.org/wiki/Celiac_artery; https://en.wikipedia.org/wiki/Lateral_palpebral_arteries; https://en.wikipedia.org/wiki/Ascending_palatine_artery; https://en.wikipedia.org/wiki/Cephalic_vein; https://en.wikipedia.org/wiki/Central_retinal_artery; https://en.wikipedia.org/wiki/Internal_iliac_vein; https://en.wikipedia.org/wiki/Pterygoid_branches_of_maxillary_artery; https://en.wikipedia.org/wiki/Auricular_branch_of_posterior_auricular_artery; https://en.wikipedia.org/wiki/Iliolumbar_vein; https://en.wikipedia.org/wiki/Greater_palatine_artery; https://en.wikipedia.org/wiki/Cremasteric_artery; https://en.wikipedia.org/wiki/Bronchial_veins; https://en.wikipedia.org/wiki/Lateral_marginal_vein; https://en.wikipedia.org/wiki/Posterior_ulnar_recurrent_artery; https://en.wikipedia.org/wiki/Inferior_epigastric_vein; https://neupsykey.com/the-external-carotid-artery-and-extracranial-circulation/; https://en.wikipedia.org/wiki/Posterior_auricular_artery; https://en.wikipedia.org/wiki/Lateral_sacral_veins; https://en.wikipedia.org/wiki/Gastroduodenal_artery; https://en.wikipedia.org/wiki/Dorsal_digital_veins_of_the_foot; https://radiopaedia.org/articles/labyrinthine-artery; https://doi.org/10.15562/bmj.v9i2.1812; https://epomedicine.com/medical-students/surgical-anatomy-stomach/; https://en.wikipedia.org/wiki/Anterior_spinal_veins; https://doi.org/10.12659/MSM.883201; https://www.flandershealth.us/chronic-pancreatitis/microcirculation-of-the-pancreas.html; https://en.wikipedia.org/wiki/Long_posterior_ciliary_arteries; https://en.wikipedia.org/wiki/Smallest_cardiac_veins; http://purl.obolibrary.org/obo/UBERON_0001362; https://en.wikipedia.org/wiki/Stapedial_branch_of_posterior_auricular_artery; https://radiopaedia.org/articles/transverse-pancreatic-artery; https://en.wikipedia.org/wiki/Brachiocephalic_artery; https://en.wikipedia.org/wiki/Small_cardiac_vein; https://en.wikipedia.org/wiki/Radial_collateral_artery; https://en.wikipedia.org/wiki/Basilar_artery; https://en.wikipedia.org/wiki/Hepatic_artery_proper; https://en.wikipedia.org/wiki/Nasofrontal_vein; https://en.wikipedia.org/wiki/Superior_ulnar_collateral_artery; https://www.kenhub.com/en/library/anatomy/anterior-jugular-vein; https://en.wikipedia.org/wiki/Supraorbital_vein; https://en.wikipedia.org/wiki/Superficial_temporal_vein; https://en.wikipedia.org/wiki/Subcostal_arteries; http://purl.obolibrary.org/obo/UBERON_0001659; https://en.wikipedia.org/wiki/Infraorbital_artery; https://en.wikipedia.org/wiki/Posterior_ethmoidal_artery; https://doi.org/10.1007/s00441-008-0706-5; https://en.wikipedia.org/wiki/Inferior_alveolar_artery; https://www.imaios.com/en/e-Anatomy/Anatomical-Parts/Superior-palpebral-veins; https://www.anatomy.net/angular-vein; https://en.wikipedia.org/wiki/Paramedian_arteries; https://en.wikipedia.org/wiki/Retromandibular_vein; https://en.wikipedia.org/wiki/Radial_artery; https://en.wikipedia.org/wiki/Interlobar_veins; https://en.wikipedia.org/wiki/Dorsal_carpal_arch; https://en.wikipedia.org/wiki/Superior_thyroid_vein; https://en.wikipedia.org/wiki/Middle_genicular_artery; https://en.wikipedia.org/wiki/Fibular_artery; https://en.wikipedia.org/wiki/Internal_jugular_vein; https://en.wikipedia.org/wiki/Short_posterior_ciliary_arteries; https://en.wikipedia.org/wiki/Median_sacral_vein; https://en.wikipedia.org/wiki/Inferior_thyroid_veins; https://en.wikipedia.org/wiki/Superior_intercostal_vein; https://en.wikipedia.org/wiki/Short_gastric_arteries; https://en.wikipedia.org/wiki/Superior_petrosal_sinus; https://doi.org/10.1016/B978-0-12-803058-5.00078-3; https://en.wikipedia.org/wiki/Superior_phrenic_vein; https://en.wikipedia.org/wiki/Jugular_venous_arch; https://teachmeanatomy.info/neck/viscera/larynx/organ/; https://en.wikipedia.org/wiki/Middle_thyroid_vein; http://purl.obolibrary.org/obo/UBERON_0013144; https://en.wikipedia.org/wiki/Common_facial_vein; https://en.wikipedia.org/wiki/Posterior_auricular_vein; https://en.wikipedia.org/wiki/Ulnar_artery; https://en.wikipedia.org/wiki/Left_gastric_artery; https://en.wikipedia.org/wiki/Maxillary_artery; https://en.wikipedia.org/wiki/Aorta; https://www.ncbi.nlm.nih.gov/pmc/articles/PMC6880211/; https://en.wikipedia.org/wiki/Glomerulus_(kidney); https://en.wikipedia.org/wiki/Artery_of_Adamkiewicz; https://en.wikipedia.org/wiki/Right_gastroepiploic_artery; https://en.wikipedia.org/wiki/Right_gastric_vein; https://en.wikipedia.org/wiki/Renal_circulation; https://en.wikipedia.org/wiki/Superior_labial_artery; https://en.wikipedia.org/wiki/Perforating_branches_of_internal_thoracic_artery; https://en.wikipedia.org/wiki/Tonsillar_branch_of_the_facial_artery; https://en.wikipedia.org/wiki/External_iliac_artery; https://en.wikipedia.org/wiki/Ileal_veins; https://en.wikipedia.org/wiki/Ileocolic_vein; https://en.wikipedia.org/wiki/Deep_auricular_artery; https://en.wikipedia.org/wiki/Trabecular_veins; https://en.wikipedia.org/wiki/Pericardiacophrenic_veins; https://en.wikipedia.org/wiki/Superior_epigastric_vein; https://en.wikipedia.org/wiki/Anterior_tympanic_artery; https://radiopaedia.org/articles/diagonal-branches-of-the-left-anterior-descending-artery; https://www.kenhub.com/en/library/anatomy/maxillary-artery; https://en.wikipedia.org/wiki/Deep_circumflex_iliac_artery; https://en.wikipedia.org/wiki/Accessory_meningeal_artery; https://www.healthline.com/human-body-maps/ascending-branch-of-the-left-colic-artery#1; https://en.wikipedia.org/wiki/Medial_circumflex_femoral_artery; https://en.wikipedia.org/wiki/Middle_colic_vein; https://en.wikipedia.org/wiki/Thalamogeniculate_artery; https://en.wikipedia.org/wiki/Superior_thoracic_artery; https://en.wikipedia.org/wiki/Middle_cerebral_artery; http://purl.obolibrary.org/obo/UBERON_0009654; https://en.wikipedia.org/wiki/Superior_mesenteric_vein; https://en.wikipedia.org/wiki/Transverse_cervical_veins; https://en.wikipedia.org/wiki/Artery_of_round_ligament_of_uterus; https://en.wikipedia.org/wiki/Intercostal_arteries; https://radiopaedia.org/articles/angular-artery-mcabranch; https://radiopaedia.org/articles/lateral-lenticulostriate-arteries; https://en.wikipedia.org/wiki/Superior_thalamostriate_vein; https://en.wikipedia.org/wiki/Sublingual_vein; https://en.wikipedia.org/wiki/Central_retinal_vein; https://en.wikipedia.org/wiki/Dorsal_venous_network_of_hand; https://en.wikipedia.org/wiki/Zygomatico-orbital_artery; https://en.wikipedia.org/wiki/Superior_labial_vein; https://en.wikipedia.org/wiki/Subscapular_artery; https://en.wikipedia.org/wiki/Inferior_labial_vein; https://en.wikipedia.org/wiki/Ophthalmic_artery; https://en.wikipedia.org/wiki/Cavernous_sinus; https://en.wikipedia.org/wiki/Inferior_petrosal_sinus; https://en.wikipedia.org/wiki/Auricular_branch_of_occipital_artery; https://en.wikipedia.org/wiki/Iliac_branch_of_iliolumbar_artery; https://doi.org/10.3171/jns.1978.49.2.0204; https://www.imaios.com/en/e-Anatomy/Anatomical-Parts/Lacrimal-vein; https://www.anatomy.net/superior-thyroid-vein; https://en.wikipedia.org/wiki/Posterior_humeral_circumflex_artery; https://en.wikipedia.org/wiki/Great_cardiac_vein; https://en.wikipedia.org/wiki/Radial_recurrent_artery; https://www.kenhub.com/en/library/anatomy/obturator-artery; https://en.wikipedia.org/wiki/Right_gastroepiploic_vein; https://en.wikipedia.org/wiki/Inferior_ophthalmic_vein; https://en.wikipedia.org/wiki/Superior_gluteal_artery; https://en.wikipedia.org/wiki/Left_colic_artery; https://en.wikipedia.org/wiki/Hyaloid_artery; https://en.wikipedia.org/wiki/Medial_palpebral_arteries; https://ranzcrpart1.fandom.com/wiki/Arterial_supply_to_brain:Ophthalmic_artery_and_branches; https://en.wikipedia.org/wiki/Posterior_cerebral_artery; https://en.wikipedia.org/wiki/Superficial_palmar_venous_arch; https://en.wikipedia.org/wiki/Suprascapular_vein; https://en.wikipedia.org/wiki/Brachial_veins; https://en.wikipedia.org/wiki/Lateral_thoracic_vein; http://purl.obolibrary.org/obo/UBERON_0004561; https://en.wikipedia.org/wiki/Trabecular_arteries; https://en.wikipedia.org/wiki/Radial_veins; https://en.wikipedia.org/wiki/Ulnar_veins; https://en.wikipedia.org/wiki/Dorsal_metacarpal_veins; https://doi.org/10.1152/ajprenal.00071.2010; https://en.wikipedia.org/wiki/Stylomastoid_artery; https://en.wikipedia.org/wiki/Posterior_spinal_artery; https://en.wikipedia.org/wiki/Median_antebrachial_vein; https://en.wikipedia.org/wiki/Subclavian_vein; https://en.wikipedia.org/wiki/Aortic_arch; https://www.kenhub.com/en/library/anatomy/femoral-vein; https://en.wikipedia.org/wiki/Anterior_superior_alveolar_arteries; https://en.wikipedia.org/wiki/Straight_sinus; https://en.wikipedia.org/wiki/Deep_lingual_vein; https://en.wikipedia.org/wiki/Splenic_artery; https://en.wikipedia.org/wiki/Dorsal_lingual_veins; https://en.wikipedia.org/wiki/Occipital_sinus; https://en.wikipedia.org/wiki/Anterior_spinal_artery; https://en.wikipedia.org/wiki/Umbilical_artery; https://en.wikipedia.org/wiki/Lateral_nasal_branch_of_facial_artery; https://en.wikipedia.org/wiki/Superior_vena_cava; https://en.wikipedia.org/wiki/Deep_temporal_arteries; https://anatomyzone.com/neuroanatomy/spinal-cord/blood-supply-to-the-spinal-cord/; https://en.wikipedia.org/wiki/Buccal_artery; https://en.wikipedia.org/wiki/Thoracoacromial_artery; https://en.wikipedia.org/wiki/Dorsal_pancreatic_artery; https://en.wikipedia.org/wiki/Glandular_branches_of_facial_artery; https://en.wikipedia.org/wiki/Inferior_anastomotic_vein; https://en.wikipedia.org/wiki/Superior_vesical_artery; https://en.wikipedia.org/wiki/External_jugular_vein; https://en.wikipedia.org/wiki/Anterior_jugular_vein; https://en.wikipedia.org/wiki/Sural_arteries; https://en.wikipedia.org/wiki/Lesser_palatine_arteries; http://purl.obolibrary.org/obo/UBERON_0002089; https://en.wikipedia.org/wiki/Posterior_external_jugular_vein; https://en.wikipedia.org/wiki/Superior_cerebellar_artery; https://en.wikipedia.org/wiki/Pontine_arteries; https://radiopaedia.org/articles/transverse-cervical-artery; https://en.wikipedia.org/wiki/Labyrinthine_artery; https://radiopaedia.org/articles/sulcal-artery?lang=us; https://en.wikipedia.org/wiki/Superior_sagittal_sinus; https://en.wikipedia.org/wiki/Inferior_cerebral_veins; https://en.wikipedia.org/wiki/Deep_palmar_arch; https://en.wikipedia.org/wiki/Cerebellar_veins; https://www.kenhub.com/en/library/anatomy/veins-of-the-brain; https://en.wikipedia.org/wiki/Great_cerebral_vein; https://en.wikipedia.org/wiki/Superior_cerebral_veins; https://en.wikipedia.org/wiki/Internal_cerebral_veins; http://purl.obolibrary.org/obo/UBERON_0036074; https://en.wikipedia.org/wiki/Maxillary_veins; https://www.dizziness-and-balance.com/anatomy/ear/vascular.html; http://purl.obolibrary.org/obo/UBERON_0010205; https://en.wikipedia.org/wiki/Inferior_mesenteric_artery; https://en.wikipedia.org/wiki/Iliolumbar_artery; https://en.wikipedia.org/wiki/Submental_artery; https://en.wikipedia.org/wiki/Lateral_sacral_artery; https://en.wikipedia.org/wiki/Superior_epigastric_artery; https://en.wikipedia.org/wiki/Esophageal_branches_of_left_gastric_artery; https://en.wikipedia.org/wiki/Dorsal_nasal_artery; https://en.wikipedia.org/wiki/Median_sacral_artery; https://en.wikipedia.org/wiki/Left_gastroepiploic_artery; https://en.wikipedia.org/wiki/Greater_pancreatic_artery; https://en.wikipedia.org/wiki/Suprascapular_artery; https://en.wikipedia.org/wiki/Thoracodorsal_artery; https://en.wikipedia.org/wiki/Occipital_vein; https://en.wikipedia.org/wiki/Pterygoid_plexus; https://medical-dictionary.thefreedictionary.com/Burow+vein; https://en.wikipedia.org/wiki/Arcuate_arteries_of_the_kidney; https://en.wikipedia.org/wiki/Palmar_carpal_branch_of_ulnar_artery; https://en.wikipedia.org/wiki/Afferent_arterioles; https://en.wikipedia.org/wiki/Interlobular_arteries; https://en.wikipedia.org/wiki/Deep_facial_vein; https://en.wikipedia.org/wiki/Superficial_palmar_branch_of_radial_artery; https://doi.org/10.1002/cphy.cp060142; https://en.wikipedia.org/wiki/Abdominal_aorta; https://www.kenhub.com/en/library/anatomy/the-cavernous-sinus; https://en.wikipedia.org/wiki/Ethmoidal_veins; https://radiopaedia.org/articles/radialis-indicis-artery; https://www.imaios.com/en/e-Anatomy/Anatomical-Parts/Anterior-ciliary-veins; https://en.wikipedia.org/wiki/Anterior_communicating_artery; https://en.wikipedia.org/wiki/Plantar_metatarsal_veins; https://en.wikipedia.org/wiki/Sigmoid_arteries; https://en.wikipedia.org/wiki/Choroid; https://en.wikipedia.org/wiki/Confluence_of_sinuses; https://en.wikipedia.org/wiki/Supratrochlear_artery; https://en.wikipedia.org/wiki/Supraorbital_artery; https://en.wikipedia.org/wiki/Superior_hypophysial_artery; https://en.wikipedia.org/wiki/Superficial_palmar_arch; https://en.wikipedia.org/wiki/Anterior_intercostal_veins; https://radiopaedia.org/articles/superior-petrosal-vein-2; https://en.wikipedia.org/wiki/Lacrimal_artery; https://en.wikipedia.org/wiki/Vertebral_vein; https://en.wikipedia.org/wiki/Supreme_intercostal_vein; https://en.wikipedia.org/wiki/Anterior_choroidal_artery; https://doi.org/10.17354/ijss/2016/337; https://en.wikipedia.org/wiki/Obturator_artery; https://en.wikipedia.org/wiki/Dorsal_carpal_branch_of_the_ulnar_artery; https://en.wikipedia.org/wiki/External_vertebral_venous_plexuses; https://www.healthline.com/human-body-maps/medial-inferior-genicular-artery#1; https://www.imaios.com/en/e-Anatomy/Anatomical-Parts/Anterior-vertebral-vein; https://radiopaedia.org/articles/appendicular-artery; https://doi.org/10.1016/B978-0-12-803062-2.00002-4; ISBN:9780323393225; https://en.wikipedia.org/wiki/Deep_cervical_artery","https://doi.org/10.1369/jhc.4A6514.2005; https://doi.org/10.1371/journal.pone.0094781; https://en.wikipedia.org/wiki/Deep_artery_of_arm; https://en.wikipedia.org/wiki/Inferior_tympanic_artery; https://en.wikipedia.org/wiki/Esophageal_veins; https://radiopaedia.org/articles/perforating-branches-of-internal-thoracic-artery; https://en.wikipedia.org/wiki/Left_anterior_descending_artery; https://en.wikipedia.org/wiki/Hemiazygos_vein; https://en.wikipedia.org/wiki/Descending_aorta; https://en.wikipedia.org/wiki/Penile_artery; https://radiopaedia.org/articles/inferior-hypophyseal-artery; https://www.imaios.com/en/e-Anatomy/Anatomical-Parts/Perforating-branches3; https://en.wikipedia.org/wiki/Perforating_arteries; https://www.kenhub.com/en/library/anatomy/vas-deferens; https://en.wikipedia.org/wiki/Median_cubital_vein; https://en.wikipedia.org/wiki/Ovarian_vein; https://en.wikipedia.org/wiki/Circumflex_fibular_artery; https://en.wikipedia.org/wiki/Obturator_veins; https://en.wikipedia.org/wiki/Arcuate_artery_of_the_foot; http://neuroangio.org/anatomy-and-variants/posterior-meningeal-artery/; https://en.wikipedia.org/wiki/Inferior_epigastric_artery; https://en.wikipedia.org/wiki/Meningohypophyseal_artery; http://purl.obolibrary.org/obo/UBERON_0001655; https://en.wikipedia.org/wiki/Lateral_plantar_artery; https://en.wikipedia.org/wiki/Axillary_artery; https://en.wikipedia.org/wiki/Ovarian_artery; PMID:32119317; https://www.kenhub.com/en/library/anatomy/retromandibular-vein; https://en.wikipedia.org/wiki/Anterior_ciliary_arteries; https://en.wikipedia.org/wiki/Arcuate_vein; https://en.wikipedia.org/wiki/Palmar_carpal_arch; https://en.wikipedia.org/wiki/Circumflex_scapular_artery; https://en.wikipedia.org/wiki/Left_coronary_artery; https://basicmedicalkey.com/endocrine-system-3/; https://en.wikipedia.org/wiki/Ascending_pharyngeal_artery; https://en.wikipedia.org/wiki/Pancreatic_branches_of_splenic_artery; https://en.wikipedia.org/wiki/Accessory_hemiazygos_vein; https://en.wikipedia.org/wiki/Posterior_communicating_artery; https://en.wikipedia.org/wiki/Deep_plantar_artery; https://en.wikipedia.org/wiki/Deep_palmar_branch_of_ulnar_artery; https://en.wikipedia.org/wiki/Superior_suprarenal_artery; https://en.wikipedia.org/wiki/Inferior_rectal_artery; https://www.healthline.com/human-body-maps/deep-temporal-veins#1; https://en.wikipedia.org/wiki/Posterior_inferior_cerebellar_artery; https://www.kenhub.com/en/library/anatomy/thoracoacromial-artery; https://en.wikipedia.org/wiki/Costocervical_trunk; https://radiopaedia.org/articles/superficial-femoral-artery; https://www.imaios.com/en/e-Anatomy/Anatomical-Parts/Accessory-vertebral-vein; https://en.wikipedia.org/wiki/Uterine_veins; https://en.wikipedia.org/wiki/Descending_branch_of_occipital_artery; https://en.wikipedia.org/wiki/Helicine_arteries_of_penis; https://en.wikipedia.org/wiki/Subclavian_artery; https://en.wikipedia.org/wiki/Angular_vein; https://en.wikipedia.org/wiki/Vesical_veins; https://en.wikipedia.org/wiki/Central_veins_of_liver; https://en.wikipedia.org/wiki/Lateral_thoracic_artery; https://en.wikipedia.org/wiki/Inferior_suprarenal_artery; https://en.wikipedia.org/wiki/Recurrent_artery_of_Heubner; https://www.ncbi.nlm.nih.gov/books/NBK546657/; https://en.wikipedia.org/wiki/Tibial-fibular_trunk; https://en.wikipedia.org/wiki/Caroticotympanic_arteries; https://doi.org/10.1227/01.neu.0000303217.53607.d9; https://en.wikipedia.org/wiki/External_carotid_artery; https://en.wikipedia.org/wiki/Common_interosseous_artery; https://en.wikipedia.org/wiki/Lingual_veins; https://en.wikipedia.org/wiki/Internal_thoracic_artery; https://en.wikipedia.org/wiki/Portal_vein; https://en.wikipedia.org/wiki/Anterior_ulnar_recurrent_artery; https://en.wikipedia.org/wiki/Superior_rectal_vein; https://pubmed.ncbi.nlm.nih.gov/9932327/; https://en.wikipedia.org/wiki/Left_gastroepiploic_vein; https://en.wikipedia.org/wiki/Left_colic_vein; https://en.wikipedia.org/wiki/Posterior_tibial_vein; https://www.kenhub.com/en/library/anatomy/occipital-artery; https://en.wikipedia.org/wiki/Cystic_vein; https://en.wikipedia.org/wiki/Palmar_carpal_branch_of_radial_artery; https://en.wikipedia.org/wiki/Facial_vein; https://en.wikipedia.org/wiki/Inferior_mesenteric_vein; https://en.wikipedia.org/wiki/Sigmoid_sinus; https://en.wikipedia.org/wiki/Splenic_vein; https://en.wikipedia.org/wiki/Basal_vein; https://en.wikipedia.org/wiki/Lumbar_branch_of_iliolumbar_artery; https://en.wikipedia.org/wiki/Anterior_lateral_malleolar_artery; https://en.wikipedia.org/wiki/Renal_artery; https://en.wikipedia.org/wiki/Superior_mesenteric_artery; https://en.wikipedia.org/wiki/Inferior_phrenic_arteries; https://doi.org/10.1111/j.1469-7580.2009.01199.x; https://www.healthline.com/human-body-maps/colic-branch-of-the-ileocolic-artery; https://en.wikipedia.org/wiki/Ileal_branch_of_ileocolic_artery; https://en.wikipedia.org/wiki/Medial_tarsal_arteries; https://en.wikipedia.org/wiki/Common_hepatic_artery; https://en.wikipedia.org/wiki/Posterior_tibial_recurrent_artery; https://en.wikipedia.org/wiki/Spiral_artery; https://www.healthline.com/human-body-maps/lateral-inferior-genicular-artery#1; https://en.wikipedia.org/wiki/Axillary_vein; https://en.wikipedia.org/wiki/Ascending_branch_of_medial_circumflex_femoral_artery; https://en.wikipedia.org/wiki/Testicular_artery; https://en.wikipedia.org/wiki/Lateral_superior_genicular_artery; https://en.wikipedia.org/wiki/Testicular_vein; https://en.wikipedia.org/wiki/Pericardiacophrenic_artery; https://en.wikipedia.org/wiki/Angular_artery; https://en.wikipedia.org/wiki/Inferior_gluteal_veins; https://en.wikipedia.org/wiki/Superior_thyroid_artery; https://en.wikipedia.org/wiki/Transverse_facial_artery; https://en.wikipedia.org/wiki/Anterior_medial_malleolar_artery; https://medical-dictionary.thefreedictionary.com/transverse+facial+vein; https://en.wikipedia.org/wiki/External_pudendal_veins; https://en.wikipedia.org/wiki/Pulmonary_artery; https://en.wikipedia.org/wiki/Atrioventricular_nodal_branch; https://en.wikipedia.org/wiki/Right_colic_vein; https://en.wikipedia.org/wiki/Internal_iliac_artery; https://en.wikipedia.org/wiki/Cystic_artery; https://en.wikipedia.org/wiki/Interlobular_veins; https://en.wikipedia.org/wiki/Middle_cerebral_veins; https://en.wikipedia.org/wiki/Stellate_veins; https://en.wikipedia.org/wiki/Internal_vertebral_venous_plexuses; https://en.wikipedia.org/wiki/Proper_palmar_digital_arteries; https://en.wikipedia.org/wiki/Inferior_ulnar_collateral_artery; https://en.wikipedia.org/wiki/Anterior_auricular_branches; https://en.wikipedia.org/wiki/Perineal_artery; https://ijcrr.com/uploads/759_pdf.pdf; https://radiopaedia.org/articles/vertebral-venous-plexus-1; https://en.wikipedia.org/wiki/Brachiocephalic_vein; https://en.wikipedia.org/wiki/Renal_vein; https://en.wikipedia.org/wiki/Deep_palmar_venous_arch; https://en.wikipedia.org/wiki/Descending_palatine_artery; http://purl.obolibrary.org/obo/UBERON_0035234; https://en.wikipedia.org/wiki/Deep_dorsal_vein_of_clitoris; https://en.wikipedia.org/wiki/External_iliac_vein; https://plasticsurgerykey.com/veins-of-the-face-and-neck/; https://en.wikipedia.org/wiki/Dorsalis_pedis_artery; https://en.wikipedia.org/wiki/Posterior_vein_of_the_left_ventricle; https://en.wikipedia.org/wiki/Lingual_artery; https://doi.org/10.1067/mtc.2001.113604; https://en.wikipedia.org/wiki/Oblique_vein_of_the_left_atrium; https://en.wikipedia.org/wiki/Medial_superior_genicular_artery; https://www.vestib.com/arterial-supply.html; https://en.wikipedia.org/wiki/Circumflex_branch_of_left_coronary_artery; https://doi.org/10.26463/rjds.15_2_21; https://en.wikipedia.org/wiki/Thyrocervical_trunk; https://radiopaedia.org/articles/circumflex-artery; https://en.wikipedia.org/wiki/Medial_collateral_artery; https://en.wikipedia.org/wiki/Right_coronary_artery; https://radiopaedia.org/articles/common-femoral-artery; https://en.wikipedia.org/wiki/Posterior_superior_alveolar_artery; https://en.wikipedia.org/wiki/Artery_of_the_pterygoid_canal; https://en.wikipedia.org/wiki/Suprarenal_veins; https://www.wikiwand.com/en/Anterior_spinal_veins; https://doi.org/10.21037/cdt.2018.01.04; https://en.wikipedia.org/wiki/Transverse_cervical_artery; https://en.wikipedia.org/wiki/Anterior_cardiac_veins; https://en.wikipedia.org/wiki/Infraorbital_vein; https://en.wikipedia.org/wiki/Anterior_accessory_saphenous_vein; https://en.wikipedia.org/wiki/Middle_meningeal_artery; https://en.wikipedia.org/wiki/Internal_carotid_artery; http://radiopaedia.org/articles/orbitofrontal-artery; https://teachmeanatomy.info/neuroanatomy/vessels/venous-drainage/; https://en.wikipedia.org/wiki/Dorsal_venous_arch_of_the_foot; https://en.wikipedia.org/wiki/Descending_thoracic_aorta; https://en.wikipedia.org/wiki/Inferior_rectal_veins; http://purl.obolibrary.org/obo/UBERON_0006662; https://www.hand.theclinics.com/article/S0749-0712(19)30087-3/fulltext#secsectitle0035; https://en.wikipedia.org/wiki/Inferior_vesical_artery; https://www.kenhub.com/en/library/anatomy/veins-of-the-vertebral-column; https://www.kenhub.com/en/library/anatomy/lumbar-veins; https://radiopaedia.org/articles/calcarine-artery; https://en.wikipedia.org/wiki/Deep_circumflex_iliac_vein; https://radiopaedia.org/articles/pancreaticoduodenal-veins; https://en.wikipedia.org/wiki/Left_marginal_vein; http://purl.obolibrary.org/obo/UBERON_0036300; https://en.wikipedia.org/wiki/Pulmonary_vein; https://en.wikipedia.org/wiki/Coronary_sinus; https://en.wikipedia.org/wiki/Superficial_epigastric_vein; https://en.wikipedia.org/wiki/Small_saphenous_vein; https://en.wikipedia.org/wiki/Middle_cardiac_vein; https://en.wikipedia.org/wiki/Middle_colic_artery; https://en.wikipedia.org/wiki/Arcuate_vessels_of_uterus; https://en.wikipedia.org/wiki/Lateral_tarsal_artery; https://en.wikipedia.org/wiki/Superior_pancreaticoduodenal_artery; https://en.wikipedia.org/wiki/Lateral_circumflex_femoral_artery; https://en.wikipedia.org/wiki/Middle_rectal_veins; https://en.wikipedia.org/wiki/Sphenopalatine_artery; https://en.wikipedia.org/wiki/Dorsal_metatarsal_arteries; https://en.wikipedia.org/wiki/Superficial_temporal_artery; https://en.wikipedia.org/wiki/Occipital_branch_of_posterior_auricular_artery; https://radiologykey.com/6-pulmonary-artery-and-vein/; https://en.wikipedia.org/wiki/Anterior_tibial_recurrent_artery; https://en.wikipedia.org/wiki/Ascending_aorta; https://en.wikipedia.org/wiki/Ileocolic_artery; https://en.wikipedia.org/wiki/Anterior_tibial_vein; https://en.wikipedia.org/wiki/Thymic_veins; https://en.wikipedia.org/wiki/Vertebral_artery; https://en.wikipedia.org/wiki/Middle_suprarenal_arteries; https://en.wikipedia.org/wiki/Posterior_labial_arteries; https://en.wikipedia.org/wiki/Anterior_tibial_artery; https://en.wikipedia.org/wiki/Inferior_pancreaticoduodenal_artery; https://en.wikipedia.org/wiki/Sternocleidomastoid_branches_of_occipital_artery; https://en.wikipedia.org/wiki/Posterior_interventricular_artery; https://en.wikipedia.org/wiki/Great_saphenous_vein; http://purl.obolibrary.org/obo/UBERON_0001658; https://en.wikipedia.org/wiki/Basilic_vein; https://radiopaedia.org/articles/arterial-supply-to-the-foot; https://doi.org/10.2484/rcr.v5i3.394; https://www.kenhub.com/en/library/anatomy/posterior-auricular-artery; https://www.wikidoc.org/index.php/Left_coronary_artery; https://radiopaedia.org/articles/internal-pudendal-vein; https://en.wikipedia.org/wiki/Femoral_vein; https://en.wikipedia.org/wiki/Common_carotid_artery; https://en.wikipedia.org/wiki/Inferior_labial_artery; https://en.wikipedia.org/wiki/Common_palmar_digital_arteries; https://radiopaedia.org/articles/inferior-vesical-artery; https://radiopaedia.org/articles/profunda-femoris-artery; https://en.wikipedia.org/wiki/Brachial_artery; https://en.wikipedia.org/wiki/Peritubular_capillaries; https://en.wikipedia.org/wiki/Occipital_artery; https://doi.org/10.1007/s12565-018-00475-x; https://en.wikipedia.org/wiki/Internal_pudendal_veins; https://en.wikipedia.org/wiki/Popliteal_vein; https://en.wikipedia.org/wiki/Hepatic_veins; https://doi.org/10.1177/159101999600200307; https://www.kenhub.com/en/library/anatomy/prostatic-venous-plexus; https://radiopaedia.org/articles/venous-drainage-of-the-thoracic-wall; https://doi.org/10.1016/j.wneu.2018.12.071; https://radiopaedia.org/articles/musculophrenic-artery; PMID:12169487; https://en.wikipedia.org/wiki/Anterior_cerebral_artery; https://en.wikipedia.org/wiki/Plantar_arch; https://en.wikipedia.org/wiki/Superior_phrenic_arteries; https://en.wikipedia.org/wiki/Masseteric_artery; https://en.wikipedia.org/wiki/Internal_thoracic_vein; https://en.wikipedia.org/wiki/Left_gastric_vein; https://en.wikipedia.org/wiki/Uterine_venous_plexus; https://en.wikipedia.org/wiki/Dorsal_metatarsal_veins; https://en.wikipedia.org/wiki/Superior_anastomotic_vein; https://en.wikipedia.org/wiki/Common_iliac_vein; https://en.wikipedia.org/wiki/Plantar_digital_veins; https://en.wikipedia.org/wiki/Posterior_intercostal_veins; https://en.wikipedia.org/wiki/Inferior_phrenic_vein; https://www.kenhub.com/en/library/anatomy/left-colic-artery; https://en.wikipedia.org/wiki/Internal_pudendal_artery; https://en.wikipedia.org/wiki/Pampiniform_plexus; https://en.wikipedia.org/wiki/Common_iliac_artery; https://doi.org/10.1016/j.ejvs.2005.10.022; https://doi.org/10.3400/avd.AVDoa07004; https://en.wikipedia.org/wiki/Medial_marginal_vein; https://en.wikipedia.org/wiki/Anterior_ethmoidal_artery; https://en.wikipedia.org/wiki/Superior_rectal_artery; https://en.wikipedia.org/wiki/Deep_cervical_vein; http://purl.obolibrary.org/obo/UBERON_0006690; https://en.wikipedia.org/wiki/Lumbar_arteries; https://en.wikipedia.org/wiki/Uterine_artery; https://en.wikipedia.org/wiki/Anterior_inferior_cerebellar_artery; https://en.wikipedia.org/wiki/Sinoatrial_nodal_artery; https://en.wikipedia.org/wiki/Thymic_branches_of_internal_thoracic_artery; https://doi.org/10.1152/japplphysiol.01177.2009; https://en.wikipedia.org/wiki/Fibular_veins; https://en.wikipedia.org/wiki/Plantar_venous_arch; https://en.wikipedia.org/wiki/Inferior_vena_cava; https://en.wikipedia.org/wiki/Medial_plantar_artery; https://en.wikipedia.org/wiki/Right_colic_artery; https://en.wikipedia.org/wiki/Superior_gluteal_veins; https://en.wikipedia.org/wiki/Transverse_sinuses; https://en.wikipedia.org/wiki/Artery_of_bulb_of_vestibule; PMID:32119400; https://en.wikipedia.org/wiki/Palmar_metacarpal_arteries; https://en.wikipedia.org/wiki/Anterior_humeral_circumflex_artery; https://en.wikipedia.org/wiki/Bronchial_artery; https://en.wikipedia.org/wiki/Princeps_pollicis_artery; https://en.wikipedia.org/wiki/Inferior_gluteal_artery; https://doi.org/10.1148/rg.2019180195; https://en.wikipedia.org/wiki/Meningeal_branch_of_occipital_artery; https://en.wikipedia.org/wiki/Efferent_arteriole; https://en.wikipedia.org/wiki/Inferior_sagittal_sinus; https://en.wikipedia.org/wiki/Dorsal_carpal_branch_of_the_radial_artery; https://en.wikipedia.org/wiki/Descending_genicular_artery; https://en.wikipedia.org/wiki/Colic_branch_of_ileocolic_artery; https://radiopaedia.org/articles/anterior-intercostal-arteries; https://radiopaedia.org/articles/superficial-epigastric-artery; https://www.wheelessonline.com/joints/knee/descending-genicular-branch-of-superficial-femoral-artery/; https://en.wikipedia.org/wiki/Facial_artery; http://purl.obolibrary.org/obo/UBERON_0003468; https://en.wikipedia.org/wiki/Jejunal_veins; https://en.wikipedia.org/wiki/Right_marginal_branch_of_right_coronary_artery; https://en.wikipedia.org/wiki/Posterior_scrotal_arteries; http://purl.obolibrary.org/obo/UBERON_0006656; https://doi.org/10.1053/j.sult.2016.05.008; https://en.wikipedia.org/wiki/Superior_ophthalmic_vein; https://en.wikipedia.org/wiki/Vorticose_veins; https://en.wikipedia.org/wiki/Inferior_thyroid_artery; https://en.wikipedia.org/wiki/Azygos_vein; https://en.wikipedia.org/wiki/Anterior_interosseous_artery; https://en.wikipedia.org/wiki/Jejunal_arteries; https://en.wikipedia.org/wiki/Liver_sinusoid; https://en.wikipedia.org/wiki/Vasa_recta_(intestines); https://www.kenhub.com/en/library/anatomy/blood-supply-of-the-spinal-cord; https://radiopaedia.org/articles/jejunal-and-ileal-branches-of-the-superior-mesenteric-artery; https://www.ncbi.nlm.nih.gov/books/NBK560912/; https://en.wikipedia.org/wiki/Celiac_artery; https://en.wikipedia.org/wiki/Lateral_palpebral_arteries; https://en.wikipedia.org/wiki/Ascending_palatine_artery; https://en.wikipedia.org/wiki/Cephalic_vein; https://en.wikipedia.org/wiki/Central_retinal_artery; https://en.wikipedia.org/wiki/Internal_iliac_vein; https://en.wikipedia.org/wiki/Pterygoid_branches_of_maxillary_artery; https://en.wikipedia.org/wiki/Auricular_branch_of_posterior_auricular_artery; https://en.wikipedia.org/wiki/Iliolumbar_vein; https://en.wikipedia.org/wiki/Greater_palatine_artery; https://en.wikipedia.org/wiki/Cremasteric_artery; https://en.wikipedia.org/wiki/Bronchial_veins; https://en.wikipedia.org/wiki/Lateral_marginal_vein; https://en.wikipedia.org/wiki/Posterior_ulnar_recurrent_artery; https://en.wikipedia.org/wiki/Inferior_epigastric_vein; https://neupsykey.com/the-external-carotid-artery-and-extracranial-circulation/; https://en.wikipedia.org/wiki/Posterior_auricular_artery; https://en.wikipedia.org/wiki/Lateral_sacral_veins; https://en.wikipedia.org/wiki/Gastroduodenal_artery; https://en.wikipedia.org/wiki/Dorsal_digital_veins_of_the_foot; https://radiopaedia.org/articles/labyrinthine-artery; https://doi.org/10.15562/bmj.v9i2.1812; https://epomedicine.com/medical-students/surgical-anatomy-stomach/; https://en.wikipedia.org/wiki/Anterior_spinal_veins; https://doi.org/10.12659/MSM.883201; https://www.flandershealth.us/chronic-pancreatitis/microcirculation-of-the-pancreas.html; https://en.wikipedia.org/wiki/Long_posterior_ciliary_arteries; https://en.wikipedia.org/wiki/Smallest_cardiac_veins; http://purl.obolibrary.org/obo/UBERON_0001362; https://en.wikipedia.org/wiki/Stapedial_branch_of_posterior_auricular_artery; https://radiopaedia.org/articles/transverse-pancreatic-artery; https://en.wikipedia.org/wiki/Brachiocephalic_artery; https://en.wikipedia.org/wiki/Small_cardiac_vein; https://en.wikipedia.org/wiki/Radial_collateral_artery; https://en.wikipedia.org/wiki/Basilar_artery; https://en.wikipedia.org/wiki/Hepatic_artery_proper; https://en.wikipedia.org/wiki/Nasofrontal_vein; https://en.wikipedia.org/wiki/Superior_ulnar_collateral_artery; https://www.kenhub.com/en/library/anatomy/anterior-jugular-vein; https://en.wikipedia.org/wiki/Supraorbital_vein; https://en.wikipedia.org/wiki/Superficial_temporal_vein; https://en.wikipedia.org/wiki/Subcostal_arteries; http://purl.obolibrary.org/obo/UBERON_0001659; https://en.wikipedia.org/wiki/Infraorbital_artery; https://en.wikipedia.org/wiki/Posterior_ethmoidal_artery; https://doi.org/10.1007/s00441-008-0706-5; https://en.wikipedia.org/wiki/Inferior_alveolar_artery; https://www.imaios.com/en/e-Anatomy/Anatomical-Parts/Superior-palpebral-veins; https://www.anatomy.net/angular-vein; https://en.wikipedia.org/wiki/Paramedian_arteries; https://en.wikipedia.org/wiki/Retromandibular_vein; https://en.wikipedia.org/wiki/Radial_artery; https://en.wikipedia.org/wiki/Interlobar_veins; https://en.wikipedia.org/wiki/Dorsal_carpal_arch; https://en.wikipedia.org/wiki/Superior_thyroid_vein; https://en.wikipedia.org/wiki/Middle_genicular_artery; https://en.wikipedia.org/wiki/Fibular_artery; https://en.wikipedia.org/wiki/Internal_jugular_vein; https://en.wikipedia.org/wiki/Short_posterior_ciliary_arteries; https://en.wikipedia.org/wiki/Median_sacral_vein; https://en.wikipedia.org/wiki/Inferior_thyroid_veins; https://en.wikipedia.org/wiki/Superior_intercostal_vein; https://en.wikipedia.org/wiki/Short_gastric_arteries; https://en.wikipedia.org/wiki/Superior_petrosal_sinus; https://doi.org/10.1016/B978-0-12-803058-5.00078-3; https://en.wikipedia.org/wiki/Superior_phrenic_vein; https://en.wikipedia.org/wiki/Jugular_venous_arch; https://teachmeanatomy.info/neck/viscera/larynx/organ/; https://en.wikipedia.org/wiki/Middle_thyroid_vein; http://purl.obolibrary.org/obo/UBERON_0013144; https://en.wikipedia.org/wiki/Common_facial_vein; https://en.wikipedia.org/wiki/Posterior_auricular_vein; https://en.wikipedia.org/wiki/Ulnar_artery; https://en.wikipedia.org/wiki/Left_gastric_artery; https://en.wikipedia.org/wiki/Maxillary_artery; https://en.wikipedia.org/wiki/Aorta; https://www.ncbi.nlm.nih.gov/pmc/articles/PMC6880211/; https://en.wikipedia.org/wiki/Glomerulus_(kidney); https://en.wikipedia.org/wiki/Artery_of_Adamkiewicz; https://en.wikipedia.org/wiki/Right_gastroepiploic_artery; https://en.wikipedia.org/wiki/Right_gastric_vein; https://en.wikipedia.org/wiki/Renal_circulation; https://en.wikipedia.org/wiki/Superior_labial_artery; https://en.wikipedia.org/wiki/Perforating_branches_of_internal_thoracic_artery; https://en.wikipedia.org/wiki/Tonsillar_branch_of_the_facial_artery; https://en.wikipedia.org/wiki/External_iliac_artery; https://en.wikipedia.org/wiki/Ileal_veins; https://en.wikipedia.org/wiki/Ileocolic_vein; https://en.wikipedia.org/wiki/Deep_auricular_artery; https://en.wikipedia.org/wiki/Trabecular_veins; https://en.wikipedia.org/wiki/Pericardiacophrenic_veins; https://en.wikipedia.org/wiki/Superior_epigastric_vein; https://en.wikipedia.org/wiki/Anterior_tympanic_artery; https://radiopaedia.org/articles/diagonal-branches-of-the-left-anterior-descending-artery; https://www.kenhub.com/en/library/anatomy/maxillary-artery; https://en.wikipedia.org/wiki/Deep_circumflex_iliac_artery; https://en.wikipedia.org/wiki/Accessory_meningeal_artery; https://www.healthline.com/human-body-maps/ascending-branch-of-the-left-colic-artery#1; https://en.wikipedia.org/wiki/Medial_circumflex_femoral_artery; https://en.wikipedia.org/wiki/Middle_colic_vein; https://en.wikipedia.org/wiki/Thalamogeniculate_artery; https://en.wikipedia.org/wiki/Superior_thoracic_artery; https://en.wikipedia.org/wiki/Middle_cerebral_artery; http://purl.obolibrary.org/obo/UBERON_0009654; https://en.wikipedia.org/wiki/Superior_mesenteric_vein; https://en.wikipedia.org/wiki/Transverse_cervical_veins; https://en.wikipedia.org/wiki/Artery_of_round_ligament_of_uterus; https://en.wikipedia.org/wiki/Intercostal_arteries; https://radiopaedia.org/articles/angular-artery-mcabranch; https://radiopaedia.org/articles/lateral-lenticulostriate-arteries; https://en.wikipedia.org/wiki/Superior_thalamostriate_vein; https://en.wikipedia.org/wiki/Sublingual_vein; https://en.wikipedia.org/wiki/Central_retinal_vein; https://en.wikipedia.org/wiki/Dorsal_venous_network_of_hand; https://en.wikipedia.org/wiki/Zygomatico-orbital_artery; https://en.wikipedia.org/wiki/Superior_labial_vein; https://en.wikipedia.org/wiki/Subscapular_artery; https://en.wikipedia.org/wiki/Inferior_labial_vein; https://en.wikipedia.org/wiki/Ophthalmic_artery; https://en.wikipedia.org/wiki/Cavernous_sinus; https://en.wikipedia.org/wiki/Inferior_petrosal_sinus; https://en.wikipedia.org/wiki/Auricular_branch_of_occipital_artery; https://en.wikipedia.org/wiki/Iliac_branch_of_iliolumbar_artery; https://doi.org/10.3171/jns.1978.49.2.0204; https://www.imaios.com/en/e-Anatomy/Anatomical-Parts/Lacrimal-vein; https://www.anatomy.net/superior-thyroid-vein; https://en.wikipedia.org/wiki/Posterior_humeral_circumflex_artery; https://en.wikipedia.org/wiki/Great_cardiac_vein; https://en.wikipedia.org/wiki/Radial_recurrent_artery; https://www.kenhub.com/en/library/anatomy/obturator-artery; https://en.wikipedia.org/wiki/Right_gastroepiploic_vein; https://en.wikipedia.org/wiki/Inferior_ophthalmic_vein; https://en.wikipedia.org/wiki/Superior_gluteal_artery; https://en.wikipedia.org/wiki/Left_colic_artery; https://en.wikipedia.org/wiki/Hyaloid_artery; https://en.wikipedia.org/wiki/Medial_palpebral_arteries; https://ranzcrpart1.fandom.com/wiki/Arterial_supply_to_brain:Ophthalmic_artery_and_branches; https://en.wikipedia.org/wiki/Posterior_cerebral_artery; https://en.wikipedia.org/wiki/Superficial_palmar_venous_arch; https://en.wikipedia.org/wiki/Suprascapular_vein; https://en.wikipedia.org/wiki/Brachial_veins; https://en.wikipedia.org/wiki/Lateral_thoracic_vein; http://purl.obolibrary.org/obo/UBERON_0004561; https://en.wikipedia.org/wiki/Trabecular_arteries; https://en.wikipedia.org/wiki/Radial_veins; https://en.wikipedia.org/wiki/Ulnar_veins; https://en.wikipedia.org/wiki/Dorsal_metacarpal_veins; https://doi.org/10.1152/ajprenal.00071.2010; https://en.wikipedia.org/wiki/Stylomastoid_artery; https://en.wikipedia.org/wiki/Posterior_spinal_artery; https://en.wikipedia.org/wiki/Median_antebrachial_vein; https://en.wikipedia.org/wiki/Subclavian_vein; https://en.wikipedia.org/wiki/Aortic_arch; https://www.kenhub.com/en/library/anatomy/femoral-vein; https://en.wikipedia.org/wiki/Anterior_superior_alveolar_arteries; https://en.wikipedia.org/wiki/Straight_sinus; https://en.wikipedia.org/wiki/Deep_lingual_vein; https://en.wikipedia.org/wiki/Splenic_artery; https://en.wikipedia.org/wiki/Dorsal_lingual_veins; https://en.wikipedia.org/wiki/Occipital_sinus; https://en.wikipedia.org/wiki/Anterior_spinal_artery; https://en.wikipedia.org/wiki/Umbilical_artery; https://en.wikipedia.org/wiki/Lateral_nasal_branch_of_facial_artery; https://en.wikipedia.org/wiki/Superior_vena_cava; https://en.wikipedia.org/wiki/Deep_temporal_arteries; https://anatomyzone.com/neuroanatomy/spinal-cord/blood-supply-to-the-spinal-cord/; https://en.wikipedia.org/wiki/Buccal_artery; https://en.wikipedia.org/wiki/Thoracoacromial_artery; https://en.wikipedia.org/wiki/Dorsal_pancreatic_artery; https://en.wikipedia.org/wiki/Glandular_branches_of_facial_artery; https://en.wikipedia.org/wiki/Inferior_anastomotic_vein; https://en.wikipedia.org/wiki/Superior_vesical_artery; https://en.wikipedia.org/wiki/External_jugular_vein; https://en.wikipedia.org/wiki/Anterior_jugular_vein; https://en.wikipedia.org/wiki/Sural_arteries; https://en.wikipedia.org/wiki/Lesser_palatine_arteries; http://purl.obolibrary.org/obo/UBERON_0002089; https://en.wikipedia.org/wiki/Posterior_external_jugular_vein; https://en.wikipedia.org/wiki/Superior_cerebellar_artery; https://en.wikipedia.org/wiki/Pontine_arteries; https://radiopaedia.org/articles/transverse-cervical-artery; https://en.wikipedia.org/wiki/Labyrinthine_artery; https://radiopaedia.org/articles/sulcal-artery?lang=us; https://en.wikipedia.org/wiki/Superior_sagittal_sinus; https://en.wikipedia.org/wiki/Inferior_cerebral_veins; https://en.wikipedia.org/wiki/Deep_palmar_arch; https://en.wikipedia.org/wiki/Cerebellar_veins; https://www.kenhub.com/en/library/anatomy/veins-of-the-brain; https://en.wikipedia.org/wiki/Great_cerebral_vein; https://en.wikipedia.org/wiki/Superior_cerebral_veins; https://en.wikipedia.org/wiki/Internal_cerebral_veins; http://purl.obolibrary.org/obo/UBERON_0036074; https://en.wikipedia.org/wiki/Maxillary_veins; https://www.dizziness-and-balance.com/anatomy/ear/vascular.html; http://purl.obolibrary.org/obo/UBERON_0010205; https://en.wikipedia.org/wiki/Inferior_mesenteric_artery; https://en.wikipedia.org/wiki/Iliolumbar_artery; https://en.wikipedia.org/wiki/Submental_artery; https://en.wikipedia.org/wiki/Lateral_sacral_artery; https://en.wikipedia.org/wiki/Superior_epigastric_artery; https://en.wikipedia.org/wiki/Esophageal_branches_of_left_gastric_artery; https://en.wikipedia.org/wiki/Dorsal_nasal_artery; https://en.wikipedia.org/wiki/Median_sacral_artery; https://en.wikipedia.org/wiki/Left_gastroepiploic_artery; https://en.wikipedia.org/wiki/Greater_pancreatic_artery; https://en.wikipedia.org/wiki/Suprascapular_artery; https://en.wikipedia.org/wiki/Thoracodorsal_artery; https://en.wikipedia.org/wiki/Occipital_vein; https://en.wikipedia.org/wiki/Pterygoid_plexus; https://medical-dictionary.thefreedictionary.com/Burow+vein; https://en.wikipedia.org/wiki/Arcuate_arteries_of_the_kidney; https://en.wikipedia.org/wiki/Palmar_carpal_branch_of_ulnar_artery; https://en.wikipedia.org/wiki/Afferent_arterioles; https://en.wikipedia.org/wiki/Interlobular_arteries; https://en.wikipedia.org/wiki/Deep_facial_vein; https://en.wikipedia.org/wiki/Superficial_palmar_branch_of_radial_artery; https://doi.org/10.1002/cphy.cp060142; https://en.wikipedia.org/wiki/Abdominal_aorta; https://www.kenhub.com/en/library/anatomy/the-cavernous-sinus; https://en.wikipedia.org/wiki/Ethmoidal_veins; https://radiopaedia.org/articles/radialis-indicis-artery; https://www.imaios.com/en/e-Anatomy/Anatomical-Parts/Anterior-ciliary-veins; https://en.wikipedia.org/wiki/Anterior_communicating_artery; https://en.wikipedia.org/wiki/Plantar_metatarsal_veins; https://en.wikipedia.org/wiki/Sigmoid_arteries; https://en.wikipedia.org/wiki/Choroid; https://en.wikipedia.org/wiki/Confluence_of_sinuses; https://en.wikipedia.org/wiki/Supratrochlear_artery; https://en.wikipedia.org/wiki/Supraorbital_artery; https://en.wikipedia.org/wiki/Superior_hypophysial_artery; https://en.wikipedia.org/wiki/Superficial_palmar_arch; https://en.wikipedia.org/wiki/Anterior_intercostal_veins; https://radiopaedia.org/articles/superior-petrosal-vein-2; https://en.wikipedia.org/wiki/Lacrimal_artery; https://en.wikipedia.org/wiki/Vertebral_vein; https://en.wikipedia.org/wiki/Supreme_intercostal_vein; https://en.wikipedia.org/wiki/Anterior_choroidal_artery; https://doi.org/10.17354/ijss/2016/337; https://en.wikipedia.org/wiki/Obturator_artery; https://en.wikipedia.org/wiki/Dorsal_carpal_branch_of_the_ulnar_artery; https://en.wikipedia.org/wiki/External_vertebral_venous_plexuses; https://www.healthline.com/human-body-maps/medial-inferior-genicular-artery#1; https://www.imaios.com/en/e-Anatomy/Anatomical-Parts/Anterior-vertebral-vein; https://radiopaedia.org/articles/appendicular-artery; https://doi.org/10.1016/B978-0-12-803062-2.00002-4; ISBN:9780323393225; https://en.wikipedia.org/wiki/Deep_cervical_artery","https://doi.org/10.1369/jhc.4A6514.2005; https://doi.org/10.1371/journal.pone.0094781; https://en.wikipedia.org/wiki/Deep_artery_of_arm; https://en.wikipedia.org/wiki/Inferior_tympanic_artery; https://en.wikipedia.org/wiki/Esophageal_veins; https://radiopaedia.org/articles/perforating-branches-of-internal-thoracic-artery; https://en.wikipedia.org/wiki/Left_anterior_descending_artery; https://en.wikipedia.org/wiki/Hemiazygos_vein; https://en.wikipedia.org/wiki/Descending_aorta; https://en.wikipedia.org/wiki/Penile_artery; https://radiopaedia.org/articles/inferior-hypophyseal-artery; https://www.imaios.com/en/e-Anatomy/Anatomical-Parts/Perforating-branches3; https://en.wikipedia.org/wiki/Perforating_arteries; https://www.kenhub.com/en/library/anatomy/vas-deferens; https://en.wikipedia.org/wiki/Median_cubital_vein; https://en.wikipedia.org/wiki/Ovarian_vein; https://en.wikipedia.org/wiki/Circumflex_fibular_artery; https://en.wikipedia.org/wiki/Obturator_veins; https://en.wikipedia.org/wiki/Arcuate_artery_of_the_foot; http://neuroangio.org/anatomy-and-variants/posterior-meningeal-artery/; https://en.wikipedia.org/wiki/Inferior_epigastric_artery; https://en.wikipedia.org/wiki/Meningohypophyseal_artery; http://purl.obolibrary.org/obo/UBERON_0001655; https://en.wikipedia.org/wiki/Lateral_plantar_artery; https://en.wikipedia.org/wiki/Axillary_artery; https://en.wikipedia.org/wiki/Ovarian_artery; PMID:32119317; https://www.kenhub.com/en/library/anatomy/retromandibular-vein; https://en.wikipedia.org/wiki/Anterior_ciliary_arteries; https://en.wikipedia.org/wiki/Arcuate_vein; https://en.wikipedia.org/wiki/Palmar_carpal_arch; https://en.wikipedia.org/wiki/Circumflex_scapular_artery; https://en.wikipedia.org/wiki/Left_coronary_artery; https://basicmedicalkey.com/endocrine-system-3/; https://en.wikipedia.org/wiki/Ascending_pharyngeal_artery; https://en.wikipedia.org/wiki/Pancreatic_branches_of_splenic_artery; https://en.wikipedia.org/wiki/Accessory_hemiazygos_vein; https://en.wikipedia.org/wiki/Posterior_communicating_artery; https://en.wikipedia.org/wiki/Deep_plantar_artery; https://en.wikipedia.org/wiki/Deep_palmar_branch_of_ulnar_artery; https://en.wikipedia.org/wiki/Superior_suprarenal_artery; https://en.wikipedia.org/wiki/Inferior_rectal_artery; https://www.healthline.com/human-body-maps/deep-temporal-veins#1; https://en.wikipedia.org/wiki/Posterior_inferior_cerebellar_artery; https://www.kenhub.com/en/library/anatomy/thoracoacromial-artery; https://en.wikipedia.org/wiki/Costocervical_trunk; https://radiopaedia.org/articles/superficial-femoral-artery; https://www.imaios.com/en/e-Anatomy/Anatomical-Parts/Accessory-vertebral-vein; https://en.wikipedia.org/wiki/Uterine_veins; https://en.wikipedia.org/wiki/Descending_branch_of_occipital_artery; https://en.wikipedia.org/wiki/Helicine_arteries_of_penis; https://en.wikipedia.org/wiki/Subclavian_artery; https://en.wikipedia.org/wiki/Angular_vein; https://en.wikipedia.org/wiki/Vesical_veins; https://en.wikipedia.org/wiki/Central_veins_of_liver; https://en.wikipedia.org/wiki/Lateral_thoracic_artery; https://en.wikipedia.org/wiki/Inferior_suprarenal_artery; https://en.wikipedia.org/wiki/Recurrent_artery_of_Heubner; https://www.ncbi.nlm.nih.gov/books/NBK546657/; https://en.wikipedia.org/wiki/Tibial-fibular_trunk; https://en.wikipedia.org/wiki/Caroticotympanic_arteries; https://doi.org/10.1227/01.neu.0000303217.53607.d9; https://en.wikipedia.org/wiki/External_carotid_artery; https://en.wikipedia.org/wiki/Common_interosseous_artery; https://en.wikipedia.org/wiki/Lingual_veins; https://en.wikipedia.org/wiki/Internal_thoracic_artery; https://en.wikipedia.org/wiki/Portal_vein; https://en.wikipedia.org/wiki/Anterior_ulnar_recurrent_artery; https://en.wikipedia.org/wiki/Superior_rectal_vein; https://pubmed.ncbi.nlm.nih.gov/9932327/; https://en.wikipedia.org/wiki/Left_gastroepiploic_vein; https://en.wikipedia.org/wiki/Left_colic_vein; https://en.wikipedia.org/wiki/Posterior_tibial_vein; https://www.kenhub.com/en/library/anatomy/occipital-artery; https://en.wikipedia.org/wiki/Cystic_vein; https://en.wikipedia.org/wiki/Palmar_carpal_branch_of_radial_artery; https://en.wikipedia.org/wiki/Facial_vein; https://en.wikipedia.org/wiki/Inferior_mesenteric_vein; https://en.wikipedia.org/wiki/Sigmoid_sinus; https://en.wikipedia.org/wiki/Splenic_vein; https://en.wikipedia.org/wiki/Basal_vein; https://en.wikipedia.org/wiki/Lumbar_branch_of_iliolumbar_artery; https://en.wikipedia.org/wiki/Anterior_lateral_malleolar_artery; https://en.wikipedia.org/wiki/Renal_artery; https://en.wikipedia.org/wiki/Superior_mesenteric_artery; https://en.wikipedia.org/wiki/Inferior_phrenic_arteries; https://doi.org/10.1111/j.1469-7580.2009.01199.x; https://www.healthline.com/human-body-maps/colic-branch-of-the-ileocolic-artery; https://en.wikipedia.org/wiki/Ileal_branch_of_ileocolic_artery; https://en.wikipedia.org/wiki/Medial_tarsal_arteries; https://en.wikipedia.org/wiki/Common_hepatic_artery; https://en.wikipedia.org/wiki/Posterior_tibial_recurrent_artery; https://en.wikipedia.org/wiki/Spiral_artery; https://www.healthline.com/human-body-maps/lateral-inferior-genicular-artery#1; https://en.wikipedia.org/wiki/Axillary_vein; https://en.wikipedia.org/wiki/Ascending_branch_of_medial_circumflex_femoral_artery; https://en.wikipedia.org/wiki/Testicular_artery; https://en.wikipedia.org/wiki/Lateral_superior_genicular_artery; https://en.wikipedia.org/wiki/Testicular_vein; https://en.wikipedia.org/wiki/Pericardiacophrenic_artery; https://en.wikipedia.org/wiki/Angular_artery; https://en.wikipedia.org/wiki/Inferior_gluteal_veins; https://en.wikipedia.org/wiki/Superior_thyroid_artery; https://en.wikipedia.org/wiki/Transverse_facial_artery; https://en.wikipedia.org/wiki/Anterior_medial_malleolar_artery; https://medical-dictionary.thefreedictionary.com/transverse+facial+vein; https://en.wikipedia.org/wiki/External_pudendal_veins; https://en.wikipedia.org/wiki/Pulmonary_artery; https://en.wikipedia.org/wiki/Atrioventricular_nodal_branch; https://en.wikipedia.org/wiki/Right_colic_vein; https://en.wikipedia.org/wiki/Internal_iliac_artery; https://en.wikipedia.org/wiki/Cystic_artery; https://en.wikipedia.org/wiki/Interlobular_veins; https://en.wikipedia.org/wiki/Middle_cerebral_veins; https://en.wikipedia.org/wiki/Stellate_veins; https://en.wikipedia.org/wiki/Internal_vertebral_venous_plexuses; https://en.wikipedia.org/wiki/Proper_palmar_digital_arteries; https://en.wikipedia.org/wiki/Inferior_ulnar_collateral_artery; https://en.wikipedia.org/wiki/Anterior_auricular_branches; https://en.wikipedia.org/wiki/Perineal_artery; https://ijcrr.com/uploads/759_pdf.pdf; https://radiopaedia.org/articles/vertebral-venous-plexus-1; https://en.wikipedia.org/wiki/Brachiocephalic_vein; https://en.wikipedia.org/wiki/Renal_vein; https://en.wikipedia.org/wiki/Deep_palmar_venous_arch; https://en.wikipedia.org/wiki/Descending_palatine_artery; http://purl.obolibrary.org/obo/UBERON_0035234; https://en.wikipedia.org/wiki/Deep_dorsal_vein_of_clitoris; https://en.wikipedia.org/wiki/External_iliac_vein; https://plasticsurgerykey.com/veins-of-the-face-and-neck/; https://en.wikipedia.org/wiki/Dorsalis_pedis_artery; https://en.wikipedia.org/wiki/Posterior_vein_of_the_left_ventricle; https://en.wikipedia.org/wiki/Lingual_artery; https://doi.org/10.1067/mtc.2001.113604; https://en.wikipedia.org/wiki/Oblique_vein_of_the_left_atrium; https://en.wikipedia.org/wiki/Medial_superior_genicular_artery; https://www.vestib.com/arterial-supply.html; https://en.wikipedia.org/wiki/Circumflex_branch_of_left_coronary_artery; https://doi.org/10.26463/rjds.15_2_21; https://en.wikipedia.org/wiki/Thyrocervical_trunk; https://radiopaedia.org/articles/circumflex-artery; https://en.wikipedia.org/wiki/Medial_collateral_artery; https://en.wikipedia.org/wiki/Right_coronary_artery; https://radiopaedia.org/articles/common-femoral-artery; https://en.wikipedia.org/wiki/Posterior_superior_alveolar_artery; https://en.wikipedia.org/wiki/Artery_of_the_pterygoid_canal; https://en.wikipedia.org/wiki/Suprarenal_veins; https://www.wikiwand.com/en/Anterior_spinal_veins; https://doi.org/10.21037/cdt.2018.01.04; https://en.wikipedia.org/wiki/Transverse_cervical_artery; https://en.wikipedia.org/wiki/Anterior_cardiac_veins; https://en.wikipedia.org/wiki/Infraorbital_vein; https://en.wikipedia.org/wiki/Anterior_accessory_saphenous_vein; https://en.wikipedia.org/wiki/Middle_meningeal_artery; https://en.wikipedia.org/wiki/Internal_carotid_artery; http://radiopaedia.org/articles/orbitofrontal-artery; https://teachmeanatomy.info/neuroanatomy/vessels/venous-drainage/; https://en.wikipedia.org/wiki/Dorsal_venous_arch_of_the_foot; https://en.wikipedia.org/wiki/Descending_thoracic_aorta; https://en.wikipedia.org/wiki/Inferior_rectal_veins; http://purl.obolibrary.org/obo/UBERON_0006662; https://www.hand.theclinics.com/article/S0749-0712(19)30087-3/fulltext#secsectitle0035; https://en.wikipedia.org/wiki/Inferior_vesical_artery; https://www.kenhub.com/en/library/anatomy/veins-of-the-vertebral-column; https://www.kenhub.com/en/library/anatomy/lumbar-veins; https://radiopaedia.org/articles/calcarine-artery; https://en.wikipedia.org/wiki/Deep_circumflex_iliac_vein; https://radiopaedia.org/articles/pancreaticoduodenal-veins; https://en.wikipedia.org/wiki/Left_marginal_vein; http://purl.obolibrary.org/obo/UBERON_0036300; https://en.wikipedia.org/wiki/Pulmonary_vein; https://en.wikipedia.org/wiki/Coronary_sinus; https://en.wikipedia.org/wiki/Superficial_epigastric_vein; https://en.wikipedia.org/wiki/Small_saphenous_vein; https://en.wikipedia.org/wiki/Middle_cardiac_vein; https://en.wikipedia.org/wiki/Middle_colic_artery; https://en.wikipedia.org/wiki/Arcuate_vessels_of_uterus; https://en.wikipedia.org/wiki/Lateral_tarsal_artery; https://en.wikipedia.org/wiki/Superior_pancreaticoduodenal_artery; https://en.wikipedia.org/wiki/Lateral_circumflex_femoral_artery; https://en.wikipedia.org/wiki/Middle_rectal_veins; https://en.wikipedia.org/wiki/Sphenopalatine_artery; https://en.wikipedia.org/wiki/Dorsal_metatarsal_arteries; https://en.wikipedia.org/wiki/Superficial_temporal_artery; https://en.wikipedia.org/wiki/Occipital_branch_of_posterior_auricular_artery; https://radiologykey.com/6-pulmonary-artery-and-vein/; https://en.wikipedia.org/wiki/Anterior_tibial_recurrent_artery; https://en.wikipedia.org/wiki/Ascending_aorta; https://en.wikipedia.org/wiki/Ileocolic_artery; https://en.wikipedia.org/wiki/Anterior_tibial_vein; https://en.wikipedia.org/wiki/Thymic_veins; https://en.wikipedia.org/wiki/Vertebral_artery; https://en.wikipedia.org/wiki/Middle_suprarenal_arteries; https://en.wikipedia.org/wiki/Posterior_labial_arteries; https://en.wikipedia.org/wiki/Anterior_tibial_artery; https://en.wikipedia.org/wiki/Inferior_pancreaticoduodenal_artery; https://en.wikipedia.org/wiki/Sternocleidomastoid_branches_of_occipital_artery; https://en.wikipedia.org/wiki/Posterior_interventricular_artery; https://en.wikipedia.org/wiki/Great_saphenous_vein; http://purl.obolibrary.org/obo/UBERON_0001658; https://en.wikipedia.org/wiki/Basilic_vein; https://radiopaedia.org/articles/arterial-supply-to-the-foot; https://doi.org/10.2484/rcr.v5i3.394; https://www.kenhub.com/en/library/anatomy/posterior-auricular-artery; https://www.wikidoc.org/index.php/Left_coronary_artery; https://radiopaedia.org/articles/internal-pudendal-vein; https://en.wikipedia.org/wiki/Femoral_vein; https://en.wikipedia.org/wiki/Common_carotid_artery; https://en.wikipedia.org/wiki/Inferior_labial_artery; https://en.wikipedia.org/wiki/Common_palmar_digital_arteries; https://radiopaedia.org/articles/inferior-vesical-artery; https://radiopaedia.org/articles/profunda-femoris-artery; https://en.wikipedia.org/wiki/Brachial_artery; https://en.wikipedia.org/wiki/Peritubular_capillaries; https://en.wikipedia.org/wiki/Occipital_artery; https://doi.org/10.1007/s12565-018-00475-x; https://en.wikipedia.org/wiki/Internal_pudendal_veins; https://en.wikipedia.org/wiki/Popliteal_vein; https://en.wikipedia.org/wiki/Hepatic_veins; https://doi.org/10.1177/159101999600200307; https://www.kenhub.com/en/library/anatomy/prostatic-venous-plexus; https://radiopaedia.org/articles/venous-drainage-of-the-thoracic-wall; https://doi.org/10.1016/j.wneu.2018.12.071; https://radiopaedia.org/articles/musculophrenic-artery; PMID:12169487; https://en.wikipedia.org/wiki/Anterior_cerebral_artery; https://en.wikipedia.org/wiki/Plantar_arch; https://en.wikipedia.org/wiki/Superior_phrenic_arteries; https://en.wikipedia.org/wiki/Masseteric_artery; https://en.wikipedia.org/wiki/Internal_thoracic_vein; https://en.wikipedia.org/wiki/Left_gastric_vein; https://en.wikipedia.org/wiki/Uterine_venous_plexus; https://en.wikipedia.org/wiki/Dorsal_metatarsal_veins; https://en.wikipedia.org/wiki/Superior_anastomotic_vein; https://en.wikipedia.org/wiki/Common_iliac_vein; https://en.wikipedia.org/wiki/Plantar_digital_veins; https://en.wikipedia.org/wiki/Posterior_intercostal_veins; https://en.wikipedia.org/wiki/Inferior_phrenic_vein; https://www.kenhub.com/en/library/anatomy/left-colic-artery; https://en.wikipedia.org/wiki/Internal_pudendal_artery; https://en.wikipedia.org/wiki/Pampiniform_plexus; https://en.wikipedia.org/wiki/Common_iliac_artery; https://doi.org/10.1016/j.ejvs.2005.10.022; https://doi.org/10.3400/avd.AVDoa07004; https://en.wikipedia.org/wiki/Medial_marginal_vein; https://en.wikipedia.org/wiki/Anterior_ethmoidal_artery; https://en.wikipedia.org/wiki/Superior_rectal_artery; https://en.wikipedia.org/wiki/Deep_cervical_vein; http://purl.obolibrary.org/obo/UBERON_0006690; https://en.wikipedia.org/wiki/Lumbar_arteries; https://en.wikipedia.org/wiki/Uterine_artery; https://en.wikipedia.org/wiki/Anterior_inferior_cerebellar_artery; https://en.wikipedia.org/wiki/Sinoatrial_nodal_artery; https://en.wikipedia.org/wiki/Thymic_branches_of_internal_thoracic_artery; https://doi.org/10.1152/japplphysiol.01177.2009; https://en.wikipedia.org/wiki/Fibular_veins; https://en.wikipedia.org/wiki/Plantar_venous_arch; https://en.wikipedia.org/wiki/Inferior_vena_cava; https://en.wikipedia.org/wiki/Medial_plantar_artery; https://en.wikipedia.org/wiki/Right_colic_artery; https://en.wikipedia.org/wiki/Superior_gluteal_veins; https://en.wikipedia.org/wiki/Transverse_sinuses; https://en.wikipedia.org/wiki/Artery_of_bulb_of_vestibule; PMID:32119400; https://en.wikipedia.org/wiki/Palmar_metacarpal_arteries; https://en.wikipedia.org/wiki/Anterior_humeral_circumflex_artery; https://en.wikipedia.org/wiki/Bronchial_artery; https://en.wikipedia.org/wiki/Princeps_pollicis_artery; https://en.wikipedia.org/wiki/Inferior_gluteal_artery; https://doi.org/10.1148/rg.2019180195; https://en.wikipedia.org/wiki/Meningeal_branch_of_occipital_artery; https://en.wikipedia.org/wiki/Efferent_arteriole; https://en.wikipedia.org/wiki/Inferior_sagittal_sinus; https://en.wikipedia.org/wiki/Dorsal_carpal_branch_of_the_radial_artery; https://en.wikipedia.org/wiki/Descending_genicular_artery; https://en.wikipedia.org/wiki/Colic_branch_of_ileocolic_artery; https://radiopaedia.org/articles/anterior-intercostal-arteries; https://radiopaedia.org/articles/superficial-epigastric-artery; https://www.wheelessonline.com/joints/knee/descending-genicular-branch-of-superficial-femoral-artery/; https://en.wikipedia.org/wiki/Facial_artery; http://purl.obolibrary.org/obo/UBERON_0003468; https://en.wikipedia.org/wiki/Jejunal_veins; https://en.wikipedia.org/wiki/Right_marginal_branch_of_right_coronary_artery; https://en.wikipedia.org/wiki/Posterior_scrotal_arteries; http://purl.obolibrary.org/obo/UBERON_0006656; https://doi.org/10.1053/j.sult.2016.05.008; https://en.wikipedia.org/wiki/Superior_ophthalmic_vein; https://en.wikipedia.org/wiki/Vorticose_veins; https://en.wikipedia.org/wiki/Inferior_thyroid_artery; https://en.wikipedia.org/wiki/Azygos_vein; https://en.wikipedia.org/wiki/Anterior_interosseous_artery; https://en.wikipedia.org/wiki/Jejunal_arteries; https://en.wikipedia.org/wiki/Liver_sinusoid; https://en.wikipedia.org/wiki/Vasa_recta_(intestines); https://www.kenhub.com/en/library/anatomy/blood-supply-of-the-spinal-cord; https://radiopaedia.org/articles/jejunal-and-ileal-branches-of-the-superior-mesenteric-artery; https://www.ncbi.nlm.nih.gov/books/NBK560912/; https://en.wikipedia.org/wiki/Celiac_artery; https://en.wikipedia.org/wiki/Lateral_palpebral_arteries; https://en.wikipedia.org/wiki/Ascending_palatine_artery; https://en.wikipedia.org/wiki/Cephalic_vein; https://en.wikipedia.org/wiki/Central_retinal_artery; https://en.wikipedia.org/wiki/Internal_iliac_vein; https://en.wikipedia.org/wiki/Pterygoid_branches_of_maxillary_artery; https://en.wikipedia.org/wiki/Auricular_branch_of_posterior_auricular_artery; https://en.wikipedia.org/wiki/Iliolumbar_vein; https://en.wikipedia.org/wiki/Greater_palatine_artery; https://en.wikipedia.org/wiki/Cremasteric_artery; https://en.wikipedia.org/wiki/Bronchial_veins; https://en.wikipedia.org/wiki/Lateral_marginal_vein; https://en.wikipedia.org/wiki/Posterior_ulnar_recurrent_artery; https://en.wikipedia.org/wiki/Inferior_epigastric_vein; https://neupsykey.com/the-external-carotid-artery-and-extracranial-circulation/; https://en.wikipedia.org/wiki/Posterior_auricular_artery; https://en.wikipedia.org/wiki/Lateral_sacral_veins; https://en.wikipedia.org/wiki/Gastroduodenal_artery; https://en.wikipedia.org/wiki/Dorsal_digital_veins_of_the_foot; https://radiopaedia.org/articles/labyrinthine-artery; https://doi.org/10.15562/bmj.v9i2.1812; https://epomedicine.com/medical-students/surgical-anatomy-stomach/; https://en.wikipedia.org/wiki/Anterior_spinal_veins; https://doi.org/10.12659/MSM.883201; https://www.flandershealth.us/chronic-pancreatitis/microcirculation-of-the-pancreas.html; https://en.wikipedia.org/wiki/Long_posterior_ciliary_arteries; https://en.wikipedia.org/wiki/Smallest_cardiac_veins; http://purl.obolibrary.org/obo/UBERON_0001362; https://en.wikipedia.org/wiki/Stapedial_branch_of_posterior_auricular_artery; https://radiopaedia.org/articles/transverse-pancreatic-artery; https://en.wikipedia.org/wiki/Brachiocephalic_artery; https://en.wikipedia.org/wiki/Small_cardiac_vein; https://en.wikipedia.org/wiki/Radial_collateral_artery; https://en.wikipedia.org/wiki/Basilar_artery; https://en.wikipedia.org/wiki/Hepatic_artery_proper; https://en.wikipedia.org/wiki/Nasofrontal_vein; https://en.wikipedia.org/wiki/Superior_ulnar_collateral_artery; https://www.kenhub.com/en/library/anatomy/anterior-jugular-vein; https://en.wikipedia.org/wiki/Supraorbital_vein; https://en.wikipedia.org/wiki/Superficial_temporal_vein; https://en.wikipedia.org/wiki/Subcostal_arteries; http://purl.obolibrary.org/obo/UBERON_0001659; https://en.wikipedia.org/wiki/Infraorbital_artery; https://en.wikipedia.org/wiki/Posterior_ethmoidal_artery; https://doi.org/10.1007/s00441-008-0706-5; https://en.wikipedia.org/wiki/Inferior_alveolar_artery; https://www.imaios.com/en/e-Anatomy/Anatomical-Parts/Superior-palpebral-veins; https://www.anatomy.net/angular-vein; https://en.wikipedia.org/wiki/Paramedian_arteries; https://en.wikipedia.org/wiki/Retromandibular_vein; https://en.wikipedia.org/wiki/Radial_artery; https://en.wikipedia.org/wiki/Interlobar_veins; https://en.wikipedia.org/wiki/Dorsal_carpal_arch; https://en.wikipedia.org/wiki/Superior_thyroid_vein; https://en.wikipedia.org/wiki/Middle_genicular_artery; https://en.wikipedia.org/wiki/Fibular_artery; https://en.wikipedia.org/wiki/Internal_jugular_vein; https://en.wikipedia.org/wiki/Short_posterior_ciliary_arteries; https://en.wikipedia.org/wiki/Median_sacral_vein; https://en.wikipedia.org/wiki/Inferior_thyroid_veins; https://en.wikipedia.org/wiki/Superior_intercostal_vein; https://en.wikipedia.org/wiki/Short_gastric_arteries; https://en.wikipedia.org/wiki/Superior_petrosal_sinus; https://doi.org/10.1016/B978-0-12-803058-5.00078-3; https://en.wikipedia.org/wiki/Superior_phrenic_vein; https://en.wikipedia.org/wiki/Jugular_venous_arch; https://teachmeanatomy.info/neck/viscera/larynx/organ/; https://en.wikipedia.org/wiki/Middle_thyroid_vein; http://purl.obolibrary.org/obo/UBERON_0013144; https://en.wikipedia.org/wiki/Common_facial_vein; https://en.wikipedia.org/wiki/Posterior_auricular_vein; https://en.wikipedia.org/wiki/Ulnar_artery; https://en.wikipedia.org/wiki/Left_gastric_artery; https://en.wikipedia.org/wiki/Maxillary_artery; https://en.wikipedia.org/wiki/Aorta; https://www.ncbi.nlm.nih.gov/pmc/articles/PMC6880211/; https://en.wikipedia.org/wiki/Glomerulus_(kidney); https://en.wikipedia.org/wiki/Artery_of_Adamkiewicz; https://en.wikipedia.org/wiki/Right_gastroepiploic_artery; https://en.wikipedia.org/wiki/Right_gastric_vein; https://en.wikipedia.org/wiki/Renal_circulation; https://en.wikipedia.org/wiki/Superior_labial_artery; https://en.wikipedia.org/wiki/Perforating_branches_of_internal_thoracic_artery; https://en.wikipedia.org/wiki/Tonsillar_branch_of_the_facial_artery; https://en.wikipedia.org/wiki/External_iliac_artery; https://en.wikipedia.org/wiki/Ileal_veins; https://en.wikipedia.org/wiki/Ileocolic_vein; https://en.wikipedia.org/wiki/Deep_auricular_artery; https://en.wikipedia.org/wiki/Trabecular_veins; https://en.wikipedia.org/wiki/Pericardiacophrenic_veins; https://en.wikipedia.org/wiki/Superior_epigastric_vein; https://en.wikipedia.org/wiki/Anterior_tympanic_artery; https://radiopaedia.org/articles/diagonal-branches-of-the-left-anterior-descending-artery; https://www.kenhub.com/en/library/anatomy/maxillary-artery; https://en.wikipedia.org/wiki/Deep_circumflex_iliac_artery; https://en.wikipedia.org/wiki/Accessory_meningeal_artery; https://www.healthline.com/human-body-maps/ascending-branch-of-the-left-colic-artery#1; https://en.wikipedia.org/wiki/Medial_circumflex_femoral_artery; https://en.wikipedia.org/wiki/Middle_colic_vein; https://en.wikipedia.org/wiki/Thalamogeniculate_artery; https://en.wikipedia.org/wiki/Superior_thoracic_artery; https://en.wikipedia.org/wiki/Middle_cerebral_artery; http://purl.obolibrary.org/obo/UBERON_0009654; https://en.wikipedia.org/wiki/Superior_mesenteric_vein; https://en.wikipedia.org/wiki/Transverse_cervical_veins; https://en.wikipedia.org/wiki/Artery_of_round_ligament_of_uterus; https://en.wikipedia.org/wiki/Intercostal_arteries; https://radiopaedia.org/articles/angular-artery-mcabranch; https://radiopaedia.org/articles/lateral-lenticulostriate-arteries; https://en.wikipedia.org/wiki/Superior_thalamostriate_vein; https://en.wikipedia.org/wiki/Sublingual_vein; https://en.wikipedia.org/wiki/Central_retinal_vein; https://en.wikipedia.org/wiki/Dorsal_venous_network_of_hand; https://en.wikipedia.org/wiki/Zygomatico-orbital_artery; https://en.wikipedia.org/wiki/Superior_labial_vein; https://en.wikipedia.org/wiki/Subscapular_artery; https://en.wikipedia.org/wiki/Inferior_labial_vein; https://en.wikipedia.org/wiki/Ophthalmic_artery; https://en.wikipedia.org/wiki/Cavernous_sinus; https://en.wikipedia.org/wiki/Inferior_petrosal_sinus; https://en.wikipedia.org/wiki/Auricular_branch_of_occipital_artery; https://en.wikipedia.org/wiki/Iliac_branch_of_iliolumbar_artery; https://doi.org/10.3171/jns.1978.49.2.0204; https://www.imaios.com/en/e-Anatomy/Anatomical-Parts/Lacrimal-vein; https://www.anatomy.net/superior-thyroid-vein; https://en.wikipedia.org/wiki/Posterior_humeral_circumflex_artery; https://en.wikipedia.org/wiki/Great_cardiac_vein; https://en.wikipedia.org/wiki/Radial_recurrent_artery; https://www.kenhub.com/en/library/anatomy/obturator-artery; https://en.wikipedia.org/wiki/Right_gastroepiploic_vein; https://en.wikipedia.org/wiki/Inferior_ophthalmic_vein; https://en.wikipedia.org/wiki/Superior_gluteal_artery; https://en.wikipedia.org/wiki/Left_colic_artery; https://en.wikipedia.org/wiki/Hyaloid_artery; https://en.wikipedia.org/wiki/Medial_palpebral_arteries; https://ranzcrpart1.fandom.com/wiki/Arterial_supply_to_brain:Ophthalmic_artery_and_branches; https://en.wikipedia.org/wiki/Posterior_cerebral_artery; https://en.wikipedia.org/wiki/Superficial_palmar_venous_arch; https://en.wikipedia.org/wiki/Suprascapular_vein; https://en.wikipedia.org/wiki/Brachial_veins; https://en.wikipedia.org/wiki/Lateral_thoracic_vein; http://purl.obolibrary.org/obo/UBERON_0004561; https://en.wikipedia.org/wiki/Trabecular_arteries; https://en.wikipedia.org/wiki/Radial_veins; https://en.wikipedia.org/wiki/Ulnar_veins; https://en.wikipedia.org/wiki/Dorsal_metacarpal_veins; https://doi.org/10.1152/ajprenal.00071.2010; https://en.wikipedia.org/wiki/Stylomastoid_artery; https://en.wikipedia.org/wiki/Posterior_spinal_artery; https://en.wikipedia.org/wiki/Median_antebrachial_vein; https://en.wikipedia.org/wiki/Subclavian_vein; https://en.wikipedia.org/wiki/Aortic_arch; https://www.kenhub.com/en/library/anatomy/femoral-vein; https://en.wikipedia.org/wiki/Anterior_superior_alveolar_arteries; https://en.wikipedia.org/wiki/Straight_sinus; https://en.wikipedia.org/wiki/Deep_lingual_vein; https://en.wikipedia.org/wiki/Splenic_artery; https://en.wikipedia.org/wiki/Dorsal_lingual_veins; https://en.wikipedia.org/wiki/Occipital_sinus; https://en.wikipedia.org/wiki/Anterior_spinal_artery; https://en.wikipedia.org/wiki/Umbilical_artery; https://en.wikipedia.org/wiki/Lateral_nasal_branch_of_facial_artery; https://en.wikipedia.org/wiki/Superior_vena_cava; https://en.wikipedia.org/wiki/Deep_temporal_arteries; https://anatomyzone.com/neuroanatomy/spinal-cord/blood-supply-to-the-spinal-cord/; https://en.wikipedia.org/wiki/Buccal_artery; https://en.wikipedia.org/wiki/Thoracoacromial_artery; https://en.wikipedia.org/wiki/Dorsal_pancreatic_artery; https://en.wikipedia.org/wiki/Glandular_branches_of_facial_artery; https://en.wikipedia.org/wiki/Inferior_anastomotic_vein; https://en.wikipedia.org/wiki/Superior_vesical_artery; https://en.wikipedia.org/wiki/External_jugular_vein; https://en.wikipedia.org/wiki/Anterior_jugular_vein; https://en.wikipedia.org/wiki/Sural_arteries; https://en.wikipedia.org/wiki/Lesser_palatine_arteries; http://purl.obolibrary.org/obo/UBERON_0002089; https://en.wikipedia.org/wiki/Posterior_external_jugular_vein; https://en.wikipedia.org/wiki/Superior_cerebellar_artery; https://en.wikipedia.org/wiki/Pontine_arteries; https://radiopaedia.org/articles/transverse-cervical-artery; https://en.wikipedia.org/wiki/Labyrinthine_artery; https://radiopaedia.org/articles/sulcal-artery?lang=us; https://en.wikipedia.org/wiki/Superior_sagittal_sinus; https://en.wikipedia.org/wiki/Inferior_cerebral_veins; https://en.wikipedia.org/wiki/Deep_palmar_arch; https://en.wikipedia.org/wiki/Cerebellar_veins; https://www.kenhub.com/en/library/anatomy/veins-of-the-brain; https://en.wikipedia.org/wiki/Great_cerebral_vein; https://en.wikipedia.org/wiki/Superior_cerebral_veins; https://en.wikipedia.org/wiki/Internal_cerebral_veins; http://purl.obolibrary.org/obo/UBERON_0036074; https://en.wikipedia.org/wiki/Maxillary_veins; https://www.dizziness-and-balance.com/anatomy/ear/vascular.html; http://purl.obolibrary.org/obo/UBERON_0010205; https://en.wikipedia.org/wiki/Inferior_mesenteric_artery; https://en.wikipedia.org/wiki/Iliolumbar_artery; https://en.wikipedia.org/wiki/Submental_artery; https://en.wikipedia.org/wiki/Lateral_sacral_artery; https://en.wikipedia.org/wiki/Superior_epigastric_artery; https://en.wikipedia.org/wiki/Esophageal_branches_of_left_gastric_artery; https://en.wikipedia.org/wiki/Dorsal_nasal_artery; https://en.wikipedia.org/wiki/Median_sacral_artery; https://en.wikipedia.org/wiki/Left_gastroepiploic_artery; https://en.wikipedia.org/wiki/Greater_pancreatic_artery; https://en.wikipedia.org/wiki/Suprascapular_artery; https://en.wikipedia.org/wiki/Thoracodorsal_artery; https://en.wikipedia.org/wiki/Occipital_vein; https://en.wikipedia.org/wiki/Pterygoid_plexus; https://medical-dictionary.thefreedictionary.com/Burow+vein; https://en.wikipedia.org/wiki/Arcuate_arteries_of_the_kidney; https://en.wikipedia.org/wiki/Palmar_carpal_branch_of_ulnar_artery; https://en.wikipedia.org/wiki/Afferent_arterioles; https://en.wikipedia.org/wiki/Interlobular_arteries; https://en.wikipedia.org/wiki/Deep_facial_vein; https://en.wikipedia.org/wiki/Superficial_palmar_branch_of_radial_artery; https://doi.org/10.1002/cphy.cp060142; https://en.wikipedia.org/wiki/Abdominal_aorta; https://www.kenhub.com/en/library/anatomy/the-cavernous-sinus; https://en.wikipedia.org/wiki/Ethmoidal_veins; https://radiopaedia.org/articles/radialis-indicis-artery; https://www.imaios.com/en/e-Anatomy/Anatomical-Parts/Anterior-ciliary-veins; https://en.wikipedia.org/wiki/Anterior_communicating_artery; https://en.wikipedia.org/wiki/Plantar_metatarsal_veins; https://en.wikipedia.org/wiki/Sigmoid_arteries; https://en.wikipedia.org/wiki/Choroid; https://en.wikipedia.org/wiki/Confluence_of_sinuses; https://en.wikipedia.org/wiki/Supratrochlear_artery; https://en.wikipedia.org/wiki/Supraorbital_artery; https://en.wikipedia.org/wiki/Superior_hypophysial_artery; https://en.wikipedia.org/wiki/Superficial_palmar_arch; https://en.wikipedia.org/wiki/Anterior_intercostal_veins; https://radiopaedia.org/articles/superior-petrosal-vein-2; https://en.wikipedia.org/wiki/Lacrimal_artery; https://en.wikipedia.org/wiki/Vertebral_vein; https://en.wikipedia.org/wiki/Supreme_intercostal_vein; https://en.wikipedia.org/wiki/Anterior_choroidal_artery; https://doi.org/10.17354/ijss/2016/337; https://en.wikipedia.org/wiki/Obturator_artery; https://en.wikipedia.org/wiki/Dorsal_carpal_branch_of_the_ulnar_artery; https://en.wikipedia.org/wiki/External_vertebral_venous_plexuses; https://www.healthline.com/human-body-maps/medial-inferior-genicular-artery#1; https://www.imaios.com/en/e-Anatomy/Anatomical-Parts/Anterior-vertebral-vein; https://radiopaedia.org/articles/appendicular-artery; https://doi.org/10.1016/B978-0-12-803062-2.00002-4; ISBN:9780323393225; https://en.wikipedia.org/wiki/Deep_cervical_artery"
"6,6",kidney loop of Henle long descending thin limb outer medulla epithelial cell (CL:4030013)[1 bg][kidney],myo-medullary thymic epithelial cell (CL:0009075)[1 bg][thymus],kidney loop of Henle thin descending limb epithelial cell (CL:1001111)[1 bg][kidney],Astro_63 astrocyte (Hsap) (PCL:0051064)[1 bg][allen-brain],kidney loop of Henle long descending thin limb inner medulla epithelial cell (CL:4030014)[1 bg][kidney],https://doi.org/10.1681/ASN.2020010071; https://doi.org/10.1152/ajprenal.2000.278.1.F52; https://doi.org/10.1101/2021.07.28.454201; https://doi.org/10.1016/j.devcel.2019.10.005; https://doi.org/10.1038/s41467-019-10861-2,https://doi.org/10.1681/ASN.2020010071; https://doi.org/10.1152/ajprenal.2000.278.1.F52; https://doi.org/10.1101/2021.07.28.454201; https://doi.org/10.1016/j.devcel.2019.10.005; https://doi.org/10.1038/s41467-019-10861-2,https://doi.org/10.1681/ASN.2020010071; https://doi.org/10.1152/ajprenal.2000.278.1.F52; https://doi.org/10.1101/2021.07.28.454201; https://doi.org/10.1016/j.devcel.2019.10.005; https://doi.org/10.1038/s41467-019-10861-2,https://doi.org/10.1681/ASN.2020010071; https://doi.org/10.1152/ajprenal.2000.278.1.F52; https://doi.org/10.1101/2021.07.28.454201; https://doi.org/10.1016/j.devcel.2019.10.005; https://doi.org/10.1038/s41467-019-10861-2,https://doi.org/10.1681/ASN.2020010071; https://doi.org/10.1152/ajprenal.2000.278.1.F52; https://doi.org/10.1101/2021.07.28.454201; https://doi.org/10.1016/j.devcel.2019.10.005; https://doi.org/10.1038/s41467-019-10861-2
"6,7",splenic endothelial cell (CL:2000053)[10 bg][spleen],follicular dendritic cell (CL:0000442)[5 bg][spleen],CD141-positive myeloid dendritic cell (CL:0002394)[4 bg][spleen; lymph-node; blood-pelvis],conventional dendritic cell (CL:0000990)[3 bg][liver; bone-marrow],CD1c-positive myeloid dendritic cell (CL:0002399)[2 bg][blood-pelvis],https://doi.org/ 10.1182/ bloodadvances.2017015073; https://doi.org/10.1182/ bloodadvances.2017015073; https://doi.org/10.1111/j.1365-2559.1986.tb02482.x; https://doi.org/10.1111/j.1365-2559.1985.tb02841.x; https://doi.org/10.1016/j.aanat.2019.05.004; https://doi.org/10.1182/bloodadvances.2017015073; https://doi.org/10.1111/imm.12469; https://doi.org/10.1007/s00418-007-0320-8,https://doi.org/ 10.1182/ bloodadvances.2017015073; https://doi.org/10.1182/ bloodadvances.2017015073; https://doi.org/10.1111/j.1365-2559.1986.tb02482.x; https://doi.org/10.1111/j.1365-2559.1985.tb02841.x; https://doi.org/10.1016/j.aanat.2019.05.004; https://doi.org/10.1182/bloodadvances.2017015073; https://doi.org/10.1111/imm.12469; https://doi.org/10.1007/s00418-007-0320-8,https://doi.org/ 10.1182/ bloodadvances.2017015073; https://doi.org/10.1182/ bloodadvances.2017015073; https://doi.org/10.1111/j.1365-2559.1986.tb02482.x; https://doi.org/10.1111/j.1365-2559.1985.tb02841.x; https://doi.org/10.1016/j.aanat.2019.05.004; https://doi.org/10.1182/bloodadvances.2017015073; https://doi.org/10.1111/imm.12469; https://doi.org/10.1007/s00418-007-0320-8,https://doi.org/ 10.1182/ bloodadvances.2017015073; https://doi.org/10.1182/ bloodadvances.2017015073; https://doi.org/10.1111/j.1365-2559.1986.tb02482.x; https://doi.org/10.1111/j.1365-2559.1985.tb02841.x; https://doi.org/10.1016/j.aanat.2019.05.004; https://doi.org/10.1182/bloodadvances.2017015073; https://doi.org/10.1111/imm.12469; https://doi.org/10.1007/s00418-007-0320-8,https://doi.org/ 10.1182/ bloodadvances.2017015073; https://doi.org/10.1182/ bloodadvances.2017015073; https://doi.org/10.1111/j.1365-2559.1986.tb02482.x; https://doi.org/10.1111/j.1365-2559.1985.tb02841.x; https://doi.org/10.1016/j.aanat.2019.05.004; https://doi.org/10.1182/bloodadvances.2017015073; https://doi.org/10.1111/imm.12469; https://doi.org/10.1007/s00418-007-0320-8
"7,0",MSN_216 indirect pathway medium spiny neuron (Hsap) (PCL:0051217)[1 bg][allen-brain],Fbl_29 fibroblast (Hsap) (PCL:0051030)[1 bg][allen-brain],Midi_437 midbrain-derived inhibitory neuron (Hsap) (PCL:0051438)[1 bg][allen-brain],VendV_17 vein endothelial cell (Hsap) (PCL:0051018)[1 bg][allen-brain],EMSN_230 medium spiny neuron (Hsap) (PCL:0051231)[1 bg][allen-brain],https://doi.org/10.1101/2022.10.12.511898,https://doi.org/10.1101/2022.10.12.511898,https://doi.org/10.1101/2022.10.12.511898,https://doi.org/10.1101/2022.10.12.511898,https://doi.org/10.1101/2022.10.12.511898
"7,1",extravillous trophoblast (CL:0008036)[9 bg][placenta],mononuclear cytotrophoblast cell (CL:0000523)[8 bg][placenta],syncytiotrophoblast cell (CL:0000525)[7 bg][placenta],erythroid lineage cell (CL:0000764)[6 bg][thymus],endovascular extravillous trophoblast cell (CL:4033063)[3 bg][placenta],PMID:8804361; https://doi.org/10.1155/2021/6662201; https://doi.org/10.1095/biolreprod.106.055244; https://doi.org/10.1093/humrep/dem265; https://doi.org/10.1053/plac.2000.0559; https://doi.org/10.1016/j.jim.2003.03.001; https://doi.org/10.1242/dev.148932; https://doi.org/10.1016/0198-8859(93)90138-Q,PMID:8804361; https://doi.org/10.1155/2021/6662201; https://doi.org/10.1095/biolreprod.106.055244; https://doi.org/10.1093/humrep/dem265; https://doi.org/10.1053/plac.2000.0559; https://doi.org/10.1016/j.jim.2003.03.001; https://doi.org/10.1242/dev.148932; https://doi.org/10.1016/0198-8859(93)90138-Q,PMID:8804361; https://doi.org/10.1155/2021/6662201; https://doi.org/10.1095/biolreprod.106.055244; https://doi.org/10.1093/humrep/dem265; https://doi.org/10.1053/plac.2000.0559; https://doi.org/10.1016/j.jim.2003.03.001; https://doi.org/10.1242/dev.148932; https://doi.org/10.1016/0198-8859(93)90138-Q,PMID:8804361; https://doi.org/10.1155/2021/6662201; https://doi.org/10.1095/biolreprod.106.055244; https://doi.org/10.1093/humrep/dem265; https://doi.org/10.1053/plac.2000.0559; https://doi.org/10.1016/j.jim.2003.03.001; https://doi.org/10.1242/dev.148932; https://doi.org/10.1016/0198-8859(93)90138-Q,PMID:8804361; https://doi.org/10.1155/2021/6662201; https://doi.org/10.1095/biolreprod.106.055244; https://doi.org/10.1093/humrep/dem265; https://doi.org/10.1053/plac.2000.0559; https://doi.org/10.1016/j.jim.2003.03.001; https://doi.org/10.1242/dev.148932; https://doi.org/10.1016/0198-8859(93)90138-Q
"7,3",monocyte (CL:0000576)[1 bg][thymus],"","","","",https://doi.org/10.1126/science.aay3224,https://doi.org/10.1126/science.aay3224,https://doi.org/10.1126/science.aay3224,https://doi.org/10.1126/science.aay3224,https://doi.org/10.1126/science.aay3224
"7,4",medullary thymic epithelial cell type 3 (CL:0009073)[5 bg][thymus],pulmonary alveolar type 1 cell (CL:0002062)[3 bg][lung],pulmonary alveolar type 2 cell (CL:0002063)[3 bg][lung],spinous cell of epidermis (CL:0000649)[2 bg][skin],keratinocyte (CL:0000312)[1 bg][skin],https://doi.org/10.1038/nature03886.; https://doi.org/10.4049/jimmunol.1002151; https://doi.org/10.1038/s41467-021-21346-6; https://doi.org/10.3791/50951; https://doi.org/10.1080/01926230600865549; https://doi.org/10.1126/science.aay3224,https://doi.org/10.1038/nature03886.; https://doi.org/10.4049/jimmunol.1002151; https://doi.org/10.1038/s41467-021-21346-6; https://doi.org/10.3791/50951; https://doi.org/10.1080/01926230600865549; https://doi.org/10.1126/science.aay3224,https://doi.org/10.1038/nature03886.; https://doi.org/10.4049/jimmunol.1002151; https://doi.org/10.1038/s41467-021-21346-6; https://doi.org/10.3791/50951; https://doi.org/10.1080/01926230600865549; https://doi.org/10.1126/science.aay3224,https://doi.org/10.1038/nature03886.; https://doi.org/10.4049/jimmunol.1002151; https://doi.org/10.1038/s41467-021-21346-6; https://doi.org/10.3791/50951; https://doi.org/10.1080/01926230600865549; https://doi.org/10.1126/science.aay3224,https://doi.org/10.1038/nature03886.; https://doi.org/10.4049/jimmunol.1002151; https://doi.org/10.1038/s41467-021-21346-6; https://doi.org/10.3791/50951; https://doi.org/10.1080/01926230600865549; https://doi.org/10.1126/science.aay3224
"7,5",luminal epithelial cell (ASCTB-TEMP:luminal-epithelial-cell)[36 bg][uterus],glandular epithelial cell (ASCTB-TEMP:glandular-epithelial-cell)[36 bg][uterus],ciliated epithelial cell (ASCTB-TEMP:ciliated-epithelial-cell)[18 bg][uterus],SOX9+ epithelial cell (ASCTB-TEMP:sox9-epithelial-cell)[18 bg][uterus],paneth cell of colon (CL:0009009)[11 bg][large-intestine],https://doi.org/10.1101/2021.01.02.425073,https://doi.org/10.1101/2021.01.02.425073,https://doi.org/10.1101/2021.01.02.425073,https://doi.org/10.1101/2021.01.02.425073,https://doi.org/10.1101/2021.01.02.425073
"7,6",syncytiotrophoblast cell (CL:0000525)[21 bg][placenta],mononuclear cytotrophoblast cell (CL:0000523)[8 bg][placenta],pulmonary alveolar type 2 cell (CL:0002063)[3 bg][lung],Splat_424 neuron (Hsap) (PCL:0051425)[1 bg][allen-brain],Exc L2-3 RORB CCDC68 primary motor cortex glutamatergic neuron (Hsap) (PCL:0015080)[1 bg][allen-brain],https://doi.org/10.1095/biolreprod.106.055244; https://doi.org/10.1056/NEJM197007232830408; https://doi.org/10.1053/plac.2000.0559; https://doi.org/10.1016/S0143-4004(05)80438-2; https://doi.org/10.1016/j.jim.2003.03.001; https://doi.org/10.1146/annurev.bi.50.070181.002341; https://doi.org/10.1007/BF01628222,https://doi.org/10.1095/biolreprod.106.055244; https://doi.org/10.1056/NEJM197007232830408; https://doi.org/10.1053/plac.2000.0559; https://doi.org/10.1016/S0143-4004(05)80438-2; https://doi.org/10.1016/j.jim.2003.03.001; https://doi.org/10.1146/annurev.bi.50.070181.002341; https://doi.org/10.1007/BF01628222,https://doi.org/10.1095/biolreprod.106.055244; https://doi.org/10.1056/NEJM197007232830408; https://doi.org/10.1053/plac.2000.0559; https://doi.org/10.1016/S0143-4004(05)80438-2; https://doi.org/10.1016/j.jim.2003.03.001; https://doi.org/10.1146/annurev.bi.50.070181.002341; https://doi.org/10.1007/BF01628222,https://doi.org/10.1095/biolreprod.106.055244; https://doi.org/10.1056/NEJM197007232830408; https://doi.org/10.1053/plac.2000.0559; https://doi.org/10.1016/S0143-4004(05)80438-2; https://doi.org/10.1016/j.jim.2003.03.001; https://doi.org/10.1146/annurev.bi.50.070181.002341; https://doi.org/10.1007/BF01628222,https://doi.org/10.1095/biolreprod.106.055244; https://doi.org/10.1056/NEJM197007232830408; https://doi.org/10.1053/plac.2000.0559; https://doi.org/10.1016/S0143-4004(05)80438-2; https://doi.org/10.1016/j.jim.2003.03.001; https://doi.org/10.1146/annurev.bi.50.070181.002341; https://doi.org/10.1007/BF01628222
"7,7",VendA_18 endothelial cell of artery (Hsap) (PCL:0051019)[1 bg][allen-brain],Vsmc_19 brain vascular cell (Hsap) (PCL:0051020)[1 bg][allen-brain],VendVC_16 capillary endothelial cell (Hsap) (PCL:0051017)[1 bg][allen-brain],VendC_15 capillary endothelial cell (Hsap) (PCL:0051016)[1 bg][allen-brain],"",https://doi.org/10.1101/2022.10.12.511898,https://doi.org/10.1101/2022.10.12.511898,https://doi.org/10.1101/2022.10.12.511898,https://doi.org/10.1101/2022.10.12.511898,https://doi.org/10.1101/2022.10.12.511898
"7,8",reticular cell of splenic cord (CL:1000489)[3 bg][spleen],alveolar type 1 fibroblast cell (CL:4028004)[2 bg][lung],medullary thymic epithelial cell type 1 (CL:0009071)[1 bg][thymus],hepatocyte (CL:0000182)[1 bg][liver],parietal epithelial cell (CL:1000452)[1 bg][kidney],https://doi.org/10.55418/9781933477060.; https://doi.org/10.1111/imm.12469; https://doi.org/10.1038/s41467-019-09728-3,https://doi.org/10.55418/9781933477060.; https://doi.org/10.1111/imm.12469; https://doi.org/10.1038/s41467-019-09728-3,https://doi.org/10.55418/9781933477060.; https://doi.org/10.1111/imm.12469; https://doi.org/10.1038/s41467-019-09728-3,https://doi.org/10.55418/9781933477060.; https://doi.org/10.1111/imm.12469; https://doi.org/10.1038/s41467-019-09728-3,https://doi.org/10.55418/9781933477060.; https://doi.org/10.1111/imm.12469; https://doi.org/10.1038/s41467-019-09728-3
"8,0",luminal epithelial cell (ASCTB-TEMP:luminal-epithelial-cell)[36 bg][uterus],glandular epithelial cell (ASCTB-TEMP:glandular-epithelial-cell)[36 bg][uterus],ciliated epithelial cell (ASCTB-TEMP:ciliated-epithelial-cell)[18 bg][uterus],SOX9+ epithelial cell (ASCTB-TEMP:sox9-epithelial-cell)[18 bg][uterus],lymphocyte (ASCTB-TEMP:lymphocyte)[18 bg][uterus],https://doi.org/10.1101/2021.01.02.425073,https://doi.org/10.1101/2021.01.02.425073,https://doi.org/10.1101/2021.01.02.425073,https://doi.org/10.1101/2021.01.02.425073,https://doi.org/10.1101/2021.01.02.425073
"8,1",Mgl_10 microglial cell (Hsap) (PCL:0051011)[1 bg][allen-brain],Splat_344 neuron (Hsap) (PCL:0051345)[1 bg][allen-brain],CGE_279 VIP GABAergic cortical interneuron (Hsap) (PCL:0051280)[1 bg][allen-brain],"","",https://doi.org/10.1101/2022.10.12.511898,https://doi.org/10.1101/2022.10.12.511898,https://doi.org/10.1101/2022.10.12.511898,https://doi.org/10.1101/2022.10.12.511898,https://doi.org/10.1101/2022.10.12.511898
"8,2",T follicular helper cell (CL:0002038)[1 bg][thymus],"CD4-positive, alpha-beta memory T cell (CL:0000897)[1 bg][thymus]","","","",https://doi.org/10.1126/science.aay3224,https://doi.org/10.1126/science.aay3224,https://doi.org/10.1126/science.aay3224,https://doi.org/10.1126/science.aay3224,https://doi.org/10.1126/science.aay3224
"8,3",neuron (CL:0000540)[1 bg][spinal-cord],Exc L5 THEMIS VILL primary motor cortex glutamatergic neuron (Hsap) (PCL:0015085)[1 bg][allen-brain],immature NK T cell (CL:0000914)[1 bg][thymus],EMSN_232 medium spiny neuron (Hsap) (PCL:0051233)[1 bg][allen-brain],endothelial cell of lymphatic vessel (CL:0002138)[1 bg][thymus],https://doi.org/10.1016/j.neuron.2023.01.007,https://doi.org/10.1016/j.neuron.2023.01.007,https://doi.org/10.1016/j.neuron.2023.01.007,https://doi.org/10.1016/j.neuron.2023.01.007,https://doi.org/10.1016/j.neuron.2023.01.007
"8,4",innate lymphoid cell (ASCTB-TEMP:innate-lymphoid-cell)[18 bg][uterus],T cell (ASCTB-TEMP:t-cell)[18 bg][uterus],B cell (ASCTB-TEMP:b-cell)[18 bg][uterus],plasmablast (CL:0000980)[5 bg][spleen; lymph-node],skin fibroblast (CL:0002620)[2 bg][skin],https://doi.org/10.1101/2021.01.02.425073,https://doi.org/10.1101/2021.01.02.425073,https://doi.org/10.1101/2021.01.02.425073,https://doi.org/10.1101/2021.01.02.425073,https://doi.org/10.1101/2021.01.02.425073
"8,5",thymic macrophage (CL:0000866)[3 bg][thymus],lung pericyte (CL:0009089)[3 bg][lung],myofibroblast cell (CL:0000186)[3 bg][spleen],alveolar type 1 fibroblast cell (CL:4028004)[3 bg][lung],alveolar adventitial fibroblast (CL:4028006)[3 bg][lung],https://doi.org/10.1016/j.imbio.2008.07.032; https://doi.org/10.1016/s0065-2776(08)60900-1; https://doi.org/10.1016/j.imbio.2008.07.032.; https://doi.org/10.1126/science.aay3224,https://doi.org/10.1016/j.imbio.2008.07.032; https://doi.org/10.1016/s0065-2776(08)60900-1; https://doi.org/10.1016/j.imbio.2008.07.032.; https://doi.org/10.1126/science.aay3224,https://doi.org/10.1016/j.imbio.2008.07.032; https://doi.org/10.1016/s0065-2776(08)60900-1; https://doi.org/10.1016/j.imbio.2008.07.032.; https://doi.org/10.1126/science.aay3224,https://doi.org/10.1016/j.imbio.2008.07.032; https://doi.org/10.1016/s0065-2776(08)60900-1; https://doi.org/10.1016/j.imbio.2008.07.032.; https://doi.org/10.1126/science.aay3224,https://doi.org/10.1016/j.imbio.2008.07.032; https://doi.org/10.1016/s0065-2776(08)60900-1; https://doi.org/10.1016/j.imbio.2008.07.032.; https://doi.org/10.1126/science.aay3224
"8,6",transitional stage B cell (CL:0000818)[2 bg][blood-pelvis; bone-marrow],plasma cell (CL:0000786)[1 bg][thymus],"","","",https://doi.org/10.1073/pnas.172384399,https://doi.org/10.1073/pnas.172384399,https://doi.org/10.1073/pnas.172384399,https://doi.org/10.1073/pnas.172384399,https://doi.org/10.1073/pnas.172384399
