asctb_table,record_number,as_label,as,cell_label,cell_id,matched_genes,matched_gene_count,gene_symbols,hgnc_ids,references
allen-brain,584,brain,http://purl.obolibrary.org/obo/UBERON_0000955,Midi_437 midbrain-derived inhibitory neuron (Hsap),PCL:0051438,BMPR1B,1,RORB; BMPR1B; OTX2-AS1; CH17-174L20.1,HGNC:10259; HGNC:1077; HGNC:43906; ASCTB-TEMP:ch17-174l20-1,https://doi.org/10.1101/2022.10.12.511898
allen-brain,586,brain,http://purl.obolibrary.org/obo/UBERON_0000955,Midi_439 midbrain-derived inhibitory neuron (Hsap),PCL:0051440,PRSS12,1,SEMA3C; OTX2-AS1; LINC02055; PRSS12,HGNC:10725; HGNC:43906; HGNC:52895; HGNC:9477,https://doi.org/10.1101/2022.10.12.511898
allen-brain,596,thalamus,https://purl.org/ccf/ASCTB-TEMP_thalamus,Thex_449 thalamic excitatory neuron (Hsap),PCL:0051450,EDNRB,1,CASQ2; EDNRB; NTS,HGNC:1513; HGNC:3180; HGNC:8038,https://doi.org/10.1101/2022.10.12.511898
allen-brain,598,thalamus,https://purl.org/ccf/ASCTB-TEMP_thalamus,Thex_451 thalamic excitatory neuron (Hsap),PCL:0051452,CD226,1,CASQ2; CD226; AC092684.1,HGNC:1513; HGNC:16961; ASCTB-TEMP:ac092684-1,https://doi.org/10.1101/2022.10.12.511898
allen-brain,589,thalamus,https://purl.org/ccf/ASCTB-TEMP_thalamus,Midi_442 midbrain-derived inhibitory neuron (Hsap),PCL:0051443,CASR,1,CASR; TSPAN12; NPSR1,HGNC:1514; HGNC:21641; HGNC:23631,https://doi.org/10.1101/2022.10.12.511898
allen-brain,609,primary motor cortex,http://purl.obolibrary.org/obo/UBERON_0001384,Inh L1 LAMP5 RAB11FIP1 primary motor cortex GABAergic interneuron (Hsap),PCL:0015002,FREM1,1,ADAMTS20; FREM1,HGNC:17178; HGNC:23399,https://doi.org/10.1038/s41586-021-03465-8
allen-brain,582,brain,http://purl.obolibrary.org/obo/UBERON_0000955,Midi_435 midbrain-derived inhibitory neuron (Hsap),PCL:0051436,LTBP1,1,TRPC7; NPSR1; NR2F2-AS1; LTBP1,HGNC:20754; HGNC:23631; HGNC:44222; HGNC:6714,https://doi.org/10.1101/2022.10.12.511898
allen-brain,606,gray matter of forebrain,http://purl.obolibrary.org/obo/UBERON_0019264,Thex_459 thalamic excitatory neuron (Hsap),PCL:0051460,RNF220,1,SLITRK6; RNF220; MCUB,HGNC:23503; HGNC:25552; HGNC:26076,https://doi.org/10.1101/2022.10.12.511898
allen-brain,613,primary motor cortex,http://purl.obolibrary.org/obo/UBERON_0001384,Inh L5-6 LAMP5 CRABP1 primary motor cortex GABAergic interneuron (Hsap),PCL:0015006,PDGFD,1,PDGFD,HGNC:30620,https://doi.org/10.1038/s41586-021-03465-8
allen-brain,595,thalamus,https://purl.org/ccf/ASCTB-TEMP_thalamus,Thex_448 thalamic excitatory neuron (Hsap),PCL:0051449,NDRG1,1,ETV1; NDRG1,HGNC:3490; HGNC:7679,https://doi.org/10.1101/2022.10.12.511898
allen-brain,558,hypothalamus,http://purl.obolibrary.org/obo/UBERON_0001898,Splat_411 neuron (Hsap),PCL:0051412,PDE3A,1,RORB; PPP1R17; PDE3A,HGNC:10259; HGNC:16973; HGNC:8778,https://doi.org/10.1101/2022.10.12.511898
allen-brain,566,gray matter of forebrain,http://purl.obolibrary.org/obo/UBERON_0019264,Amex_419 amygdala excitatory neuron (Hsap),PCL:0051420,PTH2R,1,SCN5A; CARM1P1; NR2F2-AS1; PTH2R; CTC-552D5.1,HGNC:10593; HGNC:23392; HGNC:44222; HGNC:9609; ASCTB-TEMP:ctc-552d5-1,https://doi.org/10.1101/2022.10.12.511898
allen-brain,573,gray matter of forebrain,http://purl.obolibrary.org/obo/UBERON_0019264,EMSN_426 medium spiny neuron (Hsap),PCL:0051427,MEIS1,1,TSHZ1; MEIS1; RP11-537P24.1,HGNC:10669; HGNC:7000; ASCTB-TEMP:rp11-537p24-1,https://doi.org/10.1101/2022.10.12.511898
allen-brain,548,gray matter of forebrain,http://purl.obolibrary.org/obo/UBERON_0019264,Misc_401 neuron of the forebrain (Hsap),PCL:0051402,CCBE1,1,SOX11; CCBE1; NR2F2-AS1,HGNC:11191; HGNC:29426; HGNC:44222,https://doi.org/10.1101/2022.10.12.511898
allen-brain,556,gray matter of forebrain,http://purl.obolibrary.org/obo/UBERON_0019264,Splat_409 neuron (Hsap),PCL:0051410,ST18,1,TAC3; ST18; GLP1R,HGNC:11521; HGNC:18695; HGNC:4324,https://doi.org/10.1101/2022.10.12.511898
allen-brain,555,gray matter of forebrain,http://purl.obolibrary.org/obo/UBERON_0019264,Amex_408 amygdala excitatory neuron (Hsap),PCL:0051409,RELN,1,HPSE2; EOMES; RELN,HGNC:18374; HGNC:3372; HGNC:9957,https://doi.org/10.1101/2022.10.12.511898
allen-brain,576,gray matter of forebrain,http://purl.obolibrary.org/obo/UBERON_0019264,Splat_429 neuron (Hsap),PCL:0051430,PRDM16,1,PRDM16; FREM2; MYO5B,HGNC:14000; HGNC:25396; HGNC:7603,https://doi.org/10.1101/2022.10.12.511898
allen-brain,562,brain,http://purl.obolibrary.org/obo/UBERON_0000955,Splat_415 neuron (Hsap),PCL:0051416,GNAS,1,PEG10; GNAS,HGNC:14005; HGNC:4392,https://doi.org/10.1101/2022.10.12.511898
allen-brain,569,brain,http://purl.obolibrary.org/obo/UBERON_0000955,Splat_422 neuron (Hsap),PCL:0051423,ADARB2,1,PEG10; LHX6; ADARB2; TMEM255A,HGNC:14005; HGNC:21735; HGNC:227; HGNC:26086,https://doi.org/10.1101/2022.10.12.511898
allen-brain,575,brain,http://purl.obolibrary.org/obo/UBERON_0000955,Splat_428 neuron (Hsap),PCL:0051429,STK32B,1,STK32B; FREM2; RP11-649A16.1,HGNC:14217; HGNC:25396; ASCTB-TEMP:rp11-649a16-1,https://doi.org/10.1101/2022.10.12.511898
allen-brain,572,gray matter of forebrain,http://purl.obolibrary.org/obo/UBERON_0019264,Splat_425 neuron (Hsap),PCL:0051426,ESR1,1,LHX6; ESR1; NR2F2-AS1; SATB1-AS1,HGNC:21735; HGNC:3467; HGNC:44222; HGNC:50687,https://doi.org/10.1101/2022.10.12.511898
allen-brain,651,primary motor cortex,http://purl.obolibrary.org/obo/UBERON_0001384,Inh L5-6 PVALB SST CRHR2 primary motor cortex GABAergic interneuron (Hsap),PCL:0015044,HPGD,1,RGS5; SPON1; HPGD,HGNC:10001; HGNC:11252; HGNC:5154,https://doi.org/10.1038/s41586-021-03465-8
allen-brain,684,primary motor cortex,http://purl.obolibrary.org/obo/UBERON_0001384,Exc L2-3 LINC00507 DSG3 primary motor cortex glutamatergic neuron (Hsap),PCL:0015077,BMPR1B,1,BDNF; BMPR1B,HGNC:1033; HGNC:1077,https://doi.org/10.1038/s41586-021-03465-8
allen-brain,676,primary motor cortex,http://purl.obolibrary.org/obo/UBERON_0001384,Inh L5-6 PVALB GAPDHP60 primary motor cortex GABAergic interneuron (Hsap),PCL:0015069,GPC5,1,SEMA3C; GPC5; MYBPC1,HGNC:10725; HGNC:4453; HGNC:7549,https://doi.org/10.1038/s41586-021-03465-8
allen-brain,653,primary motor cortex,http://purl.obolibrary.org/obo/UBERON_0001384,Inh L3-5 SST GGTLC3 primary motor cortex GABAergic interneuron (Hsap),PCL:0015046,RELN,1,EYS; RELN,HGNC:21555; HGNC:9957,https://doi.org/10.1038/s41586-021-03465-8
allen-brain,652,primary motor cortex,http://purl.obolibrary.org/obo/UBERON_0001384,Inh L3-5 SST OR5AH1P primary motor cortex GABAergic interneuron (Hsap),PCL:0015045,FBXL7,1,SST; FBXL7; ADAMTS5,HGNC:11329; HGNC:13604; HGNC:221,https://doi.org/10.1038/s41586-021-03465-8
allen-brain,678,primary motor cortex,http://purl.obolibrary.org/obo/UBERON_0001384,Inh L5-6 PVALB MEPE primary motor cortex GABAergic interneuron (Hsap),PCL:0015071,SVIL,1,SVIL; MEPE; MYBPC1,HGNC:11480; HGNC:13361; HGNC:7549,https://doi.org/10.1038/s41586-021-03465-8
allen-brain,658,primary motor cortex,http://purl.obolibrary.org/obo/UBERON_0001384,Inh L1-3 SST FAM20A primary motor cortex GABAergic interneuron (Hsap),PCL:0015051,PCSK5,1,TAC1; PCSK5,HGNC:11517; HGNC:8747,https://doi.org/10.1038/s41586-021-03465-8
allen-brain,667,primary motor cortex,http://purl.obolibrary.org/obo/UBERON_0001384,Inh L5-6 PVALB ZFPM2-AS1 primary motor cortex GABAergic interneuron (Hsap),PCL:0015060,PCDH15,1,PCDH15; SEMA6D; ZFPM2-AS1,HGNC:14674; HGNC:16770; HGNC:50698,https://doi.org/10.1038/s41586-021-03465-8
allen-brain,654,primary motor cortex,http://purl.obolibrary.org/obo/UBERON_0001384,Inh L2-3 SST NMU primary motor cortex GABAergic interneuron (Hsap),PCL:0015047,PIEZO2,1,HPSE2; PIEZO2; NOS1,HGNC:18374; HGNC:26270; HGNC:7872,https://doi.org/10.1038/s41586-021-03465-8
allen-brain,672,primary motor cortex,http://purl.obolibrary.org/obo/UBERON_0001384,Inh L3 PVALB SAMD13 primary motor cortex GABAergic interneuron (Hsap),PCL:0015065,SULF1,1,SULF1,HGNC:20391,https://doi.org/10.1038/s41586-021-03465-8
allen-brain,680,primary motor cortex,http://purl.obolibrary.org/obo/UBERON_0001384,Exc L2 LAMP5 KCNG3 primary motor cortex glutamatergic neuron (Hsap),PCL:0015073,SAMD3,1,SAMD3; FAM163A,HGNC:21574; HGNC:28274,https://doi.org/10.1038/s41586-021-03465-8
allen-brain,679,primary motor cortex,http://purl.obolibrary.org/obo/UBERON_0001384,Inh L1-6 PVALB COL15A1 primary motor cortex GABAergic interneuron (Hsap),PCL:0015072,NPNT,1,COL15A1; NPNT,HGNC:2192; HGNC:27405,https://doi.org/10.1038/s41586-021-03465-8
allen-brain,668,primary motor cortex,http://purl.obolibrary.org/obo/UBERON_0001384,Inh L3-5 PVALB ISG20 primary motor cortex GABAergic interneuron (Hsap),PCL:0015061,SV2C,1,SV2C,HGNC:30670,https://doi.org/10.1038/s41586-021-03465-8
allen-brain,688,primary motor cortex,http://purl.obolibrary.org/obo/UBERON_0001384,Exc L3 THEMIS ENPEP primary motor cortex glutamatergic neuron (Hsap),PCL:0015082,LAMA2,1,FAP; LAMA2,HGNC:3590; HGNC:6482,https://doi.org/10.1038/s41586-021-03465-8
allen-brain,223,brain,http://purl.obolibrary.org/obo/UBERON_0000955,Chrp_76 choroid plexus epithelial cell (Hsap),PCL:0051077,ST18,1,PLP1; ST18; OTX2-AS1; RP11-690J15.1,HGNC:9086; HGNC:18695; HGNC:43906; ASCTB-TEMP:rp11-690j15-1,https://doi.org/10.1101/2022.10.12.511898
allen-brain,642,primary motor cortex,http://purl.obolibrary.org/obo/UBERON_0001384,Inh L3-6 VIP ZIM2-AS1 primary motor cortex GABAergic interneuron (Hsap),PCL:0015035,CXCL14,1,CXCL14; PENK,HGNC:10640; HGNC:8831,https://doi.org/10.1038/s41586-021-03465-8
allen-brain,637,primary motor cortex,http://purl.obolibrary.org/obo/UBERON_0001384,Inh L3-5 VIP HS3ST3A1 primary motor cortex GABAergic interneuron (Hsap),PCL:0015030,IQGAP2,1,SLC22A3; ABI3BP; IQGAP2,HGNC:10967; HGNC:17265; HGNC:6111,https://doi.org/10.1038/s41586-021-03465-8
allen-brain,636,primary motor cortex,http://purl.obolibrary.org/obo/UBERON_0001384,Inh L1-5 VIP SMOC1 primary motor cortex GABAergic interneuron (Hsap),PCL:0015029,SMOC1,1,VIP; SMOC1; ANGPT1,HGNC:12693; HGNC:20318; HGNC:484,https://doi.org/10.1038/s41586-021-03465-8
allen-brain,617,primary motor cortex,http://purl.obolibrary.org/obo/UBERON_0001384,Inh L1 LAMP5 NMBR primary motor cortex GABAergic interneuron (Hsap),PCL:0015015,RELN,1,PCDH18; RELN,HGNC:14268; HGNC:9957,https://doi.org/10.1038/s41586-021-03465-8
allen-brain,638,primary motor cortex,http://purl.obolibrary.org/obo/UBERON_0001384,Inh L5-6 VIP COL4A3 primary motor cortex GABAergic interneuron (Hsap),PCL:0015031,PARD3B,1,PARD3B; KCTD12; ABI3BP,HGNC:14446; HGNC:14678; HGNC:17265,https://doi.org/10.1038/s41586-021-03465-8
allen-brain,641,primary motor cortex,http://purl.obolibrary.org/obo/UBERON_0001384,Inh L2-5 VIP SOX11 primary motor cortex GABAergic interneuron (Hsap),PCL:0015034,ADAMTSL1,1,ADAMTSL1; THSD7B; HTR2C,HGNC:14632; HGNC:29348; HGNC:5295,https://doi.org/10.1038/s41586-021-03465-8
allen-brain,632,primary motor cortex,http://purl.obolibrary.org/obo/UBERON_0001384,Inh L1-3 VIP CHRNA2 primary motor cortex GABAergic interneuron (Hsap),PCL:0015025,EYA4,1,PPP1R1C; EYA4,HGNC:14940; HGNC:3522,https://doi.org/10.1038/s41586-021-03465-8
allen-brain,628,primary motor cortex,http://purl.obolibrary.org/obo/UBERON_0001384,Inh L1-3 VIP HSPB6 primary motor cortex GABAergic interneuron (Hsap),PCL:0015021,IGFBP5,1,CCNG2; IGFBP5,HGNC:1593; HGNC:5474,https://doi.org/10.1038/s41586-021-03465-8
allen-brain,644,primary motor cortex,http://purl.obolibrary.org/obo/UBERON_0001384,Inh L1-5 VIP LINC01013 primary motor cortex GABAergic interneuron (Hsap),PCL:0015037,SRGAP1,1,DACH2; SRGAP1; THSD7B,HGNC:16814; HGNC:17382; HGNC:29348,https://doi.org/10.1038/s41586-021-03465-8
allen-brain,633,primary motor cortex,http://purl.obolibrary.org/obo/UBERON_0001384,Inh L2 VIP SLC6A16 primary motor cortex GABAergic interneuron (Hsap),PCL:0015026,KCNT2,1,KCNT2,HGNC:18866,https://doi.org/10.1038/s41586-021-03465-8
allen-brain,625,primary motor cortex,http://purl.obolibrary.org/obo/UBERON_0001384,Inh L1 SST DEFB108B primary motor cortex GABAergic interneuron (Hsap),PCL:0015018,SYT10,1,SYT10; NDST4,HGNC:19266; HGNC:20779,https://doi.org/10.1038/s41586-021-03465-8
allen-brain,618,primary motor cortex,http://purl.obolibrary.org/obo/UBERON_0001384,Inh L1 PAX6 CHRFAM7A primary motor cortex GABAergic interneuron (Hsap),PCL:0015009,CHRNA7,1,CHRNA7; CNR1; LINC01539,HGNC:1960; HGNC:2159; HGNC:51307,https://doi.org/10.1038/s41586-021-03465-8
allen-brain,616,primary motor cortex,http://purl.obolibrary.org/obo/UBERON_0001384,Inh L1 LAMP5 BMP2 primary motor cortex GABAergic interneuron (Hsap),PCL:0015014,FREM1,1,COL5A2; FREM1,HGNC:2210; HGNC:23399,https://doi.org/10.1038/s41586-021-03465-8
allen-brain,620,primary motor cortex,http://purl.obolibrary.org/obo/UBERON_0001384,Inh L2 PAX6 FREM2 primary motor cortex GABAergic interneuron (Hsap),PCL:0015011,IGFBP7,1,CILP2; IGFBP7,HGNC:24213; HGNC:5476,https://doi.org/10.1038/s41586-021-03465-8
allen-brain,643,primary motor cortex,http://purl.obolibrary.org/obo/UBERON_0001384,Inh L1-5 VIP PHLDB3 primary motor cortex GABAergic interneuron (Hsap),PCL:0015036,EGF,1,THSD7B; EGF,HGNC:29348; HGNC:3229,https://doi.org/10.1038/s41586-021-03465-8
allen-brain,635,primary motor cortex,http://purl.obolibrary.org/obo/UBERON_0001384,Inh L3-5 VIP IGDCC3 primary motor cortex GABAergic interneuron (Hsap),PCL:0015028,NOX4,1,EREG; NOX4,HGNC:3443; HGNC:7891,https://doi.org/10.1038/s41586-021-03465-8
allen-brain,341,hippocampal formation,http://purl.obolibrary.org/obo/UBERON_0002421,CA4_194 hippocampal CA4 neuron (Hsap),PCL:0051195,RPL26,1,RPL26; HOPX; C9orf16,HGNC:10327; HGNC:24961; ASCTB-TEMP:c9orf16,https://doi.org/10.1101/2022.10.12.511898
allen-brain,393,gray matter of forebrain,http://purl.obolibrary.org/obo/UBERON_0019264,MGE_246 sst GABAergic cortical interneuron (Hsap),PCL:0051247,MAF,1,SST; LINC02008; MAF,HGNC:11329; HGNC:52844; HGNC:6776,https://doi.org/10.1101/2022.10.12.511898
allen-brain,395,cerebral cortex,http://purl.obolibrary.org/obo/UBERON_0000956,MGE_248 sst GABAergic cortical interneuron (Hsap),PCL:0051249,DCN,1,TAC1; DCN; RP11-799O21.2,HGNC:11517; HGNC:2705; ASCTB-TEMP:rp11-799o21-2,https://doi.org/10.1101/2022.10.12.511898
allen-brain,399,cerebral cortex,http://purl.obolibrary.org/obo/UBERON_0000956,MGE_252 sst GABAergic cortical interneuron (Hsap),PCL:0051253,EDNRA,1,TAC3; EDNRA; ABC10-43608400O15.1,HGNC:11521; HGNC:3179; ASCTB-TEMP:abc10-43608400o15-1,https://doi.org/10.1101/2022.10.12.511898
allen-brain,378,gray matter of forebrain,http://purl.obolibrary.org/obo/UBERON_0019264,EMSN_231 medium spiny neuron (Hsap),PCL:0051232,TLL1,1,TLL1; PCDH11Y; RXFP1; LMNTD1; VWC2L; NPFFR2,HGNC:11843; HGNC:15813; HGNC:19718; HGNC:26683; HGNC:37203; HGNC:4525,https://doi.org/10.1101/2022.10.12.511898
allen-brain,386,cerebral cortex,http://purl.obolibrary.org/obo/UBERON_0000956,MGE_239 sst GABAergic cortical interneuron (Hsap),PCL:0051240,PIEZO2,1,HPSE2; PIEZO2; RP11-656G20.1,HGNC:18374; HGNC:26270; ASCTB-TEMP:rp11-656g20-1,https://doi.org/10.1101/2022.10.12.511898
allen-brain,380,brain,http://purl.obolibrary.org/obo/UBERON_0000955,EMSN_233 medium spiny neuron (Hsap),PCL:0051234,CADPS2,1,CADPS2; ZNF736P9Y; PCDH11X; AC133680.1,HGNC:16018; HGNC:38408; HGNC:8656; ASCTB-TEMP:ac133680-1,https://doi.org/10.1101/2022.10.12.511898
allen-brain,387,cerebral cortex,http://purl.obolibrary.org/obo/UBERON_0000956,MGE_240 sst GABAergic cortical interneuron (Hsap),PCL:0051241,SYT10,1,FBN2; SYT10; TAFA4; RP11-656G20.1,HGNC:3604; HGNC:19266; HGNC:21591; ASCTB-TEMP:rp11-656g20-1,https://doi.org/10.1101/2022.10.12.511898
allen-brain,346,hippocampal formation,http://purl.obolibrary.org/obo/UBERON_0002421,DG_199 dentate gyrus granule cell (Hsap),PCL:0051200,POSTN,1,POSTN; bP-21201H5.1,HGNC:16953; ASCTB-TEMP:bp-21201h5-1,https://doi.org/10.1101/2022.10.12.511898
allen-brain,403,cerebral cortex,http://purl.obolibrary.org/obo/UBERON_0000956,MGE_256 pvalb GABAergic cortical interneuron (Hsap),PCL:0051257,ADAMTS17,1,ADAMTS17; SHISA8; MYBPC1,HGNC:17109; HGNC:18351; HGNC:7549,https://doi.org/10.1101/2022.10.12.511898
allen-brain,385,gray matter of forebrain,http://purl.obolibrary.org/obo/UBERON_0019264,Splat_238 neuron (Hsap),PCL:0051239,ST18,1,ST18; IL1RAPL2,HGNC:18695; HGNC:5997,https://doi.org/10.1101/2022.10.12.511898
allen-brain,377,brain,http://purl.obolibrary.org/obo/UBERON_0000955,EMSN_230 medium spiny neuron (Hsap),PCL:0051231,EYA2,1,RXFP1; ADAMTS3; EYA2; HRH3,HGNC:19718; HGNC:219; HGNC:3520; HGNC:5184,https://doi.org/10.1101/2022.10.12.511898
allen-brain,394,hippocampal formation,http://purl.obolibrary.org/obo/UBERON_0002421,MGE_247 medial ganglionic eminence derived interneuron (Hsap),PCL:0051248,LPAR1,1,COL5A2; LPAR1; CTD-2288O8.3,HGNC:2210; HGNC:3166; ASCTB-TEMP:ctd-2288o8-3,https://doi.org/10.1101/2022.10.12.511898
allen-brain,172,brain,http://purl.obolibrary.org/obo/UBERON_0000955,Fbl_25 fibroblast (Hsap),PCL:0051026,LTBP2,1,TBX18; LTBP2,HGNC:11595; HGNC:6715,https://doi.org/10.1101/2022.10.12.511898
allen-brain,148,brain,http://purl.obolibrary.org/obo/UBERON_0000955,T cell,CL:0000084,THEMIS,1,CD2; THEMIS,HGNC:1639; HGNC:21569,https://doi.org/10.1101/2022.10.12.511898
allen-brain,187,brain,http://purl.obolibrary.org/obo/UBERON_0000955,Oligo_40 oligodendrocyte (Hsap),PCL:0051041,ERBB4,1,PLP1; OPALIN; ERBB4,HGNC:9086; HGNC:20707; HGNC:3432,https://doi.org/10.1101/2022.10.12.511898
allen-brain,166,brain,http://purl.obolibrary.org/obo/UBERON_0000955,Vsmc_19 brain vascular cell (Hsap),PCL:0051020,MECOM,1,ACTA2; MECOM,HGNC:130; HGNC:3498,https://doi.org/10.1101/2022.10.12.511898
allen-brain,147,brain,http://purl.obolibrary.org/obo/UBERON_0000955,B cell,CL:0000236,MS4A1,1,MS4A1,HGNC:7315,https://doi.org/10.1101/2022.10.12.511898
allen-brain,180,brain,http://purl.obolibrary.org/obo/UBERON_0000955,OPC_33 oligodendrocyte precursor cell (Hsap),PCL:0051034,APOD,1,OLIG1; APOD; RP1-45C12.1,HGNC:16983; HGNC:612; ASCTB-TEMP:rp1-45c12-1,https://doi.org/10.1101/2022.10.12.511898
allen-brain,157,brain,http://purl.obolibrary.org/obo/UBERON_0000955,Mgl_10 microglial cell (Hsap),PCL:0051011,DOCK8,1,P2RY12; DOCK8; LNCAROD,HGNC:18124; HGNC:19191; HGNC:50913,https://doi.org/10.1101/2022.10.12.511898
allen-brain,156,brain,http://purl.obolibrary.org/obo/UBERON_0000955,Mgl_9 microglial cell (Hsap),PCL:0051010,AIF1,1,CX3CR1; AIF1; LINC02712,HGNC:2558; HGNC:352; HGNC:54229,https://doi.org/10.1101/2022.10.12.511898
allen-brain,178,brain,http://purl.obolibrary.org/obo/UBERON_0000955,Fbl_31 arachnoid barrier cell (Hsap),PCL:0051032,BNC2,1,BNC2; PTGDR,HGNC:30988; HGNC:9591,https://doi.org/10.1101/2022.10.12.511898
allen-brain,174,brain,http://purl.obolibrary.org/obo/UBERON_0000955,Fbl_27 fibroblast (Hsap),PCL:0051028,ABCA8,1,FMO2; ABCA8; LINC02147,HGNC:3770; HGNC:38; HGNC:53007,https://doi.org/10.1101/2022.10.12.511898
allen-brain,149,brain,http://purl.obolibrary.org/obo/UBERON_0000955,natural killer cell,CL:0000623,GNLY,1,GNLY; NKG7,HGNC:4414; HGNC:7830,https://doi.org/10.1101/2022.10.12.511898
allen-brain,184,brain,http://purl.obolibrary.org/obo/UBERON_0000955,COP_37 committed oligodendrocyte precursor (Hsap),PCL:0051038,BCAS1,1,GPR17; PRRX1; BCAS1,HGNC:4471; HGNC:9142; HGNC:974,https://doi.org/10.1101/2022.10.12.511898
allen-brain,151,brain,http://purl.obolibrary.org/obo/UBERON_0000955,Mgl_4 microglial cell (Hsap),PCL:0051005,SRGN,1,HIF1A-AS3; SRGN,HGNC:54284; HGNC:9361,https://doi.org/10.1101/2022.10.12.511898
allen-brain,185,brain,http://purl.obolibrary.org/obo/UBERON_0000955,COP_38 committed oligodendrocyte precursor (Hsap),PCL:0051039,BCAS1,1,BCAS1; RP11-89N17.4,HGNC:974; ASCTB-TEMP:rp11-89n17-4,https://doi.org/10.1101/2022.10.12.511898
allen-brain,531,brain,http://purl.obolibrary.org/obo/UBERON_0000955,Splat_384 neuron (Hsap),PCL:0051385,LMX1A,1,PITX2; CDH23; LMX1A,HGNC:9005; HGNC:13733; HGNC:6653,https://doi.org/10.1101/2022.10.12.511898
allen-brain,540,brain,http://purl.obolibrary.org/obo/UBERON_0000955,Splat_393 neuron (Hsap),PCL:0051394,RNF220,1,SIX3; RNF220; ISL1,HGNC:10889; HGNC:25552; HGNC:6132,https://doi.org/10.1101/2022.10.12.511898
allen-brain,532,hypothalamus,http://purl.obolibrary.org/obo/UBERON_0001898,Splat_385 neuron (Hsap),PCL:0051386,LMX1A,1,AR; LMX1A,HGNC:644; HGNC:6653,https://doi.org/10.1101/2022.10.12.511898
allen-brain,544,brain,http://purl.obolibrary.org/obo/UBERON_0000955,Splat_397 neuron (Hsap),PCL:0051398,SLC6A4,1,SLC6A4; TPH2,HGNC:11050; HGNC:20692,https://doi.org/10.1101/2022.10.12.511898
allen-brain,526,pons,http://purl.obolibrary.org/obo/UBERON_0000988,Splat_379 neuron (Hsap),PCL:0051380,EBF2,1,SLC6A5; EBF2; OTP,HGNC:11051; HGNC:19090; HGNC:8518,https://doi.org/10.1101/2022.10.12.511898
allen-brain,529,brain,http://purl.obolibrary.org/obo/UBERON_0000955,Splat_382 neuron (Hsap),PCL:0051383,TCF7L2,1,SST; TCF7L2; RSPO3,HGNC:11329; HGNC:11641; HGNC:20866,https://doi.org/10.1101/2022.10.12.511898
allen-brain,514,midbrain,http://purl.obolibrary.org/obo/UBERON_0001891,Splat_367 neuron (Hsap),PCL:0051368,TCF7L2,1,TAC1; TCF7L2; PRLR,HGNC:11517; HGNC:11641; HGNC:9446,https://doi.org/10.1101/2022.10.12.511898
allen-brain,521,brain,http://purl.obolibrary.org/obo/UBERON_0000955,Splat_374 neuron (Hsap),PCL:0051375,LMX1A,1,TFAP2B; LMX1A,HGNC:11743; HGNC:6653,https://doi.org/10.1101/2022.10.12.511898
allen-brain,524,gray matter of forebrain,http://purl.obolibrary.org/obo/UBERON_0019264,Splat_377 neuron (Hsap),PCL:0051378,LHX1,1,ZIC2; LHX1; DIRAS3,HGNC:12873; HGNC:6593; HGNC:687,https://doi.org/10.1101/2022.10.12.511898
allen-brain,541,pons,http://purl.obolibrary.org/obo/UBERON_0000988,Splat_394 neuron (Hsap),PCL:0051395,NPNT,1,LHX9; NPNT; LINC01798,HGNC:14222; HGNC:27405; HGNC:52588,https://doi.org/10.1101/2022.10.12.511898
allen-brain,517,midbrain,http://purl.obolibrary.org/obo/UBERON_0001891,Splat_370 neuron (Hsap),PCL:0051371,EBF2,1,LGR5; EBF3; EBF2; LEF1,HGNC:4504; HGNC:19087; HGNC:19090; HGNC:6551,https://doi.org/10.1101/2022.10.12.511898
allen-brain,523,brain,http://purl.obolibrary.org/obo/UBERON_0000955,Splat_376 neuron (Hsap),PCL:0051377,ZFHX3,1,ZFHX3; RP11-491F9.1,HGNC:777; ASCTB-TEMP:rp11-491f9-1,https://doi.org/10.1101/2022.10.12.511898
allen-brain,525,brain,http://purl.obolibrary.org/obo/UBERON_0000955,Splat_378 neuron (Hsap),PCL:0051379,ONECUT1,1,ONECUT1; ISL1,HGNC:8138; HGNC:6132,https://doi.org/10.1101/2022.10.12.511898
allen-brain,361,gray matter of forebrain,http://purl.obolibrary.org/obo/UBERON_0019264,MSN_214 direct pathway medium spiny neuron (Hsap),PCL:0051215,STAC,1,STAC; DRD1; LINC01117,HGNC:11353; HGNC:3020; HGNC:49260,https://doi.org/10.1101/2022.10.12.511898
allen-brain,371,gray matter of forebrain,http://purl.obolibrary.org/obo/UBERON_0019264,EMSN_224 medium spiny neuron (Hsap),PCL:0051225,FOXP2,1,TACR1; FOXP2; RXFP1; ALK,HGNC:11526; HGNC:13875; HGNC:19718; HGNC:427,https://doi.org/10.1101/2022.10.12.511898
allen-brain,349,hippocampal formation,http://purl.obolibrary.org/obo/UBERON_0002421,DG_202 dentate gyrus granule cell (Hsap),PCL:0051203,ADRA1A,1,TTR; ADRA1A; RP11-719N9.1,HGNC:12405; HGNC:277; ASCTB-TEMP:rp11-719n9-1,https://doi.org/10.1101/2022.10.12.511898
allen-brain,350,hippocampal formation,http://purl.obolibrary.org/obo/UBERON_0002421,DG_203 dentate gyrus granule cell (Hsap),PCL:0051204,ST18,1,ST18; LINC02248; RP11-484N11.1,HGNC:18695; HGNC:53147; ASCTB-TEMP:rp11-484n11-1,https://doi.org/10.1101/2022.10.12.511898
allen-brain,367,amygdaloid complex,https://purl.org/ccf/ASCTB-TEMP_amygdaloid-complex,MSN_220 direct pathway medium spiny neuron (Hsap),PCL:0051221,PCSK6,1,MKX; ISL1; PCSK6,HGNC:23729; HGNC:6132; HGNC:8569,https://doi.org/10.1101/2022.10.12.511898
allen-brain,354,basal forebrain,http://purl.obolibrary.org/obo/UBERON_0002743,MSN_207 indirect pathway medium spiny neuron (Hsap),PCL:0051208,MME,1,DRD2; LINC01378; MME,HGNC:3023; HGNC:50645; HGNC:7154,https://doi.org/10.1101/2022.10.12.511898
allen-brain,363,brain,http://purl.obolibrary.org/obo/UBERON_0000955,MSN_216 indirect pathway medium spiny neuron (Hsap),PCL:0051217,EYA2,1,DRD2; EYA2; PENK; CTC-340A15.2; RP11-97F8.2,HGNC:3023; HGNC:3520; HGNC:8831; ASCTB-TEMP:ctc-340a15-2; ASCTB-TEMP:rp11-97f8-2,https://doi.org/10.1101/2022.10.12.511898
allen-brain,365,gray matter of forebrain,http://purl.obolibrary.org/obo/UBERON_0019264,MSN_218 medium spiny neuron (Hsap),PCL:0051219,MME,1,DRD3; MME; RP11-142I20.2,HGNC:3024; HGNC:7154; ASCTB-TEMP:rp11-142i20-2,https://doi.org/10.1101/2022.10.12.511898
allen-brain,353,hippocampal formation,http://purl.obolibrary.org/obo/UBERON_0002421,MSN_206 medium spiny neuron (Hsap),PCL:0051207,EBF1,1,EBF1; GLI3; AC002066.1; RP11-640F22.1,HGNC:3126; HGNC:4319; ASCTB-TEMP:ac002066-1; ASCTB-TEMP:rp11-640f22-1,https://doi.org/10.1101/2022.10.12.511898
allen-brain,374,gray matter of forebrain,http://purl.obolibrary.org/obo/UBERON_0019264,EMSN_227 medium spiny neuron (Hsap),PCL:0051228,ONECUT2,1,XACT; NPFFR2; ONECUT2; FAM160A1,HGNC:45056; HGNC:4525; HGNC:8139; ASCTB-TEMP:fam160a1,https://doi.org/10.1101/2022.10.12.511898
allen-brain,418,gray matter of forebrain,http://purl.obolibrary.org/obo/UBERON_0019264,LLC_271 interneuron (Hsap),PCL:0051272,ADGRG6,1,SFRP1; ADGRG6; RP11-563D10.1,HGNC:10776; HGNC:13841; ASCTB-TEMP:rp11-563d10-1,https://doi.org/10.1101/2022.10.12.511898
allen-brain,419,gray matter of forebrain,http://purl.obolibrary.org/obo/UBERON_0019264,LLC_272 interneuron (Hsap),PCL:0051273,PDGFD,1,SFRP1; LAMP5; FREM2; PDGFD,HGNC:10776; HGNC:16097; HGNC:25396; HGNC:30620,https://doi.org/10.1101/2022.10.12.511898
allen-brain,405,gray matter of forebrain,http://purl.obolibrary.org/obo/UBERON_0019264,MGE_258 sst GABAergic cortical interneuron (Hsap),PCL:0051259,PAWR,1,SST; WNT16; PAWR,HGNC:11329; HGNC:16267; HGNC:8614,https://doi.org/10.1101/2022.10.12.511898
allen-brain,423,gray matter of forebrain,http://purl.obolibrary.org/obo/UBERON_0019264,CGE_276 VIP GABAergic cortical interneuron (Hsap),PCL:0051277,SVEP1,1,VIP; SVEP1,HGNC:12693; HGNC:15985,https://doi.org/10.1101/2022.10.12.511898
allen-brain,425,gray matter of forebrain,http://purl.obolibrary.org/obo/UBERON_0019264,CGE_278 caudal ganglionic eminence derived cortical interneuron (Hsap),PCL:0051279,CHRNA7,1,DDR2; WIF1; CHRNA7,HGNC:2731; HGNC:18081; HGNC:1960,https://doi.org/10.1101/2022.10.12.511898
allen-brain,416,gray matter of forebrain,http://purl.obolibrary.org/obo/UBERON_0019264,LLC_269 interneuron (Hsap),PCL:0051270,CHST9,1,ISM1; IFI44; CHST9,HGNC:16213; HGNC:16938; HGNC:19898,https://doi.org/10.1101/2022.10.12.511898
allen-brain,408,cerebral cortex,http://purl.obolibrary.org/obo/UBERON_0000956,MGE_261 pvalb GABAergic cortical interneuron (Hsap),PCL:0051262,ADAMTS17,1,ADAMTS17; CEMIP; PVALB; AC133680.1,HGNC:17109; HGNC:29213; HGNC:9704; ASCTB-TEMP:ac133680-1,https://doi.org/10.1101/2022.10.12.511898
allen-brain,410,cerebral cortex,http://purl.obolibrary.org/obo/UBERON_0000956,MGE_263 medial ganglionic eminence derived interneuron (Hsap),PCL:0051264,SULF1,1,SULF1; PVALB; AC133680.1; RP11-875G18.1,HGNC:20391; HGNC:9704; ASCTB-TEMP:ac133680-1; ASCTB-TEMP:rp11-875g18-1,https://doi.org/10.1101/2022.10.12.511898
allen-brain,407,gray matter of forebrain,http://purl.obolibrary.org/obo/UBERON_0019264,MGE_260 pvalb GABAergic cortical interneuron (Hsap),PCL:0051261,IQGAP2,1,TAFA4; CTXND1; IQGAP2,HGNC:21591; HGNC:50507; HGNC:6111,https://doi.org/10.1101/2022.10.12.511898
allen-brain,428,gray matter of forebrain,http://purl.obolibrary.org/obo/UBERON_0019264,CGE_281 VIP GABAergic cortical interneuron (Hsap),PCL:0051282,EDNRA,1,EDNRA; HTR3A,HGNC:3179; HGNC:5297,https://doi.org/10.1101/2022.10.12.511898
allen-brain,267,cerebral cortex,http://purl.obolibrary.org/obo/UBERON_0000956,ULIT_120 intratelencephalic-projecting glutamatergic cortical neuron (Hsap),PCL:0051121,TRPC6,1,SEMA3C; TRPC6; GLP2R; LINC01378,HGNC:10725; HGNC:12338; HGNC:4325; HGNC:50645,https://doi.org/10.1101/2022.10.12.511898
allen-brain,258,hippocampal formation,http://purl.obolibrary.org/obo/UBERON_0002421,DLCT6b_111 glutamatergic neuron (Hsap),PCL:0051112,SULF1,1,FBXL21P; GABRQ; SULF1; TMEM233,HGNC:13600; HGNC:14454; HGNC:20391; HGNC:37219,https://doi.org/10.1101/2022.10.12.511898
allen-brain,264,gray matter of forebrain,http://purl.obolibrary.org/obo/UBERON_0019264,L5ET_117 von Economo neuron (Hsap),PCL:0051118,LRP2,1,GABRQ; LRP2; RP11-622O11.6,HGNC:14454; HGNC:6694; ASCTB-TEMP:rp11-622o11-6,https://doi.org/10.1101/2022.10.12.511898
allen-brain,249,gray matter of forebrain,http://purl.obolibrary.org/obo/UBERON_0019264,DLCT6b_102 glutamatergic neuron (Hsap),PCL:0051103,ADAMTSL1,1,ADAMTSL1; LINC01821; AC064875.2; RP11-467L24.1,HGNC:14632; HGNC:52626; ASCTB-TEMP:ac064875-2; ASCTB-TEMP:rp11-467l24-1,https://doi.org/10.1101/2022.10.12.511898
allen-brain,265,brain,http://purl.obolibrary.org/obo/UBERON_0000955,L5ET_118 L5 extratelencephalic projecting glutamatergic cortical neuron (Hsap),PCL:0051119,LRP2,1,CSN1S1; LRP2; RP4-678D15.1,HGNC:2445; HGNC:6694; ASCTB-TEMP:rp4-678d15-1,https://doi.org/10.1101/2022.10.12.511898
allen-brain,259,cerebral cortex,http://purl.obolibrary.org/obo/UBERON_0000956,DLCT6b_112 glutamatergic neuron (Hsap),PCL:0051113,SULF1,1,SULF1; MSC-AS1; RP11-467L24.1,HGNC:20391; HGNC:48724; ASCTB-TEMP:rp11-467l24-1,https://doi.org/10.1101/2022.10.12.511898
allen-brain,275,cerebral cortex,http://purl.obolibrary.org/obo/UBERON_0000956,ULIT_128 intratelencephalic-projecting glutamatergic cortical neuron (Hsap),PCL:0051129,LAMA2,1,COL5A2; LINC02055; LAMA2; RP11-387P12.1,HGNC:2210; HGNC:52895; HGNC:6482; ASCTB-TEMP:rp11-387p12-1,https://doi.org/10.1101/2022.10.12.511898
allen-brain,252,gray matter of forebrain,http://purl.obolibrary.org/obo/UBERON_0019264,DLCT6b_105 glutamatergic neuron (Hsap),PCL:0051106,CCN2,1,CCN2; LINC01680; RP4-736H5.3,HGNC:2500; HGNC:52467; ASCTB-TEMP:rp4-736h5-3,https://doi.org/10.1101/2022.10.12.511898
allen-brain,269,cerebral cortex,http://purl.obolibrary.org/obo/UBERON_0000956,ULIT_122 intratelencephalic-projecting glutamatergic cortical neuron (Hsap),PCL:0051123,PDGFD,1,PDGFD; LINC00507; LINC01500,HGNC:30620; HGNC:43558; HGNC:51166,https://doi.org/10.1101/2022.10.12.511898
allen-brain,270,cerebral cortex,http://purl.obolibrary.org/obo/UBERON_0000956,ULIT_123 intratelencephalic-projecting glutamatergic cortical neuron (Hsap),PCL:0051124,PDGFD,1,PDGFD; LINC02263; LINC02306; RP11-191L9.4,HGNC:30620; HGNC:53175; HGNC:53225; ASCTB-TEMP:rp11-191l9-4,https://doi.org/10.1101/2022.10.12.511898
allen-brain,253,cerebral cortex,http://purl.obolibrary.org/obo/UBERON_0000956,DLCT6b_106 glutamatergic neuron (Hsap),PCL:0051107,EDNRA,1,EDNRA; CTD-2050E21.1; RP11-81D17.1,HGNC:3179; ASCTB-TEMP:ctd-2050e21-1; ASCTB-TEMP:rp11-81d17-1,https://doi.org/10.1101/2022.10.12.511898
allen-brain,324,brain,http://purl.obolibrary.org/obo/UBERON_0000955,Misc_177 neuron (Hsap),PCL:0051178,COBLL1,1,VIPR2; CALCRL; COBLL1; CTC-535M15.2; RP11-719N9.1,HGNC:12695; HGNC:16709; HGNC:23571; ASCTB-TEMP:ctc-535m15-2; ASCTB-TEMP:rp11-719n9-1,https://doi.org/10.1101/2022.10.12.511898
allen-brain,330,hippocampal formation,http://purl.obolibrary.org/obo/UBERON_0002421,CA13_183 hippocampal CA1-3 neuron (Hsap),PCL:0051184,ABCA13,1,ABCA13; CASC6; AC004538.3; RP11-60A8.1,HGNC:14638; HGNC:49076; ASCTB-TEMP:ac004538-3; ASCTB-TEMP:rp11-60a8-1,https://doi.org/10.1101/2022.10.12.511898
allen-brain,340,hippocampal formation,http://purl.obolibrary.org/obo/UBERON_0002421,CA4_193 hippocampal CA4 neuron (Hsap),PCL:0051194,HHIP,1,HHIP; SCGN; SLC47A1; XACT,HGNC:14866; HGNC:16941; HGNC:25588; HGNC:45056,https://doi.org/10.1101/2022.10.12.511898
allen-brain,310,amygdaloid complex,https://purl.org/ccf/ASCTB-TEMP_amygdaloid-complex,CA13_163 hippocampal CA1-3 neuron (Hsap),PCL:0051164,POSTN,1,POSTN; AC004862.6,HGNC:16953; ASCTB-TEMP:ac004862-6,https://doi.org/10.1101/2022.10.12.511898
allen-brain,338,hippocampal formation,http://purl.obolibrary.org/obo/UBERON_0002421,CA4_191 hippocampal CA4 neuron (Hsap),PCL:0051192,ST18,1,ST18; NTS,HGNC:18695; HGNC:8038,https://doi.org/10.1101/2022.10.12.511898
allen-brain,335,hippocampal formation,http://purl.obolibrary.org/obo/UBERON_0002421,CA13_188 hippocampal CA1-3 neuron (Hsap),PCL:0051189,CCBE1,1,COL24A1; CCBE1; CTXND1; LINC02055,HGNC:20821; HGNC:29426; HGNC:50507; HGNC:52895,https://doi.org/10.1101/2022.10.12.511898
allen-brain,323,hippocampal formation,http://purl.obolibrary.org/obo/UBERON_0002421,Misc_176 neuron (Hsap),PCL:0051177,COBLL1,1,CARM1P1; COBLL1; FREM2; RP11-719N9.1,HGNC:23392; HGNC:23571; HGNC:25396; ASCTB-TEMP:rp11-719n9-1,https://doi.org/10.1101/2022.10.12.511898
allen-brain,315,cerebral cortex,http://purl.obolibrary.org/obo/UBERON_0000956,Misc_168 cerebral cortex neuron (Hsap),PCL:0051169,DCN,1,DCN; SCHLAP1,HGNC:2705; HGNC:48603,https://doi.org/10.1101/2022.10.12.511898
allen-brain,446,gray matter of hindbrain,http://purl.obolibrary.org/obo/UBERON_0019263,CBI_299 cerebellar inhibitory GABAergic interneuron (Hsap),PCL:0051300,IGF2BP2,1,SLC6A5; FNDC1; IGF2BP2,HGNC:11051; HGNC:21184; HGNC:28867,https://doi.org/10.1101/2022.10.12.511898
allen-brain,486,pons,http://purl.obolibrary.org/obo/UBERON_0000988,Splat_339 neuron (Hsap),PCL:0051340,MEIS1,1,SLC6A5; LINC01798; MEIS1,HGNC:11051; HGNC:52588; HGNC:7000,https://doi.org/10.1101/2022.10.12.511898
allen-brain,487,brain,http://purl.obolibrary.org/obo/UBERON_0000955,Splat_340 neuron (Hsap),PCL:0051341,ONECUT1,1,LHX9; ONECUT1; LINC01798,HGNC:14222; HGNC:8138; HGNC:52588,https://doi.org/10.1101/2022.10.12.511898
allen-brain,439,cerebral cortex,http://purl.obolibrary.org/obo/UBERON_0000956,CGE_292 VIP GABAergic cortical interneuron (Hsap),PCL:0051293,NPR3,1,PPP1R1C; CRH; NPR3; RP11-197H3.1,HGNC:14940; HGNC:2355; HGNC:7945; ASCTB-TEMP:rp11-197h3-1,https://doi.org/10.1101/2022.10.12.511898
allen-brain,488,pons,http://purl.obolibrary.org/obo/UBERON_0000988,Splat_341 neuron (Hsap),PCL:0051342,EBF2,1,EBF3; EBF2; LINC01036,HGNC:19087; HGNC:19090; HGNC:49024,https://doi.org/10.1101/2022.10.12.511898
allen-brain,490,medulla oblongata,http://purl.obolibrary.org/obo/UBERON_0001896,Splat_343 neuron (Hsap),PCL:0051344,EBF2,1,EBF2; CASZ1; HOXB3,HGNC:19090; HGNC:26002; HGNC:5114,https://doi.org/10.1101/2022.10.12.511898
allen-brain,483,midbrain,http://purl.obolibrary.org/obo/UBERON_0001891,Splat_336 neuron (Hsap),PCL:0051337,ONECUT1,1,FAM83B; ONECUT1,HGNC:21357; HGNC:8138,https://doi.org/10.1101/2022.10.12.511898
allen-brain,484,brain,http://purl.obolibrary.org/obo/UBERON_0000955,Splat_337 neuron (Hsap),PCL:0051338,ONECUT1,1,TAFA4; LINC03122; ONECUT1,HGNC:21591; HGNC:26744; HGNC:8138,https://doi.org/10.1101/2022.10.12.511898
allen-brain,503,brain,http://purl.obolibrary.org/obo/UBERON_0000955,Splat_356 neuron (Hsap),PCL:0051357,GATA3,1,GATA3; SATB1-AS1; CTC-535M15.2,HGNC:4172; HGNC:50687; ASCTB-TEMP:ctc-535m15-2,https://doi.org/10.1101/2022.10.12.511898
allen-brain,440,gray matter of forebrain,http://purl.obolibrary.org/obo/UBERON_0019264,CGE_293 VIP GABAergic cortical interneuron (Hsap),PCL:0051294,IQGAP2,1,HS3ST3A1; IQGAP2; RP11-197H3.1,HGNC:5196; HGNC:6111; ASCTB-TEMP:rp11-197h3-1,https://doi.org/10.1101/2022.10.12.511898
allen-brain,288,cerebral cortex,http://purl.obolibrary.org/obo/UBERON_0000956,DLIT_141 intratelencephalic-projecting glutamatergic cortical neuron (Hsap),PCL:0051142,NPNT,1,RORB; NPNT; RP11-320L2.1; RP11-511B7.2,HGNC:10259; HGNC:27405; ASCTB-TEMP:rp11-320l2-1; ASCTB-TEMP:rp11-511b7-2,https://doi.org/10.1101/2022.10.12.511898
allen-brain,298,gray matter of forebrain,http://purl.obolibrary.org/obo/UBERON_0019264,DLIT_151 intratelencephalic-projecting glutamatergic cortical neuron (Hsap),PCL:0051152,ATP10A,1,ATP10A; RP11-81F8.1,HGNC:13542; ASCTB-TEMP:rp11-81f8-1,https://doi.org/10.1101/2022.10.12.511898
allen-brain,306,gray matter of forebrain,http://purl.obolibrary.org/obo/UBERON_0019264,Amex_159 amygdala excitatory neuron (Hsap),PCL:0051160,POSTN,1,CALCRL; POSTN; LINC01821,HGNC:16709; HGNC:16953; HGNC:52626,https://doi.org/10.1101/2022.10.12.511898
allen-brain,301,gray matter of forebrain,http://purl.obolibrary.org/obo/UBERON_0019264,Amex_154 amygdala excitatory neuron (Hsap),PCL:0051155,PTGER3,1,DCSTAMP; PTGER3; RP11-33A14.1; RP11-412K20.1,HGNC:18549; HGNC:9595; ASCTB-TEMP:rp11-33a14-1; ASCTB-TEMP:rp11-412k20-1,https://doi.org/10.1101/2022.10.12.511898
allen-brain,290,gray matter of forebrain,http://purl.obolibrary.org/obo/UBERON_0019264,DLIT_143 intratelencephalic-projecting glutamatergic cortical neuron (Hsap),PCL:0051144,CMTM8,1,CMTM8; LINC01821; AC005150.1,HGNC:19179; HGNC:52626; ASCTB-TEMP:ac005150-1,https://doi.org/10.1101/2022.10.12.511898
allen-brain,289,cerebral cortex,http://purl.obolibrary.org/obo/UBERON_0000956,DLIT_142 intratelencephalic-projecting glutamatergic cortical neuron (Hsap),PCL:0051143,THEMIS,1,THEMIS; CTC-535M15.2; CTD-2195H9.1,HGNC:21569; ASCTB-TEMP:ctc-535m15-2; ASCTB-TEMP:ctd-2195h9-1,https://doi.org/10.1101/2022.10.12.511898
allen-brain,296,cerebral cortex,http://purl.obolibrary.org/obo/UBERON_0000956,DLIT_149 intratelencephalic-projecting glutamatergic cortical neuron (Hsap),PCL:0051150,THEMIS,1,THEMIS; TESPA1; LINC00343; CTD-2050E21.2; RP11-191L9.4,HGNC:21569; HGNC:29109; HGNC:42500; ASCTB-TEMP:ctd-2050e21-2; ASCTB-TEMP:rp11-191l9-4,https://doi.org/10.1101/2022.10.12.511898
allen-brain,295,gray matter of forebrain,http://purl.obolibrary.org/obo/UBERON_0019264,DLIT_148 intratelencephalic-projecting glutamatergic cortical neuron (Hsap),PCL:0051149,POU6F2,1,POU6F2; ADAMTS3; MCUB,HGNC:21694; HGNC:219; HGNC:26076,https://doi.org/10.1101/2022.10.12.511898
allen-brain,307,amygdaloid complex,https://purl.org/ccf/ASCTB-TEMP_amygdaloid-complex,Amex_160 amygdala excitatory neuron (Hsap),PCL:0051161,PTGER3,1,PLEKHG4B; NPFFR2; MSC-AS1; PTGER3,HGNC:29399; HGNC:4525; HGNC:48724; HGNC:9595,https://doi.org/10.1101/2022.10.12.511898
allen-brain,240,cerebral cortex,http://purl.obolibrary.org/obo/UBERON_0000956,DLNP_93 near-projecting glutamatergic cortical neuron (Hsap),PCL:0051094,ROR1,1,ROR1; IFNG-AS1; NXPH2; CTB-57H20.1,HGNC:10256; HGNC:43910; HGNC:8076; ASCTB-TEMP:ctb-57h20-1,https://doi.org/10.1101/2022.10.12.511898
allen-brain,226,basal forebrain,http://purl.obolibrary.org/obo/UBERON_0002743,Chrp_79 choroid plexus epithelial cell (Hsap),PCL:0051080,ABCA4,1,ABCA4; TRPV4; POU2AF1,HGNC:34; HGNC:18083; HGNC:9211,https://doi.org/10.1101/2022.10.12.511898
allen-brain,229,brain,http://purl.obolibrary.org/obo/UBERON_0000955,Chrp_82 choroid plexus epithelial cell (Hsap),PCL:0051083,GPNMB,1,TTR; GPNMB,HGNC:12405; HGNC:4462,https://doi.org/10.1101/2022.10.12.511898
allen-brain,245,gray matter of forebrain,http://purl.obolibrary.org/obo/UBERON_0019264,DLCT6b_98 glutamatergic neuron (Hsap),PCL:0051099,ERG,1,CDH24; ERG; IL15,HGNC:14265; HGNC:3446; HGNC:5977,https://doi.org/10.1101/2022.10.12.511898
allen-brain,235,cerebral cortex,http://purl.obolibrary.org/obo/UBERON_0000956,DLNP_88 near-projecting glutamatergic cortical neuron (Hsap),PCL:0051089,CD36,1,CD36; NPSR1; IFNG-AS1; RP11-421N8.3,HGNC:1663; HGNC:23631; HGNC:43910; ASCTB-TEMP:rp11-421n8-3,https://doi.org/10.1101/2022.10.12.511898
allen-brain,231,hippocampal formation,http://purl.obolibrary.org/obo/UBERON_0002421,DLCT6b_84 glutamatergic neuron (Hsap),PCL:0051085,POSTN,1,POSTN; NPSR1-AS1; SLC9C1,HGNC:16953; HGNC:22128; HGNC:31401,https://doi.org/10.1101/2022.10.12.511898
allen-brain,433,gray matter of forebrain,http://purl.obolibrary.org/obo/UBERON_0019264,CGE_286 lamp5 GABAergic cortical interneuron (Hsap),PCL:0051287,CXCL14,1,CXCL14; NDNF; NMBR,HGNC:10640; HGNC:26256; HGNC:7843,https://doi.org/10.1101/2022.10.12.511898
allen-brain,193,brain,http://purl.obolibrary.org/obo/UBERON_0000955,Oligo_46 oligodendrocyte (Hsap),PCL:0051047,RNASE1,1,RNASE1; CNDP1; LINC01608,HGNC:10044; HGNC:20675; HGNC:51662,https://doi.org/10.1101/2022.10.12.511898
allen-brain,205,cerebral cortex,http://purl.obolibrary.org/obo/UBERON_0000956,Astro_58 astrocyte (Hsap),PCL:0051059,ID3,1,FGFR3; LINC00499; ID3,HGNC:3690; HGNC:43436; HGNC:5362,https://doi.org/10.1101/2022.10.12.511898
allen-brain,191,brain,http://purl.obolibrary.org/obo/UBERON_0000955,Oligo_44 oligodendrocyte (Hsap),PCL:0051045,ANLN,1,TF; ANLN; SLC5A11; CARNS1; MOBP,HGNC:11740; HGNC:14082; HGNC:23091; HGNC:29268; HGNC:7189,https://doi.org/10.1101/2022.10.12.511898
allen-brain,196,brain,http://purl.obolibrary.org/obo/UBERON_0000955,Oligo_49 oligodendrocyte (Hsap),PCL:0051050,CRYAB,1,TF; SLC5A11; CRYAB; CARNS1; AC084149.2,HGNC:11740; HGNC:23091; HGNC:2389; HGNC:29268; ASCTB-TEMP:ac084149-2,https://doi.org/10.1101/2022.10.12.511898
allen-brain,206,brain,http://purl.obolibrary.org/obo/UBERON_0000955,Astro_59 astrocyte (Hsap),PCL:0051060,ITPRID1,1,HPSE2; LGR6; ITPRID1; OBI1-AS1,HGNC:18374; HGNC:19719; HGNC:27363; HGNC:42700,https://doi.org/10.1101/2022.10.12.511898
allen-brain,215,brain,http://purl.obolibrary.org/obo/UBERON_0000955,Epen_68 ependymal cell (Hsap),PCL:0051069,CRIP1,1,CAPS; CRIP1; OR2B4P,HGNC:1487; HGNC:2360; HGNC:8239,https://doi.org/10.1101/2022.10.12.511898
allen-brain,209,brain,http://purl.obolibrary.org/obo/UBERON_0000955,Astro_62 astrocyte (Hsap),PCL:0051063,APOE,1,APOE; TNC; LINC00836,HGNC:613; HGNC:5318; HGNC:44915,https://doi.org/10.1101/2022.10.12.511898
allen-brain,208,brain,http://purl.obolibrary.org/obo/UBERON_0000955,Astro_61 astrocyte (Hsap),PCL:0051062,AQP1,1,AQP1; GFAP; RP11-259K15.2,HGNC:633; HGNC:4235; ASCTB-TEMP:rp11-259k15-2,https://doi.org/10.1101/2022.10.12.511898
allen-brain,210,brain,http://purl.obolibrary.org/obo/UBERON_0000955,Astro_63 astrocyte (Hsap),PCL:0051064,CRYAB,1,CRYAB; GFAP,HGNC:2389; HGNC:4235,https://doi.org/10.1101/2022.10.12.511898
allen-brain,203,brain,http://purl.obolibrary.org/obo/UBERON_0000955,Astro_56 astrocyte (Hsap),PCL:0051057,GPC5,1,TNC; OBI1-AS1; GPC5,HGNC:5318; HGNC:42700; HGNC:4453,https://doi.org/10.1101/2022.10.12.511898
allen-brain,198,cerebellum,http://purl.obolibrary.org/obo/UBERON_0002037,Bgl_51 Bergmann glial cell (Hsap),PCL:0051052,LAMA2,1,LINC01727; LAMA2,HGNC:52515; HGNC:6482,https://doi.org/10.1101/2022.10.12.511898
allen-brain,464,pons,http://purl.obolibrary.org/obo/UBERON_0000988,LRL_317 neuron (Hsap),PCL:0051318,BMP5,1,BMP5; LINC00836; RP11-321P16.3; RP11-46H14.1,HGNC:1072; HGNC:44915; ASCTB-TEMP:rp11-321p16-3; ASCTB-TEMP:rp11-46h14-1,https://doi.org/10.1101/2022.10.12.511898
allen-brain,476,hypothalamus,http://purl.obolibrary.org/obo/UBERON_0001898,Mmb_329 mammillary body neuron (Hsap),PCL:0051330,FBXL7,1,SIM1; FBXL7; LINC02196; PRLR,HGNC:10882; HGNC:13604; HGNC:53062; HGNC:9446,https://doi.org/10.1101/2022.10.12.511898
allen-brain,467,pons,http://purl.obolibrary.org/obo/UBERON_0000988,LRL_320 neuron (Hsap),PCL:0051321,SYT10,1,TINAG; SYT10; THSD7B,HGNC:14599; HGNC:19266; HGNC:29348,https://doi.org/10.1101/2022.10.12.511898
allen-brain,456,gray matter of hindbrain,http://purl.obolibrary.org/obo/UBERON_0019263,URL_309 neuron (Hsap),PCL:0051310,ABCA13,1,ABCA13; RP11-340A13.4,HGNC:14638; ASCTB-TEMP:rp11-340a13-4,https://doi.org/10.1101/2022.10.12.511898
allen-brain,453,cerebellum,http://purl.obolibrary.org/obo/UBERON_0002037,CBI_306 cerebellar inhibitory GABAergic interneuron (Hsap),PCL:0051307,PTPRK,1,SCGN; MARCHF11; PTPRK,HGNC:16941; HGNC:33609; HGNC:9674,https://doi.org/10.1101/2022.10.12.511898
allen-brain,454,gray matter of hindbrain,http://purl.obolibrary.org/obo/UBERON_0019263,CBI_307 cerebellar inhibitory GABAergic interneuron (Hsap),PCL:0051308,VCAN,1,SCGN; NXPH1; VCAN; LINC02552,HGNC:16941; HGNC:20693; HGNC:2464; HGNC:53587,https://doi.org/10.1101/2022.10.12.511898
allen-brain,450,cerebellum,http://purl.obolibrary.org/obo/UBERON_0002037,CBI_303 cerebellar inhibitory GABAergic interneuron (Hsap),PCL:0051304,LYPD6,1,LYPD6; RP11-265I24.1,HGNC:28751; ASCTB-TEMP:rp11-265i24-1,https://doi.org/10.1101/2022.10.12.511898
allen-brain,457,gray matter of hindbrain,http://purl.obolibrary.org/obo/UBERON_0019263,URL_310 cerebellar granule cell (Hsap),PCL:0051311,RELN,1,RELN; RP11-649A16.1; RP11-81F8.1; RP11-97F8.2,HGNC:9957; ASCTB-TEMP:rp11-649a16-1; ASCTB-TEMP:rp11-81f8-1; ASCTB-TEMP:rp11-97f8-2,https://doi.org/10.1101/2022.10.12.511898
allen-brain,713,primary motor cortex,http://purl.obolibrary.org/obo/UBERON_0001384,Exc L5-6 FEZF2 CFTR primary motor cortex glutamatergic neuron (Hsap),PCL:0015107,SEMA3D,1,SEMA3D; NR4A2,HGNC:10726; HGNC:7981,https://doi.org/10.1038/s41586-021-03465-8
allen-brain,703,primary motor cortex,http://purl.obolibrary.org/obo/UBERON_0001384,Exc L5-6 THEMIS SMYD1 primary motor cortex glutamatergic neuron (Hsap),PCL:0015097,ATP10A,1,TRPC5; ATP10A,HGNC:12337; HGNC:13542,https://doi.org/10.1038/s41586-021-03465-8
allen-brain,732,primary motor cortex,http://purl.obolibrary.org/obo/UBERON_0001384,Endo L2-5 NOSTRIN SRGN primary motor cortex endothelial cell (Hsap),PCL:0015125,CLDN5,1,CLDN5,HGNC:2047,https://doi.org/10.1038/s41586-021-03465-8
allen-brain,706,primary motor cortex,http://purl.obolibrary.org/obo/UBERON_0001384,Exc L5 THEMIS RGPD6 primary motor cortex glutamatergic neuron (Hsap),PCL:0015100,THEMIS,1,DDR2; THEMIS,HGNC:2731; HGNC:21569,https://doi.org/10.1038/s41586-021-03465-8
allen-brain,716,primary motor cortex,http://purl.obolibrary.org/obo/UBERON_0001384,Exc L5 FEZF2 CSN1S1 primary motor cortex glutamatergic neuron (Hsap),PCL:0015110,VAT1L,1,OPN4; VAT1L,HGNC:14449; HGNC:29315,https://doi.org/10.1038/s41586-021-03465-8
allen-brain,720,primary motor cortex,http://purl.obolibrary.org/obo/UBERON_0001384,Exc L5 FEZF2 NREP-AS1 primary motor cortex glutamatergic neuron (Hsap),PCL:0015114,CD36,1,ADAMTS12; CD36,HGNC:14605; HGNC:1663,https://doi.org/10.1038/s41586-021-03465-8
allen-brain,721,primary motor cortex,http://purl.obolibrary.org/obo/UBERON_0001384,Exc L5 FEZF2 RNF144A-AS1 primary motor cortex glutamatergic neuron (Hsap),PCL:0015115,CD36,1,CD36,HGNC:1663,https://doi.org/10.1038/s41586-021-03465-8
allen-brain,719,primary motor cortex,http://purl.obolibrary.org/obo/UBERON_0001384,Exc L5 FEZF2 PKD2L1 primary motor cortex glutamatergic neuron (Hsap),PCL:0015113,VGLL3,1,NPSR1-AS1; VGLL3,HGNC:22128; HGNC:24327,https://doi.org/10.1038/s41586-021-03465-8
allen-brain,727,primary motor cortex,http://purl.obolibrary.org/obo/UBERON_0001384,Oligo L2-6 OPALIN FTH1P3 primary motor cortex oligodendrocyte (Hsap),PCL:0015120,VCAN,1,VCAN; STK32A,HGNC:2464; HGNC:28317,https://doi.org/10.1038/s41586-021-03465-8
allen-brain,691,primary motor cortex,http://purl.obolibrary.org/obo/UBERON_0001384,Exc L5 THEMIS VILL primary motor cortex glutamatergic neuron (Hsap),PCL:0015085,DACH1,1,DACH1; TNC,HGNC:2663; HGNC:5318,https://doi.org/10.1038/s41586-021-03465-8
allen-brain,714,primary motor cortex,http://purl.obolibrary.org/obo/UBERON_0001384,Exc L6 FEZF2 KLK7 primary motor cortex glutamatergic neuron (Hsap),PCL:0015108,MDFIC,1,MDFIC,HGNC:28870,https://doi.org/10.1038/s41586-021-03465-8
allen-brain,725,primary motor cortex,http://purl.obolibrary.org/obo/UBERON_0001384,Oligo L2-6 OPALIN MAP6D1 primary motor cortex oligodendrocyte (Hsap),PCL:0015079,ENPP2,1,ENPP2,HGNC:3357,https://doi.org/10.1038/s41586-021-03465-8
allen-brain,508,brain,http://purl.obolibrary.org/obo/UBERON_0000955,Splat_361 neuron (Hsap),PCL:0051362,GATA3,1,SIX3; TAC1; GATA3,HGNC:10889; HGNC:11517; HGNC:4172,https://doi.org/10.1101/2022.10.12.511898
allen-brain,497,medulla oblongata,http://purl.obolibrary.org/obo/UBERON_0001896,Splat_350 neuron (Hsap),PCL:0051351,ADAMTSL1,1,SLC6A5; TTR; ADAMTSL1; HTR2C,HGNC:11051; HGNC:12405; HGNC:14632; HGNC:5295,https://doi.org/10.1101/2022.10.12.511898
allen-brain,491,gray matter of hindbrain,http://purl.obolibrary.org/obo/UBERON_0019263,Splat_344 neuron (Hsap),PCL:0051345,DOCK8,1,EBF3; DOCK8; AC067959.1,HGNC:19087; HGNC:19191; ASCTB-TEMP:ac067959-1,https://doi.org/10.1101/2022.10.12.511898
allen-brain,614,primary motor cortex,http://purl.obolibrary.org/obo/UBERON_0001384,Inh L3-6 PAX6 LINC01497 primary motor cortex GABAergic interneuron (Hsap),PCL:0015007,RELN; PALMD,2,PALMD; RELN,HGNC:15846; HGNC:9957,https://doi.org/10.1038/s41586-021-03465-8
allen-brain,583,brain,http://purl.obolibrary.org/obo/UBERON_0000955,Midi_436 midbrain-derived inhibitory neuron (Hsap),PCL:0051437,BMPR1B; HMCN1,2,BMPR1B; HMCN1; OTX2-AS1,HGNC:1077; HGNC:19194; HGNC:43906,https://doi.org/10.1101/2022.10.12.511898
allen-brain,594,thalamus,https://purl.org/ccf/ASCTB-TEMP_thalamus,Thex_447 thalamic excitatory neuron (Hsap),PCL:0051448,ST8SIA6; TGFBR2,2,TGFBR2; KCNH8; ST8SIA6; LINC01695,HGNC:11773; HGNC:18864; HGNC:23317; HGNC:52483,https://doi.org/10.1101/2022.10.12.511898
allen-brain,608,primary motor cortex,http://purl.obolibrary.org/obo/UBERON_0001384,Inh L1 LAMP5 PVRL2 primary motor cortex GABAergic interneuron (Hsap),PCL:0015001,RELN; HS3ST5,2,TRPC3; CBLN4; HS3ST5; RELN,HGNC:12335; HGNC:16231; HGNC:19419; HGNC:9957,https://doi.org/10.1038/s41586-021-03465-8
allen-brain,611,primary motor cortex,http://purl.obolibrary.org/obo/UBERON_0001384,Inh L1-6 LAMP5 NES primary motor cortex GABAergic interneuron (Hsap),PCL:0015004,EYA4; KIT,2,EPHA3; NTNG1; EYA4; KIT; RO,HGNC:3387; HGNC:23319; HGNC:3522; HGNC:6342; ASCTB-TEMP:ro,https://doi.org/10.1038/s41586-021-03465-8
allen-brain,571,gray matter of forebrain,http://purl.obolibrary.org/obo/UBERON_0019264,Splat_424 neuron (Hsap),PCL:0051425,CYP19A1; ZBTB7C,2,NR2F2; LHX6; CYP19A1; ZBTB7C,HGNC:7976; HGNC:21735; HGNC:2594; HGNC:31700,https://doi.org/10.1101/2022.10.12.511898
allen-brain,568,gray matter of forebrain,http://purl.obolibrary.org/obo/UBERON_0019264,Splat_421 neuron (Hsap),PCL:0051422,ESR1; STK32B,2,STK32B; ESR1,HGNC:14217; HGNC:3467,https://doi.org/10.1101/2022.10.12.511898
allen-brain,552,gray matter of forebrain,http://purl.obolibrary.org/obo/UBERON_0019264,Amex_405 amygdala excitatory neuron (Hsap),PCL:0051406,CDH13; MEIS2,2,CDH13; RXFP1; NDST4; MEIS2; PRLR,HGNC:1753; HGNC:19718; HGNC:20779; HGNC:7001; HGNC:9446,https://doi.org/10.1101/2022.10.12.511898
allen-brain,675,primary motor cortex,http://purl.obolibrary.org/obo/UBERON_0001384,Inh L1-2 SST CLIC6 primary motor cortex GABAergic interneuron (Hsap),PCL:0015068,ARHGAP42; NEDD4,2,TAC1; ARHGAP42; NEDD4,HGNC:11517; HGNC:26545; HGNC:7727,https://doi.org/10.1038/s41586-021-03465-8
allen-brain,666,primary motor cortex,http://purl.obolibrary.org/obo/UBERON_0001384,Inh L5-6 PVALB KCNIP2 primary motor cortex GABAergic interneuron (Hsap),PCL:0015059,GPC5; VAV3,2,VAV3; GPC5; NPFFR2,HGNC:12659; HGNC:4453; HGNC:4525,https://doi.org/10.1038/s41586-021-03465-8
allen-brain,655,primary motor cortex,http://purl.obolibrary.org/obo/UBERON_0001384,Inh L5-6 SST PAWR primary motor cortex GABAergic interneuron (Hsap),PCL:0015048,EPB41L4A; TRHDE,2,EPB41L4A; NDST4; TRHDE,HGNC:13278; HGNC:20779; HGNC:30748,https://doi.org/10.1038/s41586-021-03465-8
allen-brain,685,primary motor cortex,http://purl.obolibrary.org/obo/UBERON_0001384,Exc L3 LAMP5 CARM1P1 primary motor cortex glutamatergic neuron (Hsap),PCL:0015078,EPB41L4A; SV2C,2,EPB41L4A; SV2C; SYT2,HGNC:13278; HGNC:30670; ASCTB-TEMP:syt2,https://doi.org/10.1038/s41586-021-03465-8
allen-brain,657,primary motor cortex,http://purl.obolibrary.org/obo/UBERON_0001384,Inh L1-2 SST CCNJL primary motor cortex GABAergic interneuron (Hsap),PCL:0015050,CALB1; TMEM132C,2,CALB1; TMEM132C; SPHKAP,HGNC:1434; HGNC:25436; HGNC:30619,https://doi.org/10.1038/s41586-021-03465-8
allen-brain,673,primary motor cortex,http://purl.obolibrary.org/obo/UBERON_0001384,Inh L1-2 PVALB CDK20 primary motor cortex GABAergic interneuron (Hsap),PCL:0015066,SYT10; TMEM132C,2,ADAMTS12; SYT10; TMEM132C,HGNC:14605; HGNC:19266; HGNC:25436,https://doi.org/10.1038/s41586-021-03465-8
allen-brain,648,primary motor cortex,http://purl.obolibrary.org/obo/UBERON_0001384,Inh L3-5 SST CDH3 primary motor cortex GABAergic interneuron (Hsap),PCL:0015041,FREM1; NPNT,2,QRFPR; FREM1; NPNT,HGNC:15565; HGNC:23399; HGNC:27405,https://doi.org/10.1038/s41586-021-03465-8
allen-brain,671,primary motor cortex,http://purl.obolibrary.org/obo/UBERON_0001384,Inh L2-5 PVALB RPH3AL primary motor cortex GABAergic interneuron (Hsap),PCL:0015064,ARHGAP42; POSTN,2,POSTN; WIF1; ARHGAP42; MYO5B,HGNC:16953; HGNC:18081; HGNC:26545; HGNC:7603,https://doi.org/10.1038/s41586-021-03465-8
allen-brain,670,primary motor cortex,http://purl.obolibrary.org/obo/UBERON_0001384,Inh L2-5 PVALB HHIPL1 primary motor cortex GABAergic interneuron (Hsap),PCL:0015063,ADAMTS17; MDFIC,2,ADAMTS17; ADAMTS20; MDFIC,HGNC:17109; HGNC:17178; HGNC:28870,https://doi.org/10.1038/s41586-021-03465-8
allen-brain,669,primary motor cortex,http://purl.obolibrary.org/obo/UBERON_0001384,Inh L5 PVALB LRIG3 primary motor cortex GABAergic interneuron (Hsap),PCL:0015062,GPC5; PLCE1,2,PLCE1; CDH6; GPC5,HGNC:17175; HGNC:1765; HGNC:4453,https://doi.org/10.1038/s41586-021-03465-8
allen-brain,650,primary motor cortex,http://purl.obolibrary.org/obo/UBERON_0001384,Inh L5-6 SST ISX primary motor cortex GABAergic interneuron (Hsap),PCL:0015043,COL19A1; TRPM3,2,TRPM3; COL19A1,HGNC:17992; HGNC:2196,https://doi.org/10.1038/s41586-021-03465-8
allen-brain,661,primary motor cortex,http://purl.obolibrary.org/obo/UBERON_0001384,Inh L5-6 SST DNAJC14 primary motor cortex GABAergic interneuron (Hsap),PCL:0015054,ITGA1; STON2,2,HGF; STON2; ITGA1,HGNC:4893; HGNC:30652; HGNC:6134,https://doi.org/10.1038/s41586-021-03465-8
allen-brain,686,primary motor cortex,http://purl.obolibrary.org/obo/UBERON_0001384,Exc L2-3 RORB CCDC68 primary motor cortex glutamatergic neuron (Hsap),PCL:0015080,COBLL1; PRSS12,2,COL5A2; COBLL1; PRSS12,HGNC:2210; HGNC:23571; ASCTB-TEMP:prss12,https://doi.org/10.1038/s41586-021-03465-8
allen-brain,627,primary motor cortex,http://purl.obolibrary.org/obo/UBERON_0001384,Inh L1-2 VIP EXPH5 primary motor cortex GABAergic interneuron (Hsap),PCL:0015020,SCTR; ST18,2,SCTR; ST18,HGNC:10608; HGNC:18695,https://doi.org/10.1038/s41586-021-03465-8
allen-brain,615,primary motor cortex,http://purl.obolibrary.org/obo/UBERON_0001384,Inh L1 PAX6 MIR101-1 primary motor cortex GABAergic interneuron (Hsap),PCL:0015008,RELN; TGFBR2,2,TGFBR2; RELN,HGNC:11773; HGNC:9957,https://doi.org/10.1038/s41586-021-03465-8
allen-brain,646,primary motor cortex,http://purl.obolibrary.org/obo/UBERON_0001384,Inh L3-5 VIP TAC3 primary motor cortex GABAergic interneuron (Hsap),PCL:0015039,COL19A1; TSHZ2,2,TSHZ2; SOX2-OT; COL19A1,HGNC:13010; HGNC:20209; HGNC:2196,https://doi.org/10.1038/s41586-021-03465-8
allen-brain,629,primary motor cortex,http://purl.obolibrary.org/obo/UBERON_0001384,Inh L1-2 VIP PTGER3 primary motor cortex GABAergic interneuron (Hsap),PCL:0015022,SYT10; PARD3B,2,PARD3B; KCNH8; SYT10,HGNC:14446; HGNC:18864; HGNC:19266,https://doi.org/10.1038/s41586-021-03465-8
allen-brain,623,primary motor cortex,http://purl.obolibrary.org/obo/UBERON_0001384,Inh L1 PVALB-like SST ASIC4 primary motor cortex GABAergic interneuron (Hsap),PCL:0015016,PRELID2; NCKAP5,2,ADAM33; PRELID2; NCKAP5,HGNC:15478; HGNC:28306; HGNC:29847,https://doi.org/10.1038/s41586-021-03465-8
allen-brain,640,primary motor cortex,http://purl.obolibrary.org/obo/UBERON_0001384,Inh L2-5 VIP BSPRY primary motor cortex GABAergic interneuron (Hsap),PCL:0015033,ST18; PDE3A,2,ST18; PDE3A,HGNC:18695; HGNC:8778,https://doi.org/10.1038/s41586-021-03465-8
allen-brain,639,primary motor cortex,http://purl.obolibrary.org/obo/UBERON_0001384,Inh L1-5 VIP CD27-AS1 primary motor cortex GABAergic interneuron (Hsap),PCL:0015032,ANKFN1; IQGAP2,2,EGFEM1P; ANKFN1; IQGAP2,HGNC:25149; HGNC:26766; HGNC:6111,https://doi.org/10.1038/s41586-021-03465-8
allen-brain,388,cerebral cortex,http://purl.obolibrary.org/obo/UBERON_0000956,MGE_241 sst GABAergic cortical interneuron (Hsap),PCL:0051242,BMP6; SOX6,2,BMP6; SOX6; ANKRD30B; RP11-656G20.1,HGNC:1073; HGNC:16421; HGNC:24165; ASCTB-TEMP:rp11-656g20-1,https://doi.org/10.1101/2022.10.12.511898
allen-brain,398,cerebral cortex,http://purl.obolibrary.org/obo/UBERON_0000956,MGE_251 medial ganglionic eminence derived interneuron (Hsap),PCL:0051252,ADGRG6; RELN,2,SST; ADGRG6; RELN; RP11-387P12.1,HGNC:11329; HGNC:13841; HGNC:9957; ASCTB-TEMP:rp11-387p12-1,https://doi.org/10.1101/2022.10.12.511898
allen-brain,397,cerebral cortex,http://purl.obolibrary.org/obo/UBERON_0000956,MGE_250 medial ganglionic eminence derived interneuron (Hsap),PCL:0051251,ADGRG6; PROM1,2,PROM1; ADGRG6; ADAMTS9-AS2,HGNC:9454; HGNC:13841; HGNC:42435,https://doi.org/10.1101/2022.10.12.511898
allen-brain,390,cerebral cortex,http://purl.obolibrary.org/obo/UBERON_0000956,MGE_243 sst GABAergic cortical interneuron (Hsap),PCL:0051244,CALB1; EYA4,2,CALB1; EYA4; PENK; CTD-2533K21.4,HGNC:1434; HGNC:3522; HGNC:8831; ASCTB-TEMP:ctd-2533k21-4,https://doi.org/10.1101/2022.10.12.511898
allen-brain,342,hippocampal formation,http://purl.obolibrary.org/obo/UBERON_0002421,CA4_195 hippocampal CA4 neuron (Hsap),PCL:0051196,HHIP; NPNT,2,HHIP; COL5A2; NPNT; ITGA4,HGNC:14866; HGNC:2210; HGNC:27405; HGNC:6140,https://doi.org/10.1101/2022.10.12.511898
allen-brain,384,brain,http://purl.obolibrary.org/obo/UBERON_0000955,Splat_237 sst GABAergic cortical interneuron (Hsap),PCL:0051238,CMTM8; PDGFD,2,CMTM8; BCHE; PDGFD,HGNC:19179; HGNC:983; HGNC:30620,https://doi.org/10.1101/2022.10.12.511898
allen-brain,379,brain,http://purl.obolibrary.org/obo/UBERON_0000955,EMSN_232 medium spiny neuron (Hsap),PCL:0051233,ABCA1; CHRM5,2,CHRM5; RXFP1; ABCA1,HGNC:1954; HGNC:19718; HGNC:29,https://doi.org/10.1101/2022.10.12.511898
allen-brain,171,brain,http://purl.obolibrary.org/obo/UBERON_0000955,Fbl_24 fibroblast (Hsap),PCL:0051025,BMP5; C7,2,BMP5; C7,HGNC:1072; HGNC:1346,https://doi.org/10.1101/2022.10.12.511898
allen-brain,176,brain,http://purl.obolibrary.org/obo/UBERON_0000955,Fbl_29 fibroblast (Hsap),PCL:0051030,BMPR1B; EBF2,2,BMPR1B; SLC2A1; EBF2,HGNC:1077; HGNC:11005; HGNC:19090,https://doi.org/10.1101/2022.10.12.511898
allen-brain,163,brain,http://purl.obolibrary.org/obo/UBERON_0000955,VendVC_16 capillary endothelial cell (Hsap),PCL:0051017,MECOM; TRPM6,2,TRPM6; MECOM,HGNC:17995; HGNC:3498,https://doi.org/10.1101/2022.10.12.511898
allen-brain,162,brain,http://purl.obolibrary.org/obo/UBERON_0000955,VendC_15 capillary endothelial cell (Hsap),PCL:0051016,HMCN1; MECOM,2,HMCN1; MECOM; ABCG2,HGNC:19194; HGNC:3498; HGNC:74,https://doi.org/10.1101/2022.10.12.511898
allen-brain,159,brain,http://purl.obolibrary.org/obo/UBERON_0000955,Mgl_12 microglial cell (Hsap),PCL:0051013,F13A1; MRC1,2,MRC1; F13A1,HGNC:7228; HGNC:3531,https://doi.org/10.1101/2022.10.12.511898
allen-brain,165,brain,http://purl.obolibrary.org/obo/UBERON_0000955,VendA_18 endothelial cell of artery (Hsap),PCL:0051019,MECOM; MGP,2,MECOM; MGP,HGNC:3498; HGNC:7060,https://doi.org/10.1101/2022.10.12.511898
allen-brain,164,brain,http://purl.obolibrary.org/obo/UBERON_0000955,VendV_17 vein endothelial cell (Hsap),PCL:0051018,IL1R1; SRGN,2,IL1R1; SRGN,HGNC:5993; HGNC:9361,https://doi.org/10.1101/2022.10.12.511898
allen-brain,530,brain,http://purl.obolibrary.org/obo/UBERON_0000955,Splat_383 neuron (Hsap),PCL:0051384,EBF2; LMX1A,2,PITX2; EBF2; LMX1A,HGNC:9005; HGNC:19090; HGNC:6653,https://doi.org/10.1101/2022.10.12.511898
allen-brain,543,brain,http://purl.obolibrary.org/obo/UBERON_0000955,Splat_396 neuron (Hsap),PCL:0051397,GATA3; SEMA3D,2,SEMA3D; GATA3; LMX1B,HGNC:10726; HGNC:4172; HGNC:6654,https://doi.org/10.1101/2022.10.12.511898
allen-brain,520,brain,http://purl.obolibrary.org/obo/UBERON_0000955,Splat_373 neuron (Hsap),PCL:0051374,TCF7L2; PDGFD,2,SHOX2; TCF7L2; PDGFD; LHX2,HGNC:10854; HGNC:11641; HGNC:30620; HGNC:6594,https://doi.org/10.1101/2022.10.12.511898
allen-brain,515,brain,http://purl.obolibrary.org/obo/UBERON_0000955,Splat_368 neuron (Hsap),PCL:0051369,EBF1; TCF7L2,2,TCF7L2; EBF3; EBF1; SNHG14,HGNC:11641; HGNC:19087; HGNC:3126; HGNC:37462,https://doi.org/10.1101/2022.10.12.511898
allen-brain,546,medulla oblongata,http://purl.obolibrary.org/obo/UBERON_0001896,Splat_399 neuron (Hsap),PCL:0051400,RNF220; MEIS2,2,TFAP2B; RNF220; MEIS2,HGNC:11743; HGNC:25552; HGNC:7001,https://doi.org/10.1101/2022.10.12.511898
allen-brain,537,brain,http://purl.obolibrary.org/obo/UBERON_0000955,Splat_390 neuron (Hsap),PCL:0051391,POU6F2; NRXN3,2,ZIC1; NRXN3; POU6F2; SNHG14,HGNC:12872; HGNC:8010; HGNC:21694; HGNC:37462,https://doi.org/10.1101/2022.10.12.511898
allen-brain,518,midbrain,http://purl.obolibrary.org/obo/UBERON_0001891,Splat_371 neuron (Hsap),PCL:0051372,CPA6; BNC2,2,CPA6; NPSR1; BNC2,HGNC:17245; HGNC:23631; HGNC:30988,https://doi.org/10.1101/2022.10.12.511898
allen-brain,528,brain,http://purl.obolibrary.org/obo/UBERON_0000955,Splat_381 neuron (Hsap),PCL:0051382,EBF2; EBF1,2,EBF2; EBF1; OTP,HGNC:19090; HGNC:3126; HGNC:8518,https://doi.org/10.1101/2022.10.12.511898
allen-brain,534,brain,http://purl.obolibrary.org/obo/UBERON_0000955,Splat_387 neuron (Hsap),PCL:0051388,EBF2; PAX5,2,EBF2; PAX5,HGNC:19090; HGNC:8619,https://doi.org/10.1101/2022.10.12.511898
allen-brain,513,brain,http://purl.obolibrary.org/obo/UBERON_0000955,Splat_366 neuron (Hsap),PCL:0051367,DACH1; TCF7L2,2,KLHL1; TCF7L2; EBF3; DACH1,HGNC:6352; HGNC:11641; HGNC:19087; HGNC:2663,https://doi.org/10.1101/2022.10.12.511898
allen-brain,366,brain,http://purl.obolibrary.org/obo/UBERON_0000955,MSN_219 direct pathway medium spiny neuron (Hsap),PCL:0051220,CXCL14; FOXP2,2,CXCL14; FOXP2; ISL1,HGNC:10640; HGNC:13875; HGNC:6132,https://doi.org/10.1101/2022.10.12.511898
allen-brain,373,brain,http://purl.obolibrary.org/obo/UBERON_0000955,EMSN_226 medium spiny neuron (Hsap),PCL:0051227,CXCL14; EYA2,2,CXCL14; RXFP1; EYA2; PTPRQ,HGNC:10640; HGNC:19718; HGNC:3520; HGNC:9679,https://doi.org/10.1101/2022.10.12.511898
allen-brain,375,gray matter of forebrain,http://purl.obolibrary.org/obo/UBERON_0019264,EMSN_228 medium spiny neuron (Hsap),PCL:0051229,ADAMTSL1; MEIS1,2,SEMA3C; ADAMTSL1; NPFFR2; MEIS1; RP11-154H17.1,HGNC:10725; HGNC:14632; HGNC:4525; HGNC:7000; ASCTB-TEMP:rp11-154h17-1,https://doi.org/10.1101/2022.10.12.511898
allen-brain,422,gray matter of forebrain,http://purl.obolibrary.org/obo/UBERON_0019264,LLC_275 interneuron (Hsap),PCL:0051276,CXCL14; PDGFD,2,CXCL14; SFRP1; CA2; PDGFD,HGNC:10640; HGNC:10776; HGNC:1373; HGNC:30620,https://doi.org/10.1101/2022.10.12.511898
allen-brain,426,gray matter of forebrain,http://purl.obolibrary.org/obo/UBERON_0019264,CGE_279 VIP GABAergic cortical interneuron (Hsap),PCL:0051280,CXCL14; DOCK8,2,CXCL14; DOCK8; FREM2,HGNC:10640; HGNC:19191; HGNC:25396,https://doi.org/10.1101/2022.10.12.511898
allen-brain,430,cerebral cortex,http://purl.obolibrary.org/obo/UBERON_0000956,CGE_283 caudal ganglionic eminence derived cortical interneuron (Hsap),PCL:0051284,CXCL14; SYT10,2,CXCL14; SEMA3C; SYT10; SGO1-AS1,HGNC:10640; HGNC:10725; HGNC:19266; HGNC:41081,https://doi.org/10.1101/2022.10.12.511898
allen-brain,431,gray matter of forebrain,http://purl.obolibrary.org/obo/UBERON_0019264,CGE_284 VIP GABAergic cortical interneuron (Hsap),PCL:0051285,CCN2; CXCL14,2,CXCL14; PCDH18; CCN2; RP1-35C21.2,HGNC:10640; HGNC:14268; HGNC:2500; ASCTB-TEMP:rp1-35c21-2,https://doi.org/10.1101/2022.10.12.511898
allen-brain,396,gray matter of forebrain,http://purl.obolibrary.org/obo/UBERON_0019264,MGE_249 sst GABAergic cortical interneuron (Hsap),PCL:0051250,SEMA3A; SOX6,2,SEMA3A; SST; SOX6; TRPC7; RSPO3,HGNC:10723; HGNC:11329; HGNC:16421; HGNC:20754; HGNC:20866,https://doi.org/10.1101/2022.10.12.511898
allen-brain,400,gray matter of forebrain,http://purl.obolibrary.org/obo/UBERON_0019264,MGE_253 sst GABAergic cortical interneuron (Hsap),PCL:0051254,TRPC6; VCAN,2,SST; TRPC6; VCAN; CTC-340A15.2; CTC-535M15.2,HGNC:11329; HGNC:12338; HGNC:2464; ASCTB-TEMP:ctc-340a15-2; ASCTB-TEMP:ctc-535m15-2,https://doi.org/10.1101/2022.10.12.511898
allen-brain,417,cerebral cortex,http://purl.obolibrary.org/obo/UBERON_0000956,LLC_270 interneuron (Hsap),PCL:0051271,ARHGAP6; PREX2,2,TAC1; PREX2; ADAMTS9-AS2; ARHGAP6; NOS1,HGNC:11517; HGNC:22950; HGNC:42435; HGNC:676; HGNC:7872,https://doi.org/10.1101/2022.10.12.511898
allen-brain,414,cerebral cortex,http://purl.obolibrary.org/obo/UBERON_0000956,LLC_267 interneuron (Hsap),PCL:0051268,CHST9; MET,2,DDR2; CHST9; MET,HGNC:2731; HGNC:19898; HGNC:7029,https://doi.org/10.1101/2022.10.12.511898
allen-brain,420,brain,http://purl.obolibrary.org/obo/UBERON_0000955,LLC_273 interneuron (Hsap),PCL:0051274,CHST9; LRP2,2,FBN2; CHST9; LRP2; RP11-563D10.1,HGNC:3604; HGNC:19898; HGNC:6694; ASCTB-TEMP:rp11-563d10-1,https://doi.org/10.1101/2022.10.12.511898
allen-brain,409,cerebral cortex,http://purl.obolibrary.org/obo/UBERON_0000956,MGE_262 pvalb GABAergic cortical interneuron (Hsap),PCL:0051263,SULF1; PIEZO2,2,SULF1; PIEZO2; ADAMTS9-AS2; RP1-35C21.2,HGNC:20391; HGNC:26270; HGNC:42435; ASCTB-TEMP:rp1-35c21-2,https://doi.org/10.1101/2022.10.12.511898
allen-brain,255,cerebral cortex,http://purl.obolibrary.org/obo/UBERON_0000956,DLCT6b_108 glutamatergic neuron (Hsap),PCL:0051109,ADAMTSL1; SEMA3E,2,SEMA3E; ADAMTSL1; LINC01821; CTB-57H20.1; RP11-369E15.3,HGNC:10727; HGNC:14632; HGNC:52626; ASCTB-TEMP:ctb-57h20-1; ASCTB-TEMP:rp11-369e15-3,https://doi.org/10.1101/2022.10.12.511898
allen-brain,247,gray matter of forebrain,http://purl.obolibrary.org/obo/UBERON_0019264,DLCT6b_100 glutamatergic neuron (Hsap),PCL:0051101,SEMA5A; SULF1,2,SEMA5A; RXFP1; SULF1; LINC02232,HGNC:10736; HGNC:19718; HGNC:20391; HGNC:53103,https://doi.org/10.1101/2022.10.12.511898
allen-brain,257,gray matter of forebrain,http://purl.obolibrary.org/obo/UBERON_0019264,DLCT6b_110 glutamatergic neuron (Hsap),PCL:0051111,CAV1; SULF1,2,CAV1; TRIM22; SULF1; RP11-640F22.1,HGNC:1527; HGNC:16379; HGNC:20391; ASCTB-TEMP:rp11-640f22-1,https://doi.org/10.1101/2022.10.12.511898
allen-brain,250,gray matter of forebrain,http://purl.obolibrary.org/obo/UBERON_0019264,DLCT6b_103 glutamatergic neuron (Hsap),PCL:0051104,CCN2; PLA2G4A,2,CCN2; PLA2G4A; RP11-467L24.1,HGNC:2500; HGNC:9035; ASCTB-TEMP:rp11-467l24-1,https://doi.org/10.1101/2022.10.12.511898
allen-brain,336,gray matter of forebrain,http://purl.obolibrary.org/obo/UBERON_0019264,CA13_189 hippocampal CA1-3 neuron (Hsap),PCL:0051190,ATP10A; CCN1,2,ATP10A; CCN1; CTXND1,HGNC:13542; HGNC:2654; HGNC:50507,https://doi.org/10.1101/2022.10.12.511898
allen-brain,339,hippocampal formation,http://purl.obolibrary.org/obo/UBERON_0002421,CA4_192 hippocampal CA4 neuron (Hsap),PCL:0051193,ATP10A; CASR,2,ATP10A; CASR; ITGA4,HGNC:13542; HGNC:1514; HGNC:6140,https://doi.org/10.1101/2022.10.12.511898
allen-brain,309,gray matter of forebrain,http://purl.obolibrary.org/obo/UBERON_0019264,Amex_162 amygdala excitatory neuron (Hsap),PCL:0051163,CCBE1; POSTN,2,POSTN; CCBE1; AC067959.1,HGNC:16953; HGNC:29426; ASCTB-TEMP:ac067959-1,https://doi.org/10.1101/2022.10.12.511898
allen-brain,317,gray matter of forebrain,http://purl.obolibrary.org/obo/UBERON_0019264,Misc_170 neuron of the forebrain (Hsap),PCL:0051171,DCN; GRB14,2,DCN; GRB14,HGNC:2705; HGNC:4565,https://doi.org/10.1101/2022.10.12.511898
allen-brain,445,gray matter of hindbrain,http://purl.obolibrary.org/obo/UBERON_0019263,CBI_298 cerebellar inhibitory GABAergic interneuron (Hsap),PCL:0051299,RELN; VCAN,2,SLC6A5; VCAN; RELN,HGNC:11051; HGNC:2464; HGNC:9957,https://doi.org/10.1101/2022.10.12.511898
allen-brain,501,brain,http://purl.obolibrary.org/obo/UBERON_0000955,Splat_354 neuron (Hsap),PCL:0051355,LHX1; TCF7L2,2,TCF7L2; LHX1; RP11-66G15.1,HGNC:11641; HGNC:6593; ASCTB-TEMP:rp11-66g15-1,https://doi.org/10.1101/2022.10.12.511898
allen-brain,505,midbrain,http://purl.obolibrary.org/obo/UBERON_0001891,Splat_358 neuron (Hsap),PCL:0051359,GATA3; ZFHX3,2,TFAP2B; TAFA1; ZFHX3; GATA3; GRIK1,HGNC:11743; HGNC:21587; HGNC:777; HGNC:4172; HGNC:4579,https://doi.org/10.1101/2022.10.12.511898
allen-brain,499,midbrain,http://purl.obolibrary.org/obo/UBERON_0001891,Splat_352 neuron (Hsap),PCL:0051353,GATA3; LHX1,2,EBF3; GATA3; LINC01210; LHX1,HGNC:19087; HGNC:4172; HGNC:49642; HGNC:6593,https://doi.org/10.1101/2022.10.12.511898
allen-brain,438,gray matter of forebrain,http://purl.obolibrary.org/obo/UBERON_0019264,CGE_291 VIP GABAergic cortical interneuron (Hsap),PCL:0051292,EDNRA; NPR3,2,NPR3; EDNRA; RP1-35C21.2,HGNC:7945; HGNC:3179; ASCTB-TEMP:rp1-35c21-2,https://doi.org/10.1101/2022.10.12.511898
allen-brain,502,brain,http://purl.obolibrary.org/obo/UBERON_0000955,Splat_355 neuron (Hsap),PCL:0051356,GATA3; TRHDE,2,TRHDE; GATA3; ZFPM2-AS1; KIZ-AS1,HGNC:30748; HGNC:4172; HGNC:50698; HGNC:51231,https://doi.org/10.1101/2022.10.12.511898
allen-brain,280,cerebral cortex,http://purl.obolibrary.org/obo/UBERON_0000956,ULIT_133 intratelencephalic-projecting glutamatergic cortical neuron (Hsap),PCL:0051134,ADAMTS17; POU6F2,2,RORB; TRPC3; ADAMTS17; POU6F2,HGNC:10259; HGNC:12335; HGNC:17109; HGNC:21694,https://doi.org/10.1101/2022.10.12.511898
allen-brain,297,cerebral cortex,http://purl.obolibrary.org/obo/UBERON_0000956,DLIT_150 intratelencephalic-projecting glutamatergic cortical neuron (Hsap),PCL:0051151,POSTN; THEMIS,2,HPSE2; POSTN; THEMIS,HGNC:18374; HGNC:16953; HGNC:21569,https://doi.org/10.1101/2022.10.12.511898
allen-brain,293,gray matter of forebrain,http://purl.obolibrary.org/obo/UBERON_0019264,DLIT_146 intratelencephalic-projecting glutamatergic cortical neuron (Hsap),PCL:0051147,ADAMTS16; SNTG2,2,FBXL21P; SNTG2; CBLN2; ADAMTS16,HGNC:13600; HGNC:13741; HGNC:1544; HGNC:17108,https://doi.org/10.1101/2022.10.12.511898
allen-brain,299,gray matter of forebrain,http://purl.obolibrary.org/obo/UBERON_0019264,DLIT_152 intratelencephalic-projecting glutamatergic cortical neuron (Hsap),PCL:0051153,STK32B; PLA2G4A,2,STK32B; PLA2G4A,HGNC:14217; HGNC:9035,https://doi.org/10.1101/2022.10.12.511898
allen-brain,233,cerebral cortex,http://purl.obolibrary.org/obo/UBERON_0000956,DLNP_86 near-projecting glutamatergic cortical neuron (Hsap),PCL:0051087,ADRA1A; PTPRT,2,ADRA1A; IFNG-AS1; PLPP3; PTPRT,HGNC:277; HGNC:43910; HGNC:9229; HGNC:9682,https://doi.org/10.1101/2022.10.12.511898
allen-brain,435,gray matter of forebrain,http://purl.obolibrary.org/obo/UBERON_0019264,CGE_288 lamp5 GABAergic cortical interneuron (Hsap),PCL:0051289,CXCL14; ROR2,2,ROR2; CXCL14; CA2; CRH,HGNC:10257; HGNC:10640; HGNC:1373; HGNC:2355,https://doi.org/10.1101/2022.10.12.511898
allen-brain,434,brain,http://purl.obolibrary.org/obo/UBERON_0000955,CGE_287 lamp5 GABAergic cortical interneuron (Hsap),PCL:0051288,EYA4; MYH11,2,ADAMTS20; EYA4; MYH11,HGNC:17178; HGNC:3522; HGNC:7569,https://doi.org/10.1101/2022.10.12.511898
allen-brain,207,brain,http://purl.obolibrary.org/obo/UBERON_0000955,Astro_60 astrocyte (Hsap),PCL:0051061,APOE; EDNRB,2,APOE; EDNRB; TNC; LINC00499,HGNC:613; HGNC:3180; HGNC:5318; HGNC:43436,https://doi.org/10.1101/2022.10.12.511898
allen-brain,452,gray matter of hindbrain,http://purl.obolibrary.org/obo/UBERON_0019263,CBI_305 cerebellar inhibitory GABAergic interneuron (Hsap),PCL:0051306,BMPR1B; NTN1,2,BMPR1B; TFAP2B; LINC02552; NTN1,HGNC:1077; HGNC:11743; HGNC:53587; HGNC:8029,https://doi.org/10.1101/2022.10.12.511898
allen-brain,480,hypothalamus,http://purl.obolibrary.org/obo/UBERON_0001898,Mmb_333 mammillary body neuron (Hsap),PCL:0051334,CD36; LTBP1,2,SIM1; CD36; LTBP1,HGNC:10882; HGNC:1663; HGNC:6714,https://doi.org/10.1101/2022.10.12.511898
allen-brain,463,gray matter of hindbrain,http://purl.obolibrary.org/obo/UBERON_0019263,LRL_316 neuron (Hsap),PCL:0051317,BTNL9; EYA2,2,ADAMTS20; BTNL9; EYA2,HGNC:17178; HGNC:24176; HGNC:3520,https://doi.org/10.1101/2022.10.12.511898
allen-brain,707,primary motor cortex,http://purl.obolibrary.org/obo/UBERON_0001384,Exc L5-6 FEZF2 C9orf135-AS1 primary motor cortex glutamatergic neuron (Hsap),PCL:0015101,FOXP2; SEMA5A,2,SEMA5A; FOXP2; EGFEM1P,HGNC:10736; HGNC:13875; HGNC:25149,https://doi.org/10.1038/s41586-021-03465-8
allen-brain,694,primary motor cortex,http://purl.obolibrary.org/obo/UBERON_0001384,Exc L5 THEMIS SLC22A18 primary motor cortex glutamatergic neuron (Hsap),PCL:0015088,BTNL9; CCBE1,2,SLC7A11; BTNL9; CCBE1,HGNC:11059; HGNC:24176; HGNC:29426,https://doi.org/10.1038/s41586-021-03465-8
allen-brain,695,primary motor cortex,http://purl.obolibrary.org/obo/UBERON_0001384,Exc L5-6 THEMIS TNFAIP6 primary motor cortex glutamatergic neuron (Hsap),PCL:0015089,LTBP1; TSHZ2,2,TSHZ2; LTBP1,HGNC:13010; HGNC:6714,https://doi.org/10.1038/s41586-021-03465-8
allen-brain,733,primary motor cortex,http://purl.obolibrary.org/obo/UBERON_0001384,VLMC L1-5 PDGFRA COLEC12 primary motor cortex vascular leptomeningeal cell (Hsap),PCL:0015126,COLEC12; COL1A2,2,COLEC12; COL1A2,HGNC:16016; HGNC:2198,https://doi.org/10.1038/s41586-021-03465-8
allen-brain,708,primary motor cortex,http://purl.obolibrary.org/obo/UBERON_0001384,Exc L5-6 FEZF2 FILIP1L primary motor cortex glutamatergic neuron (Hsap),PCL:0015102,SULF1; MCTP2,2,SULF1; MCTP2; SEC16B,HGNC:20391; HGNC:25636; HGNC:30301,https://doi.org/10.1038/s41586-021-03465-8
allen-brain,718,primary motor cortex,http://purl.obolibrary.org/obo/UBERON_0001384,Exc L3-5 FEZF2 LINC01107 primary motor cortex glutamatergic neuron (Hsap),PCL:0015112,BTNL9; EDNRB,2,BTNL9; EDNRB,HGNC:24176; HGNC:3180,https://doi.org/10.1038/s41586-021-03465-8
allen-brain,510,gray matter of forebrain,http://purl.obolibrary.org/obo/UBERON_0019264,Splat_363 neuron (Hsap),PCL:0051364,EBF2; ST8SIA6,2,EBF2; ST8SIA6; NR2F2-AS1,HGNC:19090; HGNC:23317; HGNC:44222,https://doi.org/10.1101/2022.10.12.511898
allen-brain,509,brain,http://purl.obolibrary.org/obo/UBERON_0000955,Splat_362 neuron (Hsap),PCL:0051363,PREX2; PTPRK,2,FSTL5; PREX2; LUZP2; PTPRK,HGNC:21386; HGNC:22950; HGNC:23206; HGNC:9674,https://doi.org/10.1101/2022.10.12.511898
allen-brain,500,thalamus,https://purl.org/ccf/ASCTB-TEMP_thalamus,Splat_353 neuron (Hsap),PCL:0051354,GATA3; HPGD,2,GATA3; HPGD; CTC-535M15.2,HGNC:4172; HGNC:5154; ASCTB-TEMP:ctc-535m15-2,https://doi.org/10.1101/2022.10.12.511898
allen-brain,603,thalamus,https://purl.org/ccf/ASCTB-TEMP_thalamus,Thex_456 thalamic excitatory neuron (Hsap),PCL:0051457,BMP6; ST8SIA6; TCF7L2,3,BMP6; TCF7L2; ST8SIA6; LINC02296,HGNC:1073; HGNC:11641; HGNC:23317; HGNC:53212,https://doi.org/10.1101/2022.10.12.511898
allen-brain,570,brain,http://purl.obolibrary.org/obo/UBERON_0000955,Splat_423 neuron (Hsap),PCL:0051424,PROX1; SOX6; TSHZ2,3,TSHZ2; SOX6; PROX1,HGNC:13010; HGNC:16421; HGNC:9459,https://doi.org/10.1101/2022.10.12.511898
allen-brain,580,brain,http://purl.obolibrary.org/obo/UBERON_0000955,Midi_433 midbrain-derived inhibitory neuron (Hsap),PCL:0051434,PRSS12; RELN; HHIP,3,HHIP; OTX2-AS1; PRSS12; RELN,HGNC:14866; HGNC:43906; HGNC:9477; HGNC:9957,https://doi.org/10.1101/2022.10.12.511898
allen-brain,660,primary motor cortex,http://purl.obolibrary.org/obo/UBERON_0001384,Inh L5-6 SST BEAN1 primary motor cortex GABAergic interneuron (Hsap),PCL:0015053,ADAMTSL1; SEMA5A; TRHDE,3,SEMA5A; ADAMTSL1; THSD7B; TRHDE,HGNC:10736; HGNC:14632; HGNC:29348; HGNC:30748,https://doi.org/10.1038/s41586-021-03465-8
allen-brain,649,primary motor cortex,http://purl.obolibrary.org/obo/UBERON_0001384,Inh L5 SST RPL35AP11 primary motor cortex GABAergic interneuron (Hsap),PCL:0015042,EDNRA; FREM1; TRHDE,3,FREM1; TRHDE; EDNRA,HGNC:23399; HGNC:30748; HGNC:3179,https://doi.org/10.1038/s41586-021-03465-8
allen-brain,624,primary motor cortex,http://purl.obolibrary.org/obo/UBERON_0001384,Inh L1 SST P4HA3 primary motor cortex GABAergic interneuron (Hsap),PCL:0015017,ARHGAP42; FOXO1; ST8SIA6,3,ST8SIA6; ARHGAP42; FOXO1,HGNC:23317; HGNC:26545; HGNC:3819,https://doi.org/10.1038/s41586-021-03465-8
allen-brain,389,cerebral cortex,http://purl.obolibrary.org/obo/UBERON_0000956,MGE_242 medial ganglionic eminence derived interneuron (Hsap),PCL:0051243,ADAMTSL1; SOX6; MME,3,ADAMTSL1; SOX6; FBN2; MCUB; MME,HGNC:14632; HGNC:16421; HGNC:3604; HGNC:26076; HGNC:7154,https://doi.org/10.1101/2022.10.12.511898
allen-brain,175,brain,http://purl.obolibrary.org/obo/UBERON_0000955,Fbl_28 fibroblast (Hsap),PCL:0051029,COL1A2; C7; FBLN2,3,C7; COL1A2; FBLN2,HGNC:1346; HGNC:2198; HGNC:3601,https://doi.org/10.1101/2022.10.12.511898
allen-brain,519,brain,http://purl.obolibrary.org/obo/UBERON_0000955,Thex_372 thalamic excitatory neuron (Hsap),PCL:0051373,PTH2R; RNF220; TCF7L2,3,TCF7L2; FAM9B; RNF220; PTH2R,HGNC:11641; HGNC:18404; HGNC:25552; HGNC:9609,https://doi.org/10.1101/2022.10.12.511898
allen-brain,536,brain,http://purl.obolibrary.org/obo/UBERON_0000955,Splat_389 neuron (Hsap),PCL:0051390,DACH1; GATA3; FIGN,3,FIGN; DACH1; GATA3,HGNC:13285; HGNC:2663; HGNC:4172,https://doi.org/10.1101/2022.10.12.511898
allen-brain,538,hypothalamus,http://purl.obolibrary.org/obo/UBERON_0001898,Splat_391 neuron (Hsap),PCL:0051392,CDH12; ST18; PDGFD,3,CDH12; ST18; PDGFD; CTC-340A15.2; CTC-535M15.2,HGNC:1751; HGNC:18695; HGNC:30620; ASCTB-TEMP:ctc-340a15-2; ASCTB-TEMP:ctc-535m15-2,https://doi.org/10.1101/2022.10.12.511898
allen-brain,376,gray matter of forebrain,http://purl.obolibrary.org/obo/UBERON_0019264,EMSN_229 medium spiny neuron (Hsap),PCL:0051230,ADAMTSL1; PTH2R; MEIS1,3,TSHZ1; CACNG5; ADAMTSL1; MEIS1; PTH2R,HGNC:10669; HGNC:1409; HGNC:14632; HGNC:7000; HGNC:9609,https://doi.org/10.1101/2022.10.12.511898
allen-brain,415,hippocampal formation,http://purl.obolibrary.org/obo/UBERON_0002421,LLC_268 interneuron (Hsap),PCL:0051269,CMTM8; CHST9; EYA4,3,TACR1; CMTM8; CHST9; EYA4,HGNC:11526; HGNC:19179; HGNC:19898; HGNC:3522,https://doi.org/10.1101/2022.10.12.511898
allen-brain,263,cerebral cortex,http://purl.obolibrary.org/obo/UBERON_0000956,Misc_116 cerebral cortex neuron (Hsap),PCL:0051117,ATP10A; ERG; PCSK6,3,ATP10A; ERG; PCSK6; FAM160A1,HGNC:13542; HGNC:3446; HGNC:8569; ASCTB-TEMP:fam160a1,https://doi.org/10.1101/2022.10.12.511898
allen-brain,314,cerebral cortex,http://purl.obolibrary.org/obo/UBERON_0000956,Misc_167 cerebral cortex neuron (Hsap),PCL:0051168,ANO2; TRPC6; TSHZ2,3,ANO2; TRPC6; TSHZ2; RP4-678D15.1,HGNC:1183; HGNC:12338; HGNC:13010; ASCTB-TEMP:rp4-678d15-1,https://doi.org/10.1101/2022.10.12.511898
allen-brain,443,gray matter of forebrain,http://purl.obolibrary.org/obo/UBERON_0019264,CGE_296 VIP GABAergic cortical interneuron (Hsap),PCL:0051297,CXCL14; CMTM8; LYPD6,3,CXCL14; TAC3; CMTM8; LYPD6,HGNC:10640; HGNC:11521; HGNC:19179; HGNC:28751,https://doi.org/10.1101/2022.10.12.511898
allen-brain,479,hypothalamus,http://purl.obolibrary.org/obo/UBERON_0001898,Mmb_332 mammillary body neuron (Hsap),PCL:0051333,FRMPD2; MYO1B; ONECUT2,3,SIM1; FRMPD2; MYO1B; ONECUT2,HGNC:10882; HGNC:28572; HGNC:7596; HGNC:8139,https://doi.org/10.1101/2022.10.12.511898
allen-brain,462,pons,http://purl.obolibrary.org/obo/UBERON_0000988,LRL_315 neuron (Hsap),PCL:0051316,SMOC1; TENT5A; MME,3,TENT5A; SMOC1; MME,HGNC:18345; HGNC:20318; HGNC:7154,https://doi.org/10.1101/2022.10.12.511898
allen-brain,709,primary motor cortex,http://purl.obolibrary.org/obo/UBERON_0001384,Exc L5-6 FEZF2 SH2D1B primary motor cortex glutamatergic neuron (Hsap),PCL:0015103,ADAMTSL1; MEIS2; PAPSS2,3,ADAMTSL1; NLGN4Y; MEIS2; PAPSS2,HGNC:14632; HGNC:15529; HGNC:7001; HGNC:8604,https://doi.org/10.1038/s41586-021-03465-8
allen-brain,726,primary motor cortex,http://purl.obolibrary.org/obo/UBERON_0001384,Oligo L3-6 OPALIN-like ENPP6 primary motor cortex oligodendrocyte (Hsap),PCL:0015119,ENPP2; ST18; MBP,3,ST18; ENPP2; LINC01378; MBP,HGNC:18695; HGNC:3357; HGNC:50645; HGNC:6925,https://doi.org/10.1038/s41586-021-03465-8
allen-brain,610,primary motor cortex,http://purl.obolibrary.org/obo/UBERON_0001384,Inh L1-6 LAMP5 AARD primary motor cortex GABAergic interneuron (Hsap),PCL:0015003,PRELID2; FBXL7; FREM1; KIT,4,FBXL7; FREM1; PRELID2; KIT,HGNC:13604; HGNC:23399; HGNC:28306; HGNC:6342,https://doi.org/10.1038/s41586-021-03465-8
allen-brain,512,brain,http://purl.obolibrary.org/obo/UBERON_0000955,Splat_365 neuron (Hsap),PCL:0051366,CALM1; GNAS; MEIS2; ZFHX3,4,CALM1; CNTN1; ZFHX3; GNAS; HTR2C; MEIS2,HGNC:1442; HGNC:2171; HGNC:777; HGNC:4392; HGNC:5295; HGNC:7001,https://doi.org/10.1101/2022.10.12.511898
blood-pelvis,2,blood,http://purl.obolibrary.org/obo/UBERON_0000178,memory B cell,CL:0000787,MS4A1,1,SELL; CD27; CD19; CD22; MS4A1; CD82; CR2; IGHA1; IGHD; IGHG1; IGHM,HGNC:10720; HGNC:11922; HGNC:1633; HGNC:1643; HGNC:7315; HGNC:6210; HGNC:2336; HGNC:5478; HGNC:5480; HGNC:5525; HGNC:5541,https://doi.org/10.1002/jcla.20001
blood-pelvis,9,blood,http://purl.obolibrary.org/obo/UBERON_0000178,immature conventional dendritic cell,CL:0000840,HLA-DRA; NCAM1,2,SIGLEC6; CD14; CD19; CD22; CD3E; FCGR3A; HLA-DRA; IL3RA; ITGAX; NCAM1; AXL,HGNC:10875; HGNC:1628; HGNC:1633; HGNC:1643; HGNC:1674; HGNC:3619; HGNC:4947; HGNC:6012; HGNC:6152; HGNC:7656; HGNC:905,https://doi.org/10.1182/blood-2004-02-0769
blood-pelvis,8,blood,http://purl.obolibrary.org/obo/UBERON_0000178,"plasmacytoid dendritic cell, human",CL:0001058,HLA-DRA; NCAM1,2,CLEC4C; SERPINF1; CD14; CD19; CD3E; GZMB; FCGR3A; HLA-DRA; JCHAIN; IL3RA; ITGAX; NCAM1,HGNC:13258; HGNC:8824; HGNC:1628; HGNC:1633; HGNC:1674; HGNC:4709; HGNC:3619; HGNC:4947; HGNC:5713; HGNC:6012; HGNC:6152; HGNC:7656,https://doi.org/10.1111/bjh.14467
blood-pelvis,6,blood,http://purl.obolibrary.org/obo/UBERON_0000178,CD1c-positive myeloid dendritic cell,CL:0002399,HLA-DRA; THBD; NCAM1,3,NCAM1; THBD; CD14; CD19; CD1C; CD3E; CLEC10A; FCER1A; FCGR2B; FCGR3A; HLA-DPB1; HLA-DQA2; HLA-DRA; IL3RA; ITGAX,HGNC:7656; HGNC:11784; HGNC:1628; HGNC:1633; HGNC:1636; HGNC:1674; HGNC:16916; HGNC:3609; HGNC:3618; HGNC:3619; HGNC:4940; HGNC:4943; HGNC:4947; HGNC:6012; HGNC:6152,https://doi.org/10.1016/j.immuni.2017.04.019
blood-pelvis,1,blood,http://purl.obolibrary.org/obo/UBERON_0000178,immature B cell,CL:0000816,MS4A1; MME; PAX5,3,CD19; MS4A1; IGHD; IGHM; MME; PAX5,HGNC:1633; HGNC:7315; HGNC:5480; HGNC:5541; HGNC:7154; HGNC:8619,https://doi.org/10.3389/fimmu.2012.00302
blood-pelvis,5,blood,http://purl.obolibrary.org/obo/UBERON_0000178,CD141-positive myeloid dendritic cell,CL:0002394,CADM1; HLA-DRA; THBD; NCAM1,4,THBD; CADM1; XCR1; CD14; CD19; CD1C; CD3E; CLEC9A; FCGR3A; HLA-DRA; IL3RA; ITGAX; NCAM1,HGNC:11784; HGNC:5951; HGNC:1625; HGNC:1628; HGNC:1633; HGNC:1636; HGNC:1674; HGNC:26705; HGNC:3619; HGNC:4947; HGNC:6012; HGNC:6152; HGNC:7656,https://doi.org/10.3109/10428194.2013.781167
blood-pelvis,3,blood,http://purl.obolibrary.org/obo/UBERON_0000178,naive B cell,CL:0000788,CD24; MS4A1; MME; PAX5,4,CD40; CD27; CD19; CD24; CD38; FCER2; MS4A1; CR2; IGHD; IGHM; MME; PAX5,HGNC:11919; HGNC:11922; HGNC:1633; HGNC:1645; HGNC:1667; HGNC:3612; HGNC:7315; HGNC:2336; HGNC:5480; HGNC:5541; HGNC:7154; HGNC:8619,https://doi.org/10.1038/s41467-019-12464-3
blood-pelvis,7,blood,http://purl.obolibrary.org/obo/UBERON_0000178,CD1c-positive myeloid dendritic cell,CL:0002399,CD163; CD36; S100A8; S100A9; HLA-DRA; THBD; NCAM1,7,S100A8; S100A9; THBD; CD14; CD163; CD19; CD1C; CD36; CD3E; CLEC10A; FCER1A; FCGR3A; HLA-DRA; IL3RA; ITGAX; NCAM1,HGNC:10498; HGNC:10499; HGNC:11784; HGNC:1628; HGNC:1631; HGNC:1633; HGNC:1636; HGNC:1663; HGNC:1674; HGNC:16916; HGNC:3609; HGNC:3619; HGNC:4947; HGNC:6012; HGNC:6152; HGNC:7656,https://doi.org/10.1002/cyto.a.23724
blood-pelvis,4,blood,http://purl.obolibrary.org/obo/UBERON_0000178,transitional stage B cell,CL:0000818,CD24; BCL7A; IGLL5; SOX4; TCL1A; MS4A1; MME,7,BCL7A; SOX4; TCL1A; CD27; CD19; CD22; CD24; CD38; MS4A1; CD5; FCRLA; CR2; IGLL5; IGHD; MME,HGNC:1004; HGNC:11200; HGNC:11648; HGNC:11922; HGNC:1633; HGNC:1643; HGNC:1645; HGNC:1667; HGNC:7315; HGNC:1685; HGNC:18504; HGNC:2336; HGNC:38476; HGNC:5480; HGNC:7154,https://doi.org/10.1073/pnas.172384399
blood-vasculature,2726,common iliac vein,http://purl.obolibrary.org/obo/UBERON_0001139,blood vessel endothelial cell,CL:0000071,TIE1,1,PECAM1; TEK; TIE1; CDH5,HGNC:8823; HGNC:11724; HGNC:11809; HGNC:1764,https://en.wikipedia.org/wiki/Common_iliac_vein
blood-vasculature,2728,external iliac vein,http://purl.obolibrary.org/obo/UBERON_0001316,blood vessel endothelial cell,CL:0000071,TIE1,1,PECAM1; TEK; TIE1; CDH5,HGNC:8823; HGNC:11724; HGNC:11809; HGNC:1764,https://en.wikipedia.org/wiki/External_iliac_vein
blood-vasculature,2730,deep circumflex iliac vein,http://purl.obolibrary.org/obo/UBERON_0001360,blood vessel endothelial cell,CL:0000071,TIE1,1,PECAM1; TEK; TIE1; CDH5,HGNC:8823; HGNC:11724; HGNC:11809; HGNC:1764,https://en.wikipedia.org/wiki/Deep_circumflex_iliac_vein
blood-vasculature,2711,coronary sinus,http://purl.obolibrary.org/obo/UBERON_0005438,blood vessel endothelial cell,CL:0000071,TIE1,1,PECAM1; TEK; TIE1; CDH5,HGNC:8823; HGNC:11724; HGNC:11809; HGNC:1764,https://en.wikipedia.org/wiki/Coronary_sinus
blood-vasculature,2712,great vein of heart,http://purl.obolibrary.org/obo/UBERON_0006958,blood vessel endothelial cell,CL:0000071,TIE1,1,PECAM1; TEK; TIE1; CDH5,HGNC:8823; HGNC:11724; HGNC:11809; HGNC:1764,https://en.wikipedia.org/wiki/Great_cardiac_vein
blood-vasculature,2716,middle cardiac vein,http://purl.obolibrary.org/obo/UBERON_0009687,blood vessel endothelial cell,CL:0000071,TIE1,1,PECAM1; TEK; TIE1; CDH5,HGNC:8823; HGNC:11724; HGNC:11809; HGNC:1764,https://en.wikipedia.org/wiki/Middle_cardiac_vein
blood-vasculature,2722,small cardiac vein,http://purl.obolibrary.org/obo/UBERON_0035374,blood vessel endothelial cell,CL:0000071,TIE1,1,PECAM1; TEK; TIE1; CDH5,HGNC:8823; HGNC:11724; HGNC:11809; HGNC:1764,https://en.wikipedia.org/wiki/Small_cardiac_vein
blood-vasculature,2700,Marginal branch of right coronary artery,http://purl.org/sig/ont/fma/fma3818,blood vessel endothelial cell,CL:0000071,TIE1,1,PECAM1; TEK; TIE1; CDH5,HGNC:8823; HGNC:11724; HGNC:11809; HGNC:1764,https://en.wikipedia.org/wiki/Right_marginal_branch_of_right_coronary_artery
blood-vasculature,2704,Sinoatrial nodal branch of right coronary artery,http://purl.org/sig/ont/fma/fma3823,blood vessel endothelial cell,CL:0000071,TIE1,1,PECAM1; TEK; TIE1; CDH5,HGNC:8823; HGNC:11724; HGNC:11809; HGNC:1764,https://en.wikipedia.org/wiki/Sinoatrial_nodal_artery
blood-vasculature,2714,Left marginal vein,http://purl.org/sig/ont/fma/fma4708,blood vessel endothelial cell,CL:0000071,TIE1,1,PECAM1; TEK; TIE1; CDH5,HGNC:8823; HGNC:11724; HGNC:11809; HGNC:1764,https://en.wikipedia.org/wiki/Left_marginal_vein
blood-vasculature,2720,Posterior vein of left ventricle,http://purl.org/sig/ont/fma/fma4712,blood vessel endothelial cell,CL:0000071,TIE1,1,PECAM1; TEK; TIE1; CDH5,HGNC:8823; HGNC:11724; HGNC:11809; HGNC:1764,https://en.wikipedia.org/wiki/Posterior_vein_of_the_left_ventricle
blood-vasculature,2718,Oblique vein of left atrium,http://purl.org/sig/ont/fma/fma4715,blood vessel endothelial cell,CL:0000071,TIE1,1,PECAM1; TEK; TIE1; CDH5,HGNC:8823; HGNC:11724; HGNC:11809; HGNC:1764,https://en.wikipedia.org/wiki/Oblique_vein_of_the_left_atrium
blood-vasculature,2709,Anterior cardiac vein,http://purl.org/sig/ont/fma/fma76767,blood vessel endothelial cell,CL:0000071,TIE1,1,PECAM1; TEK; TIE1; CDH5,HGNC:8823; HGNC:11724; HGNC:11809; HGNC:1764,https://en.wikipedia.org/wiki/Anterior_cardiac_veins
blood-vasculature,273,palatine gland capillary,https://purl.org/ccf/ASCTB-TEMP_palatine-gland-capillary,blood vessel endothelial cell,CL:0000071,TIE1,1,PECAM1; TEK; TIE1; CDH5,HGNC:8823; HGNC:11724; HGNC:11809; HGNC:1764,https://en.wikipedia.org/wiki/Greater_palatine_artery
blood-vasculature,2696,septal perforating artery #2,https://purl.org/ccf/ASCTB-TEMP_septal-perforating-artery-2,blood vessel endothelial cell,CL:0000071,TIE1,1,PECAM1; TEK; TIE1; CDH5,HGNC:8823; HGNC:11724; HGNC:11809; HGNC:1764,https://doi.org/10.1067/mtc.2001.113604
blood-vasculature,41,right common carotid artery plus branches,http://purl.obolibrary.org/obo/UBERON_0001531,blood vessel endothelial cell,CL:0000071,TIE1,1,TEK; TIE1; CDH5; PECAM1,HGNC:11724; HGNC:11809; HGNC:1764; HGNC:8823,https://en.wikipedia.org/wiki/Common_carotid_artery
blood-vasculature,433,stapedial artery,http://purl.obolibrary.org/obo/UBERON_0006345,blood vessel endothelial cell,CL:0000071,TIE1,1,TEK; TIE1; CDH5; PECAM1,HGNC:11724; HGNC:11809; HGNC:1764; HGNC:8823,https://en.wikipedia.org/wiki/Stapedial_branch_of_posterior_auricular_artery
blood-vasculature,413,posterior auricular artery,http://purl.obolibrary.org/obo/UBERON_0014694,blood vessel endothelial cell,CL:0000071,TIE1,1,TEK; TIE1; CDH5; PECAM1,HGNC:11724; HGNC:11809; HGNC:1764; HGNC:8823,https://en.wikipedia.org/wiki/Posterior_auricular_artery
blood-vasculature,405,Sternocleidomastoid artery,http://purl.org/sig/ont/fma/fma49477,blood vessel endothelial cell,CL:0000071,TIE1,1,TEK; TIE1; CDH5; PECAM1,HGNC:11724; HGNC:11809; HGNC:1764; HGNC:8823,https://en.wikipedia.org/wiki/Sternocleidomastoid_branches_of_occipital_artery
blood-vasculature,437,Stylomastoid artery,http://purl.org/sig/ont/fma/fma49628,blood vessel endothelial cell,CL:0000071,TIE1,1,TEK; TIE1; CDH5; PECAM1,HGNC:11724; HGNC:11809; HGNC:1764; HGNC:8823,https://en.wikipedia.org/wiki/Stylomastoid_artery
blood-vasculature,429,Posterior tympanic artery,http://purl.org/sig/ont/fma/fma49631,blood vessel endothelial cell,CL:0000071,TIE1,1,TEK; TIE1; CDH5; PECAM1,HGNC:11724; HGNC:11809; HGNC:1764; HGNC:8823,https://www.kenhub.com/en/library/anatomy/posterior-auricular-artery
blood-vasculature,417,Auricular branch of posterior auricular artery,http://purl.org/sig/ont/fma/fma49641,blood vessel endothelial cell,CL:0000071,TIE1,1,TEK; TIE1; CDH5; PECAM1,HGNC:11724; HGNC:11809; HGNC:1764; HGNC:8823,https://en.wikipedia.org/wiki/Auricular_branch_of_posterior_auricular_artery
blood-vasculature,421,Occipital branch of posterior auricular artery,http://purl.org/sig/ont/fma/fma49644,blood vessel endothelial cell,CL:0000071,TIE1,1,TEK; TIE1; CDH5; PECAM1,HGNC:11724; HGNC:11809; HGNC:1764; HGNC:8823,https://en.wikipedia.org/wiki/Occipital_branch_of_posterior_auricular_artery
blood-vasculature,425,Parotid branch of posterior auricular artery,http://purl.org/sig/ont/fma/fma49647,blood vessel endothelial cell,CL:0000071,TIE1,1,TEK; TIE1; CDH5; PECAM1,HGNC:11724; HGNC:11809; HGNC:1764; HGNC:8823,https://www.kenhub.com/en/library/anatomy/posterior-auricular-artery
blood-vasculature,409,stylomastoid branch of occipital artery,https://purl.org/ccf/ASCTB-TEMP_stylomastoid-branch-of-occipital-artery,blood vessel endothelial cell,CL:0000071,TIE1,1,TEK; TIE1; CDH5; PECAM1,HGNC:11724; HGNC:11809; HGNC:1764; HGNC:8823,https://en.wikipedia.org/wiki/Occipital_artery
blood-vasculature,401,Muscular branch of occipital artery,http://purl.org/sig/ont/fma/fma49621,blood vessel endothelial cell,CL:0000071,TIE1,1,CDH5; PECAM1; TEK; TIE1,HGNC:1764; HGNC:8823; HGNC:11724; HGNC:11809,https://en.wikipedia.org/wiki/Occipital_artery
blood-vasculature,2734,great saphenous vein,http://purl.obolibrary.org/obo/UBERON_0001363,blood vessel endothelial cell,CL:0000071,TIE1,1,TEK; TIE1; CDH5; PECAM1,HGNC:11724; HGNC:11809; HGNC:1764; HGNC:8823,https://en.wikipedia.org/wiki/Great_saphenous_vein
blood-vasculature,2742,medial marginal vein,http://purl.obolibrary.org/obo/UBERON_0001550,blood vessel endothelial cell,CL:0000071,TIE1,1,TEK; TIE1; CDH5; PECAM1,HGNC:11724; HGNC:11809; HGNC:1764; HGNC:8823,https://en.wikipedia.org/wiki/Medial_marginal_vein
blood-vasculature,2744,dorsal venous arch,http://purl.obolibrary.org/obo/UBERON_0008783,blood vessel endothelial cell,CL:0000071,TIE1,1,TEK; TIE1; CDH5; PECAM1,HGNC:11724; HGNC:11809; HGNC:1764; HGNC:8823,https://en.wikipedia.org/wiki/Medial_marginal_vein
blood-vasculature,2738,deep external pudendal vein,http://purl.obolibrary.org/obo/UBERON_0009048,blood vessel endothelial cell,CL:0000071,TIE1,1,TEK; TIE1; CDH5; PECAM1,HGNC:11724; HGNC:11809; HGNC:1764; HGNC:8823,https://en.wikipedia.org/wiki/External_pudendal_veins
blood-vasculature,2740,external pudendal vein,http://purl.obolibrary.org/obo/UBERON_0018253,blood vessel endothelial cell,CL:0000071,TIE1,1,TEK; TIE1; CDH5; PECAM1,HGNC:11724; HGNC:11809; HGNC:1764; HGNC:8823,https://en.wikipedia.org/wiki/External_pudendal_veins
blood-vasculature,2736,anterior accessory saphenous vein,https://purl.org/ccf/ASCTB-TEMP_anterior-accessory-saphenous-vein,blood vessel endothelial cell,CL:0000071,TIE1,1,TEK; TIE1; CDH5; PECAM1,HGNC:11724; HGNC:11809; HGNC:1764; HGNC:8823,https://en.wikipedia.org/wiki/Anterior_accessory_saphenous_vein
blood-vasculature,2746,posterior accessory saphenous vein,https://purl.org/ccf/ASCTB-TEMP_posterior-accessory-saphenous-vein,blood vessel endothelial cell,CL:0000071,TIE1,1,TEK; TIE1; CDH5; PECAM1,HGNC:11724; HGNC:11809; HGNC:1764; HGNC:8823,https://en.wikipedia.org/wiki/Great_saphenous_vein
blood-vasculature,2732,femoral vein,http://purl.obolibrary.org/obo/UBERON_0001361,blood vessel endothelial cell,CL:0000071,TIE1,1,PECAM1; TEK; TIE1; CDH5,HGNC:8823; HGNC:11724; HGNC:11809; HGNC:1764,https://en.wikipedia.org/wiki/Femoral_vein
blood-vasculature,3584,right pulmonary artery,http://purl.obolibrary.org/obo/UBERON_0001651,blood vessel endothelial cell,CL:0000071,TIE1,1,TEK; TIE1; CDH5; PECAM1,HGNC:11724; HGNC:11809; HGNC:1764; HGNC:8823,https://doi.org/10.21037/cdt.2018.01.04
blood-vasculature,3582,pulmonary capillary,http://purl.obolibrary.org/obo/UBERON_0016405,blood vessel endothelial cell,CL:0000071,TIE1,1,TEK; TIE1; CDH5; PECAM1,HGNC:11724; HGNC:11809; HGNC:1764; HGNC:8823,https://radiologykey.com/6-pulmonary-artery-and-vein/
blood-vasculature,3566,subsegmental pulmonary artery,http://purl.obolibrary.org/obo/UBERON_8600060,blood vessel endothelial cell,CL:0000071,TIE1,1,TEK; TIE1; CDH5; PECAM1,HGNC:11724; HGNC:11809; HGNC:1764; HGNC:8823,https://doi.org/10.21037/cdt.2018.01.04
blood-vasculature,3570,pulmonary arteriole,http://purl.obolibrary.org/obo/UBERON_8600077,blood vessel endothelial cell,CL:0000071,TIE1,1,TEK; TIE1; CDH5; PECAM1,HGNC:11724; HGNC:11809; HGNC:1764; HGNC:8823,https://radiologykey.com/6-pulmonary-artery-and-vein/
blood-vasculature,3574,intra-acinar arteriole,http://purl.obolibrary.org/obo/UBERON_8600094,blood vessel endothelial cell,CL:0000071,TIE1,1,TEK; TIE1; CDH5; PECAM1,HGNC:11724; HGNC:11809; HGNC:1764; HGNC:8823,https://doi.org/10.1152/japplphysiol.01177.2009
blood-vasculature,3562,Segmental pulmonary artery,http://purl.org/sig/ont/fma/fma8755,blood vessel endothelial cell,CL:0000071,TIE1,1,TEK; TIE1; CDH5; PECAM1,HGNC:11724; HGNC:11809; HGNC:1764; HGNC:8823,https://doi.org/10.21037/cdt.2018.01.04
blood-vasculature,3592,Trunk of right basal segmental artery,http://purl.org/sig/ont/fma/fma68847,blood vessel endothelial cell,CL:0000071,TIE1,1,TEK; TIE1; CDH5; PECAM1,HGNC:11724; HGNC:11809; HGNC:1764; HGNC:8823,https://doi.org/10.21037/cdt.2018.01.04
blood-vasculature,3558,Left superior segmental artery,http://purl.org/sig/ont/fma/fma8642,blood vessel endothelial cell,CL:0000071,TIE1,1,TEK; TIE1; CDH5; PECAM1,HGNC:11724; HGNC:11809; HGNC:1764; HGNC:8823,https://doi.org/10.21037/cdt.2018.01.04
blood-vasculature,3588,Interlobar portion of right pulmonary artery,http://purl.org/sig/ont/fma/fma8618,blood vessel endothelial cell,CL:0000071,TIE1,1,TEK; TIE1; CDH5; PECAM1,HGNC:11724; HGNC:11809; HGNC:1764; HGNC:8823,https://doi.org/10.21037/cdt.2018.01.04
blood-vasculature,3580,alveolar capillary,https://purl.org/ccf/ASCTB-TEMP_alveolar-capillary,blood vessel endothelial cell,CL:0000071,TIE1,1,TEK; TIE1; CDH5; PECAM1,HGNC:11724; HGNC:11809; HGNC:1764; HGNC:8823,https://doi.org/10.1152/japplphysiol.01177.2009
blood-vasculature,357,maxillary pulp arteriole,https://purl.org/ccf/ASCTB-TEMP_maxillary-pulp-arteriole,blood vessel endothelial cell,CL:0000071,TIE1,1,TEK; TIE1; CDH5; PECAM1,HGNC:11724; HGNC:11809; HGNC:1764; HGNC:8823,https://en.wikipedia.org/wiki/Posterior_superior_alveolar_artery
blood-vasculature,3578,pre-alveolar capillary,https://purl.org/ccf/ASCTB-TEMP_pre-alveolar-capillary,blood vessel endothelial cell,CL:0000071,TIE1,1,TEK; TIE1; CDH5; PECAM1,HGNC:11724; HGNC:11809; HGNC:1764; HGNC:8823,https://doi.org/10.1152/japplphysiol.01177.2009
blood-vasculature,3624,Trunk of right upper lobar artery,http://purl.org/sig/ont/fma/fma8616,blood vessel endothelial cell,CL:0000071,TIE1,1,TEK; TIE1; CDH5; PECAM1,HGNC:11724; HGNC:11809; HGNC:1764; HGNC:8823,https://doi.org/10.21037/cdt.2018.01.04
blood-vasculature,3616,Medial segmental artery,http://purl.org/sig/ont/fma/fma68193,blood vessel endothelial cell,CL:0000071,TIE1,1,TEK; TIE1; CDH5; PECAM1,HGNC:11724; HGNC:11809; HGNC:1764; HGNC:8823,https://doi.org/10.21037/cdt.2018.01.04
blood-vasculature,3612,Lateral segmental artery,http://purl.org/sig/ont/fma/fma68194,blood vessel endothelial cell,CL:0000071,TIE1,1,TEK; TIE1; CDH5; PECAM1,HGNC:11724; HGNC:11809; HGNC:1764; HGNC:8823,https://doi.org/10.21037/cdt.2018.01.04
blood-vasculature,3620,Right superior segmental artery,http://purl.org/sig/ont/fma/fma8627,blood vessel endothelial cell,CL:0000071,TIE1,1,TEK; TIE1; CDH5; PECAM1,HGNC:11724; HGNC:11809; HGNC:1764; HGNC:8823,https://doi.org/10.21037/cdt.2018.01.04
blood-vasculature,3604,Right medial basal segmental artery,http://purl.org/sig/ont/fma/fma8628,blood vessel endothelial cell,CL:0000071,TIE1,1,TEK; TIE1; CDH5; PECAM1,HGNC:11724; HGNC:11809; HGNC:1764; HGNC:8823,https://doi.org/10.21037/cdt.2018.01.04
blood-vasculature,3596,Right anterior basal segmental artery,http://purl.org/sig/ont/fma/fma8630,blood vessel endothelial cell,CL:0000071,TIE1,1,TEK; TIE1; CDH5; PECAM1,HGNC:11724; HGNC:11809; HGNC:1764; HGNC:8823,https://doi.org/10.21037/cdt.2018.01.04
blood-vasculature,3600,Right lateral basal segmental artery,http://purl.org/sig/ont/fma/fma8631,blood vessel endothelial cell,CL:0000071,TIE1,1,TEK; TIE1; CDH5; PECAM1,HGNC:11724; HGNC:11809; HGNC:1764; HGNC:8823,https://doi.org/10.21037/cdt.2018.01.04
blood-vasculature,3608,Right posterior basal segmental artery,http://purl.org/sig/ont/fma/fma8632,blood vessel endothelial cell,CL:0000071,TIE1,1,TEK; TIE1; CDH5; PECAM1,HGNC:11724; HGNC:11809; HGNC:1764; HGNC:8823,https://doi.org/10.21037/cdt.2018.01.04
blood-vasculature,3628,high truncus anterior of right pulmonary artery,https://purl.org/ccf/ASCTB-TEMP_high-truncus-anterior-of-right-pulmonary-artery,blood vessel endothelial cell,CL:0000071,TIE1,1,TEK; TIE1; CDH5; PECAM1,HGNC:11724; HGNC:11809; HGNC:1764; HGNC:8823,https://doi.org/10.21037/cdt.2018.01.04
blood-vasculature,361,maxillary pulp capillary,https://purl.org/ccf/ASCTB-TEMP_maxillary-pulp-capillary,blood vessel endothelial cell,CL:0000071,TIE1,1,TEK; TIE1; CDH5; PECAM1,HGNC:11724; HGNC:11809; HGNC:1764; HGNC:8823,https://en.wikipedia.org/wiki/Posterior_superior_alveolar_artery
blood-vasculature,363,superior gingival plexus,https://purl.org/ccf/ASCTB-TEMP_superior-gingival-plexus,blood vessel endothelial cell,CL:0000071,TIE1,1,TEK; TIE1; CDH5; PECAM1,HGNC:11724; HGNC:11809; HGNC:1764; HGNC:8823,https://doi.org/10.26463/rjds.15_2_21
blood-vasculature,2680,right coronary artery,http://purl.obolibrary.org/obo/UBERON_0001625,blood vessel endothelial cell,CL:0000071,TIE1,1,TEK; TIE1; CDH5; PECAM1,HGNC:11724; HGNC:11809; HGNC:1764; HGNC:8823,https://en.wikipedia.org/wiki/Ascending_aorta
blood-vasculature,2664,circumflex branch of left coronary artery,http://purl.obolibrary.org/obo/UBERON_0035422,blood vessel endothelial cell,CL:0000071,TIE1,1,TEK; TIE1; CDH5; PECAM1,HGNC:11724; HGNC:11809; HGNC:1764; HGNC:8823,https://en.wikipedia.org/wiki/Circumflex_branch_of_left_coronary_artery
blood-vasculature,2688,conus artery,http://purl.obolibrary.org/obo/UBERON_0039232,blood vessel endothelial cell,CL:0000071,TIE1,1,TEK; TIE1; CDH5; PECAM1,HGNC:11724; HGNC:11809; HGNC:1764; HGNC:8823,https://en.wikipedia.org/wiki/Right_coronary_artery
blood-vasculature,2660,septal perforating artery,http://purl.obolibrary.org/obo/UBERON_8600063,blood vessel endothelial cell,CL:0000071,TIE1,1,TEK; TIE1; CDH5; PECAM1,HGNC:11724; HGNC:11809; HGNC:1764; HGNC:8823,https://doi.org/10.1067/mtc.2001.113604
blood-vasculature,2676,posterolateral artery,http://purl.obolibrary.org/obo/UBERON_8600064,blood vessel endothelial cell,CL:0000071,TIE1,1,TEK; TIE1; CDH5; PECAM1,HGNC:11724; HGNC:11809; HGNC:1764; HGNC:8823,https://radiopaedia.org/articles/circumflex-artery
blood-vasculature,2668,First left marginal artery,http://purl.org/sig/ont/fma/fma322905,blood vessel endothelial cell,CL:0000071,TIE1,1,TEK; TIE1; CDH5; PECAM1,HGNC:11724; HGNC:11809; HGNC:1764; HGNC:8823,https://www.wikidoc.org/index.php/Left_coronary_artery
blood-vasculature,2672,Second left marginal artery,http://purl.org/sig/ont/fma/fma322906,blood vessel endothelial cell,CL:0000071,TIE1,1,TEK; TIE1; CDH5; PECAM1,HGNC:11724; HGNC:11809; HGNC:1764; HGNC:8823,https://www.wikidoc.org/index.php/Left_coronary_artery
blood-vasculature,2692,Posterior interventricular branch of right coronary artery,http://purl.org/sig/ont/fma/fma3840,blood vessel endothelial cell,CL:0000071,TIE1,1,TEK; TIE1; CDH5; PECAM1,HGNC:11724; HGNC:11809; HGNC:1764; HGNC:8823,https://en.wikipedia.org/wiki/Posterior_interventricular_artery
blood-vasculature,2684,Atrioventricular node branch of right coronary artery,http://purl.org/sig/ont/fma/fma3851,blood vessel endothelial cell,CL:0000071,TIE1,1,TEK; TIE1; CDH5; PECAM1,HGNC:11724; HGNC:11809; HGNC:1764; HGNC:8823,https://en.wikipedia.org/wiki/Atrioventricular_nodal_branch
blood-vasculature,269,palatine gland arteriole,https://purl.org/ccf/ASCTB-TEMP_palatine-gland-arteriole,blood vessel endothelial cell,CL:0000071,TIE1,1,TEK; TIE1; CDH5; PECAM1,HGNC:11724; HGNC:11809; HGNC:1764; HGNC:8823,https://en.wikipedia.org/wiki/Greater_palatine_artery
blood-vasculature,3016,left testicular vein,http://purl.obolibrary.org/obo/UBERON_0000443,blood vessel endothelial cell,CL:0000071,TIE1,1,TEK; TIE1; CDH5; PECAM1,HGNC:11724; HGNC:11809; HGNC:1764; HGNC:8823,https://en.wikipedia.org/wiki/Testicular_vein
blood-vasculature,3056,renal vein,http://purl.obolibrary.org/obo/UBERON_0001140,blood vessel endothelial cell,CL:0000071,TIE1,1,TEK; TIE1; CDH5; PECAM1,HGNC:11724; HGNC:11809; HGNC:1764; HGNC:8823,https://en.wikipedia.org/wiki/Renal_vein
blood-vasculature,3048,middle hepatic vein,http://purl.obolibrary.org/obo/UBERON_0011957,blood vessel endothelial cell,CL:0000071,TIE1,1,TEK; TIE1; CDH5; PECAM1,HGNC:11724; HGNC:11809; HGNC:1764; HGNC:8823,https://en.wikipedia.org/wiki/Hepatic_veins
blood-vasculature,3026,basivertebral vein,http://purl.obolibrary.org/obo/UBERON_8600066,blood vessel endothelial cell,CL:0000071,TIE1,1,TEK; TIE1; CDH5; PECAM1,HGNC:11724; HGNC:11809; HGNC:1764; HGNC:8823,https://radiopaedia.org/articles/vertebral-venous-plexus-1
blood-vasculature,3024,anterior internal vertebral venous plexus,http://purl.obolibrary.org/obo/UBERON_8600103,blood vessel endothelial cell,CL:0000071,TIE1,1,TEK; TIE1; CDH5; PECAM1,HGNC:11724; HGNC:11809; HGNC:1764; HGNC:8823,https://en.wikipedia.org/wiki/Internal_vertebral_venous_plexuses
blood-vasculature,3022,intervertebral vein,http://purl.obolibrary.org/obo/UBERON_8600104,blood vessel endothelial cell,CL:0000071,TIE1,1,TEK; TIE1; CDH5; PECAM1,HGNC:11724; HGNC:11809; HGNC:1764; HGNC:8823,https://www.kenhub.com/en/library/anatomy/veins-of-the-vertebral-column
blood-vasculature,3018,lumbar vein,http://purl.obolibrary.org/obo/UBERON_8600105,blood vessel endothelial cell,CL:0000071,TIE1,1,TEK; TIE1; CDH5; PECAM1,HGNC:11724; HGNC:11809; HGNC:1764; HGNC:8823,https://www.kenhub.com/en/library/anatomy/lumbar-veins
blood-vasculature,3020,Anterior external vertebral venous plexus,http://purl.org/sig/ont/fma/fma10787,blood vessel endothelial cell,CL:0000071,TIE1,1,TEK; TIE1; CDH5; PECAM1,HGNC:11724; HGNC:11809; HGNC:1764; HGNC:8823,https://doi.org/10.1053/j.sult.2016.05.008
blood-vasculature,3046,Posterior external vertebral venous plexus,http://purl.org/sig/ont/fma/fma12852,blood vessel endothelial cell,CL:0000071,TIE1,1,TEK; TIE1; CDH5; PECAM1,HGNC:11724; HGNC:11809; HGNC:1764; HGNC:8823,https://doi.org/10.1053/j.sult.2016.05.008
blood-vasculature,3050,Anterior inferior segmental tributary of middle hepatic vein,http://purl.org/sig/ont/fma/fma15800,blood vessel endothelial cell,CL:0000071,TIE1,1,TEK; TIE1; CDH5; PECAM1,HGNC:11724; HGNC:11809; HGNC:1764; HGNC:8823,https://doi.org/10.1007/s12565-018-00475-x
blood-vasculature,3052,Medial inferior segmental tributary of middle hepatic vein,http://purl.org/sig/ont/fma/fma15801,blood vessel endothelial cell,CL:0000071,TIE1,1,TEK; TIE1; CDH5; PECAM1,HGNC:11724; HGNC:11809; HGNC:1764; HGNC:8823,https://doi.org/10.1007/s12565-018-00475-x
blood-vasculature,3054,Medial superior segmental tributary of left hepatic vein,http://purl.org/sig/ont/fma/fma15802,blood vessel endothelial cell,CL:0000071,TIE1,1,TEK; TIE1; CDH5; PECAM1,HGNC:11724; HGNC:11809; HGNC:1764; HGNC:8823,https://doi.org/10.1007/s12565-018-00475-x
blood-vasculature,3034,Posterior internal vertebral venous plexus,http://purl.org/sig/ont/fma/fma4870,blood vessel endothelial cell,CL:0000071,TIE1,1,TEK; TIE1; CDH5; PECAM1,HGNC:11724; HGNC:11809; HGNC:1764; HGNC:8823,https://en.wikipedia.org/wiki/Internal_vertebral_venous_plexuses
blood-vasculature,3030,Set of anterior spinal veins,http://purl.org/sig/ont/fma/fma70892,blood vessel endothelial cell,CL:0000071,TIE1,1,TEK; TIE1; CDH5; PECAM1,HGNC:11724; HGNC:11809; HGNC:1764; HGNC:8823,https://en.wikipedia.org/wiki/Anterior_spinal_veins
blood-vasculature,3038,Set of posterior spinal veins,http://purl.org/sig/ont/fma/fma70893,blood vessel endothelial cell,CL:0000071,TIE1,1,TEK; TIE1; CDH5; PECAM1,HGNC:11724; HGNC:11809; HGNC:1764; HGNC:8823,https://en.wikipedia.org/wiki/Anterior_spinal_veins
blood-vasculature,3028,anterior radicular vein,https://purl.org/ccf/ASCTB-TEMP_anterior-radicular-vein,blood vessel endothelial cell,CL:0000071,TIE1,1,TEK; TIE1; CDH5; PECAM1,HGNC:11724; HGNC:11809; HGNC:1764; HGNC:8823,https://en.wikipedia.org/wiki/Anterior_spinal_veins
blood-vasculature,3032,intramedullary radial vein,https://purl.org/ccf/ASCTB-TEMP_intramedullary-radial-vein,blood vessel endothelial cell,CL:0000071,TIE1,1,TEK; TIE1; CDH5; PECAM1,HGNC:11724; HGNC:11809; HGNC:1764; HGNC:8823,https://en.wikipedia.org/wiki/Anterior_spinal_veins
blood-vasculature,3040,intramedullary radial vein #2,https://purl.org/ccf/ASCTB-TEMP_intramedullary-radial-vein-2,blood vessel endothelial cell,CL:0000071,TIE1,1,TEK; TIE1; CDH5; PECAM1,HGNC:11724; HGNC:11809; HGNC:1764; HGNC:8823,https://en.wikipedia.org/wiki/Anterior_spinal_veins
blood-vasculature,3044,intramedullary radial vein #3,https://purl.org/ccf/ASCTB-TEMP_intramedullary-radial-vein-3,blood vessel endothelial cell,CL:0000071,TIE1,1,TEK; TIE1; CDH5; PECAM1,HGNC:11724; HGNC:11809; HGNC:1764; HGNC:8823,https://en.wikipedia.org/wiki/Anterior_spinal_veins
blood-vasculature,303,mandibular pulp arteriole,https://purl.org/ccf/ASCTB-TEMP_mandibular-pulp-arteriole,blood vessel endothelial cell,CL:0000071,TIE1,1,TEK; TIE1; CDH5; PECAM1,HGNC:11724; HGNC:11809; HGNC:1764; HGNC:8823,https://en.wikipedia.org/wiki/Inferior_alveolar_artery
blood-vasculature,3036,posterior radicular vein,https://purl.org/ccf/ASCTB-TEMP_posterior-radicular-vein,blood vessel endothelial cell,CL:0000071,TIE1,1,TEK; TIE1; CDH5; PECAM1,HGNC:11724; HGNC:11809; HGNC:1764; HGNC:8823,https://en.wikipedia.org/wiki/Anterior_spinal_veins
blood-vasculature,3042,posterolateral spinal vein,https://purl.org/ccf/ASCTB-TEMP_posterolateral-spinal-vein,blood vessel endothelial cell,CL:0000071,TIE1,1,TEK; TIE1; CDH5; PECAM1,HGNC:11724; HGNC:11809; HGNC:1764; HGNC:8823,https://www.wikiwand.com/en/Anterior_spinal_veins
blood-vasculature,3058,segmental renal vein,https://purl.org/ccf/ASCTB-TEMP_segmental-renal-vein,blood vessel endothelial cell,CL:0000071,TIE1,1,TEK; TIE1; CDH5; PECAM1,HGNC:11724; HGNC:11809; HGNC:1764; HGNC:8823,https://en.wikipedia.org/wiki/Interlobar_veins
blood-vasculature,1000,common iliac artery,http://purl.obolibrary.org/obo/UBERON_0001191,blood vessel endothelial cell,CL:0000071,TIE1,1,TEK; TIE1; CDH5; PECAM1,HGNC:11724; HGNC:11809; HGNC:1764; HGNC:8823,https://en.wikipedia.org/wiki/Common_iliac_artery
blood-vasculature,1004,external iliac artery,http://purl.obolibrary.org/obo/UBERON_0001308,blood vessel endothelial cell,CL:0000071,TIE1,1,TEK; TIE1; CDH5; PECAM1,HGNC:11724; HGNC:11809; HGNC:1764; HGNC:8823,https://en.wikipedia.org/wiki/External_iliac_artery
blood-vasculature,1016,deep femoral artery,http://purl.obolibrary.org/obo/UBERON_0001355,blood vessel endothelial cell,CL:0000071,TIE1,1,TEK; TIE1; CDH5; PECAM1,HGNC:11724; HGNC:11809; HGNC:1764; HGNC:8823,https://radiopaedia.org/articles/profunda-femoris-artery
blood-vasculature,1012,deep external pudendal artery,http://purl.obolibrary.org/obo/UBERON_0007316,blood vessel endothelial cell,CL:0000071,TIE1,1,TEK; TIE1; CDH5; PECAM1,HGNC:11724; HGNC:11809; HGNC:1764; HGNC:8823,https://radiopaedia.org/articles/common-femoral-artery
blood-vasculature,10,subsegmental pulmonary vein,http://purl.obolibrary.org/obo/UBERON_8600052,blood vessel endothelial cell,CL:0000071,TIE1,1,TEK; TIE1; CDH5; PECAM1,HGNC:11724; HGNC:11809; HGNC:1764; HGNC:8823,https://radiologykey.com/6-pulmonary-artery-and-vein/
blood-vasculature,1008,Common femoral artery,http://purl.org/sig/ont/fma/fma0323778,blood vessel endothelial cell,CL:0000071,TIE1,1,TEK; TIE1; CDH5; PECAM1,HGNC:11724; HGNC:11809; HGNC:1764; HGNC:8823,https://radiopaedia.org/articles/common-femoral-artery
blood-vasculature,1020,Lateral circumflex femoral artery,http://purl.org/sig/ont/fma/fma20798,blood vessel endothelial cell,CL:0000071,TIE1,1,TEK; TIE1; CDH5; PECAM1,HGNC:11724; HGNC:11809; HGNC:1764; HGNC:8823,https://en.wikipedia.org/wiki/Lateral_circumflex_femoral_artery
blood-vasculature,1024,Ascending branch of lateral circumflex femoral artery,http://purl.org/sig/ont/fma/fma20804,blood vessel endothelial cell,CL:0000071,TIE1,1,TEK; TIE1; CDH5; PECAM1,HGNC:11724; HGNC:11809; HGNC:1764; HGNC:8823,https://en.wikipedia.org/wiki/Lateral_circumflex_femoral_artery
blood-vasculature,1028,Descending branch of lateral circumflex femoral artery,http://purl.org/sig/ont/fma/fma20805,blood vessel endothelial cell,CL:0000071,TIE1,1,TEK; TIE1; CDH5; PECAM1,HGNC:11724; HGNC:11809; HGNC:1764; HGNC:8823,https://en.wikipedia.org/wiki/Lateral_circumflex_femoral_artery
blood-vasculature,101,superior pharyngeal artery,https://purl.org/ccf/ASCTB-TEMP_superior-pharyngeal-artery,blood vessel endothelial cell,CL:0000071,TIE1,1,TEK; TIE1; CDH5; PECAM1,HGNC:11724; HGNC:11809; HGNC:1764; HGNC:8823,PMID:12169487
blood-vasculature,511,Callosomarginal artery,http://purl.org/sig/ont/fma/fma50330,blood vessel endothelial cell,CL:0000071,TIE1,1,TEK; TIE1; CDH5; PECAM1,HGNC:11724; HGNC:11809; HGNC:1764; HGNC:8823,https://en.wikipedia.org/wiki/Anterior_cerebral_artery
blood-vasculature,507,anterior internal frontal artery,https://purl.org/ccf/ASCTB-TEMP_anterior-internal-frontal-artery,blood vessel endothelial cell,CL:0000071,TIE1,1,TEK; TIE1; CDH5; PECAM1,HGNC:11724; HGNC:11809; HGNC:1764; HGNC:8823,https://doi.org/10.3171/jns.1978.49.2.0204
blood-vasculature,523,inferior parietal artery,https://purl.org/ccf/ASCTB-TEMP_inferior-parietal-artery,blood vessel endothelial cell,CL:0000071,TIE1,1,TEK; TIE1; CDH5; PECAM1,HGNC:11724; HGNC:11809; HGNC:1764; HGNC:8823,https://doi.org/10.3171/jns.1978.49.2.0204
blood-vasculature,527,medial lenticulostriate artery,https://purl.org/ccf/ASCTB-TEMP_medial-lenticulostriate-artery,blood vessel endothelial cell,CL:0000071,TIE1,1,TEK; TIE1; CDH5; PECAM1,HGNC:11724; HGNC:11809; HGNC:1764; HGNC:8823,https://en.wikipedia.org/wiki/Anterior_cerebral_artery
blood-vasculature,543,Pericallosal artery,http://purl.org/sig/ont/fma/fma50337,blood vessel endothelial cell,CL:0000071,TIE1,1,TEK; TIE1; CDH5; PECAM1,HGNC:11724; HGNC:11809; HGNC:1764; HGNC:8823,https://en.wikipedia.org/wiki/Anterior_cerebral_artery
blood-vasculature,531,middle internal frontal artery,https://purl.org/ccf/ASCTB-TEMP_middle-internal-frontal-artery,blood vessel endothelial cell,CL:0000071,TIE1,1,TEK; TIE1; CDH5; PECAM1,HGNC:11724; HGNC:11809; HGNC:1764; HGNC:8823,https://doi.org/10.3171/jns.1978.49.2.0204
blood-vasculature,535,orbitofrontal branch of anterior cerebral artery,https://purl.org/ccf/ASCTB-TEMP_orbitofrontal-branch-of-anterior-cerebral-artery,blood vessel endothelial cell,CL:0000071,TIE1,1,TEK; TIE1; CDH5; PECAM1,HGNC:11724; HGNC:11809; HGNC:1764; HGNC:8823,http://radiopaedia.org/articles/orbitofrontal-artery
blood-vasculature,539,paracentral artery,https://purl.org/ccf/ASCTB-TEMP_paracentral-artery,blood vessel endothelial cell,CL:0000071,TIE1,1,TEK; TIE1; CDH5; PECAM1,HGNC:11724; HGNC:11809; HGNC:1764; HGNC:8823,https://doi.org/10.3171/jns.1978.49.2.0204
blood-vasculature,547,posterior internal frontal artery,https://purl.org/ccf/ASCTB-TEMP_posterior-internal-frontal-artery,blood vessel endothelial cell,CL:0000071,TIE1,1,TEK; TIE1; CDH5; PECAM1,HGNC:11724; HGNC:11809; HGNC:1764; HGNC:8823,https://doi.org/10.3171/jns.1978.49.2.0204
blood-vasculature,2758,popliteal vein,http://purl.obolibrary.org/obo/UBERON_0001544,blood vessel endothelial cell,CL:0000071,TIE1,1,TEK; TIE1; CDH5; PECAM1,HGNC:11724; HGNC:11809; HGNC:1764; HGNC:8823,https://en.wikipedia.org/wiki/Popliteal_vein
blood-vasculature,2760,anterior tibial vein,http://purl.obolibrary.org/obo/UBERON_0001545,blood vessel endothelial cell,CL:0000071,TIE1,1,TEK; TIE1; CDH5; PECAM1,HGNC:11724; HGNC:11809; HGNC:1764; HGNC:8823,https://en.wikipedia.org/wiki/Anterior_tibial_vein
blood-vasculature,2774,posterior tibial vein,http://purl.obolibrary.org/obo/UBERON_0001546,blood vessel endothelial cell,CL:0000071,TIE1,1,TEK; TIE1; CDH5; PECAM1,HGNC:11724; HGNC:11809; HGNC:1764; HGNC:8823,https://en.wikipedia.org/wiki/Posterior_tibial_vein
blood-vasculature,2790,small saphenous vein,http://purl.obolibrary.org/obo/UBERON_0001547,blood vessel endothelial cell,CL:0000071,TIE1,1,TEK; TIE1; CDH5; PECAM1,HGNC:11724; HGNC:11809; HGNC:1764; HGNC:8823,https://en.wikipedia.org/wiki/Small_saphenous_vein
blood-vasculature,2764,dorsal metatarsal vein,http://purl.obolibrary.org/obo/UBERON_0001549,blood vessel endothelial cell,CL:0000071,TIE1,1,TEK; TIE1; CDH5; PECAM1,HGNC:11724; HGNC:11809; HGNC:1764; HGNC:8823,https://en.wikipedia.org/wiki/Dorsal_metatarsal_veins
blood-vasculature,2762,dorsal venous arch,http://purl.obolibrary.org/obo/UBERON_0008783,blood vessel endothelial cell,CL:0000071,TIE1,1,TEK; TIE1; CDH5; PECAM1,HGNC:11724; HGNC:11809; HGNC:1764; HGNC:8823,https://en.wikipedia.org/wiki/Anterior_tibial_vein
blood-vasculature,2782,plantar digital vein,http://purl.obolibrary.org/obo/UBERON_0006139,blood vessel endothelial cell,CL:0000071,TIE1,1,TEK; TIE1; CDH5; PECAM1,HGNC:11724; HGNC:11809; HGNC:1764; HGNC:8823,https://en.wikipedia.org/wiki/Plantar_digital_veins
blood-vasculature,2784,medial plantar digital vein,http://purl.obolibrary.org/obo/UBERON_0006144,blood vessel endothelial cell,CL:0000071,TIE1,1,TEK; TIE1; CDH5; PECAM1,HGNC:11724; HGNC:11809; HGNC:1764; HGNC:8823,https://en.wikipedia.org/wiki/Posterior_tibial_vein
blood-vasculature,2750,superficial external pudendal vein,http://purl.obolibrary.org/obo/UBERON_0009049,blood vessel endothelial cell,CL:0000071,TIE1,1,TEK; TIE1; CDH5; PECAM1,HGNC:11724; HGNC:11809; HGNC:1764; HGNC:8823,https://en.wikipedia.org/wiki/External_pudendal_veins
blood-vasculature,2772,soleal vein,http://purl.obolibrary.org/obo/UBERON_0013142,blood vessel endothelial cell,CL:0000071,TIE1,1,TEK; TIE1; CDH5; PECAM1,HGNC:11724; HGNC:11809; HGNC:1764; HGNC:8823,https://doi.org/10.3400/avd.AVDoa07004
blood-vasculature,2788,soleal vein,http://purl.obolibrary.org/obo/UBERON_0013142,blood vessel endothelial cell,CL:0000071,TIE1,1,TEK; TIE1; CDH5; PECAM1,HGNC:11724; HGNC:11809; HGNC:1764; HGNC:8823,https://doi.org/10.3400/avd.AVDoa07004
blood-vasculature,2768,gastrocnemius vein,http://purl.obolibrary.org/obo/UBERON_0013143,blood vessel endothelial cell,CL:0000071,TIE1,1,TEK; TIE1; CDH5; PECAM1,HGNC:11724; HGNC:11809; HGNC:1764; HGNC:8823,https://doi.org/10.1016/j.ejvs.2005.10.022
blood-vasculature,2748,superficial epigastric vein,http://purl.obolibrary.org/obo/UBERON_0014692,blood vessel endothelial cell,CL:0000071,TIE1,1,TEK; TIE1; CDH5; PECAM1,HGNC:11724; HGNC:11809; HGNC:1764; HGNC:8823,https://en.wikipedia.org/wiki/Superficial_epigastric_vein
blood-vasculature,279,inferior alveolar artery,http://purl.obolibrary.org/obo/UBERON_0014693,blood vessel endothelial cell,CL:0000071,TIE1,1,TEK; TIE1; CDH5; PECAM1,HGNC:11724; HGNC:11809; HGNC:1764; HGNC:8823,https://en.wikipedia.org/wiki/Inferior_alveolar_artery
blood-vasculature,2756,medial circumflex femoral vein,http://purl.obolibrary.org/obo/UBERON_0035234,blood vessel endothelial cell,CL:0000071,TIE1,1,TEK; TIE1; CDH5; PECAM1,HGNC:11724; HGNC:11809; HGNC:1764; HGNC:8823,http://purl.obolibrary.org/obo/UBERON_0035234
blood-vasculature,2754,lateral femoral circumflex vein,http://purl.obolibrary.org/obo/UBERON_8600065,blood vessel endothelial cell,CL:0000071,TIE1,1,TEK; TIE1; CDH5; PECAM1,HGNC:11724; HGNC:11809; HGNC:1764; HGNC:8823,https://www.kenhub.com/en/library/anatomy/femoral-vein
blood-vasculature,2752,superficial iliac circumflex vein,http://purl.obolibrary.org/obo/UBERON_8600082,blood vessel endothelial cell,CL:0000071,TIE1,1,TEK; TIE1; CDH5; PECAM1,HGNC:11724; HGNC:11809; HGNC:1764; HGNC:8823,https://en.wikipedia.org/wiki/Great_saphenous_vein
blood-vasculature,2778,Plantar venous arch of foot,http://purl.org/sig/ont/fma/fma44489,blood vessel endothelial cell,CL:0000071,TIE1,1,TEK; TIE1; CDH5; PECAM1,HGNC:11724; HGNC:11809; HGNC:1764; HGNC:8823,https://en.wikipedia.org/wiki/Plantar_venous_arch
blood-vasculature,2786,Plantar venous arch of foot,http://purl.org/sig/ont/fma/fma44489,blood vessel endothelial cell,CL:0000071,TIE1,1,TEK; TIE1; CDH5; PECAM1,HGNC:11724; HGNC:11809; HGNC:1764; HGNC:8823,https://en.wikipedia.org/wiki/Plantar_venous_arch
blood-vasculature,2766,Dorsal digital vein of foot,http://purl.org/sig/ont/fma/fma323401,blood vessel endothelial cell,CL:0000071,TIE1,1,TEK; TIE1; CDH5; PECAM1,HGNC:11724; HGNC:11809; HGNC:1764; HGNC:8823,https://en.wikipedia.org/wiki/Dorsal_digital_veins_of_the_foot
blood-vasculature,2780,Plantar metatarsal vein,http://purl.org/sig/ont/fma/fma44504,blood vessel endothelial cell,CL:0000071,TIE1,1,TEK; TIE1; CDH5; PECAM1,HGNC:11724; HGNC:11809; HGNC:1764; HGNC:8823,https://en.wikipedia.org/wiki/Plantar_metatarsal_veins
blood-vasculature,275,Lesser palatine artery,http://purl.org/sig/ont/fma/fma49796,blood vessel endothelial cell,CL:0000071,TIE1,1,TEK; TIE1; CDH5; PECAM1,HGNC:11724; HGNC:11809; HGNC:1764; HGNC:8823,https://en.wikipedia.org/wiki/Lesser_palatine_arteries
blood-vasculature,2770,Set of peroneal veins,http://purl.org/sig/ont/fma/fma71587,blood vessel endothelial cell,CL:0000071,TIE1,1,TEK; TIE1; CDH5; PECAM1,HGNC:11724; HGNC:11809; HGNC:1764; HGNC:8823,https://en.wikipedia.org/wiki/Fibular_veins
blood-vasculature,2776,lateral plantar vein,https://purl.org/ccf/ASCTB-TEMP_lateral-plantar-vein,blood vessel endothelial cell,CL:0000071,TIE1,1,TEK; TIE1; CDH5; PECAM1,HGNC:11724; HGNC:11809; HGNC:1764; HGNC:8823,https://en.wikipedia.org/wiki/Posterior_tibial_vein
blood-vasculature,1032,medial circumflex femoral artery,http://purl.obolibrary.org/obo/UBERON_0001356,blood vessel endothelial cell,CL:0000071,TIE1,1,TEK; TIE1; CDH5; PECAM1,HGNC:11724; HGNC:11809; HGNC:1764; HGNC:8823,https://en.wikipedia.org/wiki/Medial_circumflex_femoral_artery
blood-vasculature,2724,inferior vena cava,http://purl.obolibrary.org/obo/UBERON_0001072,blood vessel endothelial cell,CL:0000071,TIE1,1,TEK; TIE1; CDH5; PECAM1,HGNC:11724; HGNC:11809; HGNC:1764; HGNC:8823,https://en.wikipedia.org/wiki/Inferior_vena_cava
blood-vasculature,1890,esophageal artery,http://purl.obolibrary.org/obo/UBERON_0035539,blood vessel endothelial cell,CL:0000071,TIE1,1,TEK; TIE1; CDH5; PECAM1,HGNC:11724; HGNC:11809; HGNC:1764; HGNC:8823,https://en.wikipedia.org/wiki/Descending_thoracic_aorta
blood-vasculature,191,dorsal lingual artery,http://purl.obolibrary.org/obo/UBERON_8600098,blood vessel endothelial cell,CL:0000071,TIE1,1,TEK; TIE1; CDH5; PECAM1,HGNC:11724; HGNC:11809; HGNC:1764; HGNC:8823,PMID:32119400
blood-vasculature,1910,Left third posterior intercostal artery,http://purl.org/sig/ont/fma/fma4406,blood vessel endothelial cell,CL:0000071,TIE1,1,TEK; TIE1; CDH5; PECAM1,HGNC:11724; HGNC:11809; HGNC:1764; HGNC:8823,https://en.wikipedia.org/wiki/Intercostal_arteries
blood-vasculature,1914,Left fourth posterior intercostal artery,http://purl.org/sig/ont/fma/fma4429,blood vessel endothelial cell,CL:0000071,TIE1,1,TEK; TIE1; CDH5; PECAM1,HGNC:11724; HGNC:11809; HGNC:1764; HGNC:8823,https://en.wikipedia.org/wiki/Intercostal_arteries
blood-vasculature,1918,Left fifth posterior intercostal artery,http://purl.org/sig/ont/fma/fma4452,blood vessel endothelial cell,CL:0000071,TIE1,1,TEK; TIE1; CDH5; PECAM1,HGNC:11724; HGNC:11809; HGNC:1764; HGNC:8823,https://en.wikipedia.org/wiki/Intercostal_arteries
blood-vasculature,1902,Left tenth posterior intercostal artery,http://purl.org/sig/ont/fma/fma4567,blood vessel endothelial cell,CL:0000071,TIE1,1,TEK; TIE1; CDH5; PECAM1,HGNC:11724; HGNC:11809; HGNC:1764; HGNC:8823,https://en.wikipedia.org/wiki/Intercostal_arteries
blood-vasculature,1906,Left eleventh posterior intercostal artery,http://purl.org/sig/ont/fma/fma4590,blood vessel endothelial cell,CL:0000071,TIE1,1,TEK; TIE1; CDH5; PECAM1,HGNC:11724; HGNC:11809; HGNC:1764; HGNC:8823,https://en.wikipedia.org/wiki/Intercostal_arteries
blood-vasculature,1894,Left second bronchial artery,http://purl.org/sig/ont/fma/fma4147,blood vessel endothelial cell,CL:0000071,TIE1,1,TEK; TIE1; CDH5; PECAM1,HGNC:11724; HGNC:11809; HGNC:1764; HGNC:8823,https://en.wikipedia.org/wiki/Bronchial_artery
blood-vasculature,1898,Left first superior phrenic artery,http://purl.org/sig/ont/fma/fma4170,blood vessel endothelial cell,CL:0000071,TIE1,1,TEK; TIE1; CDH5; PECAM1,HGNC:11724; HGNC:11809; HGNC:1764; HGNC:8823,https://en.wikipedia.org/wiki/Superior_phrenic_arteries
blood-vasculature,189,anterior lingual gland capillary,https://purl.org/ccf/ASCTB-TEMP_anterior-lingual-gland-capillary,blood vessel endothelial cell,CL:0000071,TIE1,1,TEK; TIE1; CDH5; PECAM1,HGNC:11724; HGNC:11809; HGNC:1764; HGNC:8823,https://en.wikipedia.org/wiki/Lingual_artery
blood-vasculature,1884,bronchial arteriole,https://purl.org/ccf/ASCTB-TEMP_bronchial-arteriole,blood vessel endothelial cell,CL:0000071,TIE1,1,TEK; TIE1; CDH5; PECAM1,HGNC:11724; HGNC:11809; HGNC:1764; HGNC:8823,https://en.wikipedia.org/wiki/Bronchial_artery
blood-vasculature,1888,bronchial capillary,https://purl.org/ccf/ASCTB-TEMP_bronchial-capillary,blood vessel endothelial cell,CL:0000071,TIE1,1,TEK; TIE1; CDH5; PECAM1,HGNC:11724; HGNC:11809; HGNC:1764; HGNC:8823,https://en.wikipedia.org/wiki/Bronchial_artery
blood-vasculature,1056,superficial external pudendal artery,http://purl.obolibrary.org/obo/UBERON_0007317,blood vessel endothelial cell,CL:0000071,TIE1,1,TEK; TIE1; CDH5; PECAM1,HGNC:11724; HGNC:11809; HGNC:1764; HGNC:8823,https://radiopaedia.org/articles/common-femoral-artery
blood-vasculature,1048,superficial circumflex iliac artery,http://purl.obolibrary.org/obo/UBERON_0009041,blood vessel endothelial cell,CL:0000071,TIE1,1,TEK; TIE1; CDH5; PECAM1,HGNC:11724; HGNC:11809; HGNC:1764; HGNC:8823,https://radiopaedia.org/articles/common-femoral-artery
blood-vasculature,1072,saphenous artery,http://purl.obolibrary.org/obo/UBERON_0015350,blood vessel endothelial cell,CL:0000071,TIE1,1,TEK; TIE1; CDH5; PECAM1,HGNC:11724; HGNC:11809; HGNC:1764; HGNC:8823,https://en.wikipedia.org/wiki/Descending_genicular_artery
blood-vasculature,1052,superficial epigastric artery,http://purl.obolibrary.org/obo/UBERON_0034964,blood vessel endothelial cell,CL:0000071,TIE1,1,TEK; TIE1; CDH5; PECAM1,HGNC:11724; HGNC:11809; HGNC:1764; HGNC:8823,https://radiopaedia.org/articles/superficial-epigastric-artery
blood-vasculature,1060,Superficial femoral artery,http://purl.org/sig/ont/fma/fma0323777,blood vessel endothelial cell,CL:0000071,TIE1,1,TEK; TIE1; CDH5; PECAM1,HGNC:11724; HGNC:11809; HGNC:1764; HGNC:8823,https://radiopaedia.org/articles/common-femoral-artery
blood-vasculature,1064,Descending genicular artery,http://purl.org/sig/ont/fma/fma22506,blood vessel endothelial cell,CL:0000071,TIE1,1,TEK; TIE1; CDH5; PECAM1,HGNC:11724; HGNC:11809; HGNC:1764; HGNC:8823,https://www.wheelessonline.com/joints/knee/descending-genicular-branch-of-superficial-femoral-artery/
blood-vasculature,1068,Articular branch of descending genicular artery,http://purl.org/sig/ont/fma/fma22511,blood vessel endothelial cell,CL:0000071,TIE1,1,TEK; TIE1; CDH5; PECAM1,HGNC:11724; HGNC:11809; HGNC:1764; HGNC:8823,https://en.wikipedia.org/wiki/Descending_genicular_artery
blood-vasculature,105,pterygovaginal artery,https://purl.org/ccf/ASCTB-TEMP_pterygovaginal-artery,blood vessel endothelial cell,CL:0000071,TIE1,1,TEK; TIE1; CDH5; PECAM1,HGNC:11724; HGNC:11809; HGNC:1764; HGNC:8823,PMID:12169487
blood-vasculature,1876,testicular artery,http://purl.obolibrary.org/obo/UBERON_0001187,blood vessel endothelial cell,CL:0000071,TIE1,1,TEK; TIE1; CDH5; PECAM1,HGNC:11724; HGNC:11809; HGNC:1764; HGNC:8823,https://en.wikipedia.org/wiki/Testicular_artery
blood-vasculature,1868,middle colic artery,http://purl.obolibrary.org/obo/UBERON_0001196,blood vessel endothelial cell,CL:0000071,TIE1,1,TEK; TIE1; CDH5; PECAM1,HGNC:11724; HGNC:11809; HGNC:1764; HGNC:8823,https://en.wikipedia.org/wiki/Middle_colic_artery
blood-vasculature,1880,bronchial artery,http://purl.obolibrary.org/obo/UBERON_0002040,blood vessel endothelial cell,CL:0000071,TIE1,1,TEK; TIE1; CDH5; PECAM1,HGNC:11724; HGNC:11809; HGNC:1764; HGNC:8823,https://en.wikipedia.org/wiki/Bronchial_artery
blood-vasculature,1852,jejunal artery,http://purl.obolibrary.org/obo/UBERON_0018255,blood vessel endothelial cell,CL:0000071,TIE1,1,TEK; TIE1; CDH5; PECAM1,HGNC:11724; HGNC:11809; HGNC:1764; HGNC:8823,https://en.wikipedia.org/wiki/Jejunal_arteries
blood-vasculature,1872,right colic artery,http://purl.obolibrary.org/obo/UBERON_8410023,blood vessel endothelial cell,CL:0000071,TIE1,1,TEK; TIE1; CDH5; PECAM1,HGNC:11724; HGNC:11809; HGNC:1764; HGNC:8823,https://en.wikipedia.org/wiki/Right_colic_artery
blood-vasculature,1848,Posterior inferior pancreaticoduodenal artery,http://purl.org/sig/ont/fma/fma70480,blood vessel endothelial cell,CL:0000071,TIE1,1,TEK; TIE1; CDH5; PECAM1,HGNC:11724; HGNC:11809; HGNC:1764; HGNC:8823,https://en.wikipedia.org/wiki/Inferior_pancreaticoduodenal_artery
blood-vasculature,1864,Capillary plexus of mucosa of small intestine,http://purl.org/sig/ont/fma/fma264945,blood vessel endothelial cell,CL:0000071,TIE1,1,TEK; TIE1; CDH5; PECAM1,HGNC:11724; HGNC:11809; HGNC:1764; HGNC:8823,https://en.wikipedia.org/wiki/Vasa_recta_(intestines)
blood-vasculature,185,anterior lingual gland arteriole,https://purl.org/ccf/ASCTB-TEMP_anterior-lingual-gland-arteriole,blood vessel endothelial cell,CL:0000071,TIE1,1,TEK; TIE1; CDH5; PECAM1,HGNC:11724; HGNC:11809; HGNC:1764; HGNC:8823,https://en.wikipedia.org/wiki/Lingual_artery
blood-vasculature,1866,branch of mucous plexus of small intestine,https://purl.org/ccf/ASCTB-TEMP_branch-of-mucous-plexus-of-small-intestine,blood vessel endothelial cell,CL:0000071,TIE1,1,TEK; TIE1; CDH5; PECAM1,HGNC:11724; HGNC:11809; HGNC:1764; HGNC:8823,https://en.wikipedia.org/wiki/Vasa_recta_(intestines)
blood-vasculature,1856,jejunal arcade,https://purl.org/ccf/ASCTB-TEMP_jejunal-arcade,blood vessel endothelial cell,CL:0000071,TIE1,1,TEK; TIE1; CDH5; PECAM1,HGNC:11724; HGNC:11809; HGNC:1764; HGNC:8823,https://radiopaedia.org/articles/jejunal-and-ileal-branches-of-the-superior-mesenteric-artery
blood-vasculature,1860,vasa recta of jejunum,https://purl.org/ccf/ASCTB-TEMP_vasa-recta-of-jejunum,blood vessel endothelial cell,CL:0000071,TIE1,1,TEK; TIE1; CDH5; PECAM1,HGNC:11724; HGNC:11809; HGNC:1764; HGNC:8823,https://en.wikipedia.org/wiki/Vasa_recta_(intestines)
blood-vasculature,45,right subclavian artery,http://purl.obolibrary.org/obo/UBERON_0001534,blood vessel endothelial cell,CL:0000071,TIE1,1,TEK; TIE1; CDH5; PECAM1,HGNC:11724; HGNC:11809; HGNC:1764; HGNC:8823,https://en.wikipedia.org/wiki/Subclavian_artery
blood-vasculature,441,superficial temporal artery,http://purl.obolibrary.org/obo/UBERON_0001614,blood vessel endothelial cell,CL:0000071,TIE1,1,TEK; TIE1; CDH5; PECAM1,HGNC:11724; HGNC:11809; HGNC:1764; HGNC:8823,https://en.wikipedia.org/wiki/Superficial_temporal_artery
blood-vasculature,453,middle temporal artery,http://purl.obolibrary.org/obo/UBERON_0035042,blood vessel endothelial cell,CL:0000071,TIE1,1,TEK; TIE1; CDH5; PECAM1,HGNC:11724; HGNC:11809; HGNC:1764; HGNC:8823,https://en.wikipedia.org/wiki/Superficial_temporal_artery
blood-vasculature,457,posterior temporal artery,http://purl.obolibrary.org/obo/UBERON_0035261,blood vessel endothelial cell,CL:0000071,TIE1,1,TEK; TIE1; CDH5; PECAM1,HGNC:11724; HGNC:11809; HGNC:1764; HGNC:8823,https://en.wikipedia.org/wiki/Superficial_temporal_artery
blood-vasculature,445,Anterior auricular branch of superficial temporal artery,http://purl.org/sig/ont/fma/fma49660,blood vessel endothelial cell,CL:0000071,TIE1,1,TEK; TIE1; CDH5; PECAM1,HGNC:11724; HGNC:11809; HGNC:1764; HGNC:8823,https://en.wikipedia.org/wiki/Anterior_auricular_branches
blood-vasculature,449,Frontal branch of superficial temporal artery,http://purl.org/sig/ont/fma/fma49669,blood vessel endothelial cell,CL:0000071,TIE1,1,TEK; TIE1; CDH5; PECAM1,HGNC:11724; HGNC:11809; HGNC:1764; HGNC:8823,https://en.wikipedia.org/wiki/Superficial_temporal_artery
blood-vasculature,113,facial artery,http://purl.obolibrary.org/obo/UBERON_0001612,blood vessel endothelial cell,CL:0000071,TIE1,1,TEK; TIE1; CDH5; PECAM1,HGNC:11724; HGNC:11809; HGNC:1764; HGNC:8823,https://en.wikipedia.org/wiki/Facial_artery
blood-vasculature,1152,First dorsal metatarsal artery,http://purl.org/sig/ont/fma/fma44647,blood vessel endothelial cell,CL:0000071,TIE1,1,TEK; TIE1; CDH5; PECAM1,HGNC:11724; HGNC:11809; HGNC:1764; HGNC:8823,https://en.wikipedia.org/wiki/Dorsalis_pedis_artery
blood-vasculature,1136,Third dorsal metatarsal artery,http://purl.org/sig/ont/fma/fma44649,blood vessel endothelial cell,CL:0000071,TIE1,1,TEK; TIE1; CDH5; PECAM1,HGNC:11724; HGNC:11809; HGNC:1764; HGNC:8823,https://en.wikipedia.org/wiki/Dorsal_metatarsal_arteries
blood-vasculature,1148,Deep plantar artery,http://purl.org/sig/ont/fma/fma69513,blood vessel endothelial cell,CL:0000071,TIE1,1,TEK; TIE1; CDH5; PECAM1,HGNC:11724; HGNC:11809; HGNC:1764; HGNC:8823,https://en.wikipedia.org/wiki/Deep_plantar_artery
blood-vasculature,1132,Medial part of dorsal digital artery of third toe,http://purl.org/sig/ont/fma/fma69587,blood vessel endothelial cell,CL:0000071,TIE1,1,TEK; TIE1; CDH5; PECAM1,HGNC:11724; HGNC:11809; HGNC:1764; HGNC:8823,https://www.ncbi.nlm.nih.gov/books/NBK560912/
blood-vasculature,1144,Medial part of dorsal digital artery of fourth toe,http://purl.org/sig/ont/fma/fma69588,blood vessel endothelial cell,CL:0000071,TIE1,1,TEK; TIE1; CDH5; PECAM1,HGNC:11724; HGNC:11809; HGNC:1764; HGNC:8823,https://www.ncbi.nlm.nih.gov/books/NBK560912/
blood-vasculature,2804,internal iliac vein,http://purl.obolibrary.org/obo/UBERON_0001317,blood vessel endothelial cell,CL:0000071,TIE1,1,TEK; TIE1; CDH5; PECAM1,HGNC:11724; HGNC:11809; HGNC:1764; HGNC:8823,https://en.wikipedia.org/wiki/Internal_iliac_vein
blood-vasculature,2814,inferior vesical vein,http://purl.obolibrary.org/obo/UBERON_0001318,blood vessel endothelial cell,CL:0000071,TIE1,1,TEK; TIE1; CDH5; PECAM1,HGNC:11724; HGNC:11809; HGNC:1764; HGNC:8823,https://www.kenhub.com/en/library/anatomy/prostatic-venous-plexus
blood-vasculature,2802,iliolumbar vein,http://purl.obolibrary.org/obo/UBERON_0001320,blood vessel endothelial cell,CL:0000071,TIE1,1,TEK; TIE1; CDH5; PECAM1,HGNC:11724; HGNC:11809; HGNC:1764; HGNC:8823,https://en.wikipedia.org/wiki/Iliolumbar_vein
blood-vasculature,2832,obturator vein,http://purl.obolibrary.org/obo/UBERON_0001321,blood vessel endothelial cell,CL:0000071,TIE1,1,TEK; TIE1; CDH5; PECAM1,HGNC:11724; HGNC:11809; HGNC:1764; HGNC:8823,https://en.wikipedia.org/wiki/Obturator_veins
blood-vasculature,2794,lateral marginal vein,http://purl.obolibrary.org/obo/UBERON_0001548,blood vessel endothelial cell,CL:0000071,TIE1,1,TEK; TIE1; CDH5; PECAM1,HGNC:11724; HGNC:11809; HGNC:1764; HGNC:8823,https://en.wikipedia.org/wiki/Lateral_marginal_vein
blood-vasculature,2792,dorsal venous arch,http://purl.obolibrary.org/obo/UBERON_0008783,blood vessel endothelial cell,CL:0000071,TIE1,1,TEK; TIE1; CDH5; PECAM1,HGNC:11724; HGNC:11809; HGNC:1764; HGNC:8823,https://en.wikipedia.org/wiki/Dorsal_venous_arch_of_the_foot
blood-vasculature,2810,deep dorsal vein of penis,http://purl.obolibrary.org/obo/UBERON_0006656,blood vessel endothelial cell,CL:0000071,TIE1,1,TEK; TIE1; CDH5; PECAM1,HGNC:11724; HGNC:11809; HGNC:1764; HGNC:8823,http://purl.obolibrary.org/obo/UBERON_0006656
blood-vasculature,2806,deep dorsal vein of clitoris,http://purl.obolibrary.org/obo/UBERON_0006690,blood vessel endothelial cell,CL:0000071,TIE1,1,TEK; TIE1; CDH5; PECAM1,HGNC:11724; HGNC:11809; HGNC:1764; HGNC:8823,http://purl.obolibrary.org/obo/UBERON_0006690
blood-vasculature,2798,inferior epigastric vein,http://purl.obolibrary.org/obo/UBERON_0007154,blood vessel endothelial cell,CL:0000071,TIE1,1,TEK; TIE1; CDH5; PECAM1,HGNC:11724; HGNC:11809; HGNC:1764; HGNC:8823,https://en.wikipedia.org/wiki/Inferior_epigastric_vein
blood-vasculature,2816,prostatic venous plexus,http://purl.obolibrary.org/obo/UBERON_0009042,blood vessel endothelial cell,CL:0000071,TIE1,1,TEK; TIE1; CDH5; PECAM1,HGNC:11724; HGNC:11809; HGNC:1764; HGNC:8823,https://www.kenhub.com/en/library/anatomy/prostatic-venous-plexus
blood-vasculature,2796,vein of genicular venous plexus,http://purl.obolibrary.org/obo/UBERON_0013144,blood vessel endothelial cell,CL:0000071,TIE1,1,TEK; TIE1; CDH5; PECAM1,HGNC:11724; HGNC:11809; HGNC:1764; HGNC:8823,http://purl.obolibrary.org/obo/UBERON_0013144
blood-vasculature,2820,internal pudendal vein,http://purl.obolibrary.org/obo/UBERON_0018252,blood vessel endothelial cell,CL:0000071,TIE1,1,TEK; TIE1; CDH5; PECAM1,HGNC:11724; HGNC:11809; HGNC:1764; HGNC:8823,https://en.wikipedia.org/wiki/Internal_pudendal_veins
blood-vasculature,2828,lateral sacral vein,http://purl.obolibrary.org/obo/UBERON_8600056,blood vessel endothelial cell,CL:0000071,TIE1,1,TEK; TIE1; CDH5; PECAM1,HGNC:11724; HGNC:11809; HGNC:1764; HGNC:8823,https://en.wikipedia.org/wiki/Lateral_sacral_veins
blood-vasculature,2830,middle hemorrhoidal vein,http://purl.obolibrary.org/obo/UBERON_8600057,blood vessel endothelial cell,CL:0000071,TIE1,1,TEK; TIE1; CDH5; PECAM1,HGNC:11724; HGNC:11809; HGNC:1764; HGNC:8823,https://en.wikipedia.org/wiki/Middle_rectal_veins
blood-vasculature,2818,prostatic venule,http://purl.obolibrary.org/obo/UBERON_8600084,blood vessel endothelial cell,CL:0000071,TIE1,1,TEK; TIE1; CDH5; PECAM1,HGNC:11724; HGNC:11809; HGNC:1764; HGNC:8823,https://www.kenhub.com/en/library/anatomy/prostatic-venous-plexus
blood-vasculature,2808,Vesical nerve plexus,http://purl.org/sig/ont/fma/fma6646,blood vessel endothelial cell,CL:0000071,TIE1,1,TEK; TIE1; CDH5; PECAM1,HGNC:11724; HGNC:11809; HGNC:1764; HGNC:8823,https://en.wikipedia.org/wiki/Deep_dorsal_vein_of_clitoris
blood-vasculature,2812,Inferior gluteal vein,http://purl.org/sig/ont/fma/fma18911,blood vessel endothelial cell,CL:0000071,TIE1,1,TEK; TIE1; CDH5; PECAM1,HGNC:11724; HGNC:11809; HGNC:1764; HGNC:8823,https://en.wikipedia.org/wiki/Inferior_gluteal_veins
blood-vasculature,2800,Pubic vein,http://purl.org/sig/ont/fma/fma21200,blood vessel endothelial cell,CL:0000071,TIE1,1,TEK; TIE1; CDH5; PECAM1,HGNC:11724; HGNC:11809; HGNC:1764; HGNC:8823,https://en.wikipedia.org/wiki/External_iliac_vein
blood-vasculature,2824,Inferior rectal vein,http://purl.org/sig/ont/fma/fma21242,blood vessel endothelial cell,CL:0000071,TIE1,1,TEK; TIE1; CDH5; PECAM1,HGNC:11724; HGNC:11809; HGNC:1764; HGNC:8823,https://en.wikipedia.org/wiki/Inferior_rectal_veins
blood-vasculature,2826,Posterior scrotal vein,http://purl.org/sig/ont/fma/fma21254,blood vessel endothelial cell,CL:0000071,TIE1,1,TEK; TIE1; CDH5; PECAM1,HGNC:11724; HGNC:11809; HGNC:1764; HGNC:8823,https://radiopaedia.org/articles/internal-pudendal-vein
blood-vasculature,283,Dental branch of inferior alveolar artery,http://purl.org/sig/ont/fma/fma49699,blood vessel endothelial cell,CL:0000071,TIE1,1,TEK; TIE1; CDH5; PECAM1,HGNC:11724; HGNC:11809; HGNC:1764; HGNC:8823,https://doi.org/10.26463/rjds.15_2_21
blood-vasculature,2822,bulbar vein,https://purl.org/ccf/ASCTB-TEMP_bulbar-vein,blood vessel endothelial cell,CL:0000071,TIE1,1,TEK; TIE1; CDH5; PECAM1,HGNC:11724; HGNC:11809; HGNC:1764; HGNC:8823,https://doi.org/10.12659/MSM.883201
blood-vasculature,2834,perineal vein,http://purl.obolibrary.org/obo/UBERON_0001362,blood vessel endothelial cell,CL:0000071,TIE1,1,TEK; TIE1; CDH5; PECAM1,HGNC:11724; HGNC:11809; HGNC:1764; HGNC:8823,http://purl.obolibrary.org/obo/UBERON_0001362
blood-vasculature,2836,Superior gluteal vein,http://purl.org/sig/ont/fma/fma18908,blood vessel endothelial cell,CL:0000071,TIE1,1,TEK; TIE1; CDH5; PECAM1,HGNC:11724; HGNC:11809; HGNC:1764; HGNC:8823,https://en.wikipedia.org/wiki/Superior_gluteal_veins
blood-vasculature,37,brachiocephalic artery,http://purl.obolibrary.org/obo/UBERON_0001529,blood vessel endothelial cell,CL:0000071,TIE1,1,TEK; TIE1; CDH5; PECAM1,HGNC:11724; HGNC:11809; HGNC:1764; HGNC:8823,https://en.wikipedia.org/wiki/Brachiocephalic_artery
blood-vasculature,381,occipital artery,http://purl.obolibrary.org/obo/UBERON_0001613,blood vessel endothelial cell,CL:0000071,TIE1,1,TEK; TIE1; CDH5; PECAM1,HGNC:11724; HGNC:11809; HGNC:1764; HGNC:8823,https://en.wikipedia.org/wiki/Occipital_artery
blood-vasculature,4,Left superior pulmonary vein,http://purl.org/sig/ont/fma/fma49916,blood vessel endothelial cell,CL:0000071,TIE1,1,TEK; TIE1; CDH5; PECAM1,HGNC:11724; HGNC:11809; HGNC:1764; HGNC:8823,https://en.wikipedia.org/wiki/Pulmonary_vein
blood-vasculature,393,Mastoid artery,http://purl.org/sig/ont/fma/fma49599,blood vessel endothelial cell,CL:0000071,TIE1,1,TEK; TIE1; CDH5; PECAM1,HGNC:11724; HGNC:11809; HGNC:1764; HGNC:8823,https://www.kenhub.com/en/library/anatomy/occipital-artery
blood-vasculature,385,Auricular branch of occipital artery,http://purl.org/sig/ont/fma/fma49602,blood vessel endothelial cell,CL:0000071,TIE1,1,TEK; TIE1; CDH5; PECAM1,HGNC:11724; HGNC:11809; HGNC:1764; HGNC:8823,https://en.wikipedia.org/wiki/Auricular_branch_of_occipital_artery
blood-vasculature,389,Descending branch of occipital artery,http://purl.org/sig/ont/fma/fma49608,blood vessel endothelial cell,CL:0000071,TIE1,1,TEK; TIE1; CDH5; PECAM1,HGNC:11724; HGNC:11809; HGNC:1764; HGNC:8823,https://en.wikipedia.org/wiki/Descending_branch_of_occipital_artery
blood-vasculature,397,Meningeal branch of occipital artery,http://purl.org/sig/ont/fma/fma49618,blood vessel endothelial cell,CL:0000071,TIE1,1,TEK; TIE1; CDH5; PECAM1,HGNC:11724; HGNC:11809; HGNC:1764; HGNC:8823,https://en.wikipedia.org/wiki/Meningeal_branch_of_occipital_artery
blood-vasculature,369,Sphenopalatine artery,http://purl.org/sig/ont/fma/fma49804,blood vessel endothelial cell,CL:0000071,TIE1,1,TEK; TIE1; CDH5; PECAM1,HGNC:11724; HGNC:11809; HGNC:1764; HGNC:8823,https://en.wikipedia.org/wiki/Sphenopalatine_artery
blood-vasculature,377,Posterior septal branch of sphenopalatine artery,http://purl.org/sig/ont/fma/fma49809,blood vessel endothelial cell,CL:0000071,TIE1,1,TEK; TIE1; CDH5; PECAM1,HGNC:11724; HGNC:11809; HGNC:1764; HGNC:8823,ISBN:9780323393225
blood-vasculature,373,posterior lateral nasal branch of sphenopalatine artery,https://purl.org/ccf/ASCTB-TEMP_posterior-lateral-nasal-branch-of-sphenopalatine-artery,blood vessel endothelial cell,CL:0000071,TIE1,1,TEK; TIE1; CDH5; PECAM1,HGNC:11724; HGNC:11809; HGNC:1764; HGNC:8823,ISBN:9780323393225
blood-vasculature,49,common carotid artery plus branches,http://purl.obolibrary.org/obo/UBERON_0001530,blood vessel endothelial cell,CL:0000071,TIE1,1,TEK; TIE1; CDH5; PECAM1,HGNC:11724; HGNC:11809; HGNC:1764; HGNC:8823,https://en.wikipedia.org/wiki/Common_carotid_artery
blood-vasculature,467,transverse facial artery,http://purl.obolibrary.org/obo/UBERON_0001615,blood vessel endothelial cell,CL:0000071,TIE1,1,TEK; TIE1; CDH5; PECAM1,HGNC:11724; HGNC:11809; HGNC:1764; HGNC:8823,https://en.wikipedia.org/wiki/Transverse_facial_artery
blood-vasculature,483,hyoid artery,http://purl.obolibrary.org/obo/UBERON_0005608,blood vessel endothelial cell,CL:0000071,TIE1,1,TEK; TIE1; CDH5; PECAM1,HGNC:11724; HGNC:11809; HGNC:1764; HGNC:8823,https://en.wikipedia.org/wiki/Superior_thyroid_artery
blood-vasculature,475,superior thyroid artery,http://purl.obolibrary.org/obo/UBERON_0007150,blood vessel endothelial cell,CL:0000071,TIE1,1,TEK; TIE1; CDH5; PECAM1,HGNC:11724; HGNC:11809; HGNC:1764; HGNC:8823,https://en.wikipedia.org/wiki/Superior_thyroid_artery
blood-vasculature,471,zygomatico-orbital artery,http://purl.obolibrary.org/obo/UBERON_0015157,blood vessel endothelial cell,CL:0000071,TIE1,1,TEK; TIE1; CDH5; PECAM1,HGNC:11724; HGNC:11809; HGNC:1764; HGNC:8823,https://en.wikipedia.org/wiki/Zygomatico-orbital_artery
blood-vasculature,487,Sternocleidomastoid artery,http://purl.org/sig/ont/fma/fma49477,blood vessel endothelial cell,CL:0000071,TIE1,1,TEK; TIE1; CDH5; PECAM1,HGNC:11724; HGNC:11809; HGNC:1764; HGNC:8823,https://en.wikipedia.org/wiki/Superior_thyroid_artery
blood-vasculature,491,Superior laryngeal artery,http://purl.org/sig/ont/fma/fma49480,blood vessel endothelial cell,CL:0000071,TIE1,1,TEK; TIE1; CDH5; PECAM1,HGNC:11724; HGNC:11809; HGNC:1764; HGNC:8823,https://en.wikipedia.org/wiki/Superior_thyroid_artery
blood-vasculature,479,Cricothyroid artery,http://purl.org/sig/ont/fma/fma49483,blood vessel endothelial cell,CL:0000071,TIE1,1,TEK; TIE1; CDH5; PECAM1,HGNC:11724; HGNC:11809; HGNC:1764; HGNC:8823,https://en.wikipedia.org/wiki/Superior_thyroid_artery
blood-vasculature,461,superior parotid gland arteriole,https://purl.org/ccf/ASCTB-TEMP_superior-parotid-gland-arteriole,blood vessel endothelial cell,CL:0000071,TIE1,1,TEK; TIE1; CDH5; PECAM1,HGNC:11724; HGNC:11809; HGNC:1764; HGNC:8823,https://en.wikipedia.org/wiki/Superficial_temporal_artery
blood-vasculature,465,superior parotid gland capillary,https://purl.org/ccf/ASCTB-TEMP_superior-parotid-gland-capillary,blood vessel endothelial cell,CL:0000071,TIE1,1,TEK; TIE1; CDH5; PECAM1,HGNC:11724; HGNC:11809; HGNC:1764; HGNC:8823,https://en.wikipedia.org/wiki/Superficial_temporal_artery
blood-vasculature,365,Pterygoid branch of maxillary artery,http://purl.org/sig/ont/fma/fma49751,blood vessel endothelial cell,CL:0000071,TIE1,1,TEK; TIE1; CDH5; PECAM1,HGNC:11724; HGNC:11809; HGNC:1764; HGNC:8823,https://en.wikipedia.org/wiki/Pterygoid_branches_of_maxillary_artery
blood-vasculature,3636,Right apical segmental artery,http://purl.org/sig/ont/fma/fma8617,blood vessel endothelial cell,CL:0000071,TIE1,1,TEK; TIE1; CDH5; PECAM1,HGNC:11724; HGNC:11809; HGNC:1764; HGNC:8823,https://doi.org/10.21037/cdt.2018.01.04
blood-vasculature,3640,Right posterior segmental artery,http://purl.org/sig/ont/fma/fma8619,blood vessel endothelial cell,CL:0000071,TIE1,1,TEK; TIE1; CDH5; PECAM1,HGNC:11724; HGNC:11809; HGNC:1764; HGNC:8823,https://doi.org/10.21037/cdt.2018.01.04
blood-vasculature,3632,Right anterior segmental artery,http://purl.org/sig/ont/fma/fma8620,blood vessel endothelial cell,CL:0000071,TIE1,1,TEK; TIE1; CDH5; PECAM1,HGNC:11724; HGNC:11809; HGNC:1764; HGNC:8823,https://doi.org/10.21037/cdt.2018.01.04
blood-vasculature,1172,medial tarsal artery,http://purl.obolibrary.org/obo/UBERON_0001553,blood vessel endothelial cell,CL:0000071,TIE1,1,TEK; TIE1; CDH5; PECAM1,HGNC:11724; HGNC:11809; HGNC:1764; HGNC:8823,https://en.wikipedia.org/wiki/Medial_tarsal_arteries
blood-vasculature,117,ocular angle artery,http://purl.obolibrary.org/obo/UBERON_0010408,blood vessel endothelial cell,CL:0000071,TIE1,1,TEK; TIE1; CDH5; PECAM1,HGNC:11724; HGNC:11809; HGNC:1764; HGNC:8823,https://en.wikipedia.org/wiki/Angular_artery
blood-vasculature,1188,Superior lateral genicular artery,http://purl.org/sig/ont/fma/fma22585,blood vessel endothelial cell,CL:0000071,TIE1,1,TEK; TIE1; CDH5; PECAM1,HGNC:11724; HGNC:11809; HGNC:1764; HGNC:8823,https://en.wikipedia.org/wiki/Lateral_superior_genicular_artery
blood-vasculature,1184,Inferior lateral genicular artery,http://purl.org/sig/ont/fma/fma43888,blood vessel endothelial cell,CL:0000071,TIE1,1,TEK; TIE1; CDH5; PECAM1,HGNC:11724; HGNC:11809; HGNC:1764; HGNC:8823,https://www.healthline.com/human-body-maps/lateral-inferior-genicular-artery#1
blood-vasculature,1196,Inferior medial genicular artery,http://purl.org/sig/ont/fma/fma43889,blood vessel endothelial cell,CL:0000071,TIE1,1,TEK; TIE1; CDH5; PECAM1,HGNC:11724; HGNC:11809; HGNC:1764; HGNC:8823,https://www.healthline.com/human-body-maps/medial-inferior-genicular-artery#1
blood-vasculature,1180,Posterior tibial recurrent artery,http://purl.org/sig/ont/fma/fma43903,blood vessel endothelial cell,CL:0000071,TIE1,1,TEK; TIE1; CDH5; PECAM1,HGNC:11724; HGNC:11809; HGNC:1764; HGNC:8823,https://en.wikipedia.org/wiki/Posterior_tibial_recurrent_artery
blood-vasculature,1168,Lateral tarsal artery,http://purl.org/sig/ont/fma/fma44595,blood vessel endothelial cell,CL:0000071,TIE1,1,TEK; TIE1; CDH5; PECAM1,HGNC:11724; HGNC:11809; HGNC:1764; HGNC:8823,https://en.wikipedia.org/wiki/Lateral_tarsal_artery
blood-vasculature,1164,Medial part of dorsal digital artery of second toe,http://purl.org/sig/ont/fma/fma69586,blood vessel endothelial cell,CL:0000071,TIE1,1,TEK; TIE1; CDH5; PECAM1,HGNC:11724; HGNC:11809; HGNC:1764; HGNC:8823,https://www.ncbi.nlm.nih.gov/books/NBK560912/
blood-vasculature,1176,lateral calcaneal artery,https://purl.org/ccf/ASCTB-TEMP_lateral-calcaneal-artery,blood vessel endothelial cell,CL:0000071,TIE1,1,TEK; TIE1; CDH5; PECAM1,HGNC:11724; HGNC:11809; HGNC:1764; HGNC:8823,https://pubmed.ncbi.nlm.nih.gov/9932327/
blood-vasculature,1192,lateral sural artery,https://purl.org/ccf/ASCTB-TEMP_lateral-sural-artery,blood vessel endothelial cell,CL:0000071,TIE1,1,TEK; TIE1; CDH5; PECAM1,HGNC:11724; HGNC:11809; HGNC:1764; HGNC:8823,https://en.wikipedia.org/wiki/Sural_arteries
blood-vasculature,3104,bronchial vein,http://purl.obolibrary.org/obo/UBERON_0001592,blood vessel endothelial cell,CL:0000071,TIE1,1,TEK; TIE1; CDH5; PECAM1,HGNC:11724; HGNC:11809; HGNC:1764; HGNC:8823,https://en.wikipedia.org/wiki/Bronchial_veins
blood-vasculature,1840,inferior pancreaticoduodenal artery,http://purl.obolibrary.org/obo/UBERON_0001195,blood vessel endothelial cell,CL:0000071,TIE1,1,TEK; TIE1; CDH5; PECAM1,HGNC:11724; HGNC:11809; HGNC:1764; HGNC:8823,https://en.wikipedia.org/wiki/Inferior_pancreaticoduodenal_artery
blood-vasculature,1836,Appendicular artery,http://purl.org/sig/ont/fma/fma14818,blood vessel endothelial cell,CL:0000071,TIE1,1,TEK; TIE1; CDH5; PECAM1,HGNC:11724; HGNC:11809; HGNC:1764; HGNC:8823,https://radiopaedia.org/articles/appendicular-artery
blood-vasculature,1832,Ileal branch of inferior branch of ileocolic artery,http://purl.org/sig/ont/fma/fma14819,blood vessel endothelial cell,CL:0000071,TIE1,1,TEK; TIE1; CDH5; PECAM1,HGNC:11724; HGNC:11809; HGNC:1764; HGNC:8823,https://en.wikipedia.org/wiki/Ileal_branch_of_ileocolic_artery
blood-vasculature,1844,Anterior inferior pancreaticoduodenal artery,http://purl.org/sig/ont/fma/fma70479,blood vessel endothelial cell,CL:0000071,TIE1,1,TEK; TIE1; CDH5; PECAM1,HGNC:11724; HGNC:11809; HGNC:1764; HGNC:8823,https://en.wikipedia.org/wiki/Inferior_pancreaticoduodenal_artery
blood-vasculature,1828,Posterior cecal artery,http://purl.org/sig/ont/fma/fma14817,blood vessel endothelial cell,CL:0000071,TIE1,1,CDH5; PECAM1; TEK; TIE1,HGNC:1764; HGNC:8823; HGNC:11724; HGNC:11809,https://www.healthline.com/human-body-maps/colic-branch-of-the-ileocolic-artery
blood-vasculature,1804,superior mesenteric artery,http://purl.obolibrary.org/obo/UBERON_0001182,blood vessel endothelial cell,CL:0000071,TIE1,1,TEK; TIE1; CDH5; PECAM1,HGNC:11724; HGNC:11809; HGNC:1764; HGNC:8823,https://en.wikipedia.org/wiki/Superior_mesenteric_artery
blood-vasculature,1796,right renal artery,http://purl.obolibrary.org/obo/UBERON_0001185,blood vessel endothelial cell,CL:0000071,TIE1,1,TEK; TIE1; CDH5; PECAM1,HGNC:11724; HGNC:11809; HGNC:1764; HGNC:8823,https://en.wikipedia.org/wiki/Renal_artery
blood-vasculature,1800,right testicular artery,http://purl.obolibrary.org/obo/UBERON_0001188,blood vessel endothelial cell,CL:0000071,TIE1,1,TEK; TIE1; CDH5; PECAM1,HGNC:11724; HGNC:11809; HGNC:1764; HGNC:8823,https://en.wikipedia.org/wiki/Testicular_artery
blood-vasculature,1816,ileocolic artery,http://purl.obolibrary.org/obo/UBERON_0001197,blood vessel endothelial cell,CL:0000071,TIE1,1,TEK; TIE1; CDH5; PECAM1,HGNC:11724; HGNC:11809; HGNC:1764; HGNC:8823,https://en.wikipedia.org/wiki/Ileocolic_artery
blood-vasculature,1808,ileal artery,http://purl.obolibrary.org/obo/UBERON_0005628,blood vessel endothelial cell,CL:0000071,TIE1,1,TEK; TIE1; CDH5; PECAM1,HGNC:11724; HGNC:11809; HGNC:1764; HGNC:8823,https://en.wikipedia.org/wiki/Superior_mesenteric_artery
blood-vasculature,181,deep lingual artery,http://purl.obolibrary.org/obo/UBERON_8600097,blood vessel endothelial cell,CL:0000071,TIE1,1,TEK; TIE1; CDH5; PECAM1,HGNC:11724; HGNC:11809; HGNC:1764; HGNC:8823,https://en.wikipedia.org/wiki/Lingual_artery
blood-vasculature,1824,Anterior cecal artery,http://purl.org/sig/ont/fma/fma14816,blood vessel endothelial cell,CL:0000071,TIE1,1,TEK; TIE1; CDH5; PECAM1,HGNC:11724; HGNC:11809; HGNC:1764; HGNC:8823,https://www.healthline.com/human-body-maps/colic-branch-of-the-ileocolic-artery
blood-vasculature,1820,Ascending branch of inferior branch of ileocolic artery,http://purl.org/sig/ont/fma/fma14820,blood vessel endothelial cell,CL:0000071,TIE1,1,TEK; TIE1; CDH5; PECAM1,HGNC:11724; HGNC:11809; HGNC:1764; HGNC:8823,https://en.wikipedia.org/wiki/Colic_branch_of_ileocolic_artery
blood-vasculature,18,post-alveolar capillary,https://purl.org/ccf/ASCTB-TEMP_post-alveolar-capillary,blood vessel endothelial cell,CL:0000071,TIE1,1,TEK; TIE1; CDH5; PECAM1,HGNC:11724; HGNC:11809; HGNC:1764; HGNC:8823,https://doi.org/10.1152/japplphysiol.01177.2009
blood-vasculature,1812,vasa recta of ileum,https://purl.org/ccf/ASCTB-TEMP_vasa-recta-of-ileum,blood vessel endothelial cell,CL:0000071,TIE1,1,TEK; TIE1; CDH5; PECAM1,HGNC:11724; HGNC:11809; HGNC:1764; HGNC:8823,https://en.wikipedia.org/wiki/Vasa_recta_(intestines)
blood-vasculature,2917,pancreatic tributary of splenic vein,http://purl.obolibrary.org/obo/UBERON_0001214,blood vessel endothelial cell,CL:0000071,TIE1,1,TEK; TIE1; CDH5; PECAM1,HGNC:11724; HGNC:11809; HGNC:1764; HGNC:8823,https://en.wikipedia.org/wiki/Splenic_vein
blood-vasculature,2903,inferior mesenteric vein,http://purl.obolibrary.org/obo/UBERON_0001215,blood vessel endothelial cell,CL:0000071,TIE1,1,TEK; TIE1; CDH5; PECAM1,HGNC:11724; HGNC:11809; HGNC:1764; HGNC:8823,https://en.wikipedia.org/wiki/Inferior_mesenteric_vein
blood-vasculature,29,ascending aorta,http://purl.obolibrary.org/obo/UBERON_0001496,blood vessel endothelial cell,CL:0000071,TIE1,1,TEK; TIE1; CDH5; PECAM1,HGNC:11724; HGNC:11809; HGNC:1764; HGNC:8823,https://en.wikipedia.org/wiki/Ascending_aorta
blood-vasculature,2885,hepatic portal vein,http://purl.obolibrary.org/obo/UBERON_0001639,blood vessel endothelial cell,CL:0000071,TIE1,1,TEK; TIE1; CDH5; PECAM1,HGNC:11724; HGNC:11809; HGNC:1764; HGNC:8823,https://en.wikipedia.org/wiki/Portal_vein
blood-vasculature,2901,splenic vein,http://purl.obolibrary.org/obo/UBERON_0003713,blood vessel endothelial cell,CL:0000071,TIE1,1,TEK; TIE1; CDH5; PECAM1,HGNC:11724; HGNC:11809; HGNC:1764; HGNC:8823,https://en.wikipedia.org/wiki/Splenic_vein
blood-vasculature,2891,left gastric vein,http://purl.obolibrary.org/obo/UBERON_0014690,blood vessel endothelial cell,CL:0000071,TIE1,1,TEK; TIE1; CDH5; PECAM1,HGNC:11724; HGNC:11809; HGNC:1764; HGNC:8823,https://en.wikipedia.org/wiki/Left_gastric_vein
blood-vasculature,2897,right gastric vein,http://purl.obolibrary.org/obo/UBERON_0014691,blood vessel endothelial cell,CL:0000071,TIE1,1,TEK; TIE1; CDH5; PECAM1,HGNC:11724; HGNC:11809; HGNC:1764; HGNC:8823,https://en.wikipedia.org/wiki/Right_gastric_vein
blood-vasculature,2887,cystic vein,http://purl.obolibrary.org/obo/UBERON_0035392,blood vessel endothelial cell,CL:0000071,TIE1,1,TEK; TIE1; CDH5; PECAM1,HGNC:11724; HGNC:11809; HGNC:1764; HGNC:8823,https://en.wikipedia.org/wiki/Cystic_vein
blood-vasculature,2893,paraumbilical vein,http://purl.obolibrary.org/obo/UBERON_0035655,blood vessel endothelial cell,CL:0000071,TIE1,1,TEK; TIE1; CDH5; PECAM1,HGNC:11724; HGNC:11809; HGNC:1764; HGNC:8823,https://en.wikipedia.org/wiki/Portal_vein
blood-vasculature,2905,left colic vein,http://purl.obolibrary.org/obo/UBERON_8410017,blood vessel endothelial cell,CL:0000071,TIE1,1,TEK; TIE1; CDH5; PECAM1,HGNC:11724; HGNC:11809; HGNC:1764; HGNC:8823,https://en.wikipedia.org/wiki/Left_colic_vein
blood-vasculature,291,incisor artery,http://purl.obolibrary.org/obo/UBERON_8600086,blood vessel endothelial cell,CL:0000071,TIE1,1,TEK; TIE1; CDH5; PECAM1,HGNC:11724; HGNC:11809; HGNC:1764; HGNC:8823,https://en.wikipedia.org/wiki/Inferior_alveolar_artery
blood-vasculature,2895,Posterior superior pancreaticoduodenal vein,http://purl.org/sig/ont/fma/fma0329298,blood vessel endothelial cell,CL:0000071,TIE1,1,TEK; TIE1; CDH5; PECAM1,HGNC:11724; HGNC:11809; HGNC:1764; HGNC:8823,https://radiopaedia.org/articles/pancreaticoduodenal-veins
blood-vasculature,2915,Left gastroepiploic vein,http://purl.org/sig/ont/fma/fma15390,blood vessel endothelial cell,CL:0000071,TIE1,1,TEK; TIE1; CDH5; PECAM1,HGNC:11724; HGNC:11809; HGNC:1764; HGNC:8823,https://en.wikipedia.org/wiki/Left_gastroepiploic_vein
blood-vasculature,2913,Superior rectal vein,http://purl.org/sig/ont/fma/fma15393,blood vessel endothelial cell,CL:0000071,TIE1,1,TEK; TIE1; CDH5; PECAM1,HGNC:11724; HGNC:11809; HGNC:1764; HGNC:8823,https://en.wikipedia.org/wiki/Superior_rectal_vein
blood-vasculature,2911,Sigmoid vein,http://purl.org/sig/ont/fma/fma15395,blood vessel endothelial cell,CL:0000071,TIE1,1,TEK; TIE1; CDH5; PECAM1,HGNC:11724; HGNC:11809; HGNC:1764; HGNC:8823,https://en.wikipedia.org/wiki/Inferior_mesenteric_vein
blood-vasculature,2899,Prepyloric vein,http://purl.org/sig/ont/fma/fma15404,blood vessel endothelial cell,CL:0000071,TIE1,1,TEK; TIE1; CDH5; PECAM1,HGNC:11724; HGNC:11809; HGNC:1764; HGNC:8823,https://epomedicine.com/medical-students/surgical-anatomy-stomach/
blood-vasculature,2919,Set of pancreatic veins,http://purl.org/sig/ont/fma/fma70929,blood vessel endothelial cell,CL:0000071,TIE1,1,TEK; TIE1; CDH5; PECAM1,HGNC:11724; HGNC:11809; HGNC:1764; HGNC:8823,https://en.wikipedia.org/wiki/Splenic_vein
blood-vasculature,2889,inferior vein of Sappey,https://purl.org/ccf/ASCTB-TEMP_inferior-vein-of-sappey,blood vessel endothelial cell,CL:0000071,TIE1,1,TEK; TIE1; CDH5; PECAM1,HGNC:11724; HGNC:11809; HGNC:1764; HGNC:8823,https://doi.org/10.2484/rcr.v5i3.394
blood-vasculature,2921,interlobular vein of pancreas,https://purl.org/ccf/ASCTB-TEMP_interlobular-vein-of-pancreas,blood vessel endothelial cell,CL:0000071,TIE1,1,TEK; TIE1; CDH5; PECAM1,HGNC:11724; HGNC:11809; HGNC:1764; HGNC:8823,https://www.flandershealth.us/chronic-pancreatitis/microcirculation-of-the-pancreas.html
blood-vasculature,2925,intralobular venule of pancreas,https://purl.org/ccf/ASCTB-TEMP_intralobular-venule-of-pancreas,blood vessel endothelial cell,CL:0000071,TIE1,1,TEK; TIE1; CDH5; PECAM1,HGNC:11724; HGNC:11809; HGNC:1764; HGNC:8823,https://www.ncbi.nlm.nih.gov/pmc/articles/PMC6880211/
blood-vasculature,2923,lobular vein of pancreas,https://purl.org/ccf/ASCTB-TEMP_lobular-vein-of-pancreas,blood vessel endothelial cell,CL:0000071,TIE1,1,TEK; TIE1; CDH5; PECAM1,HGNC:11724; HGNC:11809; HGNC:1764; HGNC:8823,https://www.flandershealth.us/chronic-pancreatitis/microcirculation-of-the-pancreas.html
blood-vasculature,2909,rectosigmoid vein,https://purl.org/ccf/ASCTB-TEMP_rectosigmoid-vein,blood vessel endothelial cell,CL:0000071,TIE1,1,TEK; TIE1; CDH5; PECAM1,HGNC:11724; HGNC:11809; HGNC:1764; HGNC:8823,https://en.wikipedia.org/wiki/Inferior_mesenteric_vein
blood-vasculature,2907,vena recta of large intestine #2,https://purl.org/ccf/ASCTB-TEMP_vena-recta-of-large-intestine-2,blood vessel endothelial cell,CL:0000071,TIE1,1,TEK; TIE1; CDH5; PECAM1,HGNC:11724; HGNC:11809; HGNC:1764; HGNC:8823,https://doi.org/10.1111/j.1469-7580.2009.01199.x
blood-vasculature,1128,Lateral part of dorsal digital artery of second toe,http://purl.org/sig/ont/fma/fma69604,blood vessel endothelial cell,CL:0000071,TIE1,1,TEK; TIE1; CDH5; PECAM1,HGNC:11724; HGNC:11809; HGNC:1764; HGNC:8823,https://www.ncbi.nlm.nih.gov/books/NBK560912/
blood-vasculature,1140,Lateral part of dorsal digital artery of third toe,http://purl.org/sig/ont/fma/fma69607,blood vessel endothelial cell,CL:0000071,TIE1,1,TEK; TIE1; CDH5; PECAM1,HGNC:11724; HGNC:11809; HGNC:1764; HGNC:8823,https://www.ncbi.nlm.nih.gov/books/NBK560912/
blood-vasculature,1160,Medial part of dorsal digital artery of great toe,http://purl.org/sig/ont/fma/fma69585,blood vessel endothelial cell,CL:0000071,TIE1,1,TEK; TIE1; CDH5; PECAM1,HGNC:11724; HGNC:11809; HGNC:1764; HGNC:8823,https://www.ncbi.nlm.nih.gov/books/NBK560912/
blood-vasculature,1156,Lateral part of dorsal digital artery of great toe,http://purl.org/sig/ont/fma/fma69601,blood vessel endothelial cell,CL:0000071,TIE1,1,TEK; TIE1; CDH5; PECAM1,HGNC:11724; HGNC:11809; HGNC:1764; HGNC:8823,https://www.ncbi.nlm.nih.gov/books/NBK560912/
blood-vasculature,53,external carotid artery,http://purl.obolibrary.org/obo/UBERON_0001070,blood vessel endothelial cell,CL:0000071,TIE1,1,TEK; TIE1; CDH5; PECAM1,HGNC:11724; HGNC:11809; HGNC:1764; HGNC:8823,https://en.wikipedia.org/wiki/External_carotid_artery
blood-vasculature,495,internal carotid artery,http://purl.obolibrary.org/obo/UBERON_0001532,blood vessel endothelial cell,CL:0000071,TIE1,1,TEK; TIE1; CDH5; PECAM1,HGNC:11724; HGNC:11809; HGNC:1764; HGNC:8823,https://en.wikipedia.org/wiki/Internal_carotid_artery
blood-vasculature,499,anterior cerebral artery,http://purl.obolibrary.org/obo/UBERON_0001624,blood vessel endothelial cell,CL:0000071,TIE1,1,TEK; TIE1; CDH5; PECAM1,HGNC:11724; HGNC:11809; HGNC:1764; HGNC:8823,https://en.wikipedia.org/wiki/Anterior_cerebral_artery
blood-vasculature,503,anterior communicating artery,http://purl.obolibrary.org/obo/UBERON_0006764,blood vessel endothelial cell,CL:0000071,TIE1,1,TEK; TIE1; CDH5; PECAM1,HGNC:11724; HGNC:11809; HGNC:1764; HGNC:8823,https://en.wikipedia.org/wiki/Anterior_communicating_artery
blood-vasculature,515,Distal medial striate artery,http://purl.org/sig/ont/fma/fma50327,blood vessel endothelial cell,CL:0000071,TIE1,1,TEK; TIE1; CDH5; PECAM1,HGNC:11724; HGNC:11809; HGNC:1764; HGNC:8823,https://en.wikipedia.org/wiki/Recurrent_artery_of_Heubner
blood-vasculature,519,Polar frontal artery,http://purl.org/sig/ont/fma/fma50329,blood vessel endothelial cell,CL:0000071,TIE1,1,TEK; TIE1; CDH5; PECAM1,HGNC:11724; HGNC:11809; HGNC:1764; HGNC:8823,https://en.wikipedia.org/wiki/Anterior_cerebral_artery
blood-vasculature,2862,hepatic sinusoid,http://purl.obolibrary.org/obo/UBERON_0001281,blood vessel endothelial cell,CL:0000071,TIE1,1,TEK; TIE1; CDH5; PECAM1,HGNC:11724; HGNC:11809; HGNC:1764; HGNC:8823,https://en.wikipedia.org/wiki/Central_veins_of_liver
blood-vasculature,2844,vaginal vein,http://purl.obolibrary.org/obo/UBERON_0001319,blood vessel endothelial cell,CL:0000071,TIE1,1,TEK; TIE1; CDH5; PECAM1,HGNC:11724; HGNC:11809; HGNC:1764; HGNC:8823,https://en.wikipedia.org/wiki/Internal_iliac_vein
blood-vasculature,2873,hepatic portal vein,http://purl.obolibrary.org/obo/UBERON_0001639,blood vessel endothelial cell,CL:0000071,TIE1,1,TEK; TIE1; CDH5; PECAM1,HGNC:11724; HGNC:11809; HGNC:1764; HGNC:8823,https://en.wikipedia.org/wiki/Portal_vein
blood-vasculature,2846,vesical vein,http://purl.obolibrary.org/obo/UBERON_0002460,blood vessel endothelial cell,CL:0000071,TIE1,1,TEK; TIE1; CDH5; PECAM1,HGNC:11724; HGNC:11809; HGNC:1764; HGNC:8823,https://en.wikipedia.org/wiki/Vesical_veins
blood-vasculature,2860,central vein of liver,http://purl.obolibrary.org/obo/UBERON_0006841,blood vessel endothelial cell,CL:0000071,TIE1,1,TEK; TIE1; CDH5; PECAM1,HGNC:11724; HGNC:11809; HGNC:1764; HGNC:8823,https://en.wikipedia.org/wiki/Central_veins_of_liver
blood-vasculature,2838,superior vesical vein,http://purl.obolibrary.org/obo/UBERON_0006355,blood vessel endothelial cell,CL:0000071,TIE1,1,TEK; TIE1; CDH5; PECAM1,HGNC:11724; HGNC:11809; HGNC:1764; HGNC:8823,https://en.wikipedia.org/wiki/Vesical_veins
blood-vasculature,2848,median sacral vein,http://purl.obolibrary.org/obo/UBERON_0006687,blood vessel endothelial cell,CL:0000071,TIE1,1,TEK; TIE1; CDH5; PECAM1,HGNC:11724; HGNC:11809; HGNC:1764; HGNC:8823,https://en.wikipedia.org/wiki/Median_sacral_vein
blood-vasculature,2842,uterine venous plexus,http://purl.obolibrary.org/obo/UBERON_0008889,blood vessel endothelial cell,CL:0000071,TIE1,1,TEK; TIE1; CDH5; PECAM1,HGNC:11724; HGNC:11809; HGNC:1764; HGNC:8823,https://en.wikipedia.org/wiki/Uterine_venous_plexus
blood-vasculature,2852,left hepatic vein,http://purl.obolibrary.org/obo/UBERON_0011955,blood vessel endothelial cell,CL:0000071,TIE1,1,TEK; TIE1; CDH5; PECAM1,HGNC:11724; HGNC:11809; HGNC:1764; HGNC:8823,https://doi.org/10.1007/s12565-018-00475-x
blood-vasculature,2840,uterine vein,http://purl.obolibrary.org/obo/UBERON_8600058,blood vessel endothelial cell,CL:0000071,TIE1,1,TEK; TIE1; CDH5; PECAM1,HGNC:11724; HGNC:11809; HGNC:1764; HGNC:8823,https://en.wikipedia.org/wiki/Uterine_veins
blood-vasculature,2865,hepatic portal venule,http://purl.obolibrary.org/obo/UBERON_8600085,blood vessel endothelial cell,CL:0000071,TIE1,1,TEK; TIE1; CDH5; PECAM1,HGNC:11724; HGNC:11809; HGNC:1764; HGNC:8823,https://en.wikipedia.org/wiki/Liver_sinusoid
blood-vasculature,2850,Left common iliac vein,http://purl.org/sig/ont/fma/fma21388,blood vessel endothelial cell,CL:0000071,TIE1,1,TEK; TIE1; CDH5; PECAM1,HGNC:11724; HGNC:11809; HGNC:1764; HGNC:8823,https://en.wikipedia.org/wiki/Common_iliac_vein
blood-vasculature,2871,Right portal vein,http://purl.org/sig/ont/fma/fma15414,blood vessel endothelial cell,CL:0000071,TIE1,1,TEK; TIE1; CDH5; PECAM1,HGNC:11724; HGNC:11809; HGNC:1764; HGNC:8823,https://doi.org/10.1007/s12565-018-00475-x
blood-vasculature,2883,Left portal vein,http://purl.org/sig/ont/fma/fma15415,blood vessel endothelial cell,CL:0000071,TIE1,1,TEK; TIE1; CDH5; PECAM1,HGNC:11724; HGNC:11809; HGNC:1764; HGNC:8823,https://doi.org/10.1007/s12565-018-00475-x
blood-vasculature,2875,Anterior superior segmental branch of right portal vein,http://purl.org/sig/ont/fma/fma15420,blood vessel endothelial cell,CL:0000071,TIE1,1,TEK; TIE1; CDH5; PECAM1,HGNC:11724; HGNC:11809; HGNC:1764; HGNC:8823,https://doi.org/10.1007/s12565-018-00475-x
blood-vasculature,2867,Anterior inferior segmental branch of right portal vein,http://purl.org/sig/ont/fma/fma15421,blood vessel endothelial cell,CL:0000071,TIE1,1,TEK; TIE1; CDH5; PECAM1,HGNC:11724; HGNC:11809; HGNC:1764; HGNC:8823,https://doi.org/10.1007/s12565-018-00475-x
blood-vasculature,1080,anterior tibial artery,http://purl.obolibrary.org/obo/UBERON_0001537,blood vessel endothelial cell,CL:0000071,TIE1,1,TEK; TIE1; CDH5; PECAM1,HGNC:11724; HGNC:11809; HGNC:1764; HGNC:8823,https://en.wikipedia.org/wiki/Anterior_tibial_artery
blood-vasculature,1076,popliteal artery,http://purl.obolibrary.org/obo/UBERON_0002250,blood vessel endothelial cell,CL:0000071,TIE1,1,TEK; TIE1; CDH5; PECAM1,HGNC:11724; HGNC:11809; HGNC:1764; HGNC:8823,https://radiopaedia.org/articles/superficial-femoral-artery
blood-vasculature,1124,Second dorsal metatarsal artery,http://purl.org/sig/ont/fma/fma44648,blood vessel endothelial cell,CL:0000071,TIE1,1,TEK; TIE1; CDH5; PECAM1,HGNC:11724; HGNC:11809; HGNC:1764; HGNC:8823,https://en.wikipedia.org/wiki/Dorsal_metatarsal_arteries
blood-vasculature,1120,Medial part of dorsal digital artery of fifth toe,http://purl.org/sig/ont/fma/fma69589,blood vessel endothelial cell,CL:0000071,TIE1,1,TEK; TIE1; CDH5; PECAM1,HGNC:11724; HGNC:11809; HGNC:1764; HGNC:8823,https://www.ncbi.nlm.nih.gov/books/NBK560912/
blood-vasculature,1922,Left sixth posterior intercostal artery,http://purl.org/sig/ont/fma/fma4475,blood vessel endothelial cell,CL:0000071,TIE1,1,TEK; TIE1; CDH5; PECAM1,HGNC:11724; HGNC:11809; HGNC:1764; HGNC:8823,https://en.wikipedia.org/wiki/Intercostal_arteries
blood-vasculature,1926,Left seventh posterior intercostal artery,http://purl.org/sig/ont/fma/fma4498,blood vessel endothelial cell,CL:0000071,TIE1,1,TEK; TIE1; CDH5; PECAM1,HGNC:11724; HGNC:11809; HGNC:1764; HGNC:8823,https://en.wikipedia.org/wiki/Intercostal_arteries
blood-vasculature,1930,Left eighth posterior intercostal artery,http://purl.org/sig/ont/fma/fma4521,blood vessel endothelial cell,CL:0000071,TIE1,1,TEK; TIE1; CDH5; PECAM1,HGNC:11724; HGNC:11809; HGNC:1764; HGNC:8823,https://en.wikipedia.org/wiki/Intercostal_arteries
blood-vasculature,1934,Left ninth posterior intercostal artery,http://purl.org/sig/ont/fma/fma4544,blood vessel endothelial cell,CL:0000071,TIE1,1,TEK; TIE1; CDH5; PECAM1,HGNC:11724; HGNC:11809; HGNC:1764; HGNC:8823,https://en.wikipedia.org/wiki/Intercostal_arteries
blood-vasculature,1442,inferior rectal artery,http://purl.obolibrary.org/obo/UBERON_0001357,blood vessel endothelial cell,CL:0000071,TIE1,1,TEK; TIE1; CDH5; PECAM1,HGNC:11724; HGNC:11809; HGNC:1764; HGNC:8823,https://en.wikipedia.org/wiki/Inferior_rectal_artery
blood-vasculature,1446,perineal artery,http://purl.obolibrary.org/obo/UBERON_0001358,blood vessel endothelial cell,CL:0000071,TIE1,1,TEK; TIE1; CDH5; PECAM1,HGNC:11724; HGNC:11809; HGNC:1764; HGNC:8823,https://en.wikipedia.org/wiki/Perineal_artery
blood-vasculature,1434,deep artery of clitoris,http://purl.obolibrary.org/obo/UBERON_0008322,blood vessel endothelial cell,CL:0000071,TIE1,1,TEK; TIE1; CDH5; PECAM1,HGNC:11724; HGNC:11809; HGNC:1764; HGNC:8823,https://en.wikipedia.org/wiki/Internal_pudendal_artery
blood-vasculature,1438,dorsal artery of clitoris,http://purl.obolibrary.org/obo/UBERON_0008323,blood vessel endothelial cell,CL:0000071,TIE1,1,TEK; TIE1; CDH5; PECAM1,HGNC:11724; HGNC:11809; HGNC:1764; HGNC:8823,https://en.wikipedia.org/wiki/Internal_pudendal_artery
blood-vasculature,1462,vestibular bulb artery,http://purl.obolibrary.org/obo/UBERON_0034727,blood vessel endothelial cell,CL:0000071,TIE1,1,TEK; TIE1; CDH5; PECAM1,HGNC:11724; HGNC:11809; HGNC:1764; HGNC:8823,https://en.wikipedia.org/wiki/Artery_of_bulb_of_vestibule
blood-vasculature,1466,Middle rectal artery,http://purl.org/sig/ont/fma/fma18826,blood vessel endothelial cell,CL:0000071,TIE1,1,TEK; TIE1; CDH5; PECAM1,HGNC:11724; HGNC:11809; HGNC:1764; HGNC:8823,https://en.wikipedia.org/wiki/Internal_iliac_artery
blood-vasculature,1450,Transverse part of perineal artery,http://purl.org/sig/ont/fma/fma20840,blood vessel endothelial cell,CL:0000071,TIE1,1,TEK; TIE1; CDH5; PECAM1,HGNC:11724; HGNC:11809; HGNC:1764; HGNC:8823,https://en.wikipedia.org/wiki/Perineal_artery
blood-vasculature,1458,Posterior scrotal artery,http://purl.org/sig/ont/fma/fma20853,blood vessel endothelial cell,CL:0000071,TIE1,1,TEK; TIE1; CDH5; PECAM1,HGNC:11724; HGNC:11809; HGNC:1764; HGNC:8823,https://en.wikipedia.org/wiki/Posterior_scrotal_arteries
blood-vasculature,1454,Posterior labial artery,http://purl.org/sig/ont/fma/fma20886,blood vessel endothelial cell,CL:0000071,TIE1,1,TEK; TIE1; CDH5; PECAM1,HGNC:11724; HGNC:11809; HGNC:1764; HGNC:8823,https://en.wikipedia.org/wiki/Posterior_labial_arteries
blood-vasculature,145,inferior labial gland arteriole,https://purl.org/ccf/ASCTB-TEMP_inferior-labial-gland-arteriole,blood vessel endothelial cell,CL:0000071,TIE1,1,TEK; TIE1; CDH5; PECAM1,HGNC:11724; HGNC:11809; HGNC:1764; HGNC:8823,https://en.wikipedia.org/wiki/Inferior_labial_artery
blood-vasculature,731,descending aorta,http://purl.obolibrary.org/obo/UBERON_0001514,blood vessel endothelial cell,CL:0000071,TIE1,1,TEK; TIE1; CDH5; PECAM1,HGNC:11724; HGNC:11809; HGNC:1764; HGNC:8823,https://en.wikipedia.org/wiki/Descending_aorta
blood-vasculature,739,abdominal aorta,http://purl.obolibrary.org/obo/UBERON_0001516,blood vessel endothelial cell,CL:0000071,TIE1,1,TEK; TIE1; CDH5; PECAM1,HGNC:11724; HGNC:11809; HGNC:1764; HGNC:8823,https://en.wikipedia.org/wiki/Abdominal_aorta
blood-vasculature,743,celiac artery,http://purl.obolibrary.org/obo/UBERON_0001640,blood vessel endothelial cell,CL:0000071,TIE1,1,TEK; TIE1; CDH5; PECAM1,HGNC:11724; HGNC:11809; HGNC:1764; HGNC:8823,https://en.wikipedia.org/wiki/Celiac_artery
blood-vasculature,763,superior pancreaticoduodenal artery,http://purl.obolibrary.org/obo/UBERON_0002070,blood vessel endothelial cell,CL:0000071,TIE1,1,TEK; TIE1; CDH5; PECAM1,HGNC:11724; HGNC:11809; HGNC:1764; HGNC:8823,https://en.wikipedia.org/wiki/Superior_pancreaticoduodenal_artery
blood-vasculature,735,descending thoracic aorta,http://purl.obolibrary.org/obo/UBERON_0002345,blood vessel endothelial cell,CL:0000071,TIE1,1,TEK; TIE1; CDH5; PECAM1,HGNC:11724; HGNC:11809; HGNC:1764; HGNC:8823,https://en.wikipedia.org/wiki/Descending_thoracic_aorta
blood-vasculature,747,common hepatic artery,http://purl.obolibrary.org/obo/UBERON_0005436,blood vessel endothelial cell,CL:0000071,TIE1,1,TEK; TIE1; CDH5; PECAM1,HGNC:11724; HGNC:11809; HGNC:1764; HGNC:8823,https://en.wikipedia.org/wiki/Common_hepatic_artery
blood-vasculature,751,gastroduodenal artery,http://purl.obolibrary.org/obo/UBERON_0010132,blood vessel endothelial cell,CL:0000071,TIE1,1,TEK; TIE1; CDH5; PECAM1,HGNC:11724; HGNC:11809; HGNC:1764; HGNC:8823,https://en.wikipedia.org/wiki/Gastroduodenal_artery
blood-vasculature,759,right gastroepiploic artery,http://purl.obolibrary.org/obo/UBERON_0035829,blood vessel endothelial cell,CL:0000071,TIE1,1,TEK; TIE1; CDH5; PECAM1,HGNC:11724; HGNC:11809; HGNC:1764; HGNC:8823,https://en.wikipedia.org/wiki/Right_gastroepiploic_artery
blood-vasculature,755,Retroduodenal artery,http://purl.org/sig/ont/fma/fma61437,blood vessel endothelial cell,CL:0000071,TIE1,1,TEK; TIE1; CDH5; PECAM1,HGNC:11724; HGNC:11809; HGNC:1764; HGNC:8823,https://en.wikipedia.org/wiki/Gastroduodenal_artery
blood-vasculature,73,jugular branch of ascending pharyngeal artery,https://purl.org/ccf/ASCTB-TEMP_jugular-branch-of-ascending-pharyngeal-artery,blood vessel endothelial cell,CL:0000071,TIE1,1,TEK; TIE1; CDH5; PECAM1,HGNC:11724; HGNC:11809; HGNC:1764; HGNC:8823,https://en.wikipedia.org/wiki/Ascending_pharyngeal_artery
blood-vasculature,729,secondary capillary plexus of anterior pituitary gland,https://purl.org/ccf/ASCTB-TEMP_secondary-capillary-plexus-of-anterior-pituitary-gland,blood vessel endothelial cell,CL:0000071,TIE1,1,TEK; TIE1; CDH5; PECAM1,HGNC:11724; HGNC:11809; HGNC:1764; HGNC:8823,https://basicmedicalkey.com/endocrine-system-3/
blood-vasculature,2138,Palmar carpal branch of radial artery,http://purl.org/sig/ont/fma/fma22750,blood vessel endothelial cell,CL:0000071,TIE1,1,TEK; TIE1; CDH5; PECAM1,HGNC:11724; HGNC:11809; HGNC:1764; HGNC:8823,https://en.wikipedia.org/wiki/Palmar_carpal_branch_of_radial_artery
blood-vasculature,2126,First dorsal metacarpal artery,http://purl.org/sig/ont/fma/fma22761,blood vessel endothelial cell,CL:0000071,TIE1,1,TEK; TIE1; CDH5; PECAM1,HGNC:11724; HGNC:11809; HGNC:1764; HGNC:8823,https://www.hand.theclinics.com/article/S0749-0712(19)30087-3/fulltext#secsectitle0035
blood-vasculature,2146,Set of princeps pollicis artery,http://purl.org/sig/ont/fma/fma71534,blood vessel endothelial cell,CL:0000071,TIE1,1,TEK; TIE1; CDH5; PECAM1,HGNC:11724; HGNC:11809; HGNC:1764; HGNC:8823,https://en.wikipedia.org/wiki/Princeps_pollicis_artery
blood-vasculature,2130,dorsal digital artery of first digit of hand,https://purl.org/ccf/ASCTB-TEMP_dorsal-digital-artery-of-first-digit-of-hand,blood vessel endothelial cell,CL:0000071,TIE1,1,TEK; TIE1; CDH5; PECAM1,HGNC:11724; HGNC:11809; HGNC:1764; HGNC:8823,https://www.hand.theclinics.com/article/S0749-0712(19)30087-3/fulltext#secsectitle0035
blood-vasculature,2118,lateral dorsal digital artery of fourth digit of hand,https://purl.org/ccf/ASCTB-TEMP_lateral-dorsal-digital-artery-of-fourth-digit-of-hand,blood vessel endothelial cell,CL:0000071,TIE1,1,TEK; TIE1; CDH5; PECAM1,HGNC:11724; HGNC:11809; HGNC:1764; HGNC:8823,https://www.hand.theclinics.com/article/S0749-0712(19)30087-3/fulltext#secsectitle0035
blood-vasculature,2134,lateral dorsal digital artery of second digit of hand,https://purl.org/ccf/ASCTB-TEMP_lateral-dorsal-digital-artery-of-second-digit-of-hand,blood vessel endothelial cell,CL:0000071,TIE1,1,TEK; TIE1; CDH5; PECAM1,HGNC:11724; HGNC:11809; HGNC:1764; HGNC:8823,https://www.hand.theclinics.com/article/S0749-0712(19)30087-3/fulltext#secsectitle0035
blood-vasculature,2150,lateral proper palmar digital artery of first digit of hand,https://purl.org/ccf/ASCTB-TEMP_lateral-proper-palmar-digital-artery-of-first-digit-of-hand,blood vessel endothelial cell,CL:0000071,TIE1,1,TEK; TIE1; CDH5; PECAM1,HGNC:11724; HGNC:11809; HGNC:1764; HGNC:8823,https://www.ncbi.nlm.nih.gov/books/NBK546657/
blood-vasculature,2122,medial dorsal digital artery of third digit of hand,https://purl.org/ccf/ASCTB-TEMP_medial-dorsal-digital-artery-of-third-digit-of-hand,blood vessel endothelial cell,CL:0000071,TIE1,1,TEK; TIE1; CDH5; PECAM1,HGNC:11724; HGNC:11809; HGNC:1764; HGNC:8823,https://www.hand.theclinics.com/article/S0749-0712(19)30087-3/fulltext#secsectitle0035
blood-vasculature,2142,palmar carpal arterial arch,https://purl.org/ccf/ASCTB-TEMP_palmar-carpal-arterial-arch,blood vessel endothelial cell,CL:0000071,TIE1,1,TEK; TIE1; CDH5; PECAM1,HGNC:11724; HGNC:11809; HGNC:1764; HGNC:8823,https://en.wikipedia.org/wiki/Palmar_carpal_arch
blood-vasculature,215,tongue capillary,https://purl.org/ccf/ASCTB-TEMP_tongue-capillary,blood vessel endothelial cell,CL:0000071,TIE1,1,TEK; TIE1; CDH5; PECAM1,HGNC:11724; HGNC:11809; HGNC:1764; HGNC:8823,https://en.wikipedia.org/wiki/Lingual_artery
blood-vasculature,177,lingual artery,http://purl.obolibrary.org/obo/UBERON_0001610,blood vessel endothelial cell,CL:0000071,TIE1,1,TEK; TIE1; CDH5; PECAM1,HGNC:11724; HGNC:11809; HGNC:1764; HGNC:8823,https://en.wikipedia.org/wiki/Lingual_artery
blood-vasculature,1760,right common iliac artery,http://purl.obolibrary.org/obo/UBERON_0035322,blood vessel endothelial cell,CL:0000071,TIE1,1,TEK; TIE1; CDH5; PECAM1,HGNC:11724; HGNC:11809; HGNC:1764; HGNC:8823,https://en.wikipedia.org/wiki/Abdominal_aorta
blood-vasculature,1768,Right first lumbar artery,http://purl.org/sig/ont/fma/fma14738,blood vessel endothelial cell,CL:0000071,TIE1,1,TEK; TIE1; CDH5; PECAM1,HGNC:11724; HGNC:11809; HGNC:1764; HGNC:8823,https://en.wikipedia.org/wiki/Lumbar_arteries
blood-vasculature,1772,Right second lumbar artery,http://purl.org/sig/ont/fma/fma14739,blood vessel endothelial cell,CL:0000071,TIE1,1,TEK; TIE1; CDH5; PECAM1,HGNC:11724; HGNC:11809; HGNC:1764; HGNC:8823,https://en.wikipedia.org/wiki/Lumbar_arteries
blood-vasculature,1776,Right third lumbar artery,http://purl.org/sig/ont/fma/fma14740,blood vessel endothelial cell,CL:0000071,TIE1,1,TEK; TIE1; CDH5; PECAM1,HGNC:11724; HGNC:11809; HGNC:1764; HGNC:8823,https://en.wikipedia.org/wiki/Lumbar_arteries
blood-vasculature,1780,Right fourth lumbar artery,http://purl.org/sig/ont/fma/fma14741,blood vessel endothelial cell,CL:0000071,TIE1,1,TEK; TIE1; CDH5; PECAM1,HGNC:11724; HGNC:11809; HGNC:1764; HGNC:8823,https://en.wikipedia.org/wiki/Lumbar_arteries
blood-vasculature,1764,Right inferior phrenic artery,http://purl.org/sig/ont/fma/fma14746,blood vessel endothelial cell,CL:0000071,TIE1,1,TEK; TIE1; CDH5; PECAM1,HGNC:11724; HGNC:11809; HGNC:1764; HGNC:8823,https://en.wikipedia.org/wiki/Inferior_phrenic_arteries
blood-vasculature,1788,Right middle suprarenal artery,http://purl.org/sig/ont/fma/fma14755,blood vessel endothelial cell,CL:0000071,TIE1,1,TEK; TIE1; CDH5; PECAM1,HGNC:11724; HGNC:11809; HGNC:1764; HGNC:8823,https://en.wikipedia.org/wiki/Middle_suprarenal_arteries
blood-vasculature,1792,Right ovarian artery,http://purl.org/sig/ont/fma/fma14762,blood vessel endothelial cell,CL:0000071,TIE1,1,TEK; TIE1; CDH5; PECAM1,HGNC:11724; HGNC:11809; HGNC:1764; HGNC:8823,https://en.wikipedia.org/wiki/Ovarian_artery
blood-vasculature,1784,Right fifth lumbar artery,http://purl.org/sig/ont/fma/fma14902,blood vessel endothelial cell,CL:0000071,TIE1,1,TEK; TIE1; CDH5; PECAM1,HGNC:11724; HGNC:11809; HGNC:1764; HGNC:8823,https://en.wikipedia.org/wiki/Lumbar_arteries
blood-vasculature,1232,posterior tibial artery,http://purl.obolibrary.org/obo/UBERON_0001538,blood vessel endothelial cell,CL:0000071,TIE1,1,TEK; TIE1; CDH5; PECAM1,HGNC:11724; HGNC:11809; HGNC:1764; HGNC:8823,https://en.wikipedia.org/wiki/Tibial-fibular_trunk
blood-vasculature,1216,peroneal artery,http://purl.obolibrary.org/obo/UBERON_0001540,blood vessel endothelial cell,CL:0000071,TIE1,1,TEK; TIE1; CDH5; PECAM1,HGNC:11724; HGNC:11809; HGNC:1764; HGNC:8823,https://en.wikipedia.org/wiki/Fibular_artery
blood-vasculature,1236,Circumflex fibular artery,http://purl.org/sig/ont/fma/fma43918,blood vessel endothelial cell,CL:0000071,TIE1,1,TEK; TIE1; PECAM1; CDH5,HGNC:11724; HGNC:11809; HGNC:8823; HGNC:1764,https://en.wikipedia.org/wiki/Circumflex_fibular_artery
blood-vasculature,1240,Lateral plantar artery,http://purl.org/sig/ont/fma/fma43926,blood vessel endothelial cell,CL:0000071,TIE1,1,TEK; TIE1; PECAM1; CDH5,HGNC:11724; HGNC:11809; HGNC:8823; HGNC:1764,https://en.wikipedia.org/wiki/Lateral_plantar_artery
blood-vasculature,1244,Plantar arch,http://purl.org/sig/ont/fma/fma43942,blood vessel endothelial cell,CL:0000071,TIE1,1,TEK; TIE1; PECAM1; CDH5,HGNC:11724; HGNC:11809; HGNC:8823; HGNC:1764,https://en.wikipedia.org/wiki/Plantar_arch
blood-vasculature,1248,First plantar metatarsal artery,http://purl.org/sig/ont/fma/fma43959,blood vessel endothelial cell,CL:0000071,TIE1,1,TEK; TIE1; PECAM1; CDH5,HGNC:11724; HGNC:11809; HGNC:8823; HGNC:1764,https://radiopaedia.org/articles/arterial-supply-to-the-foot
blood-vasculature,1228,Perforating branch of fibular artery,http://purl.org/sig/ont/fma/fma44033,blood vessel endothelial cell,CL:0000071,TIE1,1,TEK; TIE1; PECAM1; CDH5,HGNC:11724; HGNC:11809; HGNC:8823; HGNC:1764,https://en.wikipedia.org/wiki/Fibular_artery
blood-vasculature,1224,Communicating branch of fibular artery,http://purl.org/sig/ont/fma/fma44034,blood vessel endothelial cell,CL:0000071,TIE1,1,TEK; TIE1; PECAM1; CDH5,HGNC:11724; HGNC:11809; HGNC:8823; HGNC:1764,https://en.wikipedia.org/wiki/Fibular_artery
blood-vasculature,1220,Calcaneal branch of fibular artery,http://purl.org/sig/ont/fma/fma44630,blood vessel endothelial cell,CL:0000071,TIE1,1,TEK; TIE1; PECAM1; CDH5,HGNC:11724; HGNC:11809; HGNC:8823; HGNC:1764,https://en.wikipedia.org/wiki/Fibular_artery
blood-vasculature,125,palatine tonsil arteriole,https://purl.org/ccf/ASCTB-TEMP_palatine-tonsil-arteriole,blood vessel endothelial cell,CL:0000071,TIE1,1,TEK; TIE1; PECAM1; CDH5,HGNC:11724; HGNC:11809; HGNC:8823; HGNC:1764,https://en.wikipedia.org/wiki/Ascending_palatine_artery
blood-vasculature,81,posterior meningeal artery,http://purl.obolibrary.org/obo/UBERON_0010249,blood vessel endothelial cell,CL:0000071,TIE1,1,TEK; TIE1; CDH5; PECAM1,HGNC:11724; HGNC:11809; HGNC:1764; HGNC:8823,http://neuroangio.org/anatomy-and-variants/posterior-meningeal-artery/
blood-vasculature,811,Medial superior segmental hepatic artery,http://purl.org/sig/ont/fma/fma70449,blood vessel endothelial cell,CL:0000071,TIE1,1,TEK; TIE1; CDH5; PECAM1,HGNC:11724; HGNC:11809; HGNC:1764; HGNC:8823,https://doi.org/10.1007/s12565-018-00475-x
blood-vasculature,807,Medial inferior segmental hepatic artery,http://purl.org/sig/ont/fma/fma70450,blood vessel endothelial cell,CL:0000071,TIE1,1,TEK; TIE1; CDH5; PECAM1,HGNC:11724; HGNC:11809; HGNC:1764; HGNC:8823,https://doi.org/10.1007/s12565-018-00475-x
blood-vasculature,803,left medial hepatic artery,https://purl.org/ccf/ASCTB-TEMP_left-medial-hepatic-artery,blood vessel endothelial cell,CL:0000071,TIE1,1,TEK; TIE1; CDH5; PECAM1,HGNC:11724; HGNC:11809; HGNC:1764; HGNC:8823,https://doi.org/10.1007/s12565-018-00475-x
blood-vasculature,815,segmental hepatic artery,https://purl.org/ccf/ASCTB-TEMP_segmental-hepatic-artery,blood vessel endothelial cell,CL:0000071,TIE1,1,TEK; TIE1; CDH5; PECAM1,HGNC:11724; HGNC:11809; HGNC:1764; HGNC:8823,https://doi.org/10.1007/s12565-018-00475-x
blood-vasculature,2970,Anterior superior pancreaticoduodenal vein,http://purl.org/sig/ont/fma/fma0329297,blood vessel endothelial cell,CL:0000071,TIE1,1,TEK; TIE1; CDH5; PECAM1,HGNC:11724; HGNC:11809; HGNC:1764; HGNC:8823,https://radiopaedia.org/articles/pancreaticoduodenal-veins
blood-vasculature,2998,Right portal vein,http://purl.org/sig/ont/fma/fma15414,blood vessel endothelial cell,CL:0000071,TIE1,1,TEK; TIE1; CDH5; PECAM1,HGNC:11724; HGNC:11809; HGNC:1764; HGNC:8823,https://doi.org/10.1007/s12565-018-00475-x
blood-vasculature,3006,Right portal vein,http://purl.org/sig/ont/fma/fma15414,blood vessel endothelial cell,CL:0000071,TIE1,1,TEK; TIE1; CDH5; PECAM1,HGNC:11724; HGNC:11809; HGNC:1764; HGNC:8823,https://doi.org/10.1007/s12565-018-00475-x
blood-vasculature,2982,Left portal vein,http://purl.org/sig/ont/fma/fma15415,blood vessel endothelial cell,CL:0000071,TIE1,1,TEK; TIE1; CDH5; PECAM1,HGNC:11724; HGNC:11809; HGNC:1764; HGNC:8823,https://doi.org/10.1007/s12565-018-00475-x
blood-vasculature,2988,Left portal vein,http://purl.org/sig/ont/fma/fma15415,blood vessel endothelial cell,CL:0000071,TIE1,1,TEK; TIE1; CDH5; PECAM1,HGNC:11724; HGNC:11809; HGNC:1764; HGNC:8823,https://doi.org/10.1007/s12565-018-00475-x
blood-vasculature,3000,Posterior superior segmental branch of right portal vein,http://purl.org/sig/ont/fma/fma15423,blood vessel endothelial cell,CL:0000071,TIE1,1,TEK; TIE1; CDH5; PECAM1,HGNC:11724; HGNC:11809; HGNC:1764; HGNC:8823,https://doi.org/10.1007/s12565-018-00475-x
blood-vasculature,2994,Posterior inferior segmental branch of right portal vein,http://purl.org/sig/ont/fma/fma15424,blood vessel endothelial cell,CL:0000071,TIE1,1,TEK; TIE1; CDH5; PECAM1,HGNC:11724; HGNC:11809; HGNC:1764; HGNC:8823,https://doi.org/10.1007/s12565-018-00475-x
blood-vasculature,2980,Caudate lobe branch of left portal vein,http://purl.org/sig/ont/fma/fma15425,blood vessel endothelial cell,CL:0000071,TIE1,1,TEK; TIE1; CDH5; PECAM1,HGNC:11724; HGNC:11809; HGNC:1764; HGNC:8823,https://doi.org/10.1007/s12565-018-00475-x
blood-vasculature,2990,Medial superior segmental branch of left portal vein,http://purl.org/sig/ont/fma/fma15428,blood vessel endothelial cell,CL:0000071,TIE1,1,TEK; TIE1; CDH5; PECAM1,HGNC:11724; HGNC:11809; HGNC:1764; HGNC:8823,https://doi.org/10.1007/s12565-018-00475-x
blood-vasculature,2984,Medial inferior segmental branch of left portal vein,http://purl.org/sig/ont/fma/fma15429,blood vessel endothelial cell,CL:0000071,TIE1,1,TEK; TIE1; CDH5; PECAM1,HGNC:11724; HGNC:11809; HGNC:1764; HGNC:8823,https://doi.org/10.1007/s12565-018-00475-x
blood-vasculature,2976,Lateral superior segmental branch of left portal vein,http://purl.org/sig/ont/fma/fma15431,blood vessel endothelial cell,CL:0000071,TIE1,1,TEK; TIE1; CDH5; PECAM1,HGNC:11724; HGNC:11809; HGNC:1764; HGNC:8823,https://doi.org/10.1007/s12565-018-00475-x
blood-vasculature,3004,Caudate lobe branch of right portal vein,http://purl.org/sig/ont/fma/fma82706,blood vessel endothelial cell,CL:0000071,TIE1,1,TEK; TIE1; CDH5; PECAM1,HGNC:11724; HGNC:11809; HGNC:1764; HGNC:8823,https://doi.org/10.1007/s12565-018-00475-x
blood-vasculature,2978,left lateral hepatic portal vein #2,https://purl.org/ccf/ASCTB-TEMP_left-lateral-hepatic-portal-vein-2,blood vessel endothelial cell,CL:0000071,TIE1,1,TEK; TIE1; CDH5; PECAM1,HGNC:11724; HGNC:11809; HGNC:1764; HGNC:8823,https://doi.org/10.1007/s12565-018-00475-x
blood-vasculature,2968,Right gastroepiploic vein,http://purl.org/sig/ont/fma/fma15397,blood vessel endothelial cell,CL:0000071,TIE1,1,PECAM1; TEK; TIE1; CDH5,HGNC:8823; HGNC:11724; HGNC:11809; HGNC:1764,https://en.wikipedia.org/wiki/Right_gastroepiploic_vein
blood-vasculature,1116,Lateral part of dorsal digital artery of fourth toe,http://purl.org/sig/ont/fma/fma69610,blood vessel endothelial cell,CL:0000071,TIE1,1,TIE1; CDH5; PECAM1; TEK,HGNC:11809; HGNC:1764; HGNC:8823; HGNC:11724,https://www.ncbi.nlm.nih.gov/books/NBK560912/
blood-vasculature,109,Tonsillar branch of ascending pharyngeal artery,http://purl.org/sig/ont/fma/fma79211,blood vessel endothelial cell,CL:0000071,TIE1,1,TIE1; CDH5; PECAM1; TEK,HGNC:11809; HGNC:1764; HGNC:8823; HGNC:11724,https://en.wikipedia.org/wiki/Ascending_pharyngeal_artery
blood-vasculature,1112,Lateral part of dorsal digital artery of fifth toe,http://purl.org/sig/ont/fma/fma69613,blood vessel endothelial cell,CL:0000071,TIE1,1,TIE1; CDH5; PECAM1; TEK,HGNC:11809; HGNC:1764; HGNC:8823; HGNC:11724,https://www.ncbi.nlm.nih.gov/books/NBK560912/
blood-vasculature,1088,lateral supramalleolar artery,https://purl.org/ccf/ASCTB-TEMP_lateral-supramalleolar-artery,blood vessel endothelial cell,CL:0000071,TIE1,1,TIE1; CDH5; PECAM1; TEK,HGNC:11809; HGNC:1764; HGNC:8823; HGNC:11724,https://doi.org/10.15562/bmj.v9i2.1812
blood-vasculature,1100,dorsalis pedis artery,http://purl.obolibrary.org/obo/UBERON_0001539,blood vessel endothelial cell,CL:0000071,TIE1,1,CDH5; PECAM1; TEK; TIE1,HGNC:1764; HGNC:8823; HGNC:11724; HGNC:11809,https://en.wikipedia.org/wiki/Dorsalis_pedis_artery
blood-vasculature,1104,arcuate artery of foot,http://purl.obolibrary.org/obo/UBERON_0034927,blood vessel endothelial cell,CL:0000071,TIE1,1,CDH5; PECAM1; TEK; TIE1,HGNC:1764; HGNC:8823; HGNC:11724; HGNC:11809,https://en.wikipedia.org/wiki/Arcuate_artery_of_the_foot
blood-vasculature,1108,Fourth dorsal metatarsal artery,http://purl.org/sig/ont/fma/fma44650,blood vessel endothelial cell,CL:0000071,TIE1,1,CDH5; PECAM1; TEK; TIE1,HGNC:1764; HGNC:8823; HGNC:11724; HGNC:11809,https://en.wikipedia.org/wiki/Dorsal_metatarsal_arteries
blood-vasculature,1096,Anterior tibial recurrent artery,http://purl.org/sig/ont/fma/fma43902,blood vessel endothelial cell,CL:0000071,TIE1,1,CDH5; PECAM1; TEK; TIE1,HGNC:1764; HGNC:8823; HGNC:11724; HGNC:11809,https://en.wikipedia.org/wiki/Anterior_tibial_recurrent_artery
blood-vasculature,1084,Anterior lateral malleolar artery,http://purl.org/sig/ont/fma/fma43904,blood vessel endothelial cell,CL:0000071,TIE1,1,CDH5; PECAM1; TEK; TIE1,HGNC:1764; HGNC:8823; HGNC:11724; HGNC:11809,https://en.wikipedia.org/wiki/Anterior_lateral_malleolar_artery
blood-vasculature,1092,Anterior medial malleolar artery,http://purl.org/sig/ont/fma/fma43905,blood vessel endothelial cell,CL:0000071,TIE1,1,CDH5; PECAM1; TEK; TIE1,HGNC:1764; HGNC:8823; HGNC:11724; HGNC:11809,https://en.wikipedia.org/wiki/Anterior_medial_malleolar_artery
blood-vasculature,3090,right testicular vein,http://purl.obolibrary.org/obo/UBERON_0000442,blood vessel endothelial cell,CL:0000071,TIE1,1,TEK; TIE1; CDH5; PECAM1,HGNC:11724; HGNC:11809; HGNC:1764; HGNC:8823,https://en.wikipedia.org/wiki/Testicular_vein
blood-vasculature,3086,right renal vein,http://purl.obolibrary.org/obo/UBERON_0001141,blood vessel endothelial cell,CL:0000071,TIE1,1,TEK; TIE1; CDH5; PECAM1,HGNC:11724; HGNC:11809; HGNC:1764; HGNC:8823,https://en.wikipedia.org/wiki/Renal_vein
blood-vasculature,3092,pampiniform plexus,http://purl.obolibrary.org/obo/UBERON_0001330,blood vessel endothelial cell,CL:0000071,TIE1,1,TEK; TIE1; CDH5; PECAM1,HGNC:11724; HGNC:11809; HGNC:1764; HGNC:8823,https://en.wikipedia.org/wiki/Pampiniform_plexus
blood-vasculature,3098,anterior vena cava,http://purl.obolibrary.org/obo/UBERON_0001585,blood vessel endothelial cell,CL:0000071,TIE1,1,TEK; TIE1; CDH5; PECAM1,HGNC:11724; HGNC:11809; HGNC:1764; HGNC:8823,https://en.wikipedia.org/wiki/Superior_vena_cava
blood-vasculature,3100,azygos vein,http://purl.obolibrary.org/obo/UBERON_0001594,blood vessel endothelial cell,CL:0000071,TIE1,1,TEK; TIE1; CDH5; PECAM1,HGNC:11724; HGNC:11809; HGNC:1764; HGNC:8823,https://en.wikipedia.org/wiki/Azygos_vein
blood-vasculature,309,mental artery,http://purl.obolibrary.org/obo/UBERON_0001617,blood vessel endothelial cell,CL:0000071,TIE1,1,TEK; TIE1; CDH5; PECAM1,HGNC:11724; HGNC:11809; HGNC:1764; HGNC:8823,https://en.wikipedia.org/wiki/Inferior_alveolar_artery
blood-vasculature,3062,kidney arcuate vein,http://purl.obolibrary.org/obo/UBERON_0004719,blood vessel endothelial cell,CL:0000071,TIE1,1,TEK; TIE1; CDH5; PECAM1,HGNC:11724; HGNC:11809; HGNC:1764; HGNC:8823,https://en.wikipedia.org/wiki/Arcuate_vein
blood-vasculature,3064,renal interlobular vein,http://purl.obolibrary.org/obo/UBERON_0005168,blood vessel endothelial cell,CL:0000071,TIE1,1,TEK; TIE1; CDH5; PECAM1,HGNC:11724; HGNC:11809; HGNC:1764; HGNC:8823,https://en.wikipedia.org/wiki/Interlobular_veins
blood-vasculature,3060,interlobar vein,http://purl.obolibrary.org/obo/UBERON_0009887,blood vessel endothelial cell,CL:0000071,TIE1,1,TEK; TIE1; CDH5; PECAM1,HGNC:11724; HGNC:11809; HGNC:1764; HGNC:8823,https://en.wikipedia.org/wiki/Interlobar_veins
blood-vasculature,3102,accessory hemiazygos vein,http://purl.obolibrary.org/obo/UBERON_0006665,blood vessel endothelial cell,CL:0000071,TIE1,1,TEK; TIE1; CDH5; PECAM1,HGNC:11724; HGNC:11809; HGNC:1764; HGNC:8823,https://en.wikipedia.org/wiki/Accessory_hemiazygos_vein
blood-vasculature,3070,ascending vasa recta,http://purl.obolibrary.org/obo/UBERON_0009091,blood vessel endothelial cell,CL:0000071,TIE1,1,TEK; TIE1; CDH5; PECAM1,HGNC:11724; HGNC:11809; HGNC:1764; HGNC:8823,https://doi.org/10.1152/ajprenal.00071.2010
blood-vasculature,3068,straight venules of kidney,http://purl.obolibrary.org/obo/UBERON_0010181,blood vessel endothelial cell,CL:0000071,TIE1,1,TEK; TIE1; CDH5; PECAM1,HGNC:11724; HGNC:11809; HGNC:1764; HGNC:8823,https://en.wikipedia.org/wiki/Arcuate_vein
blood-vasculature,3074,right hepatic vein,http://purl.obolibrary.org/obo/UBERON_0011956,blood vessel endothelial cell,CL:0000071,TIE1,1,TEK; TIE1; CDH5; PECAM1,HGNC:11724; HGNC:11809; HGNC:1764; HGNC:8823,https://doi.org/10.1007/s12565-018-00475-x
blood-vasculature,3088,right suprarenal vein,http://purl.obolibrary.org/obo/UBERON_0035435,blood vessel endothelial cell,CL:0000071,TIE1,1,TEK; TIE1; CDH5; PECAM1,HGNC:11724; HGNC:11809; HGNC:1764; HGNC:8823,https://en.wikipedia.org/wiki/Suprarenal_veins
blood-vasculature,3084,Right ovarian vein,http://purl.org/sig/ont/fma/fma14342,blood vessel endothelial cell,CL:0000071,TIE1,1,TEK; TIE1; CDH5; PECAM1,HGNC:11724; HGNC:11809; HGNC:1764; HGNC:8823,https://en.wikipedia.org/wiki/Ovarian_vein
blood-vasculature,3072,Right common iliac vein,http://purl.org/sig/ont/fma/fma21387,blood vessel endothelial cell,CL:0000071,TIE1,1,TEK; TIE1; CDH5; PECAM1,HGNC:11724; HGNC:11809; HGNC:1764; HGNC:8823,https://en.wikipedia.org/wiki/Common_iliac_vein
blood-vasculature,3080,Posterior superior segmental tributary of right hepatic vein,http://purl.org/sig/ont/fma/fma15796,blood vessel endothelial cell,CL:0000071,TIE1,1,TEK; TIE1; CDH5; PECAM1,HGNC:11724; HGNC:11809; HGNC:1764; HGNC:8823,https://doi.org/10.1007/s12565-018-00475-x
blood-vasculature,3078,Posterior inferior segmental tributary of right hepatic vein,http://purl.org/sig/ont/fma/fma15797,blood vessel endothelial cell,CL:0000071,TIE1,1,TEK; TIE1; CDH5; PECAM1,HGNC:11724; HGNC:11809; HGNC:1764; HGNC:8823,https://doi.org/10.1007/s12565-018-00475-x
blood-vasculature,3076,Anterior superior segmental tributary of right hepatic vein,http://purl.org/sig/ont/fma/fma15798,blood vessel endothelial cell,CL:0000071,TIE1,1,TEK; TIE1; CDH5; PECAM1,HGNC:11724; HGNC:11809; HGNC:1764; HGNC:8823,https://doi.org/10.1007/s12565-018-00475-x
blood-vasculature,3096,Smallest cardiac vein,http://purl.org/sig/ont/fma/fma223888,blood vessel endothelial cell,CL:0000071,TIE1,1,TEK; TIE1; CDH5; PECAM1,HGNC:11724; HGNC:11809; HGNC:1764; HGNC:8823,https://en.wikipedia.org/wiki/Smallest_cardiac_veins
blood-vasculature,3066,Stellate vein of kidney,http://purl.org/sig/ont/fma/fma321526,blood vessel endothelial cell,CL:0000071,TIE1,1,TEK; TIE1; CDH5; PECAM1,HGNC:11724; HGNC:11809; HGNC:1764; HGNC:8823,https://en.wikipedia.org/wiki/Stellate_veins
blood-vasculature,3082,Right inferior phrenic vein,http://purl.org/sig/ont/fma/fma68069,blood vessel endothelial cell,CL:0000071,TIE1,1,TEK; TIE1; CDH5; PECAM1,HGNC:11724; HGNC:11809; HGNC:1764; HGNC:8823,https://en.wikipedia.org/wiki/Inferior_phrenic_vein
blood-vasculature,307,mandibular pulp capillary,https://purl.org/ccf/ASCTB-TEMP_mandibular-pulp-capillary,blood vessel endothelial cell,CL:0000071,TIE1,1,TEK; TIE1; CDH5; PECAM1,HGNC:11724; HGNC:11809; HGNC:1764; HGNC:8823,https://en.wikipedia.org/wiki/Inferior_alveolar_artery
blood-vasculature,3094,vein of ductus deferens,https://purl.org/ccf/ASCTB-TEMP_vein-of-ductus-deferens,blood vessel endothelial cell,CL:0000071,TIE1,1,TEK; TIE1; CDH5; PECAM1,HGNC:11724; HGNC:11809; HGNC:1764; HGNC:8823,https://www.kenhub.com/en/library/anatomy/vas-deferens
blood-vasculature,1036,Ascending branch of medial circumflex femoral artery,http://purl.org/sig/ont/fma/fma20811,blood vessel endothelial cell,CL:0000071,TIE1,1,TEK; TIE1; CDH5; PECAM1,HGNC:11724; HGNC:11809; HGNC:1764; HGNC:8823,https://en.wikipedia.org/wiki/Ascending_branch_of_medial_circumflex_femoral_artery
blood-vasculature,1040,Descending branch of medial circumflex femoral artery,http://purl.org/sig/ont/fma/fma22420,blood vessel endothelial cell,CL:0000071,TIE1,1,TEK; TIE1; CDH5; PECAM1,HGNC:11724; HGNC:11809; HGNC:1764; HGNC:8823,https://en.wikipedia.org/wiki/Medial_circumflex_femoral_artery
blood-vasculature,1044,Perforating femoral artery,http://purl.org/sig/ont/fma/fma69460,blood vessel endothelial cell,CL:0000071,TIE1,1,TEK; TIE1; CDH5; PECAM1,HGNC:11724; HGNC:11809; HGNC:1764; HGNC:8823,https://en.wikipedia.org/wiki/Perforating_arteries
blood-vasculature,1288,Second plantar metatarsal artery,http://purl.org/sig/ont/fma/fma43960,blood vessel endothelial cell,CL:0000071,TIE1,1,TEK; TIE1; CDH5; PECAM1,HGNC:11724; HGNC:11809; HGNC:1764; HGNC:8823,https://radiopaedia.org/articles/arterial-supply-to-the-foot
blood-vasculature,1272,Fourth plantar metatarsal artery,http://purl.org/sig/ont/fma/fma43962,blood vessel endothelial cell,CL:0000071,TIE1,1,TEK; TIE1; CDH5; PECAM1,HGNC:11724; HGNC:11809; HGNC:1764; HGNC:8823,https://radiopaedia.org/articles/arterial-supply-to-the-foot
blood-vasculature,1252,first common plantar digital artery,https://purl.org/ccf/ASCTB-TEMP_first-common-plantar-digital-artery,blood vessel endothelial cell,CL:0000071,TIE1,1,TEK; TIE1; CDH5; PECAM1,HGNC:11724; HGNC:11809; HGNC:1764; HGNC:8823,https://radiopaedia.org/articles/arterial-supply-to-the-foot
blood-vasculature,1268,first posterior perforating branch of plantar arch,https://purl.org/ccf/ASCTB-TEMP_first-posterior-perforating-branch-of-plantar-arch,blood vessel endothelial cell,CL:0000071,TIE1,1,TEK; TIE1; CDH5; PECAM1,HGNC:11724; HGNC:11809; HGNC:1764; HGNC:8823,https://www.imaios.com/en/e-Anatomy/Anatomical-Parts/Perforating-branches3
blood-vasculature,1276,fourth common plantar digital artery,https://purl.org/ccf/ASCTB-TEMP_fourth-common-plantar-digital-artery,blood vessel endothelial cell,CL:0000071,TIE1,1,TEK; TIE1; CDH5; PECAM1,HGNC:11724; HGNC:11809; HGNC:1764; HGNC:8823,https://radiopaedia.org/articles/arterial-supply-to-the-foot
blood-vasculature,1256,lateral proper plantar digital artery of first digit of foot,https://purl.org/ccf/ASCTB-TEMP_lateral-proper-plantar-digital-artery-of-first-digit-of-foot,blood vessel endothelial cell,CL:0000071,TIE1,1,TEK; TIE1; CDH5; PECAM1,HGNC:11724; HGNC:11809; HGNC:1764; HGNC:8823,https://radiopaedia.org/articles/arterial-supply-to-the-foot
blood-vasculature,1280,lateral proper plantar digital artery of fourth digit of foot,https://purl.org/ccf/ASCTB-TEMP_lateral-proper-plantar-digital-artery-of-fourth-digit-of-foot,blood vessel endothelial cell,CL:0000071,TIE1,1,TEK; TIE1; CDH5; PECAM1,HGNC:11724; HGNC:11809; HGNC:1764; HGNC:8823,https://radiopaedia.org/articles/arterial-supply-to-the-foot
blood-vasculature,1284,medial proper plantar digital artery of fifth digit of foot,https://purl.org/ccf/ASCTB-TEMP_medial-proper-plantar-digital-artery-of-fifth-digit-of-foot,blood vessel endothelial cell,CL:0000071,TIE1,1,TEK; TIE1; CDH5; PECAM1,HGNC:11724; HGNC:11809; HGNC:1764; HGNC:8823,https://radiopaedia.org/articles/arterial-supply-to-the-foot
blood-vasculature,1264,medial proper plantar digital artery of first digit of foot,https://purl.org/ccf/ASCTB-TEMP_medial-proper-plantar-digital-artery-of-first-digit-of-foot,blood vessel endothelial cell,CL:0000071,TIE1,1,TEK; TIE1; CDH5; PECAM1,HGNC:11724; HGNC:11809; HGNC:1764; HGNC:8823,https://www.ncbi.nlm.nih.gov/books/NBK560912/
blood-vasculature,1260,medial proper plantar digital artery of second digit of foot,https://purl.org/ccf/ASCTB-TEMP_medial-proper-plantar-digital-artery-of-second-digit-of-foot,blood vessel endothelial cell,CL:0000071,TIE1,1,TEK; TIE1; CDH5; PECAM1,HGNC:11724; HGNC:11809; HGNC:1764; HGNC:8823,https://radiopaedia.org/articles/arterial-supply-to-the-foot
blood-vasculature,559,caroticotympanic artery,http://purl.obolibrary.org/obo/UBERON_0007693,blood vessel endothelial cell,CL:0000071,TIE1,1,TEK; TIE1; CDH5; PECAM1,HGNC:11724; HGNC:11809; HGNC:1764; HGNC:8823,https://en.wikipedia.org/wiki/Caroticotympanic_arteries
blood-vasculature,555,anterior choroidal artery,http://purl.obolibrary.org/obo/UBERON_0014696,blood vessel endothelial cell,CL:0000071,TIE1,1,TEK; TIE1; CDH5; PECAM1,HGNC:11724; HGNC:11809; HGNC:1764; HGNC:8823,https://en.wikipedia.org/wiki/Anterior_choroidal_artery
blood-vasculature,583,inferior hypophysial artery,http://purl.obolibrary.org/obo/UBERON_0035492,blood vessel endothelial cell,CL:0000071,TIE1,1,TEK; TIE1; CDH5; PECAM1,HGNC:11724; HGNC:11809; HGNC:1764; HGNC:8823,https://radiopaedia.org/articles/inferior-hypophyseal-artery
blood-vasculature,57,ascending pharyngeal artery,http://purl.obolibrary.org/obo/UBERON_8600078,blood vessel endothelial cell,CL:0000071,TIE1,1,TEK; TIE1; CDH5; PECAM1,HGNC:11724; HGNC:11809; HGNC:1764; HGNC:8823,https://en.wikipedia.org/wiki/Ascending_pharyngeal_artery
blood-vasculature,579,dural artery,http://purl.obolibrary.org/obo/UBERON_8600079,blood vessel endothelial cell,CL:0000071,TIE1,1,TEK; TIE1; CDH5; PECAM1,HGNC:11724; HGNC:11809; HGNC:1764; HGNC:8823,https://doi.org/10.1016/j.wneu.2018.12.071
blood-vasculature,563,Cavernous branch of internal carotid artery,http://purl.org/sig/ont/fma/fma49817,blood vessel endothelial cell,CL:0000071,TIE1,1,TEK; TIE1; CDH5; PECAM1,HGNC:11724; HGNC:11809; HGNC:1764; HGNC:8823,https://en.wikipedia.org/wiki/Internal_carotid_artery
blood-vasculature,571,dorsal meningeal artery,https://purl.org/ccf/ASCTB-TEMP_dorsal-meningeal-artery,blood vessel endothelial cell,CL:0000071,TIE1,1,TEK; TIE1; CDH5; PECAM1,HGNC:11724; HGNC:11809; HGNC:1764; HGNC:8823,https://en.wikipedia.org/wiki/Meningohypophyseal_artery
blood-vasculature,567,meningohypophyseal artery,https://purl.org/ccf/ASCTB-TEMP_meningohypophyseal-artery,blood vessel endothelial cell,CL:0000071,TIE1,1,TEK; TIE1; CDH5; PECAM1,HGNC:11724; HGNC:11809; HGNC:1764; HGNC:8823,https://en.wikipedia.org/wiki/Meningohypophyseal_artery
blood-vasculature,1430,dorsal artery of penis,http://purl.obolibrary.org/obo/UBERON_0001340,blood vessel endothelial cell,CL:0000071,TIE1,1,TEK; TIE1; CDH5; PECAM1,HGNC:11724; HGNC:11809; HGNC:1764; HGNC:8823,https://en.wikipedia.org/wiki/Penile_artery
blood-vasculature,141,artery of lower lip,http://purl.obolibrary.org/obo/UBERON_0003471,blood vessel endothelial cell,CL:0000071,TIE1,1,TEK; TIE1; CDH5; PECAM1,HGNC:11724; HGNC:11809; HGNC:1764; HGNC:8823,https://en.wikipedia.org/wiki/Inferior_labial_artery
blood-vasculature,1406,internal pudendal artery,http://purl.obolibrary.org/obo/UBERON_0007315,blood vessel endothelial cell,CL:0000071,TIE1,1,TEK; TIE1; CDH5; PECAM1,HGNC:11724; HGNC:11809; HGNC:1764; HGNC:8823,https://en.wikipedia.org/wiki/Internal_pudendal_artery
blood-vasculature,1410,common penile artery,http://purl.obolibrary.org/obo/UBERON_0008320,blood vessel endothelial cell,CL:0000071,TIE1,1,TEK; TIE1; CDH5; PECAM1,HGNC:11724; HGNC:11809; HGNC:1764; HGNC:8823,https://en.wikipedia.org/wiki/Penile_artery
blood-vasculature,1422,deep artery of penis,http://purl.obolibrary.org/obo/UBERON_0008321,blood vessel endothelial cell,CL:0000071,TIE1,1,TEK; TIE1; CDH5; PECAM1,HGNC:11724; HGNC:11809; HGNC:1764; HGNC:8823,https://en.wikipedia.org/wiki/Penile_artery
blood-vasculature,1426,helicine artery of penis,http://purl.obolibrary.org/obo/UBERON_0015174,blood vessel endothelial cell,CL:0000071,TIE1,1,TEK; TIE1; CDH5; PECAM1,HGNC:11724; HGNC:11809; HGNC:1764; HGNC:8823,https://en.wikipedia.org/wiki/Helicine_arteries_of_penis
blood-vasculature,1400,Capillary network of prostate,http://purl.org/sig/ont/fma/fma280966,blood vessel endothelial cell,CL:0000071,TIE1,1,TEK; TIE1; CDH5; PECAM1,HGNC:11724; HGNC:11809; HGNC:1764; HGNC:8823,https://radiopaedia.org/articles/inferior-vesical-artery
blood-vasculature,14,bronchial capillary #2,https://purl.org/ccf/ASCTB-TEMP_bronchial-capillary-2,blood vessel endothelial cell,CL:0000071,TIE1,1,TEK; TIE1; CDH5; PECAM1,HGNC:11724; HGNC:11809; HGNC:1764; HGNC:8823,https://en.wikipedia.org/wiki/Bronchial_artery
blood-vasculature,1414,bulbourethral artery,https://purl.org/ccf/ASCTB-TEMP_bulbourethral-artery,blood vessel endothelial cell,CL:0000071,TIE1,1,TEK; TIE1; CDH5; PECAM1,HGNC:11724; HGNC:11809; HGNC:1764; HGNC:8823,https://en.wikipedia.org/wiki/Penile_artery
blood-vasculature,1418,cavernosal artery,https://purl.org/ccf/ASCTB-TEMP_cavernosal-artery,blood vessel endothelial cell,CL:0000071,TIE1,1,TEK; TIE1; CDH5; PECAM1,HGNC:11724; HGNC:11809; HGNC:1764; HGNC:8823,https://en.wikipedia.org/wiki/Penile_artery
blood-vasculature,1402,seminal vesicle arterial branches of prostatic artery,https://purl.org/ccf/ASCTB-TEMP_seminal-vesicle-arterial-branches-of-prostatic-artery,blood vessel endothelial cell,CL:0000071,TIE1,1,TEK; TIE1; CDH5; PECAM1,HGNC:11724; HGNC:11809; HGNC:1764; HGNC:8823,https://doi.org/10.1148/rg.2019180195
blood-vasculature,3008,left renal vein,http://purl.obolibrary.org/obo/UBERON_0001142,blood vessel endothelial cell,CL:0000071,TIE1,1,TEK; TIE1; CDH5; PECAM1,HGNC:11724; HGNC:11809; HGNC:1764; HGNC:8823,https://en.wikipedia.org/wiki/Renal_vein
blood-vasculature,3014,left suprarenal vein,http://purl.obolibrary.org/obo/UBERON_0035483,blood vessel endothelial cell,CL:0000071,TIE1,1,TEK; TIE1; CDH5; PECAM1,HGNC:11724; HGNC:11809; HGNC:1764; HGNC:8823,https://en.wikipedia.org/wiki/Suprarenal_veins
blood-vasculature,3012,Left ovarian vein,http://purl.org/sig/ont/fma/fma14347,blood vessel endothelial cell,CL:0000071,TIE1,1,TEK; TIE1; CDH5; PECAM1,HGNC:11724; HGNC:11809; HGNC:1764; HGNC:8823,https://en.wikipedia.org/wiki/Ovarian_vein
blood-vasculature,2190,Common interosseous artery,http://purl.org/sig/ont/fma/fma22806,blood vessel endothelial cell,CL:0000071,TIE1,1,TEK; TIE1; CDH5; PECAM1,HGNC:11724; HGNC:11809; HGNC:1764; HGNC:8823,https://en.wikipedia.org/wiki/Common_interosseous_artery
blood-vasculature,2194,Anterior interosseous artery,http://purl.org/sig/ont/fma/fma22810,blood vessel endothelial cell,CL:0000071,TIE1,1,TEK; TIE1; CDH5; PECAM1,HGNC:11724; HGNC:11809; HGNC:1764; HGNC:8823,https://en.wikipedia.org/wiki/Anterior_interosseous_artery
blood-vasculature,2198,Posterior interosseous artery,http://purl.org/sig/ont/fma/fma22811,blood vessel endothelial cell,CL:0000071,TIE1,1,TEK; TIE1; CDH5; PECAM1,HGNC:11724; HGNC:11809; HGNC:1764; HGNC:8823,https://en.wikipedia.org/wiki/Common_interosseous_artery
blood-vasculature,3010,Left inferior phrenic vein,http://purl.org/sig/ont/fma/fma68070,blood vessel endothelial cell,CL:0000071,TIE1,1,TEK; TIE1; CDH5; PECAM1,HGNC:11724; HGNC:11809; HGNC:1764; HGNC:8823,https://en.wikipedia.org/wiki/Inferior_phrenic_vein
blood-vasculature,3122,hemiazygos vein,http://purl.obolibrary.org/obo/UBERON_0006663,blood vessel endothelial cell,CL:0000071,TIE1,1,TEK; TIE1; CDH5; PECAM1,HGNC:11724; HGNC:11809; HGNC:1764; HGNC:8823,https://en.wikipedia.org/wiki/Hemiazygos_vein
blood-vasculature,3132,posterior intercostal vein,http://purl.obolibrary.org/obo/UBERON_0012199,blood vessel endothelial cell,CL:0000071,TIE1,1,TEK; TIE1; CDH5; PECAM1,HGNC:11724; HGNC:11809; HGNC:1764; HGNC:8823,https://en.wikipedia.org/wiki/Posterior_intercostal_veins
blood-vasculature,3130,left subcostal vein,http://purl.obolibrary.org/obo/UBERON_0035252,blood vessel endothelial cell,CL:0000071,TIE1,1,TEK; TIE1; CDH5; PECAM1,HGNC:11724; HGNC:11809; HGNC:1764; HGNC:8823,https://en.wikipedia.org/wiki/Hemiazygos_vein
blood-vasculature,3120,esophageal vein,http://purl.obolibrary.org/obo/UBERON_8600053,blood vessel endothelial cell,CL:0000071,TIE1,1,TEK; TIE1; CDH5; PECAM1,HGNC:11724; HGNC:11809; HGNC:1764; HGNC:8823,https://en.wikipedia.org/wiki/Esophageal_veins
blood-vasculature,3106,bronchial venule,http://purl.obolibrary.org/obo/UBERON_8600067,blood vessel endothelial cell,CL:0000071,TIE1,1,TEK; TIE1; CDH5; PECAM1,HGNC:11724; HGNC:11809; HGNC:1764; HGNC:8823,https://en.wikipedia.org/wiki/Bronchial_veins
blood-vasculature,3134,Anterior external vertebral venous plexus,http://purl.org/sig/ont/fma/fma10787,blood vessel endothelial cell,CL:0000071,TIE1,1,TEK; TIE1; CDH5; PECAM1,HGNC:11724; HGNC:11809; HGNC:1764; HGNC:8823,https://doi.org/10.1053/j.sult.2016.05.008
blood-vasculature,2202,Deep palmar branch of ulnar artery,http://purl.org/sig/ont/fma/fma22824,blood vessel endothelial cell,CL:0000071,TIE1,1,TEK; TIE1; CDH5; PECAM1,HGNC:11724; HGNC:11809; HGNC:1764; HGNC:8823,https://en.wikipedia.org/wiki/Deep_palmar_branch_of_ulnar_artery
blood-vasculature,3136,Intervertebral vein,http://purl.org/sig/ont/fma/fma76736,blood vessel endothelial cell,CL:0000071,TIE1,1,TEK; TIE1; CDH5; PECAM1,HGNC:11724; HGNC:11809; HGNC:1764; HGNC:8823,https://www.kenhub.com/en/library/anatomy/veins-of-the-vertebral-column
blood-vasculature,3138,Posterior external vertebral venous plexus,http://purl.org/sig/ont/fma/fma12852,blood vessel endothelial cell,CL:0000071,TIE1,1,TEK; TIE1; CDH5; PECAM1,HGNC:11724; HGNC:11809; HGNC:1764; HGNC:8823,https://doi.org/10.1053/j.sult.2016.05.008
blood-vasculature,22,Right superior pulmonary vein,http://purl.org/sig/ont/fma/fma49914,blood vessel endothelial cell,CL:0000071,TIE1,1,TEK; TIE1; CDH5; PECAM1,HGNC:11724; HGNC:11809; HGNC:1764; HGNC:8823,https://en.wikipedia.org/wiki/Pulmonary_vein
blood-vasculature,3108,Left bronchial vein,http://purl.org/sig/ont/fma/fma4837,blood vessel endothelial cell,CL:0000071,TIE1,1,TEK; TIE1; CDH5; PECAM1,HGNC:11724; HGNC:11809; HGNC:1764; HGNC:8823,https://en.wikipedia.org/wiki/Bronchial_veins
blood-vasculature,3126,Left eleventh posterior intercostal vein,http://purl.org/sig/ont/fma/fma4949,blood vessel endothelial cell,CL:0000071,TIE1,1,TEK; TIE1; CDH5; PECAM1,HGNC:11724; HGNC:11809; HGNC:1764; HGNC:8823,https://en.wikipedia.org/wiki/Hemiazygos_vein
blood-vasculature,3124,Left tenth posterior intercostal vein,http://purl.org/sig/ont/fma/fma4962,blood vessel endothelial cell,CL:0000071,TIE1,1,TEK; TIE1; CDH5; PECAM1,HGNC:11724; HGNC:11809; HGNC:1764; HGNC:8823,https://en.wikipedia.org/wiki/Hemiazygos_vein
blood-vasculature,3128,Left ninth posterior intercostal vein,http://purl.org/sig/ont/fma/fma4969,blood vessel endothelial cell,CL:0000071,TIE1,1,TEK; TIE1; CDH5; PECAM1,HGNC:11724; HGNC:11809; HGNC:1764; HGNC:8823,https://en.wikipedia.org/wiki/Hemiazygos_vein
blood-vasculature,313,Mylohyoid artery,http://purl.org/sig/ont/fma/fma49702,blood vessel endothelial cell,CL:0000071,TIE1,1,TEK; TIE1; CDH5; PECAM1,HGNC:11724; HGNC:11809; HGNC:1764; HGNC:8823,https://en.wikipedia.org/wiki/Inferior_alveolar_artery
blood-vasculature,3118,Left eighth posterior intercostal vein,http://purl.org/sig/ont/fma/fma4976,blood vessel endothelial cell,CL:0000071,TIE1,1,TEK; TIE1; CDH5; PECAM1,HGNC:11724; HGNC:11809; HGNC:1764; HGNC:8823,https://en.wikipedia.org/wiki/Accessory_hemiazygos_vein
blood-vasculature,3116,Left seventh posterior intercostal vein,http://purl.org/sig/ont/fma/fma4983,blood vessel endothelial cell,CL:0000071,TIE1,1,TEK; TIE1; CDH5; PECAM1,HGNC:11724; HGNC:11809; HGNC:1764; HGNC:8823,https://en.wikipedia.org/wiki/Accessory_hemiazygos_vein
blood-vasculature,3114,Left sixth posterior intercostal vein,http://purl.org/sig/ont/fma/fma4990,blood vessel endothelial cell,CL:0000071,TIE1,1,TEK; TIE1; CDH5; PECAM1,HGNC:11724; HGNC:11809; HGNC:1764; HGNC:8823,https://en.wikipedia.org/wiki/Accessory_hemiazygos_vein
blood-vasculature,3112,Left fifth posterior intercostal vein,http://purl.org/sig/ont/fma/fma4997,blood vessel endothelial cell,CL:0000071,TIE1,1,TEK; TIE1; CDH5; PECAM1,HGNC:11724; HGNC:11809; HGNC:1764; HGNC:8823,https://en.wikipedia.org/wiki/Accessory_hemiazygos_vein
blood-vasculature,3110,Left fourth posterior intercostal vein,http://purl.org/sig/ont/fma/fma5004,blood vessel endothelial cell,CL:0000071,TIE1,1,TEK; TIE1; CDH5; PECAM1,HGNC:11724; HGNC:11809; HGNC:1764; HGNC:8823,https://en.wikipedia.org/wiki/Accessory_hemiazygos_vein
blood-vasculature,2034,axillary artery,http://purl.obolibrary.org/obo/UBERON_0001394,blood vessel endothelial cell,CL:0000071,TIE1,1,TEK; TIE1; CDH5; PECAM1,HGNC:11724; HGNC:11809; HGNC:1764; HGNC:8823,https://en.wikipedia.org/wiki/Axillary_artery
blood-vasculature,2042,brachial artery,http://purl.obolibrary.org/obo/UBERON_0001398,blood vessel endothelial cell,CL:0000071,TIE1,1,TEK; TIE1; CDH5; PECAM1,HGNC:11724; HGNC:11809; HGNC:1764; HGNC:8823,https://en.wikipedia.org/wiki/Brachial_artery
blood-vasculature,2046,deep brachial artery,http://purl.obolibrary.org/obo/UBERON_0001399,blood vessel endothelial cell,CL:0000071,TIE1,1,TEK; TIE1; CDH5; PECAM1,HGNC:11724; HGNC:11809; HGNC:1764; HGNC:8823,https://en.wikipedia.org/wiki/Deep_artery_of_arm
blood-vasculature,2030,subclavian artery,http://purl.obolibrary.org/obo/UBERON_0001533,blood vessel endothelial cell,CL:0000071,TIE1,1,TEK; TIE1; CDH5; PECAM1,HGNC:11724; HGNC:11809; HGNC:1764; HGNC:8823,https://en.wikipedia.org/wiki/Subclavian_artery
blood-vasculature,2026,left subclavian artery,http://purl.obolibrary.org/obo/UBERON_0001584,blood vessel endothelial cell,CL:0000071,TIE1,1,TEK; TIE1; CDH5; PECAM1,HGNC:11724; HGNC:11809; HGNC:1764; HGNC:8823,https://en.wikipedia.org/wiki/Subclavian_artery
blood-vasculature,2038,Anterior circumflex humeral artery,http://purl.org/sig/ont/fma/fma22680,blood vessel endothelial cell,CL:0000071,TIE1,1,TEK; TIE1; CDH5; PECAM1,HGNC:11724; HGNC:11809; HGNC:1764; HGNC:8823,https://en.wikipedia.org/wiki/Anterior_humeral_circumflex_artery
blood-vasculature,2058,Inferior ulnar collateral artery,http://purl.org/sig/ont/fma/fma22710,blood vessel endothelial cell,CL:0000071,TIE1,1,TEK; TIE1; CDH5; PECAM1,HGNC:11724; HGNC:11809; HGNC:1764; HGNC:8823,https://en.wikipedia.org/wiki/Inferior_ulnar_collateral_artery
blood-vasculature,2050,Medial collateral artery,http://purl.org/sig/ont/fma/fma23119,blood vessel endothelial cell,CL:0000071,TIE1,1,TEK; TIE1; CDH5; PECAM1,HGNC:11724; HGNC:11809; HGNC:1764; HGNC:8823,https://en.wikipedia.org/wiki/Medial_collateral_artery
blood-vasculature,2054,Radial collateral artery,http://purl.org/sig/ont/fma/fma23120,blood vessel endothelial cell,CL:0000071,TIE1,1,TEK; TIE1; CDH5; PECAM1,HGNC:11724; HGNC:11809; HGNC:1764; HGNC:8823,https://en.wikipedia.org/wiki/Radial_collateral_artery
blood-vasculature,205,sublingual gland arteriole,https://purl.org/ccf/ASCTB-TEMP_sublingual-gland-arteriole,blood vessel endothelial cell,CL:0000071,TIE1,1,TEK; TIE1; CDH5; PECAM1,HGNC:11724; HGNC:11809; HGNC:1764; HGNC:8823,https://en.wikipedia.org/wiki/Lingual_artery
blood-vasculature,779,proper hepatic artery,http://purl.obolibrary.org/obo/UBERON_0015480,blood vessel endothelial cell,CL:0000071,TIE1,1,TEK; TIE1; CDH5; PECAM1,HGNC:11724; HGNC:11809; HGNC:1764; HGNC:8823,https://en.wikipedia.org/wiki/Hepatic_artery_proper
blood-vasculature,783,left hepatic artery,http://purl.obolibrary.org/obo/UBERON_0015481,blood vessel endothelial cell,CL:0000071,TIE1,1,TEK; TIE1; CDH5; PECAM1,HGNC:11724; HGNC:11809; HGNC:1764; HGNC:8823,https://doi.org/10.1007/s12565-018-00475-x
blood-vasculature,8,intersegmental pulmonary vein,http://purl.obolibrary.org/obo/UBERON_0014904,blood vessel endothelial cell,CL:0000071,TIE1,1,TEK; TIE1; CDH5; PECAM1,HGNC:11724; HGNC:11809; HGNC:1764; HGNC:8823,https://radiologykey.com/6-pulmonary-artery-and-vein/
blood-vasculature,767,Anterior superior pancreaticoduodenal artery,http://purl.org/sig/ont/fma/fma14782,blood vessel endothelial cell,CL:0000071,TIE1,1,TEK; TIE1; CDH5; PECAM1,HGNC:11724; HGNC:11809; HGNC:1764; HGNC:8823,https://en.wikipedia.org/wiki/Superior_pancreaticoduodenal_artery
blood-vasculature,771,Posterior superior pancreaticoduodenal artery,http://purl.org/sig/ont/fma/fma14784,blood vessel endothelial cell,CL:0000071,TIE1,1,TEK; TIE1; CDH5; PECAM1,HGNC:11724; HGNC:11809; HGNC:1764; HGNC:8823,https://en.wikipedia.org/wiki/Superior_pancreaticoduodenal_artery
blood-vasculature,775,Supraduodenal artery,http://purl.org/sig/ont/fma/fma70438,blood vessel endothelial cell,CL:0000071,TIE1,1,TEK; TIE1; CDH5; PECAM1,HGNC:11724; HGNC:11809; HGNC:1764; HGNC:8823,https://en.wikipedia.org/wiki/Gastroduodenal_artery
blood-vasculature,799,Lateral superior segmental hepatic artery,http://purl.org/sig/ont/fma/fma70452,blood vessel endothelial cell,CL:0000071,TIE1,1,TEK; TIE1; CDH5; PECAM1,HGNC:11724; HGNC:11809; HGNC:1764; HGNC:8823,https://doi.org/10.1007/s12565-018-00475-x
blood-vasculature,795,Lateral inferior segmental hepatic artery,http://purl.org/sig/ont/fma/fma70453,blood vessel endothelial cell,CL:0000071,TIE1,1,TEK; TIE1; CDH5; PECAM1,HGNC:11724; HGNC:11809; HGNC:1764; HGNC:8823,https://doi.org/10.1007/s12565-018-00475-x
blood-vasculature,787,left artery of caudate lobe,https://purl.org/ccf/ASCTB-TEMP_left-artery-of-caudate-lobe,blood vessel endothelial cell,CL:0000071,TIE1,1,TEK; TIE1; CDH5; PECAM1,HGNC:11724; HGNC:11809; HGNC:1764; HGNC:8823,https://doi.org/10.1007/s12565-018-00475-x
blood-vasculature,791,left lateral hepatic artery,https://purl.org/ccf/ASCTB-TEMP_left-lateral-hepatic-artery,blood vessel endothelial cell,CL:0000071,TIE1,1,TEK; TIE1; CDH5; PECAM1,HGNC:11724; HGNC:11809; HGNC:1764; HGNC:8823,https://doi.org/10.1007/s12565-018-00475-x
blood-vasculature,77,odontoid arcade,https://purl.org/ccf/ASCTB-TEMP_odontoid-arcade,blood vessel endothelial cell,CL:0000071,TIE1,1,TEK; TIE1; CDH5; PECAM1,HGNC:11724; HGNC:11809; HGNC:1764; HGNC:8823,https://neupsykey.com/the-external-carotid-artery-and-extracranial-circulation/
blood-vasculature,3283,naso-frontal vein,http://purl.obolibrary.org/obo/UBERON_0004689,blood vessel endothelial cell,CL:0000071,TIE1,1,TEK; TIE1; CDH5; PECAM1,HGNC:11724; HGNC:11809; HGNC:1764; HGNC:8823,https://en.wikipedia.org/wiki/Nasofrontal_vein
blood-vasculature,3285,posterior ciliary vein,http://purl.obolibrary.org/obo/UBERON_0035547,blood vessel endothelial cell,CL:0000071,TIE1,1,TEK; TIE1; CDH5; PECAM1,HGNC:11724; HGNC:11809; HGNC:1764; HGNC:8823,https://en.wikipedia.org/wiki/Superior_ophthalmic_vein
blood-vasculature,3226,facial vein,http://purl.obolibrary.org/obo/UBERON_0001653,blood vessel endothelial cell,CL:0000071,TIE1,1,TEK; TIE1; CDH5; PECAM1,HGNC:11724; HGNC:11809; HGNC:1764; HGNC:8823,https://en.wikipedia.org/wiki/Facial_vein
blood-vasculature,3236,supraorbital vein,http://purl.obolibrary.org/obo/UBERON_0001654,blood vessel endothelial cell,CL:0000071,TIE1,1,TEK; TIE1; CDH5; PECAM1,HGNC:11724; HGNC:11809; HGNC:1764; HGNC:8823,https://en.wikipedia.org/wiki/Supraorbital_vein
blood-vasculature,3218,superficial temporal vein,http://purl.obolibrary.org/obo/UBERON_0001657,blood vessel endothelial cell,CL:0000071,TIE1,1,TEK; TIE1; CDH5; PECAM1,HGNC:11724; HGNC:11809; HGNC:1764; HGNC:8823,https://en.wikipedia.org/wiki/Superficial_temporal_vein
blood-vasculature,3216,middle temporal vein,http://purl.obolibrary.org/obo/UBERON_0001658,blood vessel endothelial cell,CL:0000071,TIE1,1,TEK; TIE1; CDH5; PECAM1,HGNC:11724; HGNC:11809; HGNC:1764; HGNC:8823,http://purl.obolibrary.org/obo/UBERON_0001658
blood-vasculature,3220,transverse facial vein,http://purl.obolibrary.org/obo/UBERON_0001659,blood vessel endothelial cell,CL:0000071,TIE1,1,TEK; TIE1; CDH5; PECAM1,HGNC:11724; HGNC:11809; HGNC:1764; HGNC:8823,https://medical-dictionary.thefreedictionary.com/transverse+facial+vein
blood-vasculature,3224,transverse facial vein,http://purl.obolibrary.org/obo/UBERON_0001659,blood vessel endothelial cell,CL:0000071,TIE1,1,TEK; TIE1; CDH5; PECAM1,HGNC:11724; HGNC:11809; HGNC:1764; HGNC:8823,http://purl.obolibrary.org/obo/UBERON_0001659
blood-vasculature,3232,inferior palpebral vein,http://purl.obolibrary.org/obo/UBERON_0002459,blood vessel endothelial cell,CL:0000071,TIE1,1,TEK; TIE1; CDH5; PECAM1,HGNC:11724; HGNC:11809; HGNC:1764; HGNC:8823,https://en.wikipedia.org/wiki/Angular_vein
blood-vasculature,323,infraorbital artery,http://purl.obolibrary.org/obo/UBERON_0004646,blood vessel endothelial cell,CL:0000071,TIE1,1,TEK; TIE1; CDH5; PECAM1,HGNC:11724; HGNC:11809; HGNC:1764; HGNC:8823,https://en.wikipedia.org/wiki/Infraorbital_artery
blood-vasculature,3228,angular vein,http://purl.obolibrary.org/obo/UBERON_0014686,blood vessel endothelial cell,CL:0000071,TIE1,1,TEK; TIE1; CDH5; PECAM1,HGNC:11724; HGNC:11809; HGNC:1764; HGNC:8823,https://en.wikipedia.org/wiki/Angular_vein
blood-vasculature,3234,superior palpebral vein,http://purl.obolibrary.org/obo/UBERON_0014768,blood vessel endothelial cell,CL:0000071,TIE1,1,TEK; TIE1; CDH5; PECAM1,HGNC:11724; HGNC:11809; HGNC:1764; HGNC:8823,https://www.imaios.com/en/e-Anatomy/Anatomical-Parts/Superior-palpebral-veins
blood-vasculature,3230,external nasal vein,http://purl.obolibrary.org/obo/UBERON_8600087,blood vessel endothelial cell,CL:0000071,TIE1,1,TEK; TIE1; CDH5; PECAM1,HGNC:11724; HGNC:11809; HGNC:1764; HGNC:8823,https://www.anatomy.net/angular-vein
blood-vasculature,3238,supratrochlear vein,http://purl.obolibrary.org/obo/UBERON_8600088,blood vessel endothelial cell,CL:0000071,TIE1,1,TEK; TIE1; CDH5; PECAM1,HGNC:11724; HGNC:11809; HGNC:1764; HGNC:8823,https://en.wikipedia.org/wiki/Angular_vein
blood-vasculature,3212,alveolar mucosa venule,https://purl.org/ccf/ASCTB-TEMP_alveolar-mucosa-venule,blood vessel endothelial cell,CL:0000071,TIE1,1,TEK; TIE1; CDH5; PECAM1,HGNC:11724; HGNC:11809; HGNC:1764; HGNC:8823,https://en.wikipedia.org/wiki/Pterygoid_plexus
blood-vasculature,3198,inferior alveolar vein,https://purl.org/ccf/ASCTB-TEMP_inferior-alveolar-vein,blood vessel endothelial cell,CL:0000071,TIE1,1,TEK; TIE1; CDH5; PECAM1,HGNC:11724; HGNC:11809; HGNC:1764; HGNC:8823,https://en.wikipedia.org/wiki/Pterygoid_plexus
blood-vasculature,3200,inferior gingiva venule,https://purl.org/ccf/ASCTB-TEMP_inferior-gingiva-venule,blood vessel endothelial cell,CL:0000071,TIE1,1,TEK; TIE1; CDH5; PECAM1,HGNC:11724; HGNC:11809; HGNC:1764; HGNC:8823,https://doi.org/10.26463/rjds.15_2_21
blood-vasculature,321,inferior gingival plexus,https://purl.org/ccf/ASCTB-TEMP_inferior-gingival-plexus,blood vessel endothelial cell,CL:0000071,TIE1,1,TEK; TIE1; CDH5; PECAM1,HGNC:11724; HGNC:11809; HGNC:1764; HGNC:8823,https://doi.org/10.26463/rjds.15_2_21
blood-vasculature,3204,infraorbital vein,https://purl.org/ccf/ASCTB-TEMP_infraorbital-vein,blood vessel endothelial cell,CL:0000071,TIE1,1,TEK; TIE1; CDH5; PECAM1,HGNC:11724; HGNC:11809; HGNC:1764; HGNC:8823,https://en.wikipedia.org/wiki/Infraorbital_vein
blood-vasculature,3202,mandibular pulp venule,https://purl.org/ccf/ASCTB-TEMP_mandibular-pulp-venule,blood vessel endothelial cell,CL:0000071,TIE1,1,TEK; TIE1; CDH5; PECAM1,HGNC:11724; HGNC:11809; HGNC:1764; HGNC:8823,https://en.wikipedia.org/wiki/Pterygoid_plexus
blood-vasculature,3214,maxillary pulp venule,https://purl.org/ccf/ASCTB-TEMP_maxillary-pulp-venule,blood vessel endothelial cell,CL:0000071,TIE1,1,TEK; TIE1; CDH5; PECAM1,HGNC:11724; HGNC:11809; HGNC:1764; HGNC:8823,https://en.wikipedia.org/wiki/Pterygoid_plexus
blood-vasculature,3208,palatine gland venule,https://purl.org/ccf/ASCTB-TEMP_palatine-gland-venule,blood vessel endothelial cell,CL:0000071,TIE1,1,TEK; TIE1; CDH5; PECAM1,HGNC:11724; HGNC:11809; HGNC:1764; HGNC:8823,https://en.wikipedia.org/wiki/Pterygoid_plexus
blood-vasculature,3206,palatine vein,https://purl.org/ccf/ASCTB-TEMP_palatine-vein,blood vessel endothelial cell,CL:0000071,TIE1,1,TEK; TIE1; CDH5; PECAM1,HGNC:11724; HGNC:11809; HGNC:1764; HGNC:8823,https://en.wikipedia.org/wiki/Pterygoid_plexus
blood-vasculature,3210,posterior superior alveolar vein,https://purl.org/ccf/ASCTB-TEMP_posterior-superior-alveolar-vein,blood vessel endothelial cell,CL:0000071,TIE1,1,TEK; TIE1; CDH5; PECAM1,HGNC:11724; HGNC:11809; HGNC:1764; HGNC:8823,https://en.wikipedia.org/wiki/Pterygoid_plexus
blood-vasculature,3222,superior parotid gland venule,https://purl.org/ccf/ASCTB-TEMP_superior-parotid-gland-venule,blood vessel endothelial cell,CL:0000071,TIE1,1,TEK; TIE1; CDH5; PECAM1,HGNC:11724; HGNC:11809; HGNC:1764; HGNC:8823,https://en.wikipedia.org/wiki/Retromandibular_vein
blood-vasculature,2062,radial artery,http://purl.obolibrary.org/obo/UBERON_0001404,blood vessel endothelial cell,CL:0000071,TIE1,1,TEK; TIE1; CDH5; PECAM1,HGNC:11724; HGNC:11809; HGNC:1764; HGNC:8823,https://en.wikipedia.org/wiki/Radial_artery
blood-vasculature,2090,Fourth dorsal metacarpal artery,http://purl.org/sig/ont/fma/fma0323597,blood vessel endothelial cell,CL:0000071,TIE1,1,TEK; TIE1; CDH5; PECAM1,HGNC:11724; HGNC:11809; HGNC:1764; HGNC:8823,https://www.hand.theclinics.com/article/S0749-0712(19)30087-3/fulltext#secsectitle0035
blood-vasculature,2082,Dorsal carpal branch of radial artery,http://purl.org/sig/ont/fma/fma22755,blood vessel endothelial cell,CL:0000071,TIE1,1,TEK; TIE1; CDH5; PECAM1,HGNC:11724; HGNC:11809; HGNC:1764; HGNC:8823,https://en.wikipedia.org/wiki/Dorsal_carpal_branch_of_the_radial_artery
blood-vasculature,2086,Dorsal carpal branch of radial artery,http://purl.org/sig/ont/fma/fma22755,blood vessel endothelial cell,CL:0000071,TIE1,1,TEK; TIE1; CDH5; PECAM1,HGNC:11724; HGNC:11809; HGNC:1764; HGNC:8823,https://en.wikipedia.org/wiki/Dorsal_carpal_arch
blood-vasculature,2066,Deep palmar arterial arch,http://purl.org/sig/ont/fma/fma22838,blood vessel endothelial cell,CL:0000071,TIE1,1,TEK; TIE1; CDH5; PECAM1,HGNC:11724; HGNC:11809; HGNC:1764; HGNC:8823,https://en.wikipedia.org/wiki/Deep_palmar_arch
blood-vasculature,2070,first palmar metacarpal artery,https://purl.org/ccf/ASCTB-TEMP_first-palmar-metacarpal-artery,blood vessel endothelial cell,CL:0000071,TIE1,1,TEK; TIE1; CDH5; PECAM1,HGNC:11724; HGNC:11809; HGNC:1764; HGNC:8823,https://en.wikipedia.org/wiki/Palmar_metacarpal_arteries
blood-vasculature,2094,lateral dorsal digital artery of fifth digit of hand,https://purl.org/ccf/ASCTB-TEMP_lateral-dorsal-digital-artery-of-fifth-digit-of-hand,blood vessel endothelial cell,CL:0000071,TIE1,1,TEK; TIE1; CDH5; PECAM1,HGNC:11724; HGNC:11809; HGNC:1764; HGNC:8823,https://www.hand.theclinics.com/article/S0749-0712(19)30087-3/fulltext#secsectitle0035
blood-vasculature,2074,second palmar metacarpal artery,https://purl.org/ccf/ASCTB-TEMP_second-palmar-metacarpal-artery,blood vessel endothelial cell,CL:0000071,TIE1,1,TEK; TIE1; CDH5; PECAM1,HGNC:11724; HGNC:11809; HGNC:1764; HGNC:8823,https://en.wikipedia.org/wiki/Palmar_metacarpal_arteries
blood-vasculature,209,sublingual gland capillary,https://purl.org/ccf/ASCTB-TEMP_sublingual-gland-capillary,blood vessel endothelial cell,CL:0000071,TIE1,1,TEK; TIE1; CDH5; PECAM1,HGNC:11724; HGNC:11809; HGNC:1764; HGNC:8823,https://en.wikipedia.org/wiki/Lingual_artery
blood-vasculature,2078,third palmar metacarpal artery,https://purl.org/ccf/ASCTB-TEMP_third-palmar-metacarpal-artery,blood vessel endothelial cell,CL:0000071,TIE1,1,TEK; TIE1; CDH5; PECAM1,HGNC:11724; HGNC:11809; HGNC:1764; HGNC:8823,https://en.wikipedia.org/wiki/Palmar_metacarpal_arteries
blood-vasculature,121,ascending palatine artery,http://purl.obolibrary.org/obo/UBERON_8600095,blood vessel endothelial cell,CL:0000071,TIE1,1,TEK; TIE1; CDH5; PECAM1,HGNC:11724; HGNC:11809; HGNC:1764; HGNC:8823,https://en.wikipedia.org/wiki/Ascending_palatine_artery
blood-vasculature,1208,Middle genicular artery,http://purl.org/sig/ont/fma/fma22536,blood vessel endothelial cell,CL:0000071,TIE1,1,TEK; TIE1; CDH5; PECAM1,HGNC:11724; HGNC:11809; HGNC:1764; HGNC:8823,https://en.wikipedia.org/wiki/Middle_genicular_artery
blood-vasculature,1200,Superior medial genicular artery,http://purl.org/sig/ont/fma/fma22584,blood vessel endothelial cell,CL:0000071,TIE1,1,TEK; TIE1; CDH5; PECAM1,HGNC:11724; HGNC:11809; HGNC:1764; HGNC:8823,https://en.wikipedia.org/wiki/Medial_superior_genicular_artery
blood-vasculature,1212,Trunk of posterior tibial artery,http://purl.org/sig/ont/fma/fma66421,blood vessel endothelial cell,CL:0000071,TIE1,1,TEK; TIE1; CDH5; PECAM1,HGNC:11724; HGNC:11809; HGNC:1764; HGNC:8823,https://en.wikipedia.org/wiki/Tibial-fibular_trunk
blood-vasculature,1204,medial sural artery,https://purl.org/ccf/ASCTB-TEMP_medial-sural-artery,blood vessel endothelial cell,CL:0000071,TIE1,1,TEK; TIE1; CDH5; PECAM1,HGNC:11724; HGNC:11809; HGNC:1764; HGNC:8823,https://en.wikipedia.org/wiki/Sural_arteries
blood-vasculature,12,pulmonary venule,https://purl.org/ccf/ASCTB-TEMP_pulmonary-venule,blood vessel endothelial cell,CL:0000071,TIE1,1,TEK; TIE1; CDH5; PECAM1,HGNC:11724; HGNC:11809; HGNC:1764; HGNC:8823,https://radiologykey.com/6-pulmonary-artery-and-vein/
blood-vasculature,2879,Lateral inferior segmental branch of left portal vein,http://purl.org/sig/ont/fma/fma15432,blood vessel endothelial cell,CL:0000071,TIE1,1,TEK; TIE1; CDH5; PECAM1,HGNC:11724; HGNC:11809; HGNC:1764; HGNC:8823,https://doi.org/10.1007/s12565-018-00475-x
blood-vasculature,2856,Lateral superior segmental tributary of left hepatic vein,http://purl.org/sig/ont/fma/fma15803,blood vessel endothelial cell,CL:0000071,TIE1,1,TEK; TIE1; CDH5; PECAM1,HGNC:11724; HGNC:11809; HGNC:1764; HGNC:8823,https://doi.org/10.1007/s12565-018-00475-x
blood-vasculature,2854,Lateral inferior segmental tributary of left hepatic vein,http://purl.org/sig/ont/fma/fma15804,blood vessel endothelial cell,CL:0000071,TIE1,1,TEK; TIE1; CDH5; PECAM1,HGNC:11724; HGNC:11809; HGNC:1764; HGNC:8823,https://doi.org/10.1007/s12565-018-00475-x
blood-vasculature,2881,left lateral hepatic portal vein,https://purl.org/ccf/ASCTB-TEMP_left-lateral-hepatic-portal-vein,blood vessel endothelial cell,CL:0000071,TIE1,1,TEK; TIE1; CDH5; PECAM1,HGNC:11724; HGNC:11809; HGNC:1764; HGNC:8823,https://doi.org/10.1007/s12565-018-00475-x
blood-vasculature,287,periodontal ligament arteriole,https://purl.org/ccf/ASCTB-TEMP_periodontal-ligament-arteriole,blood vessel endothelial cell,CL:0000071,TIE1,1,TEK; TIE1; CDH5; PECAM1,HGNC:11724; HGNC:11809; HGNC:1764; HGNC:8823,https://doi.org/10.26463/rjds.15_2_21
blood-vasculature,2869,right anterior hepatic portal vein,https://purl.org/ccf/ASCTB-TEMP_right-anterior-hepatic-portal-vein,blood vessel endothelial cell,CL:0000071,TIE1,1,TEK; TIE1; CDH5; PECAM1,HGNC:11724; HGNC:11809; HGNC:1764; HGNC:8823,https://doi.org/10.1007/s12565-018-00475-x
blood-vasculature,2877,right anterior hepatic portal vein #2,https://purl.org/ccf/ASCTB-TEMP_right-anterior-hepatic-portal-vein-2,blood vessel endothelial cell,CL:0000071,TIE1,1,TEK; TIE1; CDH5; PECAM1,HGNC:11724; HGNC:11809; HGNC:1764; HGNC:8823,https://doi.org/10.1007/s12565-018-00475-x
blood-vasculature,2858,segmental hepatic vein,https://purl.org/ccf/ASCTB-TEMP_segmental-hepatic-vein,blood vessel endothelial cell,CL:0000071,TIE1,1,TEK; TIE1; CDH5; PECAM1,HGNC:11724; HGNC:11809; HGNC:1764; HGNC:8823,https://doi.org/10.1007/s12565-018-00475-x
blood-vasculature,3180,internal jugular vein,http://purl.obolibrary.org/obo/UBERON_0001586,blood vessel endothelial cell,CL:0000071,TIE1,1,TEK; TIE1; CDH5; PECAM1,HGNC:11724; HGNC:11809; HGNC:1764; HGNC:8823,https://en.wikipedia.org/wiki/Internal_jugular_vein
blood-vasculature,3170,brachiocephalic vein,http://purl.obolibrary.org/obo/UBERON_0003711,blood vessel endothelial cell,CL:0000071,TIE1,1,TEK; TIE1; CDH5; PECAM1,HGNC:11724; HGNC:11809; HGNC:1764; HGNC:8823,https://en.wikipedia.org/wiki/Brachiocephalic_vein
blood-vasculature,3172,inferior thyroid vein,http://purl.obolibrary.org/obo/UBERON_0007156,blood vessel endothelial cell,CL:0000071,TIE1,1,TEK; TIE1; CDH5; PECAM1,HGNC:11724; HGNC:11809; HGNC:1764; HGNC:8823,https://en.wikipedia.org/wiki/Inferior_thyroid_veins
blood-vasculature,3166,superior intercostal vein,http://purl.obolibrary.org/obo/UBERON_0012194,blood vessel endothelial cell,CL:0000071,TIE1,1,TEK; TIE1; CDH5; PECAM1,HGNC:11724; HGNC:11809; HGNC:1764; HGNC:8823,https://en.wikipedia.org/wiki/Superior_intercostal_vein
blood-vasculature,3158,right superior intercostal vein,http://purl.obolibrary.org/obo/UBERON_0012196,blood vessel endothelial cell,CL:0000071,TIE1,1,TEK; TIE1; CDH5; PECAM1,HGNC:11724; HGNC:11809; HGNC:1764; HGNC:8823,https://en.wikipedia.org/wiki/Superior_intercostal_vein
blood-vasculature,3168,superior phrenic vein,http://purl.obolibrary.org/obo/UBERON_0012237,blood vessel endothelial cell,CL:0000071,TIE1,1,TEK; TIE1; CDH5; PECAM1,HGNC:11724; HGNC:11809; HGNC:1764; HGNC:8823,https://en.wikipedia.org/wiki/Superior_phrenic_vein
blood-vasculature,3156,right subcostal vein,http://purl.obolibrary.org/obo/UBERON_0035474,blood vessel endothelial cell,CL:0000071,TIE1,1,TEK; TIE1; CDH5; PECAM1,HGNC:11724; HGNC:11809; HGNC:1764; HGNC:8823,PMID:32119317
blood-vasculature,3178,Jugular venous arch,http://purl.org/sig/ont/fma/fma50855,blood vessel endothelial cell,CL:0000071,TIE1,1,TEK; TIE1; CDH5; PECAM1,HGNC:11724; HGNC:11809; HGNC:1764; HGNC:8823,https://en.wikipedia.org/wiki/Jugular_venous_arch
blood-vasculature,3174,Esophageal vein,http://purl.org/sig/ont/fma/fma4748,blood vessel endothelial cell,CL:0000071,TIE1,1,TEK; TIE1; CDH5; PECAM1,HGNC:11724; HGNC:11809; HGNC:1764; HGNC:8823,https://en.wikipedia.org/wiki/Inferior_thyroid_veins
blood-vasculature,3144,Right eleventh posterior intercostal vein,http://purl.org/sig/ont/fma/fma4859,blood vessel endothelial cell,CL:0000071,TIE1,1,TEK; TIE1; CDH5; PECAM1,HGNC:11724; HGNC:11809; HGNC:1764; HGNC:8823,https://en.wikipedia.org/wiki/Posterior_intercostal_veins
blood-vasculature,3142,Right tenth posterior intercostal vein,http://purl.org/sig/ont/fma/fma4860,blood vessel endothelial cell,CL:0000071,TIE1,1,TEK; TIE1; CDH5; PECAM1,HGNC:11724; HGNC:11809; HGNC:1764; HGNC:8823,https://en.wikipedia.org/wiki/Posterior_intercostal_veins
blood-vasculature,3154,Right ninth posterior intercostal vein,http://purl.org/sig/ont/fma/fma4872,blood vessel endothelial cell,CL:0000071,TIE1,1,TEK; TIE1; CDH5; PECAM1,HGNC:11724; HGNC:11809; HGNC:1764; HGNC:8823,https://en.wikipedia.org/wiki/Posterior_intercostal_veins
blood-vasculature,3152,Right eighth posterior intercostal vein,http://purl.org/sig/ont/fma/fma4873,blood vessel endothelial cell,CL:0000071,TIE1,1,TEK; TIE1; CDH5; PECAM1,HGNC:11724; HGNC:11809; HGNC:1764; HGNC:8823,https://en.wikipedia.org/wiki/Posterior_intercostal_veins
blood-vasculature,3150,Right seventh posterior intercostal vein,http://purl.org/sig/ont/fma/fma4874,blood vessel endothelial cell,CL:0000071,TIE1,1,TEK; TIE1; CDH5; PECAM1,HGNC:11724; HGNC:11809; HGNC:1764; HGNC:8823,https://en.wikipedia.org/wiki/Posterior_intercostal_veins
blood-vasculature,3148,Right sixth posterior intercostal vein,http://purl.org/sig/ont/fma/fma4875,blood vessel endothelial cell,CL:0000071,TIE1,1,TEK; TIE1; CDH5; PECAM1,HGNC:11724; HGNC:11809; HGNC:1764; HGNC:8823,https://en.wikipedia.org/wiki/Posterior_intercostal_veins
blood-vasculature,3146,Right fifth posterior intercostal vein,http://purl.org/sig/ont/fma/fma4876,blood vessel endothelial cell,CL:0000071,TIE1,1,TEK; TIE1; CDH5; PECAM1,HGNC:11724; HGNC:11809; HGNC:1764; HGNC:8823,https://en.wikipedia.org/wiki/Posterior_intercostal_veins
blood-vasculature,3164,Right fourth posterior intercostal vein,http://purl.org/sig/ont/fma/fma4878,blood vessel endothelial cell,CL:0000071,TIE1,1,TEK; TIE1; CDH5; PECAM1,HGNC:11724; HGNC:11809; HGNC:1764; HGNC:8823,https://en.wikipedia.org/wiki/Superior_intercostal_vein
blood-vasculature,3162,Right third posterior intercostal vein,http://purl.org/sig/ont/fma/fma4879,blood vessel endothelial cell,CL:0000071,TIE1,1,TEK; TIE1; CDH5; PECAM1,HGNC:11724; HGNC:11809; HGNC:1764; HGNC:8823,https://en.wikipedia.org/wiki/Posterior_intercostal_veins
blood-vasculature,3160,Right second posterior intercostal vein,http://purl.org/sig/ont/fma/fma4880,blood vessel endothelial cell,CL:0000071,TIE1,1,TEK; TIE1; CDH5; PECAM1,HGNC:11724; HGNC:11809; HGNC:1764; HGNC:8823,https://en.wikipedia.org/wiki/Posterior_intercostal_veins
blood-vasculature,3140,Right bronchial vein,http://purl.org/sig/ont/fma/fma4942,blood vessel endothelial cell,CL:0000071,TIE1,1,TEK; TIE1; CDH5; PECAM1,HGNC:11724; HGNC:11809; HGNC:1764; HGNC:8823,https://en.wikipedia.org/wiki/Bronchial_veins
blood-vasculature,3176,Inferior laryngeal vein,http://purl.org/sig/ont/fma/fma50800,blood vessel endothelial cell,CL:0000071,TIE1,1,TEK; TIE1; CDH5; PECAM1,HGNC:11724; HGNC:11809; HGNC:1764; HGNC:8823,https://teachmeanatomy.info/neck/viscera/larynx/organ/
blood-vasculature,3182,common facial vein,https://purl.org/ccf/ASCTB-TEMP_common-facial-vein,blood vessel endothelial cell,CL:0000071,TIE1,1,TEK; TIE1; CDH5; PECAM1,HGNC:11724; HGNC:11809; HGNC:1764; HGNC:8823,https://en.wikipedia.org/wiki/Common_facial_vein
blood-vasculature,317,supraperiosteal arteriole,https://purl.org/ccf/ASCTB-TEMP_supraperiosteal-arteriole,blood vessel endothelial cell,CL:0000071,TIE1,1,TEK; TIE1; CDH5; PECAM1,HGNC:11724; HGNC:11809; HGNC:1764; HGNC:8823,https://doi.org/10.26463/rjds.15_2_21
blood-vasculature,2182,ulnar artery,http://purl.obolibrary.org/obo/UBERON_0001406,blood vessel endothelial cell,CL:0000071,TIE1,1,TEK; TIE1; CDH5; PECAM1,HGNC:11724; HGNC:11809; HGNC:1764; HGNC:8823,https://en.wikipedia.org/wiki/Ulnar_artery
blood-vasculature,217,maxillary artery,http://purl.obolibrary.org/obo/UBERON_0001616,blood vessel endothelial cell,CL:0000071,TIE1,1,TEK; TIE1; CDH5; PECAM1,HGNC:11724; HGNC:11809; HGNC:1764; HGNC:8823,https://en.wikipedia.org/wiki/Maxillary_artery
blood-vasculature,2174,Superficial palmar branch of radial artery,http://purl.org/sig/ont/fma/fma22752,blood vessel endothelial cell,CL:0000071,TIE1,1,TEK; TIE1; CDH5; PECAM1,HGNC:11724; HGNC:11809; HGNC:1764; HGNC:8823,https://en.wikipedia.org/wiki/Superficial_palmar_branch_of_radial_artery
blood-vasculature,2162,Arteria radialis indicis,http://purl.org/sig/ont/fma/fma22763,blood vessel endothelial cell,CL:0000071,TIE1,1,TEK; TIE1; CDH5; PECAM1,HGNC:11724; HGNC:11809; HGNC:1764; HGNC:8823,https://radiopaedia.org/articles/radialis-indicis-artery
blood-vasculature,2178,Superior ulnar collateral artery,http://purl.org/sig/ont/fma/fma22706,blood vessel endothelial cell,CL:0000071,TIE1,1,TEK; TIE1; CDH5; PECAM1,HGNC:11724; HGNC:11809; HGNC:1764; HGNC:8823,https://en.wikipedia.org/wiki/Superior_ulnar_collateral_artery
blood-vasculature,2158,Radial recurrent artery,http://purl.org/sig/ont/fma/fma22748,blood vessel endothelial cell,CL:0000071,TIE1,1,TEK; TIE1; CDH5; PECAM1,HGNC:11724; HGNC:11809; HGNC:1764; HGNC:8823,https://en.wikipedia.org/wiki/Radial_recurrent_artery
blood-vasculature,2186,Anterior ulnar recurrent artery,http://purl.org/sig/ont/fma/fma22800,blood vessel endothelial cell,CL:0000071,TIE1,1,TEK; TIE1; CDH5; PECAM1,HGNC:11724; HGNC:11809; HGNC:1764; HGNC:8823,https://en.wikipedia.org/wiki/Anterior_ulnar_recurrent_artery
blood-vasculature,2170,dorsal branch of lateral proper palmar digital artery of second digit of hand,https://purl.org/ccf/ASCTB-TEMP_dorsal-branch-of-lateral-proper-palmar-digital-artery-of-second-digit-of-hand,blood vessel endothelial cell,CL:0000071,TIE1,1,TEK; TIE1; CDH5; PECAM1,HGNC:11724; HGNC:11809; HGNC:1764; HGNC:8823,https://en.wikipedia.org/wiki/Proper_palmar_digital_arteries
blood-vasculature,2166,lateral proper palmar digital artery of second digit of hand,https://purl.org/ccf/ASCTB-TEMP_lateral-proper-palmar-digital-artery-of-second-digit-of-hand,blood vessel endothelial cell,CL:0000071,TIE1,1,TEK; TIE1; CDH5; PECAM1,HGNC:11724; HGNC:11809; HGNC:1764; HGNC:8823,https://radiopaedia.org/articles/radialis-indicis-artery
blood-vasculature,2154,medial proper palmar digital artery of first digit of hand,https://purl.org/ccf/ASCTB-TEMP_medial-proper-palmar-digital-artery-of-first-digit-of-hand,blood vessel endothelial cell,CL:0000071,TIE1,1,TEK; TIE1; CDH5; PECAM1,HGNC:11724; HGNC:11809; HGNC:1764; HGNC:8823,https://www.ncbi.nlm.nih.gov/books/NBK546657/
blood-vasculature,1756,ureteric segment of renal artery,http://purl.obolibrary.org/obo/UBERON_0003468,blood vessel endothelial cell,CL:0000071,TIE1,1,TEK; TIE1; CDH5; PECAM1,HGNC:11724; HGNC:11809; HGNC:1764; HGNC:8823,http://purl.obolibrary.org/obo/UBERON_0003468
blood-vasculature,1740,glomerular capillary,http://purl.obolibrary.org/obo/UBERON_0004212,blood vessel endothelial cell,CL:0000071,TIE1,1,TEK; TIE1; CDH5; PECAM1,HGNC:11724; HGNC:11809; HGNC:1764; HGNC:8823,https://en.wikipedia.org/wiki/Glomerulus_(kidney)
blood-vasculature,1742,renal efferent arteriole,http://purl.obolibrary.org/obo/UBERON_0004640,blood vessel endothelial cell,CL:0000071,TIE1,1,TEK; TIE1; CDH5; PECAM1,HGNC:11724; HGNC:11809; HGNC:1764; HGNC:8823,https://en.wikipedia.org/wiki/Efferent_arteriole
blood-vasculature,1748,vasa recta,http://purl.obolibrary.org/obo/UBERON_0004726,blood vessel endothelial cell,CL:0000071,TIE1,1,TEK; TIE1; CDH5; PECAM1,HGNC:11724; HGNC:11809; HGNC:1764; HGNC:8823,https://doi.org/10.1152/ajprenal.00071.2010
blood-vasculature,1750,peritubular capillary,http://purl.obolibrary.org/obo/UBERON_0005272,blood vessel endothelial cell,CL:0000071,TIE1,1,TEK; TIE1; CDH5; PECAM1,HGNC:11724; HGNC:11809; HGNC:1764; HGNC:8823,https://en.wikipedia.org/wiki/Peritubular_capillaries
blood-vasculature,1746,descending vasa recta,http://purl.obolibrary.org/obo/UBERON_0009202,blood vessel endothelial cell,CL:0000071,TIE1,1,TEK; TIE1; CDH5; PECAM1,HGNC:11724; HGNC:11809; HGNC:1764; HGNC:8823,https://doi.org/10.1152/ajprenal.00071.2010
blood-vasculature,1752,Superior segmental renal artery,http://purl.org/sig/ont/fma/fma70499,blood vessel endothelial cell,CL:0000071,TIE1,1,TEK; TIE1; CDH5; PECAM1,HGNC:11724; HGNC:11809; HGNC:1764; HGNC:8823,https://en.wikipedia.org/wiki/Renal_circulation
blood-vasculature,1720,Segmental renal artery,http://purl.org/sig/ont/fma/fma70494,blood vessel endothelial cell,CL:0000071,TIE1,1,TEK; TIE1; CDH5; PECAM1,HGNC:11724; HGNC:11809; HGNC:1764; HGNC:8823,https://en.wikipedia.org/wiki/Renal_circulation
blood-vasculature,171,superior labial gland capillary,https://purl.org/ccf/ASCTB-TEMP_superior-labial-gland-capillary,blood vessel endothelial cell,CL:0000071,TIE1,1,TEK; TIE1; CDH5; PECAM1,HGNC:11724; HGNC:11809; HGNC:1764; HGNC:8823,https://en.wikipedia.org/wiki/Superior_labial_artery
blood-vasculature,173,Tonsillar artery,http://purl.org/sig/ont/fma/fma49558,blood vessel endothelial cell,CL:0000071,TIE1,1,PECAM1; TEK; TIE1; CDH5,HGNC:8823; HGNC:11724; HGNC:11809; HGNC:1764,https://en.wikipedia.org/wiki/Tonsillar_branch_of_the_facial_artery
blood-vasculature,2938,superior mesenteric vein,http://purl.obolibrary.org/obo/UBERON_0001138,blood vessel endothelial cell,CL:0000071,TIE1,1,TEK; TIE1; CDH5; PECAM1,HGNC:11724; HGNC:11809; HGNC:1764; HGNC:8823,https://en.wikipedia.org/wiki/Superior_mesenteric_vein
blood-vasculature,2956,jejunal vein,http://purl.obolibrary.org/obo/UBERON_0001216,blood vessel endothelial cell,CL:0000071,TIE1,1,TEK; TIE1; CDH5; PECAM1,HGNC:11724; HGNC:11809; HGNC:1764; HGNC:8823,https://en.wikipedia.org/wiki/Jejunal_veins
blood-vasculature,2942,ileal vein,http://purl.obolibrary.org/obo/UBERON_0001217,blood vessel endothelial cell,CL:0000071,TIE1,1,TEK; TIE1; CDH5; PECAM1,HGNC:11724; HGNC:11809; HGNC:1764; HGNC:8823,https://en.wikipedia.org/wiki/Ileal_veins
blood-vasculature,2958,middle colic vein,http://purl.obolibrary.org/obo/UBERON_0001218,blood vessel endothelial cell,CL:0000071,TIE1,1,TEK; TIE1; CDH5; PECAM1,HGNC:11724; HGNC:11809; HGNC:1764; HGNC:8823,https://en.wikipedia.org/wiki/Middle_colic_vein
blood-vasculature,2944,ileocolic vein,http://purl.obolibrary.org/obo/UBERON_0001219,blood vessel endothelial cell,CL:0000071,TIE1,1,TEK; TIE1; CDH5; PECAM1,HGNC:11724; HGNC:11809; HGNC:1764; HGNC:8823,https://en.wikipedia.org/wiki/Ileocolic_vein
blood-vasculature,2931,spleen trabecular vein,http://purl.obolibrary.org/obo/UBERON_0010400,blood vessel endothelial cell,CL:0000071,TIE1,1,TEK; TIE1; CDH5; PECAM1,HGNC:11724; HGNC:11809; HGNC:1764; HGNC:8823,https://en.wikipedia.org/wiki/Trabecular_veins
blood-vasculature,2964,right colic vein,http://purl.obolibrary.org/obo/UBERON_8410018,blood vessel endothelial cell,CL:0000071,TIE1,1,TEK; TIE1; CDH5; PECAM1,HGNC:11724; HGNC:11809; HGNC:1764; HGNC:8823,https://en.wikipedia.org/wiki/Right_colic_vein
blood-vasculature,2940,Anterior inferior pancreaticoduodenal vein,http://purl.org/sig/ont/fma/fma0329300,blood vessel endothelial cell,CL:0000071,TIE1,1,TEK; TIE1; CDH5; PECAM1,HGNC:11724; HGNC:11809; HGNC:1764; HGNC:8823,https://radiopaedia.org/articles/pancreaticoduodenal-veins
blood-vasculature,2962,Posterior inferior pancreaticoduodenal vein,http://purl.org/sig/ont/fma/fma0329301,blood vessel endothelial cell,CL:0000071,TIE1,1,TEK; TIE1; CDH5; PECAM1,HGNC:11724; HGNC:11809; HGNC:1764; HGNC:8823,https://radiopaedia.org/articles/pancreaticoduodenal-veins
blood-vasculature,295,interdental septa arteriole,https://purl.org/ccf/ASCTB-TEMP_interdental-septa-arteriole,blood vessel endothelial cell,CL:0000071,TIE1,1,TEK; TIE1; CDH5; PECAM1,HGNC:11724; HGNC:11809; HGNC:1764; HGNC:8823,https://doi.org/10.26463/rjds.15_2_21
blood-vasculature,2952,mucosal venule of colon,https://purl.org/ccf/ASCTB-TEMP_mucosal-venule-of-colon,blood vessel endothelial cell,CL:0000071,TIE1,1,TEK; TIE1; CDH5; PECAM1,HGNC:11724; HGNC:11809; HGNC:1764; HGNC:8823,https://doi.org/10.1111/j.1469-7580.2009.01199.x
blood-vasculature,2929,periductal branch of interlobular vein of pancreas,https://purl.org/ccf/ASCTB-TEMP_periductal-branch-of-interlobular-vein-of-pancreas,blood vessel endothelial cell,CL:0000071,TIE1,1,TEK; TIE1; CDH5; PECAM1,HGNC:11724; HGNC:11809; HGNC:1764; HGNC:8823,https://www.flandershealth.us/chronic-pancreatitis/microcirculation-of-the-pancreas.html
blood-vasculature,2927,periductal branch of lobular vein of pancreas,https://purl.org/ccf/ASCTB-TEMP_periductal-branch-of-lobular-vein-of-pancreas,blood vessel endothelial cell,CL:0000071,TIE1,1,TEK; TIE1; CDH5; PECAM1,HGNC:11724; HGNC:11809; HGNC:1764; HGNC:8823,https://www.flandershealth.us/chronic-pancreatitis/microcirculation-of-the-pancreas.html
blood-vasculature,2948,submucosal vein of colon,https://purl.org/ccf/ASCTB-TEMP_submucosal-vein-of-colon,blood vessel endothelial cell,CL:0000071,TIE1,1,TEK; TIE1; CDH5; PECAM1,HGNC:11724; HGNC:11809; HGNC:1764; HGNC:8823,https://doi.org/10.1111/j.1469-7580.2009.01199.x
blood-vasculature,2950,submucosal venule of colon,https://purl.org/ccf/ASCTB-TEMP_submucosal-venule-of-colon,blood vessel endothelial cell,CL:0000071,TIE1,1,TEK; TIE1; CDH5; PECAM1,HGNC:11724; HGNC:11809; HGNC:1764; HGNC:8823,https://doi.org/10.1111/j.1469-7580.2009.01199.x
blood-vasculature,2954,subserous vein of colon,https://purl.org/ccf/ASCTB-TEMP_subserous-vein-of-colon,blood vessel endothelial cell,CL:0000071,TIE1,1,TEK; TIE1; CDH5; PECAM1,HGNC:11724; HGNC:11809; HGNC:1764; HGNC:8823,https://doi.org/10.1111/j.1469-7580.2009.01199.x
blood-vasculature,2946,vena recta of large intestine,https://purl.org/ccf/ASCTB-TEMP_vena-recta-of-large-intestine,blood vessel endothelial cell,CL:0000071,TIE1,1,TEK; TIE1; CDH5; PECAM1,HGNC:11724; HGNC:11809; HGNC:1764; HGNC:8823,https://doi.org/10.1111/j.1469-7580.2009.01199.x
blood-vasculature,2960,vena recta of large intestine #3,https://purl.org/ccf/ASCTB-TEMP_vena-recta-of-large-intestine-3,blood vessel endothelial cell,CL:0000071,TIE1,1,TEK; TIE1; CDH5; PECAM1,HGNC:11724; HGNC:11809; HGNC:1764; HGNC:8823,https://doi.org/10.1111/j.1469-7580.2009.01199.x
blood-vasculature,2966,vena recta of large intestine #4,https://purl.org/ccf/ASCTB-TEMP_vena-recta-of-large-intestine-4,blood vessel endothelial cell,CL:0000071,TIE1,1,TEK; TIE1; CDH5; PECAM1,HGNC:11724; HGNC:11809; HGNC:1764; HGNC:8823,https://doi.org/10.1111/j.1469-7580.2009.01199.x
blood-vasculature,3393,pericardiacophrenic vein,http://purl.obolibrary.org/obo/UBERON_0001590,blood vessel endothelial cell,CL:0000071,TIE1,1,TEK; TIE1; CDH5; PECAM1,HGNC:11724; HGNC:11809; HGNC:1764; HGNC:8823,https://en.wikipedia.org/wiki/Pericardiacophrenic_veins
blood-vasculature,3383,musculo-phrenic vein,http://purl.obolibrary.org/obo/UBERON_0006662,blood vessel endothelial cell,CL:0000071,TIE1,1,TEK; TIE1; CDH5; PECAM1,HGNC:11724; HGNC:11809; HGNC:1764; HGNC:8823,http://purl.obolibrary.org/obo/UBERON_0006662
blood-vasculature,3391,superior epigastric vein,http://purl.obolibrary.org/obo/UBERON_0007155,blood vessel endothelial cell,CL:0000071,TIE1,1,TEK; TIE1; CDH5; PECAM1,HGNC:11724; HGNC:11809; HGNC:1764; HGNC:8823,https://en.wikipedia.org/wiki/Superior_epigastric_vein
blood-vasculature,339,Pharyngeal branch of the maxillary artery,http://purl.org/sig/ont/fma/fma0327481,blood vessel endothelial cell,CL:0000071,TIE1,1,TEK; TIE1; CDH5; PECAM1,HGNC:11724; HGNC:11809; HGNC:1764; HGNC:8823,https://www.kenhub.com/en/library/anatomy/maxillary-artery
blood-vasculature,2286,Second common palmar digital artery,http://purl.org/sig/ont/fma/fma22855,blood vessel endothelial cell,CL:0000071,TIE1,1,TEK; TIE1; CDH5; PECAM1,HGNC:11724; HGNC:11809; HGNC:1764; HGNC:8823,https://en.wikipedia.org/wiki/Common_palmar_digital_arteries
blood-vasculature,2278,Capillary network of skin,http://purl.org/sig/ont/fma/fma280962,blood vessel endothelial cell,CL:0000071,TIE1,1,TEK; TIE1; CDH5; PECAM1,HGNC:11724; HGNC:11809; HGNC:1764; HGNC:8823,https://en.wikipedia.org/wiki/Proper_palmar_digital_arteries
blood-vasculature,3381,Sixth anterior intercostal vein,http://purl.org/sig/ont/fma/fma4733,blood vessel endothelial cell,CL:0000071,TIE1,1,TEK; TIE1; CDH5; PECAM1,HGNC:11724; HGNC:11809; HGNC:1764; HGNC:8823,https://radiopaedia.org/articles/venous-drainage-of-the-thoracic-wall
blood-vasculature,3379,Fifth anterior intercostal vein,http://purl.org/sig/ont/fma/fma4734,blood vessel endothelial cell,CL:0000071,TIE1,1,TEK; TIE1; CDH5; PECAM1,HGNC:11724; HGNC:11809; HGNC:1764; HGNC:8823,https://radiopaedia.org/articles/venous-drainage-of-the-thoracic-wall
blood-vasculature,3377,Fourth anterior intercostal vein,http://purl.org/sig/ont/fma/fma4735,blood vessel endothelial cell,CL:0000071,TIE1,1,TEK; TIE1; CDH5; PECAM1,HGNC:11724; HGNC:11809; HGNC:1764; HGNC:8823,https://radiopaedia.org/articles/venous-drainage-of-the-thoracic-wall
blood-vasculature,3385,Seventh anterior intercostal vein,http://purl.org/sig/ont/fma/fma4736,blood vessel endothelial cell,CL:0000071,TIE1,1,TEK; TIE1; CDH5; PECAM1,HGNC:11724; HGNC:11809; HGNC:1764; HGNC:8823,https://radiopaedia.org/articles/venous-drainage-of-the-thoracic-wall
blood-vasculature,3387,Eighth anterior intercostal vein,http://purl.org/sig/ont/fma/fma4737,blood vessel endothelial cell,CL:0000071,TIE1,1,TEK; TIE1; CDH5; PECAM1,HGNC:11724; HGNC:11809; HGNC:1764; HGNC:8823,https://radiopaedia.org/articles/venous-drainage-of-the-thoracic-wall
blood-vasculature,3389,Ninth anterior intercostal vein,http://purl.org/sig/ont/fma/fma4738,blood vessel endothelial cell,CL:0000071,TIE1,1,TEK; TIE1; CDH5; PECAM1,HGNC:11724; HGNC:11809; HGNC:1764; HGNC:8823,https://radiopaedia.org/articles/venous-drainage-of-the-thoracic-wall
blood-vasculature,229,Anterior deep temporal artery,http://purl.org/sig/ont/fma/fma49745,blood vessel endothelial cell,CL:0000071,TIE1,1,TEK; TIE1; CDH5; PECAM1,HGNC:11724; HGNC:11809; HGNC:1764; HGNC:8823,https://en.wikipedia.org/wiki/Deep_temporal_arteries
blood-vasculature,2290,Lateral proper palmar digital artery of ring finger,http://purl.org/sig/ont/fma/fma85114,blood vessel endothelial cell,CL:0000071,TIE1,1,TEK; TIE1; CDH5; PECAM1,HGNC:11724; HGNC:11809; HGNC:1764; HGNC:8823,https://en.wikipedia.org/wiki/Proper_palmar_digital_arteries
blood-vasculature,2280,branch of subpapillary plexus,https://purl.org/ccf/ASCTB-TEMP_branch-of-subpapillary-plexus,blood vessel endothelial cell,CL:0000071,TIE1,1,TEK; TIE1; CDH5; PECAM1,HGNC:11724; HGNC:11809; HGNC:1764; HGNC:8823,https://en.wikipedia.org/wiki/Proper_palmar_digital_arteries
blood-vasculature,2294,dorsal branch of lateral proper palmar digital artery of fourth digit of hand,https://purl.org/ccf/ASCTB-TEMP_dorsal-branch-of-lateral-proper-palmar-digital-artery-of-fourth-digit-of-hand,blood vessel endothelial cell,CL:0000071,TIE1,1,TEK; TIE1; CDH5; PECAM1,HGNC:11724; HGNC:11809; HGNC:1764; HGNC:8823,https://en.wikipedia.org/wiki/Proper_palmar_digital_arteries
blood-vasculature,2282,dorsal branch of medial proper palmar digital artery of fifth digit of hand,https://purl.org/ccf/ASCTB-TEMP_dorsal-branch-of-medial-proper-palmar-digital-artery-of-fifth-digit-of-hand,blood vessel endothelial cell,CL:0000071,TIE1,1,TEK; TIE1; CDH5; PECAM1,HGNC:11724; HGNC:11809; HGNC:1764; HGNC:8823,https://en.wikipedia.org/wiki/Proper_palmar_digital_arteries
blood-vasculature,2276,branch of deep cutaneous plexus,https://purl.org/ccf/ASCTB-TEMP_branch-of-deep-cutaneous-plexus,blood vessel endothelial cell,CL:0000071,TIE1,1,TIE1; CDH5; PECAM1; TEK,HGNC:11809; HGNC:1764; HGNC:8823; HGNC:11724,https://en.wikipedia.org/wiki/Proper_palmar_digital_arteries
blood-vasculature,3186,retromandibular vein,http://purl.obolibrary.org/obo/UBERON_0001656,blood vessel endothelial cell,CL:0000071,TIE1,1,TEK; TIE1; CDH5; PECAM1,HGNC:11724; HGNC:11809; HGNC:1764; HGNC:8823,https://en.wikipedia.org/wiki/Retromandibular_vein
blood-vasculature,3184,anterior branch of retromandibular vein,https://purl.org/ccf/ASCTB-TEMP_anterior-branch-of-retromandibular-vein,blood vessel endothelial cell,CL:0000071,TIE1,1,TEK; TIE1; CDH5; PECAM1,HGNC:11724; HGNC:11809; HGNC:1764; HGNC:8823,https://www.kenhub.com/en/library/anatomy/retromandibular-vein
blood-vasculature,3188,deep parotid gland venule,https://purl.org/ccf/ASCTB-TEMP_deep-parotid-gland-venule,blood vessel endothelial cell,CL:0000071,TIE1,1,TEK; TIE1; CDH5; PECAM1,HGNC:11724; HGNC:11809; HGNC:1764; HGNC:8823,https://en.wikipedia.org/wiki/Retromandibular_vein
blood-vasculature,551,superior parietal artery,https://purl.org/ccf/ASCTB-TEMP_superior-parietal-artery,blood vessel endothelial cell,CL:0000071,TIE1,1,TEK; TIE1; CDH5; PECAM1,HGNC:11724; HGNC:11809; HGNC:1764; HGNC:8823,https://doi.org/10.3171/jns.1978.49.2.0204
blood-vasculature,575,tentorial artery,https://purl.org/ccf/ASCTB-TEMP_tentorial-artery,blood vessel endothelial cell,CL:0000071,TIE1,1,TEK; TIE1; CDH5; PECAM1,HGNC:11724; HGNC:11809; HGNC:1764; HGNC:8823,https://en.wikipedia.org/wiki/Meningohypophyseal_artery
blood-vasculature,593,middle cerebral artery,http://purl.obolibrary.org/obo/UBERON_0001627,blood vessel endothelial cell,CL:0000071,TIE1,1,TEK; TIE1; CDH5; PECAM1,HGNC:11724; HGNC:11809; HGNC:1764; HGNC:8823,https://en.wikipedia.org/wiki/Middle_cerebral_artery
blood-vasculature,6,pulmonary vein,http://purl.obolibrary.org/obo/UBERON_0002016,blood vessel endothelial cell,CL:0000071,TIE1,1,TEK; TIE1; CDH5; PECAM1,HGNC:11724; HGNC:11809; HGNC:1764; HGNC:8823,https://radiologykey.com/6-pulmonary-artery-and-vein/
blood-vasculature,597,anterior temporal artery,http://purl.obolibrary.org/obo/UBERON_0035225,blood vessel endothelial cell,CL:0000071,TIE1,1,TEK; TIE1; CDH5; PECAM1,HGNC:11724; HGNC:11809; HGNC:1764; HGNC:8823,https://en.wikipedia.org/wiki/Middle_cerebral_artery
blood-vasculature,605,anterior parietal artery,http://purl.obolibrary.org/obo/UBERON_0035462,blood vessel endothelial cell,CL:0000071,TIE1,1,TEK; TIE1; CDH5; PECAM1,HGNC:11724; HGNC:11809; HGNC:1764; HGNC:8823,https://en.wikipedia.org/wiki/Middle_cerebral_artery
blood-vasculature,589,Hypophysial short portal vein,http://purl.org/sig/ont/fma/fma0327576,blood vessel endothelial cell,CL:0000071,TIE1,1,TEK; TIE1; CDH5; PECAM1,HGNC:11724; HGNC:11809; HGNC:1764; HGNC:8823,https://basicmedicalkey.com/endocrine-system-3/
blood-vasculature,61,Inferior tympanic artery,http://purl.org/sig/ont/fma/fma49506,blood vessel endothelial cell,CL:0000071,TIE1,1,TEK; TIE1; CDH5; PECAM1,HGNC:11724; HGNC:11809; HGNC:1764; HGNC:8823,https://en.wikipedia.org/wiki/Inferior_tympanic_artery
blood-vasculature,613,Branch of middle cerebral artery to angular gyrus,http://purl.org/sig/ont/fma/fma50475,blood vessel endothelial cell,CL:0000071,TIE1,1,TEK; TIE1; CDH5; PECAM1,HGNC:11724; HGNC:11809; HGNC:1764; HGNC:8823,https://radiopaedia.org/articles/angular-artery-mcabranch
blood-vasculature,609,Artery of precentral sulcus,http://purl.org/sig/ont/fma/fma50479,blood vessel endothelial cell,CL:0000071,TIE1,1,TEK; TIE1; CDH5; PECAM1,HGNC:11724; HGNC:11809; HGNC:1764; HGNC:8823,https://en.wikipedia.org/wiki/Middle_cerebral_artery
blood-vasculature,601,Artery of central sulcus,http://purl.org/sig/ont/fma/fma77439,blood vessel endothelial cell,CL:0000071,TIE1,1,TEK; TIE1; CDH5; PECAM1,HGNC:11724; HGNC:11809; HGNC:1764; HGNC:8823,https://en.wikipedia.org/wiki/Middle_cerebral_artery
blood-vasculature,617,Set of lenticulostriate arteries,http://purl.org/sig/ont/fma/fma71479,blood vessel endothelial cell,CL:0000071,TIE1,1,TEK; TIE1; CDH5; PECAM1,HGNC:11724; HGNC:11809; HGNC:1764; HGNC:8823,https://radiopaedia.org/articles/lateral-lenticulostriate-arteries
blood-vasculature,587,capillary plexus of posterior pituitary gland,https://purl.org/ccf/ASCTB-TEMP_capillary-plexus-of-posterior-pituitary-gland,blood vessel endothelial cell,CL:0000071,TIE1,1,TEK; TIE1; CDH5; PECAM1,HGNC:11724; HGNC:11809; HGNC:1764; HGNC:8823,https://basicmedicalkey.com/endocrine-system-3/
blood-vasculature,591,secondary capillary plexus of anterior pituitary gland #2,https://purl.org/ccf/ASCTB-TEMP_secondary-capillary-plexus-of-anterior-pituitary-gland-2,blood vessel endothelial cell,CL:0000071,TIE1,1,TEK; TIE1; CDH5; PECAM1,HGNC:11724; HGNC:11809; HGNC:1764; HGNC:8823,https://basicmedicalkey.com/endocrine-system-3/
blood-vasculature,629,posterior parietal artery,http://purl.obolibrary.org/obo/UBERON_0035222,blood vessel endothelial cell,CL:0000071,TIE1,1,CDH5; PECAM1; TEK; TIE1,HGNC:1764; HGNC:8823; HGNC:11724; HGNC:11809,https://en.wikipedia.org/wiki/Middle_cerebral_artery
blood-vasculature,637,Prefrontal artery,http://purl.org/sig/ont/fma/fma50437,blood vessel endothelial cell,CL:0000071,TIE1,1,CDH5; PECAM1; TEK; TIE1,HGNC:1764; HGNC:8823; HGNC:11724; HGNC:11809,https://en.wikipedia.org/wiki/Middle_cerebral_artery
blood-vasculature,621,Middle temporal branch of middle cerebral artery,http://purl.org/sig/ont/fma/fma50466,blood vessel endothelial cell,CL:0000071,TIE1,1,CDH5; PECAM1; TEK; TIE1,HGNC:1764; HGNC:8823; HGNC:11724; HGNC:11809,https://en.wikipedia.org/wiki/Middle_cerebral_artery
blood-vasculature,633,Posterior temporal branch of middle cerebral artery,http://purl.org/sig/ont/fma/fma50469,blood vessel endothelial cell,CL:0000071,TIE1,1,CDH5; PECAM1; TEK; TIE1,HGNC:1764; HGNC:8823; HGNC:11724; HGNC:11809,https://en.wikipedia.org/wiki/Middle_cerebral_artery
blood-vasculature,625,orbitofrontal branch of middle cerebral artery,https://purl.org/ccf/ASCTB-TEMP_orbitofrontal-branch-of-middle-cerebral-artery,blood vessel endothelial cell,CL:0000071,TIE1,1,CDH5; PECAM1; TEK; TIE1,HGNC:1764; HGNC:8823; HGNC:11724; HGNC:11809,https://en.wikipedia.org/wiki/Middle_cerebral_artery
blood-vasculature,1648,Left third lumbar artery,http://purl.org/sig/ont/fma/fma14744,blood vessel endothelial cell,CL:0000071,TIE1,1,TEK; TIE1; PECAM1; CDH5,HGNC:11724; HGNC:11809; HGNC:8823; HGNC:1764,https://en.wikipedia.org/wiki/Lumbar_arteries
blood-vasculature,1652,Left fourth lumbar artery,http://purl.org/sig/ont/fma/fma14745,blood vessel endothelial cell,CL:0000071,TIE1,1,TEK; TIE1; CDH5; PECAM1,HGNC:11724; HGNC:11809; HGNC:1764; HGNC:8823,https://en.wikipedia.org/wiki/Lumbar_arteries
blood-vasculature,1660,Left middle suprarenal artery,http://purl.org/sig/ont/fma/fma14756,blood vessel endothelial cell,CL:0000071,TIE1,1,TEK; TIE1; CDH5; PECAM1,HGNC:11724; HGNC:11809; HGNC:1764; HGNC:8823,https://en.wikipedia.org/wiki/Middle_suprarenal_arteries
blood-vasculature,1664,Left ovarian artery,http://purl.org/sig/ont/fma/fma14763,blood vessel endothelial cell,CL:0000071,TIE1,1,TEK; TIE1; CDH5; PECAM1,HGNC:11724; HGNC:11809; HGNC:1764; HGNC:8823,https://en.wikipedia.org/wiki/Ovarian_artery
blood-vasculature,1656,Left fifth lumbar artery,http://purl.org/sig/ont/fma/fma14903,blood vessel endothelial cell,CL:0000071,TIE1,1,TEK; TIE1; CDH5; PECAM1,HGNC:11724; HGNC:11809; HGNC:1764; HGNC:8823,https://en.wikipedia.org/wiki/Lumbar_arteries
blood-vasculature,3252,submental vein,http://purl.obolibrary.org/obo/UBERON_0001655,blood vessel endothelial cell,CL:0000071,TIE1,1,TEK; TIE1; CDH5; PECAM1,HGNC:11724; HGNC:11809; HGNC:1764; HGNC:8823,http://purl.obolibrary.org/obo/UBERON_0001655
blood-vasculature,3262,central retinal vein,http://purl.obolibrary.org/obo/UBERON_0001673,blood vessel endothelial cell,CL:0000071,TIE1,1,TEK; TIE1; CDH5; PECAM1,HGNC:11724; HGNC:11809; HGNC:1764; HGNC:8823,https://en.wikipedia.org/wiki/Central_retinal_vein
blood-vasculature,3254,vein of upper lip,http://purl.obolibrary.org/obo/UBERON_0003477,blood vessel endothelial cell,CL:0000071,TIE1,1,TEK; TIE1; CDH5; PECAM1,HGNC:11724; HGNC:11809; HGNC:1764; HGNC:8823,https://en.wikipedia.org/wiki/Superior_labial_vein
blood-vasculature,3244,vein of lower lip,http://purl.obolibrary.org/obo/UBERON_0003478,blood vessel endothelial cell,CL:0000071,TIE1,1,TEK; TIE1; CDH5; PECAM1,HGNC:11724; HGNC:11809; HGNC:1764; HGNC:8823,https://en.wikipedia.org/wiki/Inferior_labial_vein
blood-vasculature,3261,cavernous sinus,http://purl.obolibrary.org/obo/UBERON_0003712,blood vessel endothelial cell,CL:0000071,TIE1,1,TEK; TIE1; CDH5; PECAM1,HGNC:11724; HGNC:11809; HGNC:1764; HGNC:8823,https://en.wikipedia.org/wiki/Cavernous_sinus
blood-vasculature,3260,inferior petrosal sinus,http://purl.obolibrary.org/obo/UBERON_0007160,blood vessel endothelial cell,CL:0000071,TIE1,1,TEK; TIE1; CDH5; PECAM1,HGNC:11724; HGNC:11809; HGNC:1764; HGNC:8823,https://en.wikipedia.org/wiki/Inferior_petrosal_sinus
blood-vasculature,3275,superior ophthalmic vein,http://purl.obolibrary.org/obo/UBERON_0011192,blood vessel endothelial cell,CL:0000071,TIE1,1,TEK; TIE1; CDH5; PECAM1,HGNC:11724; HGNC:11809; HGNC:1764; HGNC:8823,https://en.wikipedia.org/wiki/Superior_ophthalmic_vein
blood-vasculature,3268,inferior ophthalmic vein,http://purl.obolibrary.org/obo/UBERON_0011193,blood vessel endothelial cell,CL:0000071,TIE1,1,TEK; TIE1; CDH5; PECAM1,HGNC:11724; HGNC:11809; HGNC:1764; HGNC:8823,https://en.wikipedia.org/wiki/Inferior_ophthalmic_vein
blood-vasculature,3281,lacrimal vein,http://purl.obolibrary.org/obo/UBERON_0018256,blood vessel endothelial cell,CL:0000071,TIE1,1,TEK; TIE1; CDH5; PECAM1,HGNC:11724; HGNC:11809; HGNC:1764; HGNC:8823,https://www.imaios.com/en/e-Anatomy/Anatomical-Parts/Lacrimal-vein
blood-vasculature,3258,inferior bulb of internal jugular vein,http://purl.obolibrary.org/obo/UBERON_0034982,blood vessel endothelial cell,CL:0000071,TIE1,1,TEK; TIE1; CDH5; PECAM1,HGNC:11724; HGNC:11809; HGNC:1764; HGNC:8823,https://en.wikipedia.org/wiki/Internal_jugular_vein
blood-vasculature,3272,superficial middle cerebral vein,http://purl.obolibrary.org/obo/UBERON_0035231,blood vessel endothelial cell,CL:0000071,TIE1,1,TEK; TIE1; CDH5; PECAM1,HGNC:11724; HGNC:11809; HGNC:1764; HGNC:8823,https://en.wikipedia.org/wiki/Middle_cerebral_veins
blood-vasculature,3270,posterior ciliary vein,http://purl.obolibrary.org/obo/UBERON_0035547,blood vessel endothelial cell,CL:0000071,TIE1,1,TEK; TIE1; CDH5; PECAM1,HGNC:11724; HGNC:11809; HGNC:1764; HGNC:8823,https://en.wikipedia.org/wiki/Vorticose_veins
blood-vasculature,2326,lateral thoracic artery,http://purl.obolibrary.org/obo/UBERON_0001396,blood vessel endothelial cell,CL:0000071,TIE1,1,TEK; TIE1; CDH5; PECAM1,HGNC:11724; HGNC:11809; HGNC:1764; HGNC:8823,https://en.wikipedia.org/wiki/Lateral_thoracic_artery
blood-vasculature,2330,Posterior circumflex humeral artery,http://purl.org/sig/ont/fma/fma22684,blood vessel endothelial cell,CL:0000071,TIE1,1,TEK; TIE1; CDH5; PECAM1,HGNC:11724; HGNC:11809; HGNC:1764; HGNC:8823,https://en.wikipedia.org/wiki/Posterior_humeral_circumflex_artery
blood-vasculature,2318,Medial proper palmar digital artery of ring finger,http://purl.org/sig/ont/fma/fma23046,blood vessel endothelial cell,CL:0000071,TIE1,1,TEK; TIE1; CDH5; PECAM1,HGNC:11724; HGNC:11809; HGNC:1764; HGNC:8823,https://en.wikipedia.org/wiki/Proper_palmar_digital_arteries
blood-vasculature,2310,Lateral proper palmar digital artery of little finger,http://purl.org/sig/ont/fma/fma23048,blood vessel endothelial cell,CL:0000071,TIE1,1,TEK; TIE1; CDH5; PECAM1,HGNC:11724; HGNC:11809; HGNC:1764; HGNC:8823,https://en.wikipedia.org/wiki/Proper_palmar_digital_arteries
blood-vasculature,233,Anterior tympanic artery,http://purl.org/sig/ont/fma/fma49692,blood vessel endothelial cell,CL:0000071,TIE1,1,TEK; TIE1; CDH5; PECAM1,HGNC:11724; HGNC:11809; HGNC:1764; HGNC:8823,https://en.wikipedia.org/wiki/Anterior_tympanic_artery
blood-vasculature,2306,Third common palmar digital artery,http://purl.org/sig/ont/fma/fma85107,blood vessel endothelial cell,CL:0000071,TIE1,1,TEK; TIE1; CDH5; PECAM1,HGNC:11724; HGNC:11809; HGNC:1764; HGNC:8823,https://en.wikipedia.org/wiki/Common_palmar_digital_arteries
blood-vasculature,2298,Medial proper palmar digital artery of middle finger,http://purl.org/sig/ont/fma/fma85111,blood vessel endothelial cell,CL:0000071,TIE1,1,TEK; TIE1; CDH5; PECAM1,HGNC:11724; HGNC:11809; HGNC:1764; HGNC:8823,https://en.wikipedia.org/wiki/Proper_palmar_digital_arteries
blood-vasculature,2314,dorsal branch of lateral proper palmar digital artery of fifth digit of hand,https://purl.org/ccf/ASCTB-TEMP_dorsal-branch-of-lateral-proper-palmar-digital-artery-of-fifth-digit-of-hand,blood vessel endothelial cell,CL:0000071,TIE1,1,TEK; TIE1; CDH5; PECAM1,HGNC:11724; HGNC:11809; HGNC:1764; HGNC:8823,https://en.wikipedia.org/wiki/Proper_palmar_digital_arteries
blood-vasculature,2102,Second dorsal metacarpal artery,http://purl.org/sig/ont/fma/fma0323595,blood vessel endothelial cell,CL:0000071,TIE1,1,TEK; TIE1; CDH5; PECAM1,HGNC:11724; HGNC:11809; HGNC:1764; HGNC:8823,https://www.hand.theclinics.com/article/S0749-0712(19)30087-3/fulltext#secsectitle0035
blood-vasculature,2114,Third dorsal metacarpal artery,http://purl.org/sig/ont/fma/fma0323596,blood vessel endothelial cell,CL:0000071,TIE1,1,TEK; TIE1; CDH5; PECAM1,HGNC:11724; HGNC:11809; HGNC:1764; HGNC:8823,https://www.hand.theclinics.com/article/S0749-0712(19)30087-3/fulltext#secsectitle0035
blood-vasculature,2106,lateral dorsal digital artery of third digit of hand,https://purl.org/ccf/ASCTB-TEMP_lateral-dorsal-digital-artery-of-third-digit-of-hand,blood vessel endothelial cell,CL:0000071,TIE1,1,TEK; TIE1; CDH5; PECAM1,HGNC:11724; HGNC:11809; HGNC:1764; HGNC:8823,https://www.hand.theclinics.com/article/S0749-0712(19)30087-3/fulltext#secsectitle0035
blood-vasculature,2098,medial dorsal digital artery of fourth digit of hand,https://purl.org/ccf/ASCTB-TEMP_medial-dorsal-digital-artery-of-fourth-digit-of-hand,blood vessel endothelial cell,CL:0000071,TIE1,1,TEK; TIE1; CDH5; PECAM1,HGNC:11724; HGNC:11809; HGNC:1764; HGNC:8823,https://www.hand.theclinics.com/article/S0749-0712(19)30087-3/fulltext#secsectitle0035
blood-vasculature,2110,medial dorsal digital artery of second digit of hand,https://purl.org/ccf/ASCTB-TEMP_medial-dorsal-digital-artery-of-second-digit-of-hand,blood vessel endothelial cell,CL:0000071,TIE1,1,TEK; TIE1; CDH5; PECAM1,HGNC:11724; HGNC:11809; HGNC:1764; HGNC:8823,https://www.hand.theclinics.com/article/S0749-0712(19)30087-3/fulltext#secsectitle0035
blood-vasculature,211,tongue arteriole,https://purl.org/ccf/ASCTB-TEMP_tongue-arteriole,blood vessel endothelial cell,CL:0000071,TIE1,1,TEK; TIE1; CDH5; PECAM1,HGNC:11724; HGNC:11809; HGNC:1764; HGNC:8823,https://en.wikipedia.org/wiki/Lingual_artery
blood-vasculature,1486,superior vesical artery,http://purl.obolibrary.org/obo/UBERON_0001312,blood vessel endothelial cell,CL:0000071,TIE1,1,TEK; TIE1; CDH5; PECAM1,HGNC:11724; HGNC:11809; HGNC:1764; HGNC:8823,https://en.wikipedia.org/wiki/Superior_vesical_artery
blood-vasculature,1470,obturator artery,http://purl.obolibrary.org/obo/UBERON_0001314,blood vessel endothelial cell,CL:0000071,TIE1,1,TEK; TIE1; CDH5; PECAM1,HGNC:11724; HGNC:11809; HGNC:1764; HGNC:8823,https://en.wikipedia.org/wiki/Internal_iliac_artery
blood-vasculature,1478,Trunk of anterior part of obturator artery,http://purl.org/sig/ont/fma/fma70150,blood vessel endothelial cell,CL:0000071,TIE1,1,TEK; TIE1; CDH5; PECAM1,HGNC:11724; HGNC:11809; HGNC:1764; HGNC:8823,https://en.wikipedia.org/wiki/Obturator_artery
blood-vasculature,1474,Trunk of acetabular part of obturator artery,http://purl.org/sig/ont/fma/fma70175,blood vessel endothelial cell,CL:0000071,TIE1,1,TEK; TIE1; CDH5; PECAM1,HGNC:11724; HGNC:11809; HGNC:1764; HGNC:8823,https://www.kenhub.com/en/library/anatomy/obturator-artery
blood-vasculature,1482,posterior branch of obturator artery,https://purl.org/ccf/ASCTB-TEMP_posterior-branch-of-obturator-artery,blood vessel endothelial cell,CL:0000071,TIE1,1,TEK; TIE1; CDH5; PECAM1,HGNC:11724; HGNC:11809; HGNC:1764; HGNC:8823,https://en.wikipedia.org/wiki/Obturator_artery
blood-vasculature,669,lacrimal artery,http://purl.obolibrary.org/obo/UBERON_0001622,blood vessel endothelial cell,CL:0000071,TIE1,1,TEK; TIE1; CDH5; PECAM1,HGNC:11724; HGNC:11809; HGNC:1764; HGNC:8823,https://en.wikipedia.org/wiki/Lacrimal_artery
blood-vasculature,665,hyaloid artery,http://purl.obolibrary.org/obo/UBERON_0002270,blood vessel endothelial cell,CL:0000071,TIE1,1,TEK; TIE1; CDH5; PECAM1,HGNC:11724; HGNC:11809; HGNC:1764; HGNC:8823,https://en.wikipedia.org/wiki/Hyaloid_artery
blood-vasculature,697,posterior ethmoidal artery,http://purl.obolibrary.org/obo/UBERON_0012319,blood vessel endothelial cell,CL:0000071,TIE1,1,TEK; TIE1; CDH5; PECAM1,HGNC:11724; HGNC:11809; HGNC:1764; HGNC:8823,https://en.wikipedia.org/wiki/Posterior_ethmoidal_artery
blood-vasculature,673,lateral palpebral artery,http://purl.obolibrary.org/obo/UBERON_0014772,blood vessel endothelial cell,CL:0000071,TIE1,1,TEK; TIE1; CDH5; PECAM1,HGNC:11724; HGNC:11809; HGNC:1764; HGNC:8823,https://en.wikipedia.org/wiki/Lateral_palpebral_arteries
blood-vasculature,693,medial palpebral artery,http://purl.obolibrary.org/obo/UBERON_0014773,blood vessel endothelial cell,CL:0000071,TIE1,1,TEK; TIE1; CDH5; PECAM1,HGNC:11724; HGNC:11809; HGNC:1764; HGNC:8823,https://en.wikipedia.org/wiki/Medial_palpebral_arteries
blood-vasculature,677,Recurrent meningeal branch of lacrimal artery,http://purl.org/sig/ont/fma/fma51965,blood vessel endothelial cell,CL:0000071,TIE1,1,TEK; TIE1; CDH5; PECAM1,HGNC:11724; HGNC:11809; HGNC:1764; HGNC:8823,https://ranzcrpart1.fandom.com/wiki/Arterial_supply_to_brain:Ophthalmic_artery_and_branches
blood-vasculature,689,Set of long posterior ciliary arteries,http://purl.org/sig/ont/fma/fma70778,blood vessel endothelial cell,CL:0000071,TIE1,1,TEK; TIE1; CDH5; PECAM1,HGNC:11724; HGNC:11809; HGNC:1764; HGNC:8823,https://en.wikipedia.org/wiki/Long_posterior_ciliary_arteries
blood-vasculature,69,hypoglossal branch of ascending pharyngeal artery,https://purl.org/ccf/ASCTB-TEMP_hypoglossal-branch-of-ascending-pharyngeal-artery,blood vessel endothelial cell,CL:0000071,TIE1,1,TEK; TIE1; CDH5; PECAM1,HGNC:11724; HGNC:11809; HGNC:1764; HGNC:8823,https://en.wikipedia.org/wiki/Ascending_pharyngeal_artery
blood-vasculature,681,zygomaticofacial artery,https://purl.org/ccf/ASCTB-TEMP_zygomaticofacial-artery,blood vessel endothelial cell,CL:0000071,TIE1,1,TEK; TIE1; CDH5; PECAM1,HGNC:11724; HGNC:11809; HGNC:1764; HGNC:8823,https://ranzcrpart1.fandom.com/wiki/Arterial_supply_to_brain:Ophthalmic_artery_and_branches
blood-vasculature,685,zygomaticotemporal artery,https://purl.org/ccf/ASCTB-TEMP_zygomaticotemporal-artery,blood vessel endothelial cell,CL:0000071,TIE1,1,TEK; TIE1; CDH5; PECAM1,HGNC:11724; HGNC:11809; HGNC:1764; HGNC:8823,https://ranzcrpart1.fandom.com/wiki/Arterial_supply_to_brain:Ophthalmic_artery_and_branches
blood-vasculature,2592,posterior cerebral artery,http://purl.obolibrary.org/obo/UBERON_0001636,blood vessel endothelial cell,CL:0000071,TIE1,1,PECAM1; TEK; TIE1; CDH5,HGNC:8823; HGNC:11724; HGNC:11809; HGNC:1764,https://en.wikipedia.org/wiki/Posterior_cerebral_artery
blood-vasculature,2576,spiral modiolar artery,http://purl.obolibrary.org/obo/UBERON_0002505,blood vessel endothelial cell,CL:0000071,TIE1,1,PECAM1; TEK; TIE1; CDH5,HGNC:8823; HGNC:11724; HGNC:11809; HGNC:1764,https://www.dizziness-and-balance.com/anatomy/ear/vascular.html
blood-vasculature,3397,axillary vein,http://purl.obolibrary.org/obo/UBERON_0000985,blood vessel endothelial cell,CL:0000071,TIE1,1,TEK; TIE1; CDH5; PECAM1,HGNC:11724; HGNC:11809; HGNC:1764; HGNC:8823,https://en.wikipedia.org/wiki/Axillary_vein
blood-vasculature,3431,cephalic vein,http://purl.obolibrary.org/obo/UBERON_0001106,blood vessel endothelial cell,CL:0000071,TIE1,1,TEK; TIE1; CDH5; PECAM1,HGNC:11724; HGNC:11809; HGNC:1764; HGNC:8823,https://en.wikipedia.org/wiki/Cephalic_vein
blood-vasculature,3399,basilic vein,http://purl.obolibrary.org/obo/UBERON_0001411,blood vessel endothelial cell,CL:0000071,TIE1,1,TEK; TIE1; CDH5; PECAM1,HGNC:11724; HGNC:11809; HGNC:1764; HGNC:8823,https://en.wikipedia.org/wiki/Basilic_vein
blood-vasculature,3421,common palmar digital vein,http://purl.obolibrary.org/obo/UBERON_0001412,blood vessel endothelial cell,CL:0000071,TIE1,1,TEK; TIE1; CDH5; PECAM1,HGNC:11724; HGNC:11809; HGNC:1764; HGNC:8823,https://en.wikipedia.org/wiki/Superficial_palmar_venous_arch
blood-vasculature,3411,brachial vein,http://purl.obolibrary.org/obo/UBERON_0001413,blood vessel endothelial cell,CL:0000071,TIE1,1,TEK; TIE1; CDH5; PECAM1,HGNC:11724; HGNC:11809; HGNC:1764; HGNC:8823,https://en.wikipedia.org/wiki/Brachial_veins
blood-vasculature,3409,median basilic vein,http://purl.obolibrary.org/obo/UBERON_0001414,blood vessel endothelial cell,CL:0000071,TIE1,1,TEK; TIE1; CDH5; PECAM1,HGNC:11724; HGNC:11809; HGNC:1764; HGNC:8823,https://en.wikipedia.org/wiki/Median_cubital_vein
blood-vasculature,3439,subscapular vein,http://purl.obolibrary.org/obo/UBERON_0001420,blood vessel endothelial cell,CL:0000071,TIE1,1,TEK; TIE1; CDH5; PECAM1,HGNC:11724; HGNC:11809; HGNC:1764; HGNC:8823,https://en.wikipedia.org/wiki/Axillary_vein
blood-vasculature,3437,lateral thoracic vein,http://purl.obolibrary.org/obo/UBERON_0002088,blood vessel endothelial cell,CL:0000071,TIE1,1,TEK; TIE1; CDH5; PECAM1,HGNC:11724; HGNC:11809; HGNC:1764; HGNC:8823,https://en.wikipedia.org/wiki/Lateral_thoracic_vein
blood-vasculature,3423,proper palmar digital vein,http://purl.obolibrary.org/obo/UBERON_0004561,blood vessel endothelial cell,CL:0000071,TIE1,1,TEK; TIE1; CDH5; PECAM1,HGNC:11724; HGNC:11809; HGNC:1764; HGNC:8823,http://purl.obolibrary.org/obo/UBERON_0004561
blood-vasculature,3435,circumflex humeral vein,http://purl.obolibrary.org/obo/UBERON_8600073,blood vessel endothelial cell,CL:0000071,TIE1,1,TEK; TIE1; CDH5; PECAM1,HGNC:11724; HGNC:11809; HGNC:1764; HGNC:8823,https://en.wikipedia.org/wiki/Axillary_vein
blood-vasculature,3413,radial vein,http://purl.obolibrary.org/obo/UBERON_8600092,blood vessel endothelial cell,CL:0000071,TIE1,1,TEK; TIE1; CDH5; PECAM1,HGNC:11724; HGNC:11809; HGNC:1764; HGNC:8823,https://en.wikipedia.org/wiki/Radial_veins
blood-vasculature,3417,ulnar vein,http://purl.obolibrary.org/obo/UBERON_8600093,blood vessel endothelial cell,CL:0000071,TIE1,1,TEK; TIE1; CDH5; PECAM1,HGNC:11724; HGNC:11809; HGNC:1764; HGNC:8823,https://en.wikipedia.org/wiki/Ulnar_veins
blood-vasculature,3415,Deep palmar venous arch,http://purl.org/sig/ont/fma/fma22911,blood vessel endothelial cell,CL:0000071,TIE1,1,TEK; TIE1; CDH5; PECAM1,HGNC:11724; HGNC:11809; HGNC:1764; HGNC:8823,https://en.wikipedia.org/wiki/Deep_palmar_venous_arch
blood-vasculature,3419,Superficial palmar venous arch,http://purl.org/sig/ont/fma/fma22914,blood vessel endothelial cell,CL:0000071,TIE1,1,TEK; TIE1; CDH5; PECAM1,HGNC:11724; HGNC:11809; HGNC:1764; HGNC:8823,https://en.wikipedia.org/wiki/Superficial_palmar_venous_arch
blood-vasculature,3403,Dorsal metacarpal vein,http://purl.org/sig/ont/fma/fma22954,blood vessel endothelial cell,CL:0000071,TIE1,1,TEK; TIE1; CDH5; PECAM1,HGNC:11724; HGNC:11809; HGNC:1764; HGNC:8823,https://en.wikipedia.org/wiki/Dorsal_metacarpal_veins
blood-vasculature,3405,Dorsal digital vein of finger,http://purl.org/sig/ont/fma/fma22958,blood vessel endothelial cell,CL:0000071,TIE1,1,TEK; TIE1; CDH5; PECAM1,HGNC:11724; HGNC:11809; HGNC:1764; HGNC:8823,https://en.wikipedia.org/wiki/Dorsal_metacarpal_veins
blood-vasculature,3407,Median antebrachial vein,http://purl.org/sig/ont/fma/fma22967,blood vessel endothelial cell,CL:0000071,TIE1,1,TEK; TIE1; CDH5; PECAM1,HGNC:11724; HGNC:11809; HGNC:1764; HGNC:8823,https://en.wikipedia.org/wiki/Median_antebrachial_vein
blood-vasculature,343,Posterior deep temporal artery,http://purl.org/sig/ont/fma/fma49746,blood vessel endothelial cell,CL:0000071,TIE1,1,TEK; TIE1; CDH5; PECAM1,HGNC:11724; HGNC:11809; HGNC:1764; HGNC:8823,https://en.wikipedia.org/wiki/Deep_temporal_arteries
blood-vasculature,3401,Dorsal venous network of hand,http://purl.org/sig/ont/fma/fma67977,blood vessel endothelial cell,CL:0000071,TIE1,1,TEK; TIE1; CDH5; PECAM1,HGNC:11724; HGNC:11809; HGNC:1764; HGNC:8823,https://en.wikipedia.org/wiki/Dorsal_venous_network_of_hand
blood-vasculature,3433,Dorsal venous network of hand,http://purl.org/sig/ont/fma/fma67977,blood vessel endothelial cell,CL:0000071,TIE1,1,TEK; TIE1; CDH5; PECAM1,HGNC:11724; HGNC:11809; HGNC:1764; HGNC:8823,https://en.wikipedia.org/wiki/Dorsal_venous_network_of_hand
blood-vasculature,3427,cutaneous branch of medial proper palmar digital vein of fifth digit of hand,https://purl.org/ccf/ASCTB-TEMP_cutaneous-branch-of-medial-proper-palmar-digital-vein-of-fifth-digit-of-hand,blood vessel endothelial cell,CL:0000071,TIE1,1,TEK; TIE1; CDH5; PECAM1,HGNC:11724; HGNC:11809; HGNC:1764; HGNC:8823,https://en.wikipedia.org/wiki/Superficial_palmar_venous_arch
blood-vasculature,3429,cutaneous venule,https://purl.org/ccf/ASCTB-TEMP_cutaneous-venule,blood vessel endothelial cell,CL:0000071,TIE1,1,TEK; TIE1; CDH5; PECAM1,HGNC:11724; HGNC:11809; HGNC:1764; HGNC:8823,https://en.wikipedia.org/wiki/Superficial_palmar_venous_arch
blood-vasculature,3425,medial proper palmar digital vein of fifth digit of hand,https://purl.org/ccf/ASCTB-TEMP_medial-proper-palmar-digital-vein-of-fifth-digit-of-hand,blood vessel endothelial cell,CL:0000071,TIE1,1,TEK; TIE1; CDH5; PECAM1,HGNC:11724; HGNC:11809; HGNC:1764; HGNC:8823,https://en.wikipedia.org/wiki/Superficial_palmar_venous_arch
blood-vasculature,3395,subclavian vein,http://purl.obolibrary.org/obo/UBERON_0001587,blood vessel endothelial cell,CL:0000071,TIE1,1,TIE1; CDH5; PECAM1; TEK,HGNC:11809; HGNC:1764; HGNC:8823; HGNC:11724,https://en.wikipedia.org/wiki/Subclavian_vein
blood-vasculature,33,arch of aorta,http://purl.obolibrary.org/obo/UBERON_0001508,blood vessel endothelial cell,CL:0000071,TIE1,1,TEK; TIE1; CDH5; PECAM1,HGNC:11724; HGNC:11809; HGNC:1764; HGNC:8823,https://en.wikipedia.org/wiki/Aortic_arch
blood-vasculature,3317,transverse sinus,http://purl.obolibrary.org/obo/UBERON_0001641,blood vessel endothelial cell,CL:0000071,TIE1,1,TEK; TIE1; CDH5; PECAM1,HGNC:11724; HGNC:11809; HGNC:1764; HGNC:8823,https://en.wikipedia.org/wiki/Transverse_sinuses
blood-vasculature,3196,deep temporal vein,http://purl.obolibrary.org/obo/UBERON_0001661,blood vessel endothelial cell,CL:0000071,TIE1,1,TEK; TIE1; CDH5; PECAM1,HGNC:11724; HGNC:11809; HGNC:1764; HGNC:8823,https://www.healthline.com/human-body-maps/deep-temporal-veins#1
blood-vasculature,3320,tentorial sinus,http://purl.obolibrary.org/obo/UBERON_0005481,blood vessel endothelial cell,CL:0000071,TIE1,1,TEK; TIE1; CDH5; PECAM1,HGNC:11724; HGNC:11809; HGNC:1764; HGNC:8823,https://en.wikipedia.org/wiki/Straight_sinus
blood-vasculature,3315,sigmoid sinus,http://purl.obolibrary.org/obo/UBERON_0005475,blood vessel endothelial cell,CL:0000071,TIE1,1,TEK; TIE1; CDH5; PECAM1,HGNC:11724; HGNC:11809; HGNC:1764; HGNC:8823,https://en.wikipedia.org/wiki/Sigmoid_sinus
blood-vasculature,3287,lingual vein,http://purl.obolibrary.org/obo/UBERON_0006634,blood vessel endothelial cell,CL:0000071,TIE1,1,TEK; TIE1; CDH5; PECAM1,HGNC:11724; HGNC:11809; HGNC:1764; HGNC:8823,https://en.wikipedia.org/wiki/Lingual_veins
blood-vasculature,331,masseteric artery,http://purl.obolibrary.org/obo/UBERON_0013648,blood vessel endothelial cell,CL:0000071,TIE1,1,TEK; TIE1; CDH5; PECAM1,HGNC:11724; HGNC:11809; HGNC:1764; HGNC:8823,https://en.wikipedia.org/wiki/Masseteric_artery
blood-vasculature,3316,marginal venous sinus,http://purl.obolibrary.org/obo/UBERON_0017637,blood vessel endothelial cell,CL:0000071,TIE1,1,TEK; TIE1; CDH5; PECAM1,HGNC:11724; HGNC:11809; HGNC:1764; HGNC:8823,https://doi.org/10.1177/159101999600200307
blood-vasculature,3313,middle thyroid vein,http://purl.obolibrary.org/obo/UBERON_0034965,blood vessel endothelial cell,CL:0000071,TIE1,1,TEK; TIE1; CDH5; PECAM1,HGNC:11724; HGNC:11809; HGNC:1764; HGNC:8823,https://en.wikipedia.org/wiki/Middle_thyroid_vein
blood-vasculature,3289,deep lingual vein,http://purl.obolibrary.org/obo/UBERON_8600069,blood vessel endothelial cell,CL:0000071,TIE1,1,TEK; TIE1; CDH5; PECAM1,HGNC:11724; HGNC:11809; HGNC:1764; HGNC:8823,https://en.wikipedia.org/wiki/Deep_lingual_vein
blood-vasculature,3295,dorsal lingual vein,http://purl.obolibrary.org/obo/UBERON_8600070,blood vessel endothelial cell,CL:0000071,TIE1,1,TEK; TIE1; CDH5; PECAM1,HGNC:11724; HGNC:11809; HGNC:1764; HGNC:8823,https://en.wikipedia.org/wiki/Dorsal_lingual_veins
blood-vasculature,3303,sublingual vein,http://purl.obolibrary.org/obo/UBERON_8600071,blood vessel endothelial cell,CL:0000071,TIE1,1,TEK; TIE1; CDH5; PECAM1,HGNC:11724; HGNC:11809; HGNC:1764; HGNC:8823,https://en.wikipedia.org/wiki/Sublingual_vein
blood-vasculature,3319,Occipital sinus,http://purl.org/sig/ont/fma/fma50781,blood vessel endothelial cell,CL:0000071,TIE1,1,TEK; TIE1; CDH5; PECAM1,HGNC:11724; HGNC:11809; HGNC:1764; HGNC:8823,https://en.wikipedia.org/wiki/Occipital_sinus
blood-vasculature,3318,Sinus confluence,http://purl.org/sig/ont/fma/fma50784,blood vessel endothelial cell,CL:0000071,TIE1,1,TEK; TIE1; CDH5; PECAM1,HGNC:11724; HGNC:11809; HGNC:1764; HGNC:8823,https://en.wikipedia.org/wiki/Confluence_of_sinuses
blood-vasculature,3291,anterior lingual gland venule,https://purl.org/ccf/ASCTB-TEMP_anterior-lingual-gland-venule,blood vessel endothelial cell,CL:0000071,TIE1,1,TEK; TIE1; CDH5; PECAM1,HGNC:11724; HGNC:11809; HGNC:1764; HGNC:8823,https://en.wikipedia.org/wiki/Deep_lingual_vein
blood-vasculature,3293,buccal mucosa venule,https://purl.org/ccf/ASCTB-TEMP_buccal-mucosa-venule,blood vessel endothelial cell,CL:0000071,TIE1,1,TEK; TIE1; CDH5; PECAM1,HGNC:11724; HGNC:11809; HGNC:1764; HGNC:8823,https://en.wikipedia.org/wiki/Deep_lingual_vein
blood-vasculature,3305,concomitant Wharton doct vein,https://purl.org/ccf/ASCTB-TEMP_concomitant-wharton-doct-vein,blood vessel endothelial cell,CL:0000071,TIE1,1,TEK; TIE1; CDH5; PECAM1,HGNC:11724; HGNC:11809; HGNC:1764; HGNC:8823,https://en.wikipedia.org/wiki/Sublingual_vein
blood-vasculature,3301,palatine tonsil venule,https://purl.org/ccf/ASCTB-TEMP_palatine-tonsil-venule,blood vessel endothelial cell,CL:0000071,TIE1,1,TEK; TIE1; CDH5; PECAM1,HGNC:11724; HGNC:11809; HGNC:1764; HGNC:8823,https://en.wikipedia.org/wiki/Lingual_veins
blood-vasculature,3299,peritonsillar venous plexus,https://purl.org/ccf/ASCTB-TEMP_peritonsillar-venous-plexus,blood vessel endothelial cell,CL:0000071,TIE1,1,TEK; TIE1; CDH5; PECAM1,HGNC:11724; HGNC:11809; HGNC:1764; HGNC:8823,https://en.wikipedia.org/wiki/Lingual_veins
blood-vasculature,3309,sublingual gland venule,https://purl.org/ccf/ASCTB-TEMP_sublingual-gland-venule,blood vessel endothelial cell,CL:0000071,TIE1,1,TEK; TIE1; CDH5; PECAM1,HGNC:11724; HGNC:11809; HGNC:1764; HGNC:8823,https://en.wikipedia.org/wiki/Sublingual_vein
blood-vasculature,3307,submandibular gland venule,https://purl.org/ccf/ASCTB-TEMP_submandibular-gland-venule,blood vessel endothelial cell,CL:0000071,TIE1,1,TEK; TIE1; CDH5; PECAM1,HGNC:11724; HGNC:11809; HGNC:1764; HGNC:8823,https://en.wikipedia.org/wiki/Sublingual_vein
blood-vasculature,3311,tongue venule,https://purl.org/ccf/ASCTB-TEMP_tongue-venule,blood vessel endothelial cell,CL:0000071,TIE1,1,TEK; TIE1; CDH5; PECAM1,HGNC:11724; HGNC:11809; HGNC:1764; HGNC:8823,https://en.wikipedia.org/wiki/Lingual_veins
blood-vasculature,3297,Weber's gland venule,https://purl.org/ccf/ASCTB-TEMP_weber-s-gland-venule,blood vessel endothelial cell,CL:0000071,TIE1,1,TEK; TIE1; CDH5; PECAM1,HGNC:11724; HGNC:11809; HGNC:1764; HGNC:8823,https://en.wikipedia.org/wiki/Dorsal_lingual_veins
blood-vasculature,3194,Buccal vein,http://purl.org/sig/ont/fma/fma312254,blood vessel endothelial cell,CL:0000071,TIE1,1,CDH5; PECAM1; TEK; TIE1,HGNC:1764; HGNC:8823; HGNC:11724; HGNC:11809,https://en.wikipedia.org/wiki/Pterygoid_plexus
blood-vasculature,1566,Marginal colic artery,http://purl.org/sig/ont/fma/fma14824,blood vessel endothelial cell,CL:0000071,TIE1,1,TEK; TIE1; CDH5; PECAM1,HGNC:11724; HGNC:11809; HGNC:1764; HGNC:8823,https://www.healthline.com/human-body-maps/ascending-branch-of-the-left-colic-artery#1
blood-vasculature,1562,Ascending branch of left colic artery,http://purl.org/sig/ont/fma/fma14828,blood vessel endothelial cell,CL:0000071,TIE1,1,TEK; TIE1; CDH5; PECAM1,HGNC:11724; HGNC:11809; HGNC:1764; HGNC:8823,https://en.wikipedia.org/wiki/Left_colic_artery
blood-vasculature,1574,long branch of vasa recta of colon,https://purl.org/ccf/ASCTB-TEMP_long-branch-of-vasa-recta-of-colon,blood vessel endothelial cell,CL:0000071,TIE1,1,TEK; TIE1; CDH5; PECAM1,HGNC:11724; HGNC:11809; HGNC:1764; HGNC:8823,https://doi.org/10.1111/j.1469-7580.2009.01199.x
blood-vasculature,1570,vasa recta of colon,https://purl.org/ccf/ASCTB-TEMP_vasa-recta-of-colon,blood vessel endothelial cell,CL:0000071,TIE1,1,TEK; TIE1; CDH5; PECAM1,HGNC:11724; HGNC:11809; HGNC:1764; HGNC:8823,https://doi.org/10.1111/j.1469-7580.2009.01199.x
blood-vasculature,1494,umbilical artery,http://purl.obolibrary.org/obo/UBERON_0001310,blood vessel endothelial cell,CL:0000071,TIE1,1,TEK; TIE1; CDH5; PECAM1,HGNC:11724; HGNC:11809; HGNC:1764; HGNC:8823,https://en.wikipedia.org/wiki/Umbilical_artery
blood-vasculature,1502,uterine artery,http://purl.obolibrary.org/obo/UBERON_0002493,blood vessel endothelial cell,CL:0000071,TIE1,1,TEK; TIE1; CDH5; PECAM1,HGNC:11724; HGNC:11809; HGNC:1764; HGNC:8823,https://en.wikipedia.org/wiki/Uterine_artery
blood-vasculature,1498,deferent duct artery,http://purl.obolibrary.org/obo/UBERON_0005192,blood vessel endothelial cell,CL:0000071,TIE1,1,TEK; TIE1; CDH5; PECAM1,HGNC:11724; HGNC:11809; HGNC:1764; HGNC:8823,https://en.wikipedia.org/wiki/Umbilical_artery
blood-vasculature,1514,uterine spiral artery,http://purl.obolibrary.org/obo/UBERON_0015171,blood vessel endothelial cell,CL:0000071,TIE1,1,TEK; TIE1; CDH5; PECAM1,HGNC:11724; HGNC:11809; HGNC:1764; HGNC:8823,https://en.wikipedia.org/wiki/Spiral_artery
blood-vasculature,1506,helicine branch of uterine artery,http://purl.obolibrary.org/obo/UBERON_0015173,blood vessel endothelial cell,CL:0000071,TIE1,1,TEK; TIE1; CDH5; PECAM1,HGNC:11724; HGNC:11809; HGNC:1764; HGNC:8823,https://en.wikipedia.org/wiki/Arcuate_vessels_of_uterus
blood-vasculature,1490,middle vesical artery,http://purl.obolibrary.org/obo/UBERON_0035640,blood vessel endothelial cell,CL:0000071,TIE1,1,TEK; TIE1; CDH5; PECAM1,HGNC:11724; HGNC:11809; HGNC:1764; HGNC:8823,https://en.wikipedia.org/wiki/Superior_vesical_artery
blood-vasculature,1518,Vaginal artery,http://purl.org/sig/ont/fma/fma18832,blood vessel endothelial cell,CL:0000071,TIE1,1,TEK; TIE1; CDH5; PECAM1,HGNC:11724; HGNC:11809; HGNC:1764; HGNC:8823,https://en.wikipedia.org/wiki/Internal_iliac_artery
blood-vasculature,1522,Posterior division of internal iliac artery,http://purl.org/sig/ont/fma/fma69798,blood vessel endothelial cell,CL:0000071,TIE1,1,TEK; TIE1; CDH5; PECAM1,HGNC:11724; HGNC:11809; HGNC:1764; HGNC:8823,https://en.wikipedia.org/wiki/Internal_iliac_artery
blood-vasculature,151,Lateral nasal artery,http://purl.org/sig/ont/fma/fma49580,blood vessel endothelial cell,CL:0000071,TIE1,1,TEK; TIE1; CDH5; PECAM1,HGNC:11724; HGNC:11809; HGNC:1764; HGNC:8823,https://en.wikipedia.org/wiki/Lateral_nasal_branch_of_facial_artery
blood-vasculature,149,inferior labial gland capillary,https://purl.org/ccf/ASCTB-TEMP_inferior-labial-gland-capillary,blood vessel endothelial cell,CL:0000071,TIE1,1,TEK; TIE1; CDH5; PECAM1,HGNC:11724; HGNC:11809; HGNC:1764; HGNC:8823,https://en.wikipedia.org/wiki/Inferior_labial_artery
blood-vasculature,1510,radial artery of uterus,https://purl.org/ccf/ASCTB-TEMP_radial-artery-of-uterus,blood vessel endothelial cell,CL:0000071,TIE1,1,TEK; TIE1; CDH5; PECAM1,HGNC:11724; HGNC:11809; HGNC:1764; HGNC:8823,https://en.wikipedia.org/wiki/Arcuate_vessels_of_uterus
blood-vasculature,1946,pericardial artery,http://purl.obolibrary.org/obo/UBERON_8600080,blood vessel endothelial cell,CL:0000071,TIE1,1,TEK; TIE1; CDH5; PECAM1,HGNC:11724; HGNC:11809; HGNC:1764; HGNC:8823,https://en.wikipedia.org/wiki/Descending_thoracic_aorta
blood-vasculature,1950,Posterior intercostal artery,http://purl.org/sig/ont/fma/fma4176,blood vessel endothelial cell,CL:0000071,TIE1,1,TEK; TIE1; CDH5; PECAM1,HGNC:11724; HGNC:11809; HGNC:1764; HGNC:8823,https://en.wikipedia.org/wiki/Intercostal_arteries
blood-vasculature,1974,Right third posterior intercostal artery,http://purl.org/sig/ont/fma/fma4199,blood vessel endothelial cell,CL:0000071,TIE1,1,TEK; TIE1; CDH5; PECAM1,HGNC:11724; HGNC:11809; HGNC:1764; HGNC:8823,https://en.wikipedia.org/wiki/Intercostal_arteries
blood-vasculature,1978,Right fourth posterior intercostal artery,http://purl.org/sig/ont/fma/fma4222,blood vessel endothelial cell,CL:0000071,TIE1,1,TEK; TIE1; CDH5; PECAM1,HGNC:11724; HGNC:11809; HGNC:1764; HGNC:8823,https://en.wikipedia.org/wiki/Intercostal_arteries
blood-vasculature,1966,Right tenth posterior intercostal artery,http://purl.org/sig/ont/fma/fma4360,blood vessel endothelial cell,CL:0000071,TIE1,1,TEK; TIE1; CDH5; PECAM1,HGNC:11724; HGNC:11809; HGNC:1764; HGNC:8823,https://en.wikipedia.org/wiki/Intercostal_arteries
blood-vasculature,1970,Right eleventh posterior intercostal artery,http://purl.org/sig/ont/fma/fma4383,blood vessel endothelial cell,CL:0000071,TIE1,1,TEK; TIE1; CDH5; PECAM1,HGNC:11724; HGNC:11809; HGNC:1764; HGNC:8823,https://en.wikipedia.org/wiki/Intercostal_arteries
blood-vasculature,1958,Right bronchial artery,http://purl.org/sig/ont/fma/fma31933,blood vessel endothelial cell,CL:0000071,TIE1,1,TEK; TIE1; CDH5; PECAM1,HGNC:11724; HGNC:11809; HGNC:1764; HGNC:8823,https://en.wikipedia.org/wiki/Bronchial_artery
blood-vasculature,1962,Right first superior phrenic artery,http://purl.org/sig/ont/fma/fma4165,blood vessel endothelial cell,CL:0000071,TIE1,1,TEK; TIE1; CDH5; PECAM1,HGNC:11724; HGNC:11809; HGNC:1764; HGNC:8823,https://en.wikipedia.org/wiki/Superior_phrenic_arteries
blood-vasculature,1954,segmental spinal artery #4,https://purl.org/ccf/ASCTB-TEMP_segmental-spinal-artery-4,blood vessel endothelial cell,CL:0000071,TIE1,1,TEK; TIE1; CDH5; PECAM1,HGNC:11724; HGNC:11809; HGNC:1764; HGNC:8823,https://anatomyzone.com/neuroanatomy/spinal-cord/blood-supply-to-the-spinal-cord/
blood-vasculature,195,Weber's gland arteriole,https://purl.org/ccf/ASCTB-TEMP_weber-s-gland-arteriole,blood vessel endothelial cell,CL:0000071,TIE1,1,TEK; TIE1; CDH5; PECAM1,HGNC:11724; HGNC:11809; HGNC:1764; HGNC:8823,PMID:32119400
blood-vasculature,2430,musculo-phrenic artery,http://purl.obolibrary.org/obo/UBERON_0006632,blood vessel endothelial cell,CL:0000071,TIE1,1,TEK; TIE1; CDH5; PECAM1,HGNC:11724; HGNC:11809; HGNC:1764; HGNC:8823,https://radiopaedia.org/articles/musculophrenic-artery
blood-vasculature,2446,percardiacophrenic artery,http://purl.obolibrary.org/obo/UBERON_8600081,blood vessel endothelial cell,CL:0000071,TIE1,1,TEK; TIE1; CDH5; PECAM1,HGNC:11724; HGNC:11809; HGNC:1764; HGNC:8823,https://en.wikipedia.org/wiki/Pericardiacophrenic_artery
blood-vasculature,2454,Mammary branch of internal thoracic artery,http://purl.org/sig/ont/fma/fma10648,blood vessel endothelial cell,CL:0000071,TIE1,1,TEK; TIE1; CDH5; PECAM1,HGNC:11724; HGNC:11809; HGNC:1764; HGNC:8823,https://en.wikipedia.org/wiki/Perforating_branches_of_internal_thoracic_artery
blood-vasculature,2434,Seventh anterior intercostal artery,http://purl.org/sig/ont/fma/fma10649,blood vessel endothelial cell,CL:0000071,TIE1,1,TEK; TIE1; CDH5; PECAM1,HGNC:11724; HGNC:11809; HGNC:1764; HGNC:8823,https://radiopaedia.org/articles/anterior-intercostal-arteries
blood-vasculature,2438,Eighth anterior intercostal artery,http://purl.org/sig/ont/fma/fma10650,blood vessel endothelial cell,CL:0000071,TIE1,1,TEK; TIE1; CDH5; PECAM1,HGNC:11724; HGNC:11809; HGNC:1764; HGNC:8823,https://radiopaedia.org/articles/anterior-intercostal-arteries
blood-vasculature,2442,Ninth anterior intercostal artery,http://purl.org/sig/ont/fma/fma10651,blood vessel endothelial cell,CL:0000071,TIE1,1,TEK; TIE1; CDH5; PECAM1,HGNC:11724; HGNC:11809; HGNC:1764; HGNC:8823,https://radiopaedia.org/articles/anterior-intercostal-arteries
blood-vasculature,2426,Sixth anterior intercostal artery,http://purl.org/sig/ont/fma/fma10657,blood vessel endothelial cell,CL:0000071,TIE1,1,TEK; TIE1; CDH5; PECAM1,HGNC:11724; HGNC:11809; HGNC:1764; HGNC:8823,https://radiopaedia.org/articles/anterior-intercostal-arteries
blood-vasculature,2450,Perforating branch of internal thoracic artery,http://purl.org/sig/ont/fma/fma70370,blood vessel endothelial cell,CL:0000071,TIE1,1,TEK; TIE1; CDH5; PECAM1,HGNC:11724; HGNC:11809; HGNC:1764; HGNC:8823,https://radiopaedia.org/articles/perforating-branches-of-internal-thoracic-artery
blood-vasculature,245,buccal mucosa arteriole,https://purl.org/ccf/ASCTB-TEMP_buccal-mucosa-arteriole,blood vessel endothelial cell,CL:0000071,TIE1,1,TEK; TIE1; CDH5; PECAM1,HGNC:11724; HGNC:11809; HGNC:1764; HGNC:8823,https://en.wikipedia.org/wiki/Buccal_artery
blood-vasculature,2422,Fifth anterior intercostal artery,http://purl.org/sig/ont/fma/fma10656,blood vessel endothelial cell,CL:0000071,TIE1,1,PECAM1; TEK; TIE1; CDH5,HGNC:8823; HGNC:11724; HGNC:11809; HGNC:1764,https://radiopaedia.org/articles/anterior-intercostal-arteries
blood-vasculature,241,buccal artery,http://purl.obolibrary.org/obo/UBERON_0001618,blood vessel endothelial cell,CL:0000071,TIE1,1,TEK; TIE1; CDH5; PECAM1,HGNC:11724; HGNC:11809; HGNC:1764; HGNC:8823,https://en.wikipedia.org/wiki/Buccal_artery
blood-vasculature,2398,internal thoracic artery,http://purl.obolibrary.org/obo/UBERON_0002456,blood vessel endothelial cell,CL:0000071,TIE1,1,TEK; TIE1; CDH5; PECAM1,HGNC:11724; HGNC:11809; HGNC:1764; HGNC:8823,https://en.wikipedia.org/wiki/Internal_thoracic_artery
blood-vasculature,2402,Anterior intercostal artery,http://purl.org/sig/ont/fma/fma10641,blood vessel endothelial cell,CL:0000071,TIE1,1,TEK; TIE1; CDH5; PECAM1,HGNC:11724; HGNC:11809; HGNC:1764; HGNC:8823,https://radiopaedia.org/articles/anterior-intercostal-arteries
blood-vasculature,2406,First anterior intercostal artery,http://purl.org/sig/ont/fma/fma10652,blood vessel endothelial cell,CL:0000071,TIE1,1,TEK; TIE1; CDH5; PECAM1,HGNC:11724; HGNC:11809; HGNC:1764; HGNC:8823,https://radiopaedia.org/articles/anterior-intercostal-arteries
blood-vasculature,2410,Second anterior intercostal artery,http://purl.org/sig/ont/fma/fma10653,blood vessel endothelial cell,CL:0000071,TIE1,1,TEK; TIE1; CDH5; PECAM1,HGNC:11724; HGNC:11809; HGNC:1764; HGNC:8823,https://radiopaedia.org/articles/anterior-intercostal-arteries
blood-vasculature,2414,Third anterior intercostal artery,http://purl.org/sig/ont/fma/fma10654,blood vessel endothelial cell,CL:0000071,TIE1,1,TEK; TIE1; CDH5; PECAM1,HGNC:11724; HGNC:11809; HGNC:1764; HGNC:8823,https://radiopaedia.org/articles/anterior-intercostal-arteries
blood-vasculature,2418,Fourth anterior intercostal artery,http://purl.org/sig/ont/fma/fma10655,blood vessel endothelial cell,CL:0000071,TIE1,1,TEK; TIE1; CDH5; PECAM1,HGNC:11724; HGNC:11809; HGNC:1764; HGNC:8823,https://radiopaedia.org/articles/anterior-intercostal-arteries
blood-vasculature,2390,Second posterior intercostal artery,http://purl.org/sig/ont/fma/fma3994,blood vessel endothelial cell,CL:0000071,TIE1,1,TEK; TIE1; CDH5; PECAM1,HGNC:11724; HGNC:11809; HGNC:1764; HGNC:8823,https://en.wikipedia.org/wiki/Intercostal_arteries
blood-vasculature,2394,Dorsal scapular artery,http://purl.org/sig/ont/fma/fma79658,blood vessel endothelial cell,CL:0000071,TIE1,1,TEK; TIE1; CDH5; PECAM1,HGNC:11724; HGNC:11809; HGNC:1764; HGNC:8823,https://en.wikipedia.org/wiki/Subclavian_artery
blood-vasculature,2022,left common carotid artery plus branches,http://purl.obolibrary.org/obo/UBERON_0001536,blood vessel endothelial cell,CL:0000071,TIE1,1,TEK; TIE1; CDH5; PECAM1,HGNC:11724; HGNC:11809; HGNC:1764; HGNC:8823,https://en.wikipedia.org/wiki/Common_carotid_artery
blood-vasculature,2018,superior phrenic artery,http://purl.obolibrary.org/obo/UBERON_0013133,blood vessel endothelial cell,CL:0000071,TIE1,1,TEK; TIE1; CDH5; PECAM1,HGNC:11724; HGNC:11809; HGNC:1764; HGNC:8823,https://en.wikipedia.org/wiki/Superior_phrenic_arteries
blood-vasculature,823,right hepatic artery,http://purl.obolibrary.org/obo/UBERON_0015482,blood vessel endothelial cell,CL:0000071,TIE1,1,TEK; TIE1; CDH5; PECAM1,HGNC:11724; HGNC:11809; HGNC:1764; HGNC:8823,https://doi.org/10.1007/s12565-018-00475-x
blood-vasculature,827,Cystic artery,http://purl.org/sig/ont/fma/fma14835,blood vessel endothelial cell,CL:0000071,TIE1,1,TEK; TIE1; CDH5; PECAM1,HGNC:11724; HGNC:11809; HGNC:1764; HGNC:8823,https://en.wikipedia.org/wiki/Cystic_artery
blood-vasculature,839,Anterior superior segmental hepatic artery,http://purl.org/sig/ont/fma/fma70442,blood vessel endothelial cell,CL:0000071,TIE1,1,TEK; TIE1; CDH5; PECAM1,HGNC:11724; HGNC:11809; HGNC:1764; HGNC:8823,https://doi.org/10.1007/s12565-018-00475-x
blood-vasculature,835,Anterior inferior segmental hepatic artery,http://purl.org/sig/ont/fma/fma70443,blood vessel endothelial cell,CL:0000071,TIE1,1,TEK; TIE1; CDH5; PECAM1,HGNC:11724; HGNC:11809; HGNC:1764; HGNC:8823,https://doi.org/10.1007/s12565-018-00475-x
blood-vasculature,819,hepatic arteriole,https://purl.org/ccf/ASCTB-TEMP_hepatic-arteriole,blood vessel endothelial cell,CL:0000071,TIE1,1,TEK; TIE1; CDH5; PECAM1,HGNC:11724; HGNC:11809; HGNC:1764; HGNC:8823,https://en.wikipedia.org/wiki/Liver_sinusoid
blood-vasculature,831,right anterior hepatic artery,https://purl.org/ccf/ASCTB-TEMP_right-anterior-hepatic-artery,blood vessel endothelial cell,CL:0000071,TIE1,1,TEK; TIE1; CDH5; PECAM1,HGNC:11724; HGNC:11809; HGNC:1764; HGNC:8823,https://doi.org/10.1007/s12565-018-00475-x
blood-vasculature,843,right artery of caudate lobe,https://purl.org/ccf/ASCTB-TEMP_right-artery-of-caudate-lobe,blood vessel endothelial cell,CL:0000071,TIE1,1,TEK; TIE1; CDH5; PECAM1,HGNC:11724; HGNC:11809; HGNC:1764; HGNC:8823,https://doi.org/10.1007/s12565-018-00475-x
blood-vasculature,863,left gastric artery,http://purl.obolibrary.org/obo/UBERON_0001192,blood vessel endothelial cell,CL:0000071,TIE1,1,TEK; TIE1; CDH5; PECAM1,HGNC:11724; HGNC:11809; HGNC:1764; HGNC:8823,https://en.wikipedia.org/wiki/Left_gastric_artery
blood-vasculature,871,splenic artery,http://purl.obolibrary.org/obo/UBERON_0001194,blood vessel endothelial cell,CL:0000071,TIE1,1,TEK; TIE1; CDH5; PECAM1,HGNC:11724; HGNC:11809; HGNC:1764; HGNC:8823,https://en.wikipedia.org/wiki/Splenic_artery
blood-vasculature,859,Right gastric artery,http://purl.org/sig/ont/fma/fma14776,blood vessel endothelial cell,CL:0000071,TIE1,1,TEK; TIE1; CDH5; PECAM1,HGNC:11724; HGNC:11809; HGNC:1764; HGNC:8823,https://en.wikipedia.org/wiki/Common_hepatic_artery
blood-vasculature,879,Dorsal pancreatic artery,http://purl.org/sig/ont/fma/fma14787,blood vessel endothelial cell,CL:0000071,TIE1,1,TEK; TIE1; CDH5; PECAM1,HGNC:11724; HGNC:11809; HGNC:1764; HGNC:8823,https://en.wikipedia.org/wiki/Dorsal_pancreatic_artery
blood-vasculature,875,Caudal pancreatic artery,http://purl.org/sig/ont/fma/fma14793,blood vessel endothelial cell,CL:0000071,TIE1,1,TEK; TIE1; CDH5; PECAM1,HGNC:11724; HGNC:11809; HGNC:1764; HGNC:8823,https://en.wikipedia.org/wiki/Pancreatic_branches_of_splenic_artery
blood-vasculature,855,Posterior superior segmental hepatic artery,http://purl.org/sig/ont/fma/fma70445,blood vessel endothelial cell,CL:0000071,TIE1,1,TEK; TIE1; CDH5; PECAM1,HGNC:11724; HGNC:11809; HGNC:1764; HGNC:8823,https://doi.org/10.1007/s12565-018-00475-x
blood-vasculature,851,Posterior inferior segmental hepatic artery,http://purl.org/sig/ont/fma/fma70446,blood vessel endothelial cell,CL:0000071,TIE1,1,TEK; TIE1; CDH5; PECAM1,HGNC:11724; HGNC:11809; HGNC:1764; HGNC:8823,https://doi.org/10.1007/s12565-018-00475-x
blood-vasculature,867,Set of oesophageal branches of left gastric artery,http://purl.org/sig/ont/fma/fma71544,blood vessel endothelial cell,CL:0000071,TIE1,1,TEK; TIE1; CDH5; PECAM1,HGNC:11724; HGNC:11809; HGNC:1764; HGNC:8823,https://en.wikipedia.org/wiki/Esophageal_branches_of_left_gastric_artery
blood-vasculature,85,pharyngeal trunk,https://purl.org/ccf/ASCTB-TEMP_pharyngeal-trunk,blood vessel endothelial cell,CL:0000071,TIE1,1,TEK; TIE1; CDH5; PECAM1,HGNC:11724; HGNC:11809; HGNC:1764; HGNC:8823,https://en.wikipedia.org/wiki/Ascending_pharyngeal_artery
blood-vasculature,847,right posterior hepatic artery,https://purl.org/ccf/ASCTB-TEMP_right-posterior-hepatic-artery,blood vessel endothelial cell,CL:0000071,TIE1,1,TEK; TIE1; CDH5; PECAM1,HGNC:11724; HGNC:11809; HGNC:1764; HGNC:8823,https://doi.org/10.1007/s12565-018-00475-x
blood-vasculature,962,periductal capillary of intercalated duct of pancreas,https://purl.org/ccf/ASCTB-TEMP_periductal-capillary-of-intercalated-duct-of-pancreas,blood vessel endothelial cell,CL:0000071,TIE1,1,TEK; TIE1; CDH5; PECAM1,HGNC:11724; HGNC:11809; HGNC:1764; HGNC:8823,https://www.flandershealth.us/chronic-pancreatitis/microcirculation-of-the-pancreas.html
blood-vasculature,974,periductal capillary of interlobular duct of pancreas,https://purl.org/ccf/ASCTB-TEMP_periductal-capillary-of-interlobular-duct-of-pancreas,blood vessel endothelial cell,CL:0000071,TIE1,1,TEK; TIE1; CDH5; PECAM1,HGNC:11724; HGNC:11809; HGNC:1764; HGNC:8823,https://www.flandershealth.us/chronic-pancreatitis/microcirculation-of-the-pancreas.html
blood-vasculature,964,periductal capillary of intralobular duct of panceas,https://purl.org/ccf/ASCTB-TEMP_periductal-capillary-of-intralobular-duct-of-panceas,blood vessel endothelial cell,CL:0000071,TIE1,1,TEK; TIE1; CDH5; PECAM1,HGNC:11724; HGNC:11809; HGNC:1764; HGNC:8823,https://www.flandershealth.us/chronic-pancreatitis/microcirculation-of-the-pancreas.html
blood-vasculature,992,Short gastric artery,http://purl.org/sig/ont/fma/fma14794,blood vessel endothelial cell,CL:0000071,TIE1,1,TEK; TIE1; CDH5; PECAM1,HGNC:11724; HGNC:11809; HGNC:1764; HGNC:8823,https://en.wikipedia.org/wiki/Short_gastric_arteries
blood-vasculature,986,periductal arteriole of main pancreatic duct,https://purl.org/ccf/ASCTB-TEMP_periductal-arteriole-of-main-pancreatic-duct,blood vessel endothelial cell,CL:0000071,TIE1,1,TEK; TIE1; CDH5; PECAM1,HGNC:11724; HGNC:11809; HGNC:1764; HGNC:8823,https://www.flandershealth.us/chronic-pancreatitis/microcirculation-of-the-pancreas.html
blood-vasculature,990,periductal capillary of main pancreatic duct,https://purl.org/ccf/ASCTB-TEMP_periductal-capillary-of-main-pancreatic-duct,blood vessel endothelial cell,CL:0000071,TIE1,1,TEK; TIE1; CDH5; PECAM1,HGNC:11724; HGNC:11809; HGNC:1764; HGNC:8823,https://www.flandershealth.us/chronic-pancreatitis/microcirculation-of-the-pancreas.html
blood-vasculature,996,superior lobar artery of spleen,https://purl.org/ccf/ASCTB-TEMP_superior-lobar-artery-of-spleen,blood vessel endothelial cell,CL:0000071,TIE1,1,TEK; TIE1; CDH5; PECAM1,HGNC:11724; HGNC:11809; HGNC:1764; HGNC:8823,https://ijcrr.com/uploads/759_pdf.pdf
blood-vasculature,225,alveolar artery,http://purl.obolibrary.org/obo/UBERON_0009654,blood vessel endothelial cell,CL:0000071,TIE1,1,TEK; TIE1; CDH5; PECAM1,HGNC:11724; HGNC:11809; HGNC:1764; HGNC:8823,http://purl.obolibrary.org/obo/UBERON_0009654
blood-vasculature,2242,First common palmar digital artery,http://purl.org/sig/ont/fma/fma22854,blood vessel endothelial cell,CL:0000071,TIE1,1,TEK; TIE1; CDH5; PECAM1,HGNC:11724; HGNC:11809; HGNC:1764; HGNC:8823,https://en.wikipedia.org/wiki/Common_palmar_digital_arteries
blood-vasculature,2246,Lateral proper palmar digital artery of middle finger,http://purl.org/sig/ont/fma/fma22857,blood vessel endothelial cell,CL:0000071,TIE1,1,TEK; TIE1; CDH5; PECAM1,HGNC:11724; HGNC:11809; HGNC:1764; HGNC:8823,https://en.wikipedia.org/wiki/Proper_palmar_digital_arteries
blood-vasculature,2254,Medial proper palmar digital artery of index finger,http://purl.org/sig/ont/fma/fma23047,blood vessel endothelial cell,CL:0000071,TIE1,1,TEK; TIE1; CDH5; PECAM1,HGNC:11724; HGNC:11809; HGNC:1764; HGNC:8823,https://en.wikipedia.org/wiki/Proper_palmar_digital_arteries
blood-vasculature,2262,Fourth common palmar digital artery,http://purl.org/sig/ont/fma/fma85108,blood vessel endothelial cell,CL:0000071,TIE1,1,TEK; TIE1; CDH5; PECAM1,HGNC:11724; HGNC:11809; HGNC:1764; HGNC:8823,https://en.wikipedia.org/wiki/Proper_palmar_digital_arteries
blood-vasculature,2270,cutaneous arteriole,https://purl.org/ccf/ASCTB-TEMP_cutaneous-arteriole,blood vessel endothelial cell,CL:0000071,TIE1,1,TEK; TIE1; CDH5; PECAM1,HGNC:11724; HGNC:11809; HGNC:1764; HGNC:8823,https://en.wikipedia.org/wiki/Proper_palmar_digital_arteries
blood-vasculature,2266,cutaneous branch of medial proper palmar digital artery of fifth digit of hand,https://purl.org/ccf/ASCTB-TEMP_cutaneous-branch-of-medial-proper-palmar-digital-artery-of-fifth-digit-of-hand,blood vessel endothelial cell,CL:0000071,TIE1,1,TEK; TIE1; CDH5; PECAM1,HGNC:11724; HGNC:11809; HGNC:1764; HGNC:8823,https://en.wikipedia.org/wiki/Proper_palmar_digital_arteries
blood-vasculature,2274,deep cutaneous plexus,https://purl.org/ccf/ASCTB-TEMP_deep-cutaneous-plexus,blood vessel endothelial cell,CL:0000071,TIE1,1,TEK; TIE1; CDH5; PECAM1,HGNC:11724; HGNC:11809; HGNC:1764; HGNC:8823,https://en.wikipedia.org/wiki/Proper_palmar_digital_arteries
blood-vasculature,2250,dorsal branch of lateral proper palmar digital artery of third digit of hand,https://purl.org/ccf/ASCTB-TEMP_dorsal-branch-of-lateral-proper-palmar-digital-artery-of-third-digit-of-hand,blood vessel endothelial cell,CL:0000071,TIE1,1,TEK; TIE1; CDH5; PECAM1,HGNC:11724; HGNC:11809; HGNC:1764; HGNC:8823,https://en.wikipedia.org/wiki/Proper_palmar_digital_arteries
blood-vasculature,2258,dorsal branch of medial proper palmar digital artery of second digit of hand,https://purl.org/ccf/ASCTB-TEMP_dorsal-branch-of-medial-proper-palmar-digital-artery-of-second-digit-of-hand,blood vessel endothelial cell,CL:0000071,TIE1,1,TEK; TIE1; CDH5; PECAM1,HGNC:11724; HGNC:11809; HGNC:1764; HGNC:8823,https://en.wikipedia.org/wiki/Proper_palmar_digital_arteries
blood-vasculature,1308,Third plantar metatarsal artery,http://purl.org/sig/ont/fma/fma43961,blood vessel endothelial cell,CL:0000071,TIE1,1,TEK; TIE1; CDH5; PECAM1,HGNC:11724; HGNC:11809; HGNC:1764; HGNC:8823,https://radiopaedia.org/articles/arterial-supply-to-the-foot
blood-vasculature,131,Set of glandular branches of facial artery,http://purl.org/sig/ont/fma/fma71675,blood vessel endothelial cell,CL:0000071,TIE1,1,TEK; TIE1; CDH5; PECAM1,HGNC:11724; HGNC:11809; HGNC:1764; HGNC:8823,https://en.wikipedia.org/wiki/Glandular_branches_of_facial_artery
blood-vasculature,1316,lateral proper plantar digital artery of third digit of foot,https://purl.org/ccf/ASCTB-TEMP_lateral-proper-plantar-digital-artery-of-third-digit-of-foot,blood vessel endothelial cell,CL:0000071,TIE1,1,TEK; TIE1; CDH5; PECAM1,HGNC:11724; HGNC:11809; HGNC:1764; HGNC:8823,https://radiopaedia.org/articles/arterial-supply-to-the-foot
blood-vasculature,1320,medial proper plantar digital artery of fourth digit of foot,https://purl.org/ccf/ASCTB-TEMP_medial-proper-plantar-digital-artery-of-fourth-digit-of-foot,blood vessel endothelial cell,CL:0000071,TIE1,1,TEK; TIE1; CDH5; PECAM1,HGNC:11724; HGNC:11809; HGNC:1764; HGNC:8823,https://radiopaedia.org/articles/arterial-supply-to-the-foot
blood-vasculature,1312,third common plantar digital artery,https://purl.org/ccf/ASCTB-TEMP_third-common-plantar-digital-artery,blood vessel endothelial cell,CL:0000071,TIE1,1,TEK; TIE1; CDH5; PECAM1,HGNC:11724; HGNC:11809; HGNC:1764; HGNC:8823,https://radiopaedia.org/articles/arterial-supply-to-the-foot
blood-vasculature,2484,segmental spinal artery,https://purl.org/ccf/ASCTB-TEMP_segmental-spinal-artery,blood vessel endothelial cell,CL:0000071,TIE1,1,TEK; TIE1; CDH5; PECAM1,HGNC:11724; HGNC:11809; HGNC:1764; HGNC:8823,https://www.kenhub.com/en/library/anatomy/blood-supply-of-the-spinal-cord
blood-vasculature,2476,inferior thyroid artery,http://purl.obolibrary.org/obo/UBERON_0007149,blood vessel endothelial cell,CL:0000071,TIE1,1,TEK; TIE1; CDH5; PECAM1,HGNC:11724; HGNC:11809; HGNC:1764; HGNC:8823,https://en.wikipedia.org/wiki/Inferior_thyroid_artery
blood-vasculature,2462,thymic artery,http://purl.obolibrary.org/obo/UBERON_0018243,blood vessel endothelial cell,CL:0000071,TIE1,1,TEK; TIE1; CDH5; PECAM1,HGNC:11724; HGNC:11809; HGNC:1764; HGNC:8823,https://en.wikipedia.org/wiki/Thymic_branches_of_internal_thoracic_artery
blood-vasculature,2472,thyrocervical trunk,http://purl.obolibrary.org/obo/UBERON_8600062,blood vessel endothelial cell,CL:0000071,TIE1,1,TEK; TIE1; CDH5; PECAM1,HGNC:11724; HGNC:11809; HGNC:1764; HGNC:8823,https://en.wikipedia.org/wiki/Thyrocervical_trunk
blood-vasculature,2470,Capillary network of thymus,http://purl.org/sig/ont/fma/fma280943,blood vessel endothelial cell,CL:0000071,TIE1,1,TEK; TIE1; CDH5; PECAM1,HGNC:11724; HGNC:11809; HGNC:1764; HGNC:8823,https://en.wikipedia.org/wiki/Thymic_branches_of_internal_thoracic_artery
blood-vasculature,2466,thymic arteriole,https://purl.org/ccf/ASCTB-TEMP_thymic-arteriole,blood vessel endothelial cell,CL:0000071,TIE1,1,TEK; TIE1; CDH5; PECAM1,HGNC:11724; HGNC:11809; HGNC:1764; HGNC:8823,https://en.wikipedia.org/wiki/Thymic_branches_of_internal_thoracic_artery
blood-vasculature,1296,lateral proper plantar digital artery of second digit of foot,https://purl.org/ccf/ASCTB-TEMP_lateral-proper-plantar-digital-artery-of-second-digit-of-foot,blood vessel endothelial cell,CL:0000071,TIE1,1,TEK; TIE1; CDH5; PECAM1,HGNC:11724; HGNC:11809; HGNC:1764; HGNC:8823,https://radiopaedia.org/articles/arterial-supply-to-the-foot
blood-vasculature,1300,medial proper plantar digital artery of third digit of foot,https://purl.org/ccf/ASCTB-TEMP_medial-proper-plantar-digital-artery-of-third-digit-of-foot,blood vessel endothelial cell,CL:0000071,TIE1,1,TEK; TIE1; CDH5; PECAM1,HGNC:11724; HGNC:11809; HGNC:1764; HGNC:8823,https://radiopaedia.org/articles/arterial-supply-to-the-foot
blood-vasculature,129,palatine tonsil capillary,https://purl.org/ccf/ASCTB-TEMP_palatine-tonsil-capillary,blood vessel endothelial cell,CL:0000071,TIE1,1,TEK; TIE1; CDH5; PECAM1,HGNC:11724; HGNC:11809; HGNC:1764; HGNC:8823,https://en.wikipedia.org/wiki/Ascending_palatine_artery
blood-vasculature,1292,second common plantar digital artery,https://purl.org/ccf/ASCTB-TEMP_second-common-plantar-digital-artery,blood vessel endothelial cell,CL:0000071,TIE1,1,TEK; TIE1; CDH5; PECAM1,HGNC:11724; HGNC:11809; HGNC:1764; HGNC:8823,https://radiopaedia.org/articles/arterial-supply-to-the-foot
blood-vasculature,1304,second posterior perforating branch of plantar arch,https://purl.org/ccf/ASCTB-TEMP_second-posterior-perforating-branch-of-plantar-arch,blood vessel endothelial cell,CL:0000071,TIE1,1,TEK; TIE1; CDH5; PECAM1,HGNC:11724; HGNC:11809; HGNC:1764; HGNC:8823,https://www.imaios.com/en/e-Anatomy/Anatomical-Parts/Perforating-branches3
blood-vasculature,3445,external jugular vein,http://purl.obolibrary.org/obo/UBERON_0001101,blood vessel endothelial cell,CL:0000071,TIE1,1,TEK; TIE1; CDH5; PECAM1,HGNC:11724; HGNC:11809; HGNC:1764; HGNC:8823,https://en.wikipedia.org/wiki/External_jugular_vein
blood-vasculature,3447,anterior jugular vein,http://purl.obolibrary.org/obo/UBERON_0001104,blood vessel endothelial cell,CL:0000071,TIE1,1,TEK; TIE1; CDH5; PECAM1,HGNC:11724; HGNC:11809; HGNC:1764; HGNC:8823,https://en.wikipedia.org/wiki/Anterior_jugular_vein
blood-vasculature,3459,retromandibular vein,http://purl.obolibrary.org/obo/UBERON_0001656,blood vessel endothelial cell,CL:0000071,TIE1,1,TEK; TIE1; CDH5; PECAM1,HGNC:11724; HGNC:11809; HGNC:1764; HGNC:8823,https://en.wikipedia.org/wiki/Retromandibular_vein
blood-vasculature,3443,thoracodorsal vein,http://purl.obolibrary.org/obo/UBERON_0002089,blood vessel endothelial cell,CL:0000071,TIE1,1,TEK; TIE1; CDH5; PECAM1,HGNC:11724; HGNC:11809; HGNC:1764; HGNC:8823,http://purl.obolibrary.org/obo/UBERON_0002089
blood-vasculature,3455,posterior auricular vein,http://purl.obolibrary.org/obo/UBERON_0006199,blood vessel endothelial cell,CL:0000071,TIE1,1,TEK; TIE1; CDH5; PECAM1,HGNC:11724; HGNC:11809; HGNC:1764; HGNC:8823,https://en.wikipedia.org/wiki/Posterior_auricular_vein
blood-vasculature,3461,posterior external jugular vein,http://purl.obolibrary.org/obo/UBERON_0035249,blood vessel endothelial cell,CL:0000071,TIE1,1,TEK; TIE1; CDH5; PECAM1,HGNC:11724; HGNC:11809; HGNC:1764; HGNC:8823,https://en.wikipedia.org/wiki/Posterior_external_jugular_vein
blood-vasculature,3441,thoracoacromial vein,http://purl.obolibrary.org/obo/UBERON_8600074,blood vessel endothelial cell,CL:0000071,TIE1,1,TEK; TIE1; CDH5; PECAM1,HGNC:11724; HGNC:11809; HGNC:1764; HGNC:8823,https://en.wikipedia.org/wiki/Axillary_vein
blood-vasculature,3465,transverse cervical vein,http://purl.obolibrary.org/obo/UBERON_8600075,blood vessel endothelial cell,CL:0000071,TIE1,1,TEK; TIE1; CDH5; PECAM1,HGNC:11724; HGNC:11809; HGNC:1764; HGNC:8823,https://en.wikipedia.org/wiki/Transverse_cervical_veins
blood-vasculature,3463,Suprascapular vein,http://purl.org/sig/ont/fma/fma14319,blood vessel endothelial cell,CL:0000071,TIE1,1,TEK; TIE1; CDH5; PECAM1,HGNC:11724; HGNC:11809; HGNC:1764; HGNC:8823,https://en.wikipedia.org/wiki/Suprascapular_vein
blood-vasculature,3449,Jugular venous arch,http://purl.org/sig/ont/fma/fma50855,blood vessel endothelial cell,CL:0000071,TIE1,1,TEK; TIE1; CDH5; PECAM1,HGNC:11724; HGNC:11809; HGNC:1764; HGNC:8823,https://en.wikipedia.org/wiki/Anterior_jugular_vein
blood-vasculature,3457,posterior branch of retromandibular vein,https://purl.org/ccf/ASCTB-TEMP_posterior-branch-of-retromandibular-vein,blood vessel endothelial cell,CL:0000071,TIE1,1,TEK; TIE1; CDH5; PECAM1,HGNC:11724; HGNC:11809; HGNC:1764; HGNC:8823,https://en.wikipedia.org/wiki/Retromandibular_vein
blood-vasculature,3451,small thyroid vein,https://purl.org/ccf/ASCTB-TEMP_small-thyroid-vein,blood vessel endothelial cell,CL:0000071,TIE1,1,TEK; TIE1; CDH5; PECAM1,HGNC:11724; HGNC:11809; HGNC:1764; HGNC:8823,https://en.wikipedia.org/wiki/Anterior_jugular_vein
blood-vasculature,3453,superficial submandibular vein,https://purl.org/ccf/ASCTB-TEMP_superficial-submandibular-vein,blood vessel endothelial cell,CL:0000071,TIE1,1,TEK; TIE1; CDH5; PECAM1,HGNC:11724; HGNC:11809; HGNC:1764; HGNC:8823,https://www.kenhub.com/en/library/anatomy/anterior-jugular-vein
blood-vasculature,2010,subcostal artery,http://purl.obolibrary.org/obo/UBERON_0001561,blood vessel endothelial cell,CL:0000071,TIE1,1,TEK; TIE1; CDH5; PECAM1,HGNC:11724; HGNC:11809; HGNC:1764; HGNC:8823,https://en.wikipedia.org/wiki/Subcostal_arteries
blood-vasculature,201,sublingual artery,http://purl.obolibrary.org/obo/UBERON_0001611,blood vessel endothelial cell,CL:0000071,TIE1,1,TEK; TIE1; CDH5; PECAM1,HGNC:11724; HGNC:11809; HGNC:1764; HGNC:8823,https://en.wikipedia.org/wiki/Lingual_artery
blood-vasculature,1982,Right fifth posterior intercostal artery,http://purl.org/sig/ont/fma/fma4245,blood vessel endothelial cell,CL:0000071,TIE1,1,TEK; TIE1; CDH5; PECAM1,HGNC:11724; HGNC:11809; HGNC:1764; HGNC:8823,https://en.wikipedia.org/wiki/Intercostal_arteries
blood-vasculature,1986,Right sixth posterior intercostal artery,http://purl.org/sig/ont/fma/fma4268,blood vessel endothelial cell,CL:0000071,TIE1,1,TEK; TIE1; CDH5; PECAM1,HGNC:11724; HGNC:11809; HGNC:1764; HGNC:8823,https://en.wikipedia.org/wiki/Intercostal_arteries
blood-vasculature,1990,Right seventh posterior intercostal artery,http://purl.org/sig/ont/fma/fma4291,blood vessel endothelial cell,CL:0000071,TIE1,1,TEK; TIE1; CDH5; PECAM1,HGNC:11724; HGNC:11809; HGNC:1764; HGNC:8823,https://en.wikipedia.org/wiki/Intercostal_arteries
blood-vasculature,1994,Right eighth posterior intercostal artery,http://purl.org/sig/ont/fma/fma4314,blood vessel endothelial cell,CL:0000071,TIE1,1,TEK; TIE1; CDH5; PECAM1,HGNC:11724; HGNC:11809; HGNC:1764; HGNC:8823,https://en.wikipedia.org/wiki/Intercostal_arteries
blood-vasculature,1998,Right ninth posterior intercostal artery,http://purl.org/sig/ont/fma/fma4337,blood vessel endothelial cell,CL:0000071,TIE1,1,TEK; TIE1; CDH5; PECAM1,HGNC:11724; HGNC:11809; HGNC:1764; HGNC:8823,https://en.wikipedia.org/wiki/Intercostal_arteries
blood-vasculature,2006,Right subcostal artery,http://purl.org/sig/ont/fma/fma4634,blood vessel endothelial cell,CL:0000071,TIE1,1,TEK; TIE1; CDH5; PECAM1,HGNC:11724; HGNC:11809; HGNC:1764; HGNC:8823,https://en.wikipedia.org/wiki/Subcostal_arteries
blood-vasculature,20,Right inferior pulmonary vein,http://purl.org/sig/ont/fma/fma49911,blood vessel endothelial cell,CL:0000071,TIE1,1,TEK; TIE1; CDH5; PECAM1,HGNC:11724; HGNC:11809; HGNC:1764; HGNC:8823,https://en.wikipedia.org/wiki/Pulmonary_vein
blood-vasculature,2,Left inferior pulmonary vein,http://purl.org/sig/ont/fma/fma49913,blood vessel endothelial cell,CL:0000071,TIE1,1,TEK; TIE1; CDH5; PECAM1,HGNC:11724; HGNC:11809; HGNC:1764; HGNC:8823,https://en.wikipedia.org/wiki/Pulmonary_vein
blood-vasculature,2014,Left first bronchial artery,http://purl.org/sig/ont/fma/fma4146,blood vessel endothelial cell,CL:0000071,TIE1,1,TEK; TIE1; CDH5; PECAM1,HGNC:11724; HGNC:11809; HGNC:1764; HGNC:8823,https://en.wikipedia.org/wiki/Bronchial_artery
blood-vasculature,2002,Right second superior phrenic artery,http://purl.org/sig/ont/fma/fma4168,blood vessel endothelial cell,CL:0000071,TIE1,1,TEK; TIE1; CDH5; PECAM1,HGNC:11724; HGNC:11809; HGNC:1764; HGNC:8823,https://en.wikipedia.org/wiki/Superior_phrenic_arteries
blood-vasculature,199,Weber's gland capillary,https://purl.org/ccf/ASCTB-TEMP_weber-s-gland-capillary,blood vessel endothelial cell,CL:0000071,TIE1,1,TEK; TIE1; CDH5; PECAM1,HGNC:11724; HGNC:11809; HGNC:1764; HGNC:8823,PMID:32119400
blood-vasculature,2612,mesencephalic artery,http://purl.obolibrary.org/obo/UBERON_0001634,blood vessel endothelial cell,CL:0000071,TIE1,1,TEK; TIE1; CDH5; PECAM1,HGNC:11724; HGNC:11809; HGNC:1764; HGNC:8823,https://doi.org/10.1016/B978-0-12-803058-5.00078-3
blood-vasculature,2624,superior cerebellar artery,http://purl.obolibrary.org/obo/UBERON_0001635,blood vessel endothelial cell,CL:0000071,TIE1,1,TEK; TIE1; CDH5; PECAM1,HGNC:11724; HGNC:11809; HGNC:1764; HGNC:8823,https://en.wikipedia.org/wiki/Superior_cerebellar_artery
blood-vasculature,2632,posterior spinal artery,http://purl.obolibrary.org/obo/UBERON_0007146,blood vessel endothelial cell,CL:0000071,TIE1,1,TEK; TIE1; CDH5; PECAM1,HGNC:11724; HGNC:11809; HGNC:1764; HGNC:8823,https://en.wikipedia.org/wiki/Posterior_spinal_artery
blood-vasculature,2628,posterior inferior cerebellar artery,http://purl.obolibrary.org/obo/UBERON_0009688,blood vessel endothelial cell,CL:0000071,TIE1,1,TEK; TIE1; CDH5; PECAM1,HGNC:11724; HGNC:11809; HGNC:1764; HGNC:8823,https://en.wikipedia.org/wiki/Posterior_inferior_cerebellar_artery
blood-vasculature,261,descending palatine artery,http://purl.obolibrary.org/obo/UBERON_8600101,blood vessel endothelial cell,CL:0000071,TIE1,1,TEK; TIE1; CDH5; PECAM1,HGNC:11724; HGNC:11809; HGNC:1764; HGNC:8823,https://en.wikipedia.org/wiki/Descending_palatine_artery
blood-vasculature,2620,Thalamoperforating artery,http://purl.org/sig/ont/fma/fma50624,blood vessel endothelial cell,CL:0000071,TIE1,1,TEK; TIE1; CDH5; PECAM1,HGNC:11724; HGNC:11809; HGNC:1764; HGNC:8823,https://en.wikipedia.org/wiki/Posterior_cerebral_artery
blood-vasculature,2616,Thalamogeniculate artery,http://purl.org/sig/ont/fma/fma50629,blood vessel endothelial cell,CL:0000071,TIE1,1,TEK; TIE1; CDH5; PECAM1,HGNC:11724; HGNC:11809; HGNC:1764; HGNC:8823,https://en.wikipedia.org/wiki/Thalamogeniculate_artery
blood-vasculature,2608,Posterior medial choroidal artery,http://purl.org/sig/ont/fma/fma50630,blood vessel endothelial cell,CL:0000071,TIE1,1,TEK; TIE1; CDH5; PECAM1,HGNC:11724; HGNC:11809; HGNC:1764; HGNC:8823,https://en.wikipedia.org/wiki/Posterior_cerebral_artery
blood-vasculature,2604,Medial occipital artery,http://purl.org/sig/ont/fma/fma50638,blood vessel endothelial cell,CL:0000071,TIE1,1,TEK; TIE1; CDH5; PECAM1,HGNC:11724; HGNC:11809; HGNC:1764; HGNC:8823,https://en.wikipedia.org/wiki/Posterior_cerebral_artery
blood-vasculature,2636,segmental spinal artery #5,https://purl.org/ccf/ASCTB-TEMP_segmental-spinal-artery-5,blood vessel endothelial cell,CL:0000071,TIE1,1,TEK; TIE1; CDH5; PECAM1,HGNC:11724; HGNC:11809; HGNC:1764; HGNC:8823,https://anatomyzone.com/neuroanatomy/spinal-cord/blood-supply-to-the-spinal-cord/
blood-vasculature,2532,superficial cervical artery,http://purl.obolibrary.org/obo/UBERON_0001071,blood vessel endothelial cell,CL:0000071,TIE1,1,TEK; TIE1; CDH5; PECAM1,HGNC:11724; HGNC:11809; HGNC:1764; HGNC:8823,https://radiopaedia.org/articles/transverse-cervical-artery
blood-vasculature,2536,vertebral artery,http://purl.obolibrary.org/obo/UBERON_0001535,blood vessel endothelial cell,CL:0000071,TIE1,1,TEK; TIE1; CDH5; PECAM1,HGNC:11724; HGNC:11809; HGNC:1764; HGNC:8823,https://en.wikipedia.org/wiki/Vertebral_artery
blood-vasculature,2548,basilar artery,http://purl.obolibrary.org/obo/UBERON_0001633,blood vessel endothelial cell,CL:0000071,TIE1,1,TEK; TIE1; CDH5; PECAM1,HGNC:11724; HGNC:11809; HGNC:1764; HGNC:8823,https://en.wikipedia.org/wiki/Basilar_artery
blood-vasculature,2540,anterior spinal artery,http://purl.obolibrary.org/obo/UBERON_0005431,blood vessel endothelial cell,CL:0000071,TIE1,1,TEK; TIE1; CDH5; PECAM1,HGNC:11724; HGNC:11809; HGNC:1764; HGNC:8823,https://en.wikipedia.org/wiki/Anterior_spinal_artery
blood-vasculature,2524,transverse cervical artery,http://purl.obolibrary.org/obo/UBERON_0012324,blood vessel endothelial cell,CL:0000071,TIE1,1,TEK; TIE1; CDH5; PECAM1,HGNC:11724; HGNC:11809; HGNC:1764; HGNC:8823,https://en.wikipedia.org/wiki/Transverse_cervical_artery
blood-vasculature,2556,labyrinthine artery,http://purl.obolibrary.org/obo/UBERON_0018231,blood vessel endothelial cell,CL:0000071,TIE1,1,TEK; TIE1; CDH5; PECAM1,HGNC:11724; HGNC:11809; HGNC:1764; HGNC:8823,https://en.wikipedia.org/wiki/Labyrinthine_artery
blood-vasculature,2552,anterior inferior cerebellar artery,http://purl.obolibrary.org/obo/UBERON_0009689,blood vessel endothelial cell,CL:0000071,TIE1,1,TEK; TIE1; CDH5; PECAM1,HGNC:11724; HGNC:11809; HGNC:1764; HGNC:8823,https://en.wikipedia.org/wiki/Anterior_inferior_cerebellar_artery
blood-vasculature,2528,Dorsal scapular artery,http://purl.org/sig/ont/fma/fma79658,blood vessel endothelial cell,CL:0000071,TIE1,1,TEK; TIE1; CDH5; PECAM1,HGNC:11724; HGNC:11809; HGNC:1764; HGNC:8823,https://en.wikipedia.org/wiki/Transverse_cervical_artery
blood-vasculature,255,deep parotid gland arteriole,https://purl.org/ccf/ASCTB-TEMP_deep-parotid-gland-arteriole,blood vessel endothelial cell,CL:0000071,TIE1,1,TEK; TIE1; CDH5; PECAM1,HGNC:11724; HGNC:11809; HGNC:1764; HGNC:8823,https://en.wikipedia.org/wiki/Maxillary_artery
blood-vasculature,2544,sulcal artery,https://purl.org/ccf/ASCTB-TEMP_sulcal-artery,blood vessel endothelial cell,CL:0000071,TIE1,1,TEK; TIE1; CDH5; PECAM1,HGNC:11724; HGNC:11809; HGNC:1764; HGNC:8823,https://radiopaedia.org/articles/sulcal-artery?lang=us
blood-vasculature,1324,third posterior perforating branch of plantar arch,https://purl.org/ccf/ASCTB-TEMP_third-posterior-perforating-branch-of-plantar-arch,blood vessel endothelial cell,CL:0000071,TIE1,1,TEK; TIE1; CDH5; PECAM1,HGNC:11724; HGNC:11809; HGNC:1764; HGNC:8823,https://www.imaios.com/en/e-Anatomy/Anatomical-Parts/Perforating-branches3
blood-vasculature,3342,superior sagittal sinus,http://purl.obolibrary.org/obo/UBERON_0001642,blood vessel endothelial cell,CL:0000071,TIE1,1,TEK; TIE1; CDH5; PECAM1,HGNC:11724; HGNC:11809; HGNC:1764; HGNC:8823,https://en.wikipedia.org/wiki/Superior_sagittal_sinus
blood-vasculature,3351,inferior cerebral vein,http://purl.obolibrary.org/obo/UBERON_0001664,blood vessel endothelial cell,CL:0000071,TIE1,1,TEK; TIE1; CDH5; PECAM1,HGNC:11724; HGNC:11809; HGNC:1764; HGNC:8823,https://en.wikipedia.org/wiki/Inferior_cerebral_veins
blood-vasculature,3340,superior cerebellar vein,http://purl.obolibrary.org/obo/UBERON_0001669,blood vessel endothelial cell,CL:0000071,TIE1,1,TEK; TIE1; CDH5; PECAM1,HGNC:11724; HGNC:11809; HGNC:1764; HGNC:8823,https://en.wikipedia.org/wiki/Cerebellar_veins
blood-vasculature,3349,inferior cerebellar vein,http://purl.obolibrary.org/obo/UBERON_0001670,blood vessel endothelial cell,CL:0000071,TIE1,1,TEK; TIE1; CDH5; PECAM1,HGNC:11724; HGNC:11809; HGNC:1764; HGNC:8823,https://en.wikipedia.org/wiki/Cerebellar_veins
blood-vasculature,3325,anterior cerebral vein,http://purl.obolibrary.org/obo/UBERON_0001672,blood vessel endothelial cell,CL:0000071,TIE1,1,TEK; TIE1; CDH5; PECAM1,HGNC:11724; HGNC:11809; HGNC:1764; HGNC:8823,https://www.kenhub.com/en/library/anatomy/veins-of-the-brain
blood-vasculature,3354,cavernous sinus,http://purl.obolibrary.org/obo/UBERON_0003712,blood vessel endothelial cell,CL:0000071,TIE1,1,TEK; TIE1; CDH5; PECAM1,HGNC:11724; HGNC:11809; HGNC:1764; HGNC:8823,https://en.wikipedia.org/wiki/Cavernous_sinus
blood-vasculature,3323,basal vein,http://purl.obolibrary.org/obo/UBERON_0035530,blood vessel endothelial cell,CL:0000071,TIE1,1,TEK; TIE1; CDH5; PECAM1,HGNC:11724; HGNC:11809; HGNC:1764; HGNC:8823,https://en.wikipedia.org/wiki/Basal_vein
blood-vasculature,3321,great cerebral vein,http://purl.obolibrary.org/obo/UBERON_0006666,blood vessel endothelial cell,CL:0000071,TIE1,1,TEK; TIE1; CDH5; PECAM1,HGNC:11724; HGNC:11809; HGNC:1764; HGNC:8823,https://en.wikipedia.org/wiki/Great_cerebral_vein
blood-vasculature,3339,inferior sagittal sinus,http://purl.obolibrary.org/obo/UBERON_0007152,blood vessel endothelial cell,CL:0000071,TIE1,1,TEK; TIE1; CDH5; PECAM1,HGNC:11724; HGNC:11809; HGNC:1764; HGNC:8823,https://en.wikipedia.org/wiki/Inferior_sagittal_sinus
blood-vasculature,335,middle meningeal artery,http://purl.obolibrary.org/obo/UBERON_0010250,blood vessel endothelial cell,CL:0000071,TIE1,1,TEK; TIE1; CDH5; PECAM1,HGNC:11724; HGNC:11809; HGNC:1764; HGNC:8823,https://en.wikipedia.org/wiki/Middle_meningeal_artery
blood-vasculature,3359,superior bulb of internal jugular vein,http://purl.obolibrary.org/obo/UBERON_0034981,blood vessel endothelial cell,CL:0000071,TIE1,1,TEK; TIE1; CDH5; PECAM1,HGNC:11724; HGNC:11809; HGNC:1764; HGNC:8823,https://en.wikipedia.org/wiki/Internal_jugular_vein
blood-vasculature,3345,superior cerebral vein,http://purl.obolibrary.org/obo/UBERON_0035150,blood vessel endothelial cell,CL:0000071,TIE1,1,TEK; TIE1; CDH5; PECAM1,HGNC:11724; HGNC:11809; HGNC:1764; HGNC:8823,https://en.wikipedia.org/wiki/Superior_cerebral_veins
blood-vasculature,3333,internal cerebral vein,http://purl.obolibrary.org/obo/UBERON_0035152,blood vessel endothelial cell,CL:0000071,TIE1,1,TEK; TIE1; CDH5; PECAM1,HGNC:11724; HGNC:11809; HGNC:1764; HGNC:8823,https://en.wikipedia.org/wiki/Internal_cerebral_veins
blood-vasculature,3327,deep middle cerebral vein,http://purl.obolibrary.org/obo/UBERON_0035532,blood vessel endothelial cell,CL:0000071,TIE1,1,TEK; TIE1; CDH5; PECAM1,HGNC:11724; HGNC:11809; HGNC:1764; HGNC:8823,https://en.wikipedia.org/wiki/Basal_vein
blood-vasculature,3357,vein of vestibular aqueduct,http://purl.obolibrary.org/obo/UBERON_0036074,blood vessel endothelial cell,CL:0000071,TIE1,1,TEK; TIE1; CDH5; PECAM1,HGNC:11724; HGNC:11809; HGNC:1764; HGNC:8823,http://purl.obolibrary.org/obo/UBERON_0036074
blood-vasculature,3347,inferior anastomotic vein,http://purl.obolibrary.org/obo/UBERON_8600091,blood vessel endothelial cell,CL:0000071,TIE1,1,TEK; TIE1; CDH5; PECAM1,HGNC:11724; HGNC:11809; HGNC:1764; HGNC:8823,https://en.wikipedia.org/wiki/Inferior_anastomotic_vein
blood-vasculature,3353,Superior petrosal sinus,http://purl.org/sig/ont/fma/fma50771,blood vessel endothelial cell,CL:0000071,TIE1,1,TEK; TIE1; CDH5; PECAM1,HGNC:11724; HGNC:11809; HGNC:1764; HGNC:8823,https://en.wikipedia.org/wiki/Superior_petrosal_sinus
blood-vasculature,3337,Superior thalamostriate vein,http://purl.org/sig/ont/fma/fma50997,blood vessel endothelial cell,CL:0000071,TIE1,1,TEK; TIE1; CDH5; PECAM1,HGNC:11724; HGNC:11809; HGNC:1764; HGNC:8823,https://en.wikipedia.org/wiki/Superior_thalamostriate_vein
blood-vasculature,3343,Superior anastomotic vein,http://purl.org/sig/ont/fma/fma51238,blood vessel endothelial cell,CL:0000071,TIE1,1,TEK; TIE1; CDH5; PECAM1,HGNC:11724; HGNC:11809; HGNC:1764; HGNC:8823,https://en.wikipedia.org/wiki/Superior_anastomotic_vein
blood-vasculature,3335,Superior choroid vein,http://purl.org/sig/ont/fma/fma51329,blood vessel endothelial cell,CL:0000071,TIE1,1,TEK; TIE1; CDH5; PECAM1,HGNC:11724; HGNC:11809; HGNC:1764; HGNC:8823,https://en.wikipedia.org/wiki/Internal_cerebral_veins
blood-vasculature,3331,Lateral mesencephalic vein,http://purl.org/sig/ont/fma/fma51341,blood vessel endothelial cell,CL:0000071,TIE1,1,TEK; PECAM1; TIE1; CDH5,HGNC:11724; HGNC:8823; HGNC:11809; HGNC:1764,http://purl.obolibrary.org/obo/UBERON_0010205
blood-vasculature,2640,left coronary artery,http://purl.obolibrary.org/obo/UBERON_0001626,blood vessel endothelial cell,CL:0000071,TIE1,1,TEK; TIE1; CDH5; PECAM1,HGNC:11724; HGNC:11809; HGNC:1764; HGNC:8823,https://en.wikipedia.org/wiki/Left_coronary_artery
blood-vasculature,265,greater palatine artery,http://purl.obolibrary.org/obo/UBERON_0006664,blood vessel endothelial cell,CL:0000071,TIE1,1,TEK; TIE1; CDH5; PECAM1,HGNC:11724; HGNC:11809; HGNC:1764; HGNC:8823,https://en.wikipedia.org/wiki/Greater_palatine_artery
blood-vasculature,2644,left anterior descending artery,http://purl.obolibrary.org/obo/UBERON_8600102,blood vessel endothelial cell,CL:0000071,TIE1,1,TEK; TIE1; CDH5; PECAM1,HGNC:11724; HGNC:11809; HGNC:1764; HGNC:8823,https://en.wikipedia.org/wiki/Left_anterior_descending_artery
blood-vasculature,2652,First diagonal branch of anterior descending branch of left coronary artery,http://purl.org/sig/ont/fma/fma322901,blood vessel endothelial cell,CL:0000071,TIE1,1,TEK; TIE1; CDH5; PECAM1,HGNC:11724; HGNC:11809; HGNC:1764; HGNC:8823,https://radiopaedia.org/articles/diagonal-branches-of-the-left-anterior-descending-artery
blood-vasculature,2656,Second diagonal branch of anterior descending branch of left coronary artery,http://purl.org/sig/ont/fma/fma322902,blood vessel endothelial cell,CL:0000071,TIE1,1,TEK; TIE1; CDH5; PECAM1,HGNC:11724; HGNC:11809; HGNC:1764; HGNC:8823,https://radiopaedia.org/articles/diagonal-branches-of-the-left-anterior-descending-artery
blood-vasculature,2648,Diagonal branch of anterior descending branch of left coronary artery,http://purl.org/sig/ont/fma/fma3860,blood vessel endothelial cell,CL:0000071,TIE1,1,TEK; TIE1; CDH5; PECAM1,HGNC:11724; HGNC:11809; HGNC:1764; HGNC:8823,https://radiopaedia.org/articles/diagonal-branches-of-the-left-anterior-descending-artery
blood-vasculature,3190,maxillary vein,http://purl.obolibrary.org/obo/UBERON_0001660,blood vessel endothelial cell,CL:0000071,TIE1,1,TEK; TIE1; CDH5; PECAM1,HGNC:11724; HGNC:11809; HGNC:1764; HGNC:8823,https://en.wikipedia.org/wiki/Maxillary_veins
blood-vasculature,3192,pterygoid plexus,http://purl.obolibrary.org/obo/UBERON_0014685,blood vessel endothelial cell,CL:0000071,TIE1,1,TEK; TIE1; CDH5; PECAM1,HGNC:11724; HGNC:11809; HGNC:1764; HGNC:8823,https://en.wikipedia.org/wiki/Pterygoid_plexus
blood-vasculature,1554,inferior mesenteric artery,http://purl.obolibrary.org/obo/UBERON_0001183,blood vessel endothelial cell,CL:0000071,TIE1,1,TEK; TIE1; CDH5; PECAM1,HGNC:11724; HGNC:11809; HGNC:1764; HGNC:8823,https://en.wikipedia.org/wiki/Inferior_mesenteric_artery
blood-vasculature,1526,iliolumbar artery,http://purl.obolibrary.org/obo/UBERON_0001313,blood vessel endothelial cell,CL:0000071,TIE1,1,TEK; TIE1; CDH5; PECAM1,HGNC:11724; HGNC:11809; HGNC:1764; HGNC:8823,https://en.wikipedia.org/wiki/Iliolumbar_artery
blood-vasculature,1542,superior gluteal artery,http://purl.obolibrary.org/obo/UBERON_0001315,blood vessel endothelial cell,CL:0000071,TIE1,1,TEK; TIE1; CDH5; PECAM1,HGNC:11724; HGNC:11809; HGNC:1764; HGNC:8823,https://en.wikipedia.org/wiki/Superior_gluteal_artery
blood-vasculature,1558,left colic artery,http://purl.obolibrary.org/obo/UBERON_8410022,blood vessel endothelial cell,CL:0000071,TIE1,1,TEK; TIE1; CDH5; PECAM1,HGNC:11724; HGNC:11809; HGNC:1764; HGNC:8823,https://en.wikipedia.org/wiki/Left_colic_artery
blood-vasculature,155,submental artery,http://purl.obolibrary.org/obo/UBERON_8600096,blood vessel endothelial cell,CL:0000071,TIE1,1,TEK; TIE1; CDH5; PECAM1,HGNC:11724; HGNC:11809; HGNC:1764; HGNC:8823,https://en.wikipedia.org/wiki/Submental_artery
blood-vasculature,1534,Lumbar part of iliolumbar artery,http://purl.org/sig/ont/fma/fma18849,blood vessel endothelial cell,CL:0000071,TIE1,1,TEK; TIE1; CDH5; PECAM1,HGNC:11724; HGNC:11809; HGNC:1764; HGNC:8823,https://en.wikipedia.org/wiki/Lumbar_branch_of_iliolumbar_artery
blood-vasculature,1530,Iliac part of iliolumbar artery,http://purl.org/sig/ont/fma/fma18850,blood vessel endothelial cell,CL:0000071,TIE1,1,TEK; TIE1; CDH5; PECAM1,HGNC:11724; HGNC:11809; HGNC:1764; HGNC:8823,https://en.wikipedia.org/wiki/Iliac_branch_of_iliolumbar_artery
blood-vasculature,1538,Lateral sacral artery,http://purl.org/sig/ont/fma/fma18855,blood vessel endothelial cell,CL:0000071,TIE1,1,TEK; TIE1; CDH5; PECAM1,HGNC:11724; HGNC:11809; HGNC:1764; HGNC:8823,https://en.wikipedia.org/wiki/Lateral_sacral_artery
blood-vasculature,1550,Superficial part of superior gluteal artery,http://purl.org/sig/ont/fma/fma21120,blood vessel endothelial cell,CL:0000071,TIE1,1,TEK; TIE1; CDH5; PECAM1,HGNC:11724; HGNC:11809; HGNC:1764; HGNC:8823,https://en.wikipedia.org/wiki/Superior_gluteal_artery
blood-vasculature,1546,Deep part of superior gluteal artery,http://purl.org/sig/ont/fma/fma21121,blood vessel endothelial cell,CL:0000071,TIE1,1,TEK; TIE1; CDH5; PECAM1,HGNC:11724; HGNC:11809; HGNC:1764; HGNC:8823,https://en.wikipedia.org/wiki/Superior_gluteal_artery
blood-vasculature,2458,superior epigastric artery,http://purl.obolibrary.org/obo/UBERON_0007153,blood vessel endothelial cell,CL:0000071,TIE1,1,PECAM1; TEK; TIE1; CDH5,HGNC:8823; HGNC:11724; HGNC:11809; HGNC:1764,https://en.wikipedia.org/wiki/Superior_epigastric_artery
blood-vasculature,2596,calcarine artery,http://purl.obolibrary.org/obo/UBERON_0035183,blood vessel endothelial cell,CL:0000071,TIE1,1,PECAM1; TEK; TIE1; CDH5,HGNC:8823; HGNC:11724; HGNC:11809; HGNC:1764,https://radiopaedia.org/articles/calcarine-artery
blood-vasculature,2588,Pontine artery,http://purl.org/sig/ont/fma/fma50560,blood vessel endothelial cell,CL:0000071,TIE1,1,PECAM1; TEK; TIE1; CDH5,HGNC:8823; HGNC:11724; HGNC:11809; HGNC:1764,https://en.wikipedia.org/wiki/Pontine_arteries
blood-vasculature,2600,Posterior lateral choroidal artery,http://purl.org/sig/ont/fma/fma50631,blood vessel endothelial cell,CL:0000071,TIE1,1,PECAM1; TEK; TIE1; CDH5,HGNC:8823; HGNC:11724; HGNC:11809; HGNC:1764,https://en.wikipedia.org/wiki/Posterior_cerebral_artery
blood-vasculature,2580,Vestibulocochlear artery,http://purl.org/sig/ont/fma/fma52246,blood vessel endothelial cell,CL:0000071,TIE1,1,PECAM1; TEK; TIE1; CDH5,HGNC:8823; HGNC:11724; HGNC:11809; HGNC:1764,https://radiopaedia.org/articles/labyrinthine-artery
blood-vasculature,2584,Set of paramedian arteries,http://purl.org/sig/ont/fma/fma71492,blood vessel endothelial cell,CL:0000071,TIE1,1,PECAM1; TEK; TIE1; CDH5,HGNC:8823; HGNC:11724; HGNC:11809; HGNC:1764,https://en.wikipedia.org/wiki/Paramedian_arteries
blood-vasculature,259,deep parotid gland capillary,https://purl.org/ccf/ASCTB-TEMP_deep-parotid-gland-capillary,blood vessel endothelial cell,CL:0000071,TIE1,1,PECAM1; TEK; TIE1; CDH5,HGNC:8823; HGNC:11724; HGNC:11809; HGNC:1764,https://en.wikipedia.org/wiki/Maxillary_artery
blood-vasculature,641,ophthalmic artery,http://purl.obolibrary.org/obo/UBERON_0001619,blood vessel endothelial cell,CL:0000071,TIE1,1,TEK; TIE1; CDH5; PECAM1,HGNC:11724; HGNC:11809; HGNC:1764; HGNC:8823,https://en.wikipedia.org/wiki/Ophthalmic_artery
blood-vasculature,657,central retinal artery,http://purl.obolibrary.org/obo/UBERON_0001620,blood vessel endothelial cell,CL:0000071,TIE1,1,TEK; TIE1; CDH5; PECAM1,HGNC:11724; HGNC:11809; HGNC:1764; HGNC:8823,https://en.wikipedia.org/wiki/Central_retinal_artery
blood-vasculature,661,dorsal nasal artery,http://purl.obolibrary.org/obo/UBERON_0001623,blood vessel endothelial cell,CL:0000071,TIE1,1,TEK; TIE1; CDH5; PECAM1,HGNC:11724; HGNC:11809; HGNC:1764; HGNC:8823,https://en.wikipedia.org/wiki/Dorsal_nasal_artery
blood-vasculature,653,anterior meningeal artery,http://purl.obolibrary.org/obo/UBERON_0010251,blood vessel endothelial cell,CL:0000071,TIE1,1,TEK; TIE1; CDH5; PECAM1,HGNC:11724; HGNC:11809; HGNC:1764; HGNC:8823,https://en.wikipedia.org/wiki/Anterior_ethmoidal_artery
blood-vasculature,649,anterior ethmoidal artery,http://purl.obolibrary.org/obo/UBERON_0012318,blood vessel endothelial cell,CL:0000071,TIE1,1,TEK; TIE1; CDH5; PECAM1,HGNC:11724; HGNC:11809; HGNC:1764; HGNC:8823,https://en.wikipedia.org/wiki/Anterior_ethmoidal_artery
blood-vasculature,645,Anterior ciliary artery,http://purl.org/sig/ont/fma/fma49962,blood vessel endothelial cell,CL:0000071,TIE1,1,TEK; TIE1; CDH5; PECAM1,HGNC:11724; HGNC:11809; HGNC:1764; HGNC:8823,https://en.wikipedia.org/wiki/Anterior_ciliary_arteries
blood-vasculature,65,neuromeningeal trunk,https://purl.org/ccf/ASCTB-TEMP_neuromeningeal-trunk,blood vessel endothelial cell,CL:0000071,TIE1,1,TEK; TIE1; CDH5; PECAM1,HGNC:11724; HGNC:11809; HGNC:1764; HGNC:8823,https://en.wikipedia.org/wiki/Ascending_pharyngeal_artery
blood-vasculature,1696,renal artery,http://purl.obolibrary.org/obo/UBERON_0001184,blood vessel endothelial cell,CL:0000071,TIE1,1,TEK; TIE1; CDH5; PECAM1,HGNC:11724; HGNC:11809; HGNC:1764; HGNC:8823,https://en.wikipedia.org/wiki/Renal_artery
blood-vasculature,1668,left renal artery,http://purl.obolibrary.org/obo/UBERON_0001186,blood vessel endothelial cell,CL:0000071,TIE1,1,TEK; TIE1; CDH5; PECAM1,HGNC:11724; HGNC:11809; HGNC:1764; HGNC:8823,https://en.wikipedia.org/wiki/Renal_artery
blood-vasculature,1672,left testicular artery,http://purl.obolibrary.org/obo/UBERON_0001189,blood vessel endothelial cell,CL:0000071,TIE1,1,TEK; TIE1; CDH5; PECAM1,HGNC:11724; HGNC:11809; HGNC:1764; HGNC:8823,https://en.wikipedia.org/wiki/Testicular_artery
blood-vasculature,1692,ovarian artery,http://purl.obolibrary.org/obo/UBERON_0001190,blood vessel endothelial cell,CL:0000071,TIE1,1,TEK; TIE1; CDH5; PECAM1,HGNC:11724; HGNC:11809; HGNC:1764; HGNC:8823,https://en.wikipedia.org/wiki/Ovarian_artery
blood-vasculature,1684,median sacral artery,http://purl.obolibrary.org/obo/UBERON_0005464,blood vessel endothelial cell,CL:0000071,TIE1,1,TEK; TIE1; CDH5; PECAM1,HGNC:11724; HGNC:11809; HGNC:1764; HGNC:8823,https://en.wikipedia.org/wiki/Median_sacral_artery
blood-vasculature,1676,lumbar artery,http://purl.obolibrary.org/obo/UBERON_0006636,blood vessel endothelial cell,CL:0000071,TIE1,1,TEK; TIE1; CDH5; PECAM1,HGNC:11724; HGNC:11809; HGNC:1764; HGNC:8823,https://en.wikipedia.org/wiki/Lumbar_arteries
blood-vasculature,1688,middle suprarenal artery,http://purl.obolibrary.org/obo/UBERON_0012173,blood vessel endothelial cell,CL:0000071,TIE1,1,TEK; TIE1; CDH5; PECAM1,HGNC:11724; HGNC:11809; HGNC:1764; HGNC:8823,https://en.wikipedia.org/wiki/Middle_suprarenal_arteries
blood-vasculature,1700,Anterior inferior segmental renal artery,http://purl.org/sig/ont/fma/fma70501,blood vessel endothelial cell,CL:0000071,TIE1,1,TEK; TIE1; CDH5; PECAM1,HGNC:11724; HGNC:11809; HGNC:1764; HGNC:8823,https://en.wikipedia.org/wiki/Renal_circulation
blood-vasculature,1680,segmental spinal artery #3,https://purl.org/ccf/ASCTB-TEMP_segmental-spinal-artery-3,blood vessel endothelial cell,CL:0000071,TIE1,1,TEK; TIE1; CDH5; PECAM1,HGNC:11724; HGNC:11809; HGNC:1764; HGNC:8823,https://anatomyzone.com/neuroanatomy/spinal-cord/blood-supply-to-the-spinal-cord/
blood-vasculature,16,intra-acinar venule,http://purl.obolibrary.org/obo/UBERON_8600061,blood vessel endothelial cell,CL:0000071,TIE1,1,TEK; TIE1; CDH5; PECAM1,HGNC:11724; HGNC:11809; HGNC:1764; HGNC:8823,https://doi.org/10.1152/japplphysiol.01177.2009
blood-vasculature,1594,branch of mucous plexus of colon,https://purl.org/ccf/ASCTB-TEMP_branch-of-mucous-plexus-of-colon,blood vessel endothelial cell,CL:0000071,TIE1,1,TEK; TIE1; CDH5; PECAM1,HGNC:11724; HGNC:11809; HGNC:1764; HGNC:8823,https://doi.org/10.1111/j.1469-7580.2009.01199.x
blood-vasculature,1608,meandering mesenteric artery,https://purl.org/ccf/ASCTB-TEMP_meandering-mesenteric-artery,blood vessel endothelial cell,CL:0000071,TIE1,1,TEK; TIE1; CDH5; PECAM1,HGNC:11724; HGNC:11809; HGNC:1764; HGNC:8823,https://www.kenhub.com/en/library/anatomy/left-colic-artery
blood-vasculature,1590,mucosal arteriole of colon,https://purl.org/ccf/ASCTB-TEMP_mucosal-arteriole-of-colon,blood vessel endothelial cell,CL:0000071,TIE1,1,TEK; TIE1; CDH5; PECAM1,HGNC:11724; HGNC:11809; HGNC:1764; HGNC:8823,https://doi.org/10.1111/j.1469-7580.2009.01199.x
blood-vasculature,1582,recurrent muscular branch of submucosal artery of colon,https://purl.org/ccf/ASCTB-TEMP_recurrent-muscular-branch-of-submucosal-artery-of-colon,blood vessel endothelial cell,CL:0000071,TIE1,1,TEK; TIE1; CDH5; PECAM1,HGNC:11724; HGNC:11809; HGNC:1764; HGNC:8823,https://doi.org/10.1111/j.1469-7580.2009.01199.x
blood-vasculature,1600,short branch of vasa recta of colon,https://purl.org/ccf/ASCTB-TEMP_short-branch-of-vasa-recta-of-colon,blood vessel endothelial cell,CL:0000071,TIE1,1,TEK; TIE1; CDH5; PECAM1,HGNC:11724; HGNC:11809; HGNC:1764; HGNC:8823,https://doi.org/10.1111/j.1469-7580.2009.01199.x
blood-vasculature,159,submandibular gland branch of submental artery,https://purl.org/ccf/ASCTB-TEMP_submandibular-gland-branch-of-submental-artery,blood vessel endothelial cell,CL:0000071,TIE1,1,TEK; TIE1; CDH5; PECAM1,HGNC:11724; HGNC:11809; HGNC:1764; HGNC:8823,https://en.wikipedia.org/wiki/Submental_artery
blood-vasculature,1586,submucosal arteriole of colon,https://purl.org/ccf/ASCTB-TEMP_submucosal-arteriole-of-colon,blood vessel endothelial cell,CL:0000071,TIE1,1,TEK; TIE1; CDH5; PECAM1,HGNC:11724; HGNC:11809; HGNC:1764; HGNC:8823,https://doi.org/10.1111/j.1469-7580.2009.01199.x
blood-vasculature,1578,submucosal artery of colon,https://purl.org/ccf/ASCTB-TEMP_submucosal-artery-of-colon,blood vessel endothelial cell,CL:0000071,TIE1,1,TEK; TIE1; CDH5; PECAM1,HGNC:11724; HGNC:11809; HGNC:1764; HGNC:8823,https://doi.org/10.1111/j.1469-7580.2009.01199.x
blood-vasculature,1596,subserous artery of colon,https://purl.org/ccf/ASCTB-TEMP_subserous-artery-of-colon,blood vessel endothelial cell,CL:0000071,TIE1,1,TEK; TIE1; CDH5; PECAM1,HGNC:11724; HGNC:11809; HGNC:1764; HGNC:8823,https://doi.org/10.1111/j.1469-7580.2009.01199.x
blood-vasculature,1604,subserous artery of colon #2,https://purl.org/ccf/ASCTB-TEMP_subserous-artery-of-colon-2,blood vessel endothelial cell,CL:0000071,TIE1,1,TEK; TIE1; CDH5; PECAM1,HGNC:11724; HGNC:11809; HGNC:1764; HGNC:8823,https://doi.org/10.1111/j.1469-7580.2009.01199.x
blood-vasculature,1356,inferior epigastric artery,http://purl.obolibrary.org/obo/UBERON_0001354,blood vessel endothelial cell,CL:0000071,TIE1,1,TEK; TIE1; CDH5; PECAM1,HGNC:11724; HGNC:11809; HGNC:1764; HGNC:8823,https://en.wikipedia.org/wiki/Inferior_epigastric_artery
blood-vasculature,1340,medial plantar artery,http://purl.obolibrary.org/obo/UBERON_0001541,blood vessel endothelial cell,CL:0000071,TIE1,1,TEK; TIE1; CDH5; PECAM1,HGNC:11724; HGNC:11809; HGNC:1764; HGNC:8823,https://en.wikipedia.org/wiki/Medial_plantar_artery
blood-vasculature,1352,deep circumflex iliac artery,http://purl.obolibrary.org/obo/UBERON_0009040,blood vessel endothelial cell,CL:0000071,TIE1,1,TEK; TIE1; CDH5; PECAM1,HGNC:11724; HGNC:11809; HGNC:1764; HGNC:8823,https://en.wikipedia.org/wiki/Deep_circumflex_iliac_artery
blood-vasculature,1360,Artery of round ligament of uterus,http://purl.org/sig/ont/fma/fma70195,blood vessel endothelial cell,CL:0000071,TIE1,1,TEK; TIE1; CDH5; PECAM1,HGNC:11724; HGNC:11809; HGNC:1764; HGNC:8823,https://en.wikipedia.org/wiki/Artery_of_round_ligament_of_uterus
blood-vasculature,1348,Superficial medial plantar artery,http://purl.org/sig/ont/fma/fma43933,blood vessel endothelial cell,CL:0000071,TIE1,1,TEK; TIE1; CDH5; PECAM1,HGNC:11724; HGNC:11809; HGNC:1764; HGNC:8823,https://www.ncbi.nlm.nih.gov/books/NBK560912/
blood-vasculature,1344,Deep medial plantar artery,http://purl.org/sig/ont/fma/fma43934,blood vessel endothelial cell,CL:0000071,TIE1,1,TEK; TIE1; CDH5; PECAM1,HGNC:11724; HGNC:11809; HGNC:1764; HGNC:8823,https://www.ncbi.nlm.nih.gov/books/NBK560912/
blood-vasculature,1332,lateral proper plantar digital artery of fifth digit of foot,https://purl.org/ccf/ASCTB-TEMP_lateral-proper-plantar-digital-artery-of-fifth-digit-of-foot,blood vessel endothelial cell,CL:0000071,TIE1,1,TEK; TIE1; CDH5; PECAM1,HGNC:11724; HGNC:11809; HGNC:1764; HGNC:8823,https://www.ncbi.nlm.nih.gov/books/NBK560912/
blood-vasculature,1336,medial calcaneal artery,https://purl.org/ccf/ASCTB-TEMP_medial-calcaneal-artery,blood vessel endothelial cell,CL:0000071,TIE1,1,TEK; TIE1; CDH5; PECAM1,HGNC:11724; HGNC:11809; HGNC:1764; HGNC:8823,https://www.ncbi.nlm.nih.gov/books/NBK560912/
blood-vasculature,135,submandibular gland arteriole,https://purl.org/ccf/ASCTB-TEMP_submandibular-gland-arteriole,blood vessel endothelial cell,CL:0000071,TIE1,1,TEK; TIE1; CDH5; PECAM1,HGNC:11724; HGNC:11809; HGNC:1764; HGNC:8823,https://en.wikipedia.org/wiki/Glandular_branches_of_facial_artery
blood-vasculature,1328,superficial branch of lateral plantar artery,https://purl.org/ccf/ASCTB-TEMP_superficial-branch-of-lateral-plantar-artery,blood vessel endothelial cell,CL:0000071,TIE1,1,TEK; TIE1; CDH5; PECAM1,HGNC:11724; HGNC:11809; HGNC:1764; HGNC:8823,https://www.ncbi.nlm.nih.gov/books/NBK560912/
blood-vasculature,907,spleen trabecular artery,http://purl.obolibrary.org/obo/UBERON_0010399,blood vessel endothelial cell,CL:0000071,TIE1,1,TEK; TIE1; CDH5; PECAM1,HGNC:11724; HGNC:11809; HGNC:1764; HGNC:8823,https://en.wikipedia.org/wiki/Trabecular_arteries
blood-vasculature,895,left gastroepiploic artery,http://purl.obolibrary.org/obo/UBERON_0035830,blood vessel endothelial cell,CL:0000071,TIE1,1,TEK; TIE1; CDH5; PECAM1,HGNC:11724; HGNC:11809; HGNC:1764; HGNC:8823,https://en.wikipedia.org/wiki/Left_gastroepiploic_artery
blood-vasculature,887,Great pancreatic artery,http://purl.org/sig/ont/fma/fma14792,blood vessel endothelial cell,CL:0000071,TIE1,1,TEK; TIE1; CDH5; PECAM1,HGNC:11724; HGNC:11809; HGNC:1764; HGNC:8823,https://en.wikipedia.org/wiki/Greater_pancreatic_artery
blood-vasculature,89,eustachian branch of ascending pharyngeal artery,https://purl.org/ccf/ASCTB-TEMP_eustachian-branch-of-ascending-pharyngeal-artery,blood vessel endothelial cell,CL:0000071,TIE1,1,TEK; TIE1; CDH5; PECAM1,HGNC:11724; HGNC:11809; HGNC:1764; HGNC:8823,PMID:12169487
blood-vasculature,891,inferior lobar artery of spleen,https://purl.org/ccf/ASCTB-TEMP_inferior-lobar-artery-of-spleen,blood vessel endothelial cell,CL:0000071,TIE1,1,TEK; TIE1; CDH5; PECAM1,HGNC:11724; HGNC:11809; HGNC:1764; HGNC:8823,https://ijcrr.com/uploads/759_pdf.pdf
blood-vasculature,899,lobar artery of spleen,https://purl.org/ccf/ASCTB-TEMP_lobar-artery-of-spleen,blood vessel endothelial cell,CL:0000071,TIE1,1,TEK; TIE1; CDH5; PECAM1,HGNC:11724; HGNC:11809; HGNC:1764; HGNC:8823,https://ijcrr.com/uploads/759_pdf.pdf
blood-vasculature,903,segmental branch of lobar artery of spleen,https://purl.org/ccf/ASCTB-TEMP_segmental-branch-of-lobar-artery-of-spleen,blood vessel endothelial cell,CL:0000071,TIE1,1,TEK; TIE1; CDH5; PECAM1,HGNC:11724; HGNC:11809; HGNC:1764; HGNC:8823,https://ijcrr.com/uploads/759_pdf.pdf
blood-vasculature,883,transverse pancreatic artery,https://purl.org/ccf/ASCTB-TEMP_transverse-pancreatic-artery,blood vessel endothelial cell,CL:0000071,TIE1,1,TEK; TIE1; CDH5; PECAM1,HGNC:11724; HGNC:11809; HGNC:1764; HGNC:8823,https://radiopaedia.org/articles/transverse-pancreatic-artery
blood-vasculature,25,aorta,http://purl.obolibrary.org/obo/UBERON_0000947,blood vessel endothelial cell,CL:0000071,TIE1,1,TEK; TIE1; CDH5; PECAM1,HGNC:11724; HGNC:11809; HGNC:1764; HGNC:8823,https://en.wikipedia.org/wiki/Aorta
blood-vasculature,251,deep auricular artery,http://purl.obolibrary.org/obo/UBERON_0014695,blood vessel endothelial cell,CL:0000071,TIE1,1,TEK; TIE1; CDH5; PECAM1,HGNC:11724; HGNC:11809; HGNC:1764; HGNC:8823,https://en.wikipedia.org/wiki/Deep_auricular_artery
blood-vasculature,2520,Suprascapular artery,http://purl.org/sig/ont/fma/fma10663,blood vessel endothelial cell,CL:0000071,TIE1,1,TEK; TIE1; CDH5; PECAM1,HGNC:11724; HGNC:11809; HGNC:1764; HGNC:8823,https://en.wikipedia.org/wiki/Suprascapular_artery
blood-vasculature,2488,Anterior radicular branch of posterior intercostal artery,http://purl.org/sig/ont/fma/fma4183,blood vessel endothelial cell,CL:0000071,TIE1,1,TEK; TIE1; CDH5; PECAM1,HGNC:11724; HGNC:11809; HGNC:1764; HGNC:8823,https://anatomyzone.com/neuroanatomy/spinal-cord/blood-supply-to-the-spinal-cord/
blood-vasculature,2496,Anterior radicular branch of posterior intercostal artery,http://purl.org/sig/ont/fma/fma4183,blood vessel endothelial cell,CL:0000071,TIE1,1,TEK; TIE1; CDH5; PECAM1,HGNC:11724; HGNC:11809; HGNC:1764; HGNC:8823,https://en.wikipedia.org/wiki/Artery_of_Adamkiewicz
blood-vasculature,2500,Posterior radicular branch of posterior intercostal artery,http://purl.org/sig/ont/fma/fma4184,blood vessel endothelial cell,CL:0000071,TIE1,1,TEK; TIE1; CDH5; PECAM1,HGNC:11724; HGNC:11809; HGNC:1764; HGNC:8823,https://anatomyzone.com/neuroanatomy/spinal-cord/blood-supply-to-the-spinal-cord/
blood-vasculature,2508,Inferior laryngeal artery,http://purl.org/sig/ont/fma/fma52492,blood vessel endothelial cell,CL:0000071,TIE1,1,TEK; TIE1; CDH5; PECAM1,HGNC:11724; HGNC:11809; HGNC:1764; HGNC:8823,https://en.wikipedia.org/wiki/Inferior_thyroid_artery
blood-vasculature,2512,Set of pharyngeal branches of inferior thyroid artery,http://purl.org/sig/ont/fma/fma71523,blood vessel endothelial cell,CL:0000071,TIE1,1,TEK; TIE1; CDH5; PECAM1,HGNC:11724; HGNC:11809; HGNC:1764; HGNC:8823,https://en.wikipedia.org/wiki/Inferior_thyroid_artery
blood-vasculature,2516,Set of tracheal branches of inferior thyroid artery,http://purl.org/sig/ont/fma/fma71525,blood vessel endothelial cell,CL:0000071,TIE1,1,TEK; TIE1; CDH5; PECAM1,HGNC:11724; HGNC:11809; HGNC:1764; HGNC:8823,https://en.wikipedia.org/wiki/Inferior_thyroid_artery
blood-vasculature,2492,anterior segmental medullary artery,https://purl.org/ccf/ASCTB-TEMP_anterior-segmental-medullary-artery,blood vessel endothelial cell,CL:0000071,TIE1,1,TEK; TIE1; CDH5; PECAM1,HGNC:11724; HGNC:11809; HGNC:1764; HGNC:8823,https://anatomyzone.com/neuroanatomy/spinal-cord/blood-supply-to-the-spinal-cord/
blood-vasculature,249,buccal mucosa capillary,https://purl.org/ccf/ASCTB-TEMP_buccal-mucosa-capillary,blood vessel endothelial cell,CL:0000071,TIE1,1,TEK; TIE1; CDH5; PECAM1,HGNC:11724; HGNC:11809; HGNC:1764; HGNC:8823,https://en.wikipedia.org/wiki/Buccal_artery
blood-vasculature,2504,posterior segmental medullary artery,https://purl.org/ccf/ASCTB-TEMP_posterior-segmental-medullary-artery,blood vessel endothelial cell,CL:0000071,TIE1,1,TEK; TIE1; CDH5; PECAM1,HGNC:11724; HGNC:11809; HGNC:1764; HGNC:8823,https://anatomyzone.com/neuroanatomy/spinal-cord/blood-supply-to-the-spinal-cord/
blood-vasculature,2322,dorsal branch of medial proper palmar digital artery of fourth digit of hand,https://purl.org/ccf/ASCTB-TEMP_dorsal-branch-of-medial-proper-palmar-digital-artery-of-fourth-digit-of-hand,blood vessel endothelial cell,CL:0000071,TIE1,1,TEK; TIE1; CDH5; PECAM1,HGNC:11724; HGNC:11809; HGNC:1764; HGNC:8823,https://en.wikipedia.org/wiki/Proper_palmar_digital_arteries
blood-vasculature,2302,dorsal branch of medial proper palmar digital artery of third digit of hand,https://purl.org/ccf/ASCTB-TEMP_dorsal-branch-of-medial-proper-palmar-digital-artery-of-third-digit-of-hand,blood vessel endothelial cell,CL:0000071,TIE1,1,TEK; TIE1; CDH5; PECAM1,HGNC:11724; HGNC:11809; HGNC:1764; HGNC:8823,https://en.wikipedia.org/wiki/Proper_palmar_digital_arteries
blood-vasculature,2350,thoraco-acromial artery,http://purl.obolibrary.org/obo/UBERON_0001395,blood vessel endothelial cell,CL:0000071,TIE1,1,TEK; TIE1; CDH5; PECAM1,HGNC:11724; HGNC:11809; HGNC:1764; HGNC:8823,https://en.wikipedia.org/wiki/Thoracoacromial_artery
blood-vasculature,2334,subscapular artery,http://purl.obolibrary.org/obo/UBERON_0001397,blood vessel endothelial cell,CL:0000071,TIE1,1,TEK; TIE1; CDH5; PECAM1,HGNC:11724; HGNC:11809; HGNC:1764; HGNC:8823,https://en.wikipedia.org/wiki/Subscapular_artery
blood-vasculature,2342,thoracodorsal artery,http://purl.obolibrary.org/obo/UBERON_0002011,blood vessel endothelial cell,CL:0000071,TIE1,1,TEK; TIE1; CDH5; PECAM1,HGNC:11724; HGNC:11809; HGNC:1764; HGNC:8823,https://en.wikipedia.org/wiki/Thoracodorsal_artery
blood-vasculature,2346,superior thoracic artery,http://purl.obolibrary.org/obo/UBERON_0035273,blood vessel endothelial cell,CL:0000071,TIE1,1,TEK; TIE1; CDH5; PECAM1,HGNC:11724; HGNC:11809; HGNC:1764; HGNC:8823,https://en.wikipedia.org/wiki/Superior_thoracic_artery
blood-vasculature,2358,Clavicular branch of thoraco-acromial artery,http://purl.org/sig/ont/fma/fma23066,blood vessel endothelial cell,CL:0000071,TIE1,1,TEK; TIE1; CDH5; PECAM1,HGNC:11724; HGNC:11809; HGNC:1764; HGNC:8823,https://www.kenhub.com/en/library/anatomy/thoracoacromial-artery
blood-vasculature,2366,Pectoral branch of thoraco-acromial artery,http://purl.org/sig/ont/fma/fma23062,blood vessel endothelial cell,CL:0000071,TIE1,1,TEK; TIE1; CDH5; PECAM1,HGNC:11724; HGNC:11809; HGNC:1764; HGNC:8823,https://www.kenhub.com/en/library/anatomy/thoracoacromial-artery
blood-vasculature,2354,Acromial branch of thoraco-acromial artery,http://purl.org/sig/ont/fma/fma23065,blood vessel endothelial cell,CL:0000071,TIE1,1,TEK; TIE1; CDH5; PECAM1,HGNC:11724; HGNC:11809; HGNC:1764; HGNC:8823,https://www.kenhub.com/en/library/anatomy/thoracoacromial-artery
blood-vasculature,2362,Deltoid branch of thoraco-acromial artery,http://purl.org/sig/ont/fma/fma23067,blood vessel endothelial cell,CL:0000071,TIE1,1,TEK; TIE1; CDH5; PECAM1,HGNC:11724; HGNC:11809; HGNC:1764; HGNC:8823,https://www.kenhub.com/en/library/anatomy/thoracoacromial-artery
blood-vasculature,2986,left medial hepatic portal vein,https://purl.org/ccf/ASCTB-TEMP_left-medial-hepatic-portal-vein,blood vessel endothelial cell,CL:0000071,TIE1,1,TEK; TIE1; CDH5; PECAM1,HGNC:11724; HGNC:11809; HGNC:1764; HGNC:8823,https://doi.org/10.1007/s12565-018-00475-x
blood-vasculature,2992,left medial hepatic portal vein #2,https://purl.org/ccf/ASCTB-TEMP_left-medial-hepatic-portal-vein-2,blood vessel endothelial cell,CL:0000071,TIE1,1,TEK; TIE1; CDH5; PECAM1,HGNC:11724; HGNC:11809; HGNC:1764; HGNC:8823,https://doi.org/10.1007/s12565-018-00475-x
blood-vasculature,299,lingual branch of inferior alveolar artery,https://purl.org/ccf/ASCTB-TEMP_lingual-branch-of-inferior-alveolar-artery,blood vessel endothelial cell,CL:0000071,TIE1,1,TEK; TIE1; CDH5; PECAM1,HGNC:11724; HGNC:11809; HGNC:1764; HGNC:8823,https://en.wikipedia.org/wiki/Inferior_alveolar_artery
blood-vasculature,2996,right posterior hepatic portal vein,https://purl.org/ccf/ASCTB-TEMP_right-posterior-hepatic-portal-vein,blood vessel endothelial cell,CL:0000071,TIE1,1,TEK; TIE1; CDH5; PECAM1,HGNC:11724; HGNC:11809; HGNC:1764; HGNC:8823,https://doi.org/10.1007/s12565-018-00475-x
blood-vasculature,3002,right posterior hepatic portal vein #2,https://purl.org/ccf/ASCTB-TEMP_right-posterior-hepatic-portal-vein-2,blood vessel endothelial cell,CL:0000071,TIE1,1,TEK; TIE1; CDH5; PECAM1,HGNC:11724; HGNC:11809; HGNC:1764; HGNC:8823,https://doi.org/10.1007/s12565-018-00475-x
blood-vasculature,2972,superior vein of Sappey,https://purl.org/ccf/ASCTB-TEMP_superior-vein-of-sappey,blood vessel endothelial cell,CL:0000071,TIE1,1,TEK; TIE1; CDH5; PECAM1,HGNC:11724; HGNC:11809; HGNC:1764; HGNC:8823,https://doi.org/10.2484/rcr.v5i3.394
blood-vasculature,2974,vein of Burow,https://purl.org/ccf/ASCTB-TEMP_vein-of-burow,blood vessel endothelial cell,CL:0000071,TIE1,1,TEK; TIE1; CDH5; PECAM1,HGNC:11724; HGNC:11809; HGNC:1764; HGNC:8823,https://medical-dictionary.thefreedictionary.com/Burow+vein
blood-vasculature,1728,kidney arcuate artery,http://purl.obolibrary.org/obo/UBERON_0001552,blood vessel endothelial cell,CL:0000071,TIE1,1,TEK; TIE1; CDH5; PECAM1,HGNC:11724; HGNC:11809; HGNC:1764; HGNC:8823,https://en.wikipedia.org/wiki/Arcuate_arteries_of_the_kidney
blood-vasculature,1712,inferior suprarenal artery,http://purl.obolibrary.org/obo/UBERON_0002056,blood vessel endothelial cell,CL:0000071,TIE1,1,TEK; TIE1; CDH5; PECAM1,HGNC:11724; HGNC:11809; HGNC:1764; HGNC:8823,https://en.wikipedia.org/wiki/Inferior_suprarenal_artery
blood-vasculature,1736,renal afferent arteriole,http://purl.obolibrary.org/obo/UBERON_0004639,blood vessel endothelial cell,CL:0000071,TIE1,1,TEK; TIE1; CDH5; PECAM1,HGNC:11724; HGNC:11809; HGNC:1764; HGNC:8823,https://en.wikipedia.org/wiki/Afferent_arterioles
blood-vasculature,1732,interlobular artery,http://purl.obolibrary.org/obo/UBERON_0004723,blood vessel endothelial cell,CL:0000071,TIE1,1,TEK; TIE1; CDH5; PECAM1,HGNC:11724; HGNC:11809; HGNC:1764; HGNC:8823,https://en.wikipedia.org/wiki/Interlobular_arteries
blood-vasculature,1724,interlobar artery,http://purl.obolibrary.org/obo/UBERON_0009885,blood vessel endothelial cell,CL:0000071,TIE1,1,TEK; TIE1; CDH5; PECAM1,HGNC:11724; HGNC:11809; HGNC:1764; HGNC:8823,https://en.wikipedia.org/wiki/Renal_circulation
blood-vasculature,1704,Anterior superior segmental renal artery,http://purl.org/sig/ont/fma/fma70500,blood vessel endothelial cell,CL:0000071,TIE1,1,TEK; TIE1; CDH5; PECAM1,HGNC:11724; HGNC:11809; HGNC:1764; HGNC:8823,https://en.wikipedia.org/wiki/Renal_circulation
blood-vasculature,1708,Inferior segmental renal artery,http://purl.org/sig/ont/fma/fma70502,blood vessel endothelial cell,CL:0000071,TIE1,1,TEK; TIE1; CDH5; PECAM1,HGNC:11724; HGNC:11809; HGNC:1764; HGNC:8823,https://en.wikipedia.org/wiki/Renal_circulation
blood-vasculature,1716,Posterior segmental renal artery,http://purl.org/sig/ont/fma/fma70503,blood vessel endothelial cell,CL:0000071,TIE1,1,TEK; TIE1; CDH5; PECAM1,HGNC:11724; HGNC:11809; HGNC:1764; HGNC:8823,https://en.wikipedia.org/wiki/Renal_circulation
blood-vasculature,2568,main cochlear artery,https://purl.org/ccf/ASCTB-TEMP_main-cochlear-artery,blood vessel endothelial cell,CL:0000071,TIE1,1,TEK; TIE1; CDH5; PECAM1,HGNC:11724; HGNC:11809; HGNC:1764; HGNC:8823,https://www.vestib.com/arterial-supply.html
blood-vasculature,2572,posterior vestibular artery,https://purl.org/ccf/ASCTB-TEMP_posterior-vestibular-artery,blood vessel endothelial cell,CL:0000071,TIE1,1,TEK; TIE1; CDH5; PECAM1,HGNC:11724; HGNC:11809; HGNC:1764; HGNC:8823,https://www.vestib.com/arterial-supply.html
blood-vasculature,3242,deep facial vein,http://purl.obolibrary.org/obo/UBERON_0035659,blood vessel endothelial cell,CL:0000071,TIE1,1,TEK; TIE1; CDH5; PECAM1,HGNC:11724; HGNC:11809; HGNC:1764; HGNC:8823,https://en.wikipedia.org/wiki/Deep_facial_vein
blood-vasculature,3250,parotid vein,http://purl.obolibrary.org/obo/UBERON_0035662,blood vessel endothelial cell,CL:0000071,TIE1,1,TEK; TIE1; CDH5; PECAM1,HGNC:11724; HGNC:11809; HGNC:1764; HGNC:8823,https://doi.org/10.1002/cphy.cp060142
blood-vasculature,3264,tributary of central retinal vein,http://purl.obolibrary.org/obo/UBERON_0036300,blood vessel endothelial cell,CL:0000071,TIE1,1,TEK; TIE1; CDH5; PECAM1,HGNC:11724; HGNC:11809; HGNC:1764; HGNC:8823,http://purl.obolibrary.org/obo/UBERON_0036300
blood-vasculature,3248,mental vein,http://purl.obolibrary.org/obo/UBERON_8600068,blood vessel endothelial cell,CL:0000071,TIE1,1,TEK; TIE1; CDH5; PECAM1,HGNC:11724; HGNC:11809; HGNC:1764; HGNC:8823,https://doi.org/10.17354/ijss/2016/337
blood-vasculature,3240,transverse nasal root vein,http://purl.obolibrary.org/obo/UBERON_8600089,blood vessel endothelial cell,CL:0000071,TIE1,1,TEK; TIE1; CDH5; PECAM1,HGNC:11724; HGNC:11809; HGNC:1764; HGNC:8823,https://plasticsurgerykey.com/veins-of-the-face-and-neck/
blood-vasculature,3266,hypophyseal vein,http://purl.obolibrary.org/obo/UBERON_8600090,blood vessel endothelial cell,CL:0000071,TIE1,1,TEK; TIE1; CDH5; PECAM1,HGNC:11724; HGNC:11809; HGNC:1764; HGNC:8823,https://www.kenhub.com/en/library/anatomy/the-cavernous-sinus
blood-vasculature,327,Anterior superior alveolar artery,http://purl.org/sig/ont/fma/fma49771,blood vessel endothelial cell,CL:0000071,TIE1,1,TEK; TIE1; CDH5; PECAM1,HGNC:11724; HGNC:11809; HGNC:1764; HGNC:8823,https://en.wikipedia.org/wiki/Anterior_superior_alveolar_arteries
blood-vasculature,3279,Ethmoidal vein,http://purl.org/sig/ont/fma/fma51770,blood vessel endothelial cell,CL:0000071,TIE1,1,TEK; TIE1; CDH5; PECAM1,HGNC:11724; HGNC:11809; HGNC:1764; HGNC:8823,https://en.wikipedia.org/wiki/Ethmoidal_veins
blood-vasculature,3277,Anterior ciliary vein,http://purl.org/sig/ont/fma/fma51798,blood vessel endothelial cell,CL:0000071,TIE1,1,TEK; TIE1; CDH5; PECAM1,HGNC:11724; HGNC:11809; HGNC:1764; HGNC:8823,https://www.imaios.com/en/e-Anatomy/Anatomical-Parts/Anterior-ciliary-veins
blood-vasculature,3246,inferior labial gland venule,https://purl.org/ccf/ASCTB-TEMP_inferior-labial-gland-venule,blood vessel endothelial cell,CL:0000071,TIE1,1,TEK; TIE1; CDH5; PECAM1,HGNC:11724; HGNC:11809; HGNC:1764; HGNC:8823,https://en.wikipedia.org/wiki/Inferior_labial_vein
blood-vasculature,3274,sphenopalatine sinus,https://purl.org/ccf/ASCTB-TEMP_sphenopalatine-sinus,blood vessel endothelial cell,CL:0000071,TIE1,1,TEK; TIE1; CDH5; PECAM1,HGNC:11724; HGNC:11809; HGNC:1764; HGNC:8823,https://teachmeanatomy.info/neuroanatomy/vessels/venous-drainage/
blood-vasculature,3256,superior labial gland venule,https://purl.org/ccf/ASCTB-TEMP_superior-labial-gland-venule,blood vessel endothelial cell,CL:0000071,TIE1,1,TEK; TIE1; CDH5; PECAM1,HGNC:11724; HGNC:11809; HGNC:1764; HGNC:8823,https://en.wikipedia.org/wiki/Superior_labial_vein
blood-vasculature,1628,superior suprarenal artery,http://purl.obolibrary.org/obo/UBERON_0001198,blood vessel endothelial cell,CL:0000071,TIE1,1,TEK; TIE1; CDH5; PECAM1,HGNC:11724; HGNC:11809; HGNC:1764; HGNC:8823,https://en.wikipedia.org/wiki/Superior_suprarenal_artery
blood-vasculature,163,artery of upper lip,http://purl.obolibrary.org/obo/UBERON_0003470,blood vessel endothelial cell,CL:0000071,TIE1,1,TEK; TIE1; CDH5; PECAM1,HGNC:11724; HGNC:11809; HGNC:1764; HGNC:8823,https://en.wikipedia.org/wiki/Superior_labial_artery
blood-vasculature,1624,inferior phrenic artery,http://purl.obolibrary.org/obo/UBERON_0012255,blood vessel endothelial cell,CL:0000071,TIE1,1,TEK; TIE1; CDH5; PECAM1,HGNC:11724; HGNC:11809; HGNC:1764; HGNC:8823,https://en.wikipedia.org/wiki/Inferior_phrenic_arteries
blood-vasculature,1620,superior rectal artery,http://purl.obolibrary.org/obo/UBERON_0035040,blood vessel endothelial cell,CL:0000071,TIE1,1,TEK; TIE1; CDH5; PECAM1,HGNC:11724; HGNC:11809; HGNC:1764; HGNC:8823,https://en.wikipedia.org/wiki/Superior_rectal_artery
blood-vasculature,1616,sigmoid artery,http://purl.obolibrary.org/obo/UBERON_0035180,blood vessel endothelial cell,CL:0000071,TIE1,1,TEK; TIE1; CDH5; PECAM1,HGNC:11724; HGNC:11809; HGNC:1764; HGNC:8823,https://en.wikipedia.org/wiki/Sigmoid_arteries
blood-vasculature,1632,left common iliac artery,http://purl.obolibrary.org/obo/UBERON_0035529,blood vessel endothelial cell,CL:0000071,TIE1,1,TEK; TIE1; CDH5; PECAM1,HGNC:11724; HGNC:11809; HGNC:1764; HGNC:8823,https://en.wikipedia.org/wiki/Abdominal_aorta
blood-vasculature,1640,Left first lumbar artery,http://purl.org/sig/ont/fma/fma14742,blood vessel endothelial cell,CL:0000071,TIE1,1,TEK; TIE1; CDH5; PECAM1,HGNC:11724; HGNC:11809; HGNC:1764; HGNC:8823,https://en.wikipedia.org/wiki/Lumbar_arteries
blood-vasculature,1644,Left second lumbar artery,http://purl.org/sig/ont/fma/fma14743,blood vessel endothelial cell,CL:0000071,TIE1,1,TEK; TIE1; CDH5; PECAM1,HGNC:11724; HGNC:11809; HGNC:1764; HGNC:8823,https://en.wikipedia.org/wiki/Lumbar_arteries
blood-vasculature,1636,Left inferior phrenic artery,http://purl.org/sig/ont/fma/fma14747,blood vessel endothelial cell,CL:0000071,TIE1,1,TEK; TIE1; CDH5; PECAM1,HGNC:11724; HGNC:11809; HGNC:1764; HGNC:8823,https://en.wikipedia.org/wiki/Inferior_phrenic_arteries
blood-vasculature,1612,Descending branch of left colic artery,http://purl.org/sig/ont/fma/fma14829,blood vessel endothelial cell,CL:0000071,TIE1,1,TEK; TIE1; CDH5; PECAM1,HGNC:11724; HGNC:11809; HGNC:1764; HGNC:8823,https://en.wikipedia.org/wiki/Left_colic_artery
blood-vasculature,715,posterior communicating artery,http://purl.obolibrary.org/obo/UBERON_0001628,blood vessel endothelial cell,CL:0000071,TIE1,1,TEK; TIE1; CDH5; PECAM1,HGNC:11724; HGNC:11809; HGNC:1764; HGNC:8823,https://en.wikipedia.org/wiki/Posterior_communicating_artery
blood-vasculature,705,capillary layer of choroid,http://purl.obolibrary.org/obo/UBERON_0005336,blood vessel endothelial cell,CL:0000071,TIE1,1,TEK; TIE1; CDH5; PECAM1,HGNC:11724; HGNC:11809; HGNC:1764; HGNC:8823,https://en.wikipedia.org/wiki/Choroid
blood-vasculature,711,frontal artery,http://purl.obolibrary.org/obo/UBERON_0012187,blood vessel endothelial cell,CL:0000071,TIE1,1,TEK; TIE1; CDH5; PECAM1,HGNC:11724; HGNC:11809; HGNC:1764; HGNC:8823,https://en.wikipedia.org/wiki/Supratrochlear_artery
blood-vasculature,707,supraorbital artery,http://purl.obolibrary.org/obo/UBERON_0015160,blood vessel endothelial cell,CL:0000071,TIE1,1,TEK; TIE1; CDH5; PECAM1,HGNC:11724; HGNC:11809; HGNC:1764; HGNC:8823,https://en.wikipedia.org/wiki/Supraorbital_artery
blood-vasculature,719,superior hypophysial artery,http://purl.obolibrary.org/obo/UBERON_0035404,blood vessel endothelial cell,CL:0000071,TIE1,1,TEK; TIE1; CDH5; PECAM1,HGNC:11724; HGNC:11809; HGNC:1764; HGNC:8823,https://en.wikipedia.org/wiki/Superior_hypophysial_artery
blood-vasculature,727,Hypophysial long portal vein,http://purl.org/sig/ont/fma/fma0327575,blood vessel endothelial cell,CL:0000071,TIE1,1,TEK; TIE1; CDH5; PECAM1,HGNC:11724; HGNC:11809; HGNC:1764; HGNC:8823,https://basicmedicalkey.com/endocrine-system-3/
blood-vasculature,1942,Left subcostal artery,http://purl.org/sig/ont/fma/fma4654,blood vessel endothelial cell,CL:0000071,TIE1,1,TEK; TIE1; CDH5; PECAM1,HGNC:11724; HGNC:11809; HGNC:1764; HGNC:8823,https://en.wikipedia.org/wiki/Subcostal_arteries
blood-vasculature,1938,Left second superior phrenic artery,http://purl.org/sig/ont/fma/fma4173,blood vessel endothelial cell,CL:0000071,TIE1,1,TEK; TIE1; CDH5; PECAM1,HGNC:11724; HGNC:11809; HGNC:1764; HGNC:8823,https://en.wikipedia.org/wiki/Superior_phrenic_arteries
blood-vasculature,701,Set of short posterior ciliary arteries,http://purl.org/sig/ont/fma/fma70777,blood vessel endothelial cell,CL:0000071,TIE1,1,TEK; TIE1; CDH5; PECAM1,HGNC:11724; HGNC:11809; HGNC:1764; HGNC:8823,https://en.wikipedia.org/wiki/Short_posterior_ciliary_arteries
blood-vasculature,723,external primary capillary plexus of median eminence,https://purl.org/ccf/ASCTB-TEMP_external-primary-capillary-plexus-of-median-eminence,blood vessel endothelial cell,CL:0000071,TIE1,1,TEK; TIE1; CDH5; PECAM1,HGNC:11724; HGNC:11809; HGNC:1764; HGNC:8823,https://basicmedicalkey.com/endocrine-system-3/
blood-vasculature,725,internal primary capillary plexus of median eminence,https://purl.org/ccf/ASCTB-TEMP_internal-primary-capillary-plexus-of-median-eminence,blood vessel endothelial cell,CL:0000071,TIE1,1,TEK; TIE1; CDH5; PECAM1,HGNC:11724; HGNC:11809; HGNC:1764; HGNC:8823,https://basicmedicalkey.com/endocrine-system-3/
blood-vasculature,2234,common palmar digital artery,http://purl.obolibrary.org/obo/UBERON_0001410,blood vessel endothelial cell,CL:0000071,TIE1,1,TEK; TIE1; CDH5; PECAM1,HGNC:11724; HGNC:11809; HGNC:1764; HGNC:8823,https://en.wikipedia.org/wiki/Common_palmar_digital_arteries
blood-vasculature,3367,internal thoracic vein,http://purl.obolibrary.org/obo/UBERON_0001589,blood vessel endothelial cell,CL:0000071,TIE1,1,TEK; TIE1; CDH5; PECAM1,HGNC:11724; HGNC:11809; HGNC:1764; HGNC:8823,https://en.wikipedia.org/wiki/Internal_thoracic_vein
blood-vasculature,2230,superficial palmar arch,http://purl.obolibrary.org/obo/UBERON_0006564,blood vessel endothelial cell,CL:0000071,TIE1,1,TEK; TIE1; CDH5; PECAM1,HGNC:11724; HGNC:11809; HGNC:1764; HGNC:8823,https://en.wikipedia.org/wiki/Superficial_palmar_arch
blood-vasculature,2238,proper palmar digital artery,http://purl.obolibrary.org/obo/UBERON_0006137,blood vessel endothelial cell,CL:0000071,TIE1,1,TEK; TIE1; CDH5; PECAM1,HGNC:11724; HGNC:11809; HGNC:1764; HGNC:8823,https://en.wikipedia.org/wiki/Proper_palmar_digital_arteries
blood-vasculature,3369,anterior intercostal vein,http://purl.obolibrary.org/obo/UBERON_0012200,blood vessel endothelial cell,CL:0000071,TIE1,1,TEK; TIE1; CDH5; PECAM1,HGNC:11724; HGNC:11809; HGNC:1764; HGNC:8823,https://en.wikipedia.org/wiki/Anterior_intercostal_veins
blood-vasculature,3363,glandular venous plexus,http://purl.obolibrary.org/obo/UBERON_8600072,blood vessel endothelial cell,CL:0000071,TIE1,1,TEK; TIE1; CDH5; PECAM1,HGNC:11724; HGNC:11809; HGNC:1764; HGNC:8823,https://www.anatomy.net/superior-thyroid-vein
blood-vasculature,3365,Superior laryngeal vein,http://purl.org/sig/ont/fma/fma14324,blood vessel endothelial cell,CL:0000071,TIE1,1,TEK; TIE1; CDH5; PECAM1,HGNC:11724; HGNC:11809; HGNC:1764; HGNC:8823,https://teachmeanatomy.info/neck/viscera/larynx/organ/
blood-vasculature,3375,Third anterior intercostal vein,http://purl.org/sig/ont/fma/fma4739,blood vessel endothelial cell,CL:0000071,TIE1,1,TEK; TIE1; CDH5; PECAM1,HGNC:11724; HGNC:11809; HGNC:1764; HGNC:8823,https://radiopaedia.org/articles/venous-drainage-of-the-thoracic-wall
blood-vasculature,3373,Second anterior intercostal vein,http://purl.org/sig/ont/fma/fma4740,blood vessel endothelial cell,CL:0000071,TIE1,1,TEK; TIE1; CDH5; PECAM1,HGNC:11724; HGNC:11809; HGNC:1764; HGNC:8823,https://radiopaedia.org/articles/venous-drainage-of-the-thoracic-wall
blood-vasculature,3371,First anterior intercostal vein,http://purl.org/sig/ont/fma/fma4741,blood vessel endothelial cell,CL:0000071,TIE1,1,TEK; TIE1; CDH5; PECAM1,HGNC:11724; HGNC:11809; HGNC:1764; HGNC:8823,https://radiopaedia.org/articles/venous-drainage-of-the-thoracic-wall
blood-vasculature,3361,superior thyroid vein,http://purl.obolibrary.org/obo/UBERON_0007157,blood vessel endothelial cell,CL:0000071,TIE1,1,CDH5; PECAM1; TEK; TIE1,HGNC:1764; HGNC:8823; HGNC:11724; HGNC:11809,https://en.wikipedia.org/wiki/Superior_thyroid_vein
blood-vasculature,3355,Superior petrosal vein,http://purl.org/sig/ont/fma/fma51350,blood vessel endothelial cell,CL:0000071,TIE1,1,TEK; TIE1; CDH5; PECAM1,HGNC:11724; HGNC:11809; HGNC:1764; HGNC:8823,https://radiopaedia.org/articles/superior-petrosal-vein-2
blood-vasculature,3329,inferior striate vein,https://purl.org/ccf/ASCTB-TEMP_inferior-striate-vein,blood vessel endothelial cell,CL:0000071,TIE1,1,TEK; TIE1; CDH5; PECAM1,HGNC:11724; HGNC:11809; HGNC:1764; HGNC:8823,https://www.kenhub.com/en/library/anatomy/veins-of-the-brain
blood-vasculature,3469,vertebral vein,http://purl.obolibrary.org/obo/UBERON_0001588,blood vessel endothelial cell,CL:0000071,TIE1,1,TEK; TIE1; CDH5; PECAM1,HGNC:11724; HGNC:11809; HGNC:1764; HGNC:8823,https://en.wikipedia.org/wiki/Vertebral_vein
blood-vasculature,3495,thymic vein,http://purl.obolibrary.org/obo/UBERON_0001591,blood vessel endothelial cell,CL:0000071,TIE1,1,TEK; TIE1; CDH5; PECAM1,HGNC:11724; HGNC:11809; HGNC:1764; HGNC:8823,https://en.wikipedia.org/wiki/Thymic_veins
blood-vasculature,3489,left superior intercostal vein,http://purl.obolibrary.org/obo/UBERON_0012195,blood vessel endothelial cell,CL:0000071,TIE1,1,TEK; TIE1; CDH5; PECAM1,HGNC:11724; HGNC:11809; HGNC:1764; HGNC:8823,https://en.wikipedia.org/wiki/Superior_intercostal_vein
blood-vasculature,347,posterior superior alveolar artery,http://purl.obolibrary.org/obo/UBERON_0018397,blood vessel endothelial cell,CL:0000071,TIE1,1,TEK; TIE1; CDH5; PECAM1,HGNC:11724; HGNC:11809; HGNC:1764; HGNC:8823,https://en.wikipedia.org/wiki/Posterior_superior_alveolar_artery
blood-vasculature,3467,supreme intercostal vein,http://purl.obolibrary.org/obo/UBERON_8600054,blood vessel endothelial cell,CL:0000071,TIE1,1,TEK; TIE1; CDH5; PECAM1,HGNC:11724; HGNC:11809; HGNC:1764; HGNC:8823,https://en.wikipedia.org/wiki/Supreme_intercostal_vein
blood-vasculature,3477,deep cervical vein,http://purl.obolibrary.org/obo/UBERON_8600059,blood vessel endothelial cell,CL:0000071,TIE1,1,TEK; TIE1; CDH5; PECAM1,HGNC:11724; HGNC:11809; HGNC:1764; HGNC:8823,https://en.wikipedia.org/wiki/Deep_cervical_vein
blood-vasculature,3479,suboccipital venous plexus,http://purl.obolibrary.org/obo/UBERON_8600076,blood vessel endothelial cell,CL:0000071,TIE1,1,TEK; TIE1; CDH5; PECAM1,HGNC:11724; HGNC:11809; HGNC:1764; HGNC:8823,https://doi.org/10.1227/01.neu.0000303217.53607.d9
blood-vasculature,3473,Anterior external vertebral venous plexus,http://purl.org/sig/ont/fma/fma10787,blood vessel endothelial cell,CL:0000071,TIE1,1,TEK; TIE1; CDH5; PECAM1,HGNC:11724; HGNC:11809; HGNC:1764; HGNC:8823,https://en.wikipedia.org/wiki/External_vertebral_venous_plexuses
blood-vasculature,3483,Intervertebral vein,http://purl.org/sig/ont/fma/fma76736,blood vessel endothelial cell,CL:0000071,TIE1,1,TEK; TIE1; CDH5; PECAM1,HGNC:11724; HGNC:11809; HGNC:1764; HGNC:8823,https://radiopaedia.org/articles/vertebral-venous-plexus-1
blood-vasculature,3485,Posterior external vertebral venous plexus,http://purl.org/sig/ont/fma/fma12852,blood vessel endothelial cell,CL:0000071,TIE1,1,TEK; TIE1; CDH5; PECAM1,HGNC:11724; HGNC:11809; HGNC:1764; HGNC:8823,https://en.wikipedia.org/wiki/External_vertebral_venous_plexuses
blood-vasculature,3471,Accessory vertebral vein,http://purl.org/sig/ont/fma/fma14290,blood vessel endothelial cell,CL:0000071,TIE1,1,TEK; TIE1; CDH5; PECAM1,HGNC:11724; HGNC:11809; HGNC:1764; HGNC:8823,https://www.imaios.com/en/e-Anatomy/Anatomical-Parts/Accessory-vertebral-vein
blood-vasculature,3475,Anterior vertebral vein,http://purl.org/sig/ont/fma/fma14296,blood vessel endothelial cell,CL:0000071,TIE1,1,TEK; TIE1; CDH5; PECAM1,HGNC:11724; HGNC:11809; HGNC:1764; HGNC:8823,https://www.imaios.com/en/e-Anatomy/Anatomical-Parts/Anterior-vertebral-vein
blood-vasculature,3499,Right brachiocephalic vein,http://purl.org/sig/ont/fma/fma4751,blood vessel endothelial cell,CL:0000071,TIE1,1,TEK; TIE1; CDH5; PECAM1,HGNC:11724; HGNC:11809; HGNC:1764; HGNC:8823,https://en.wikipedia.org/wiki/Brachiocephalic_vein
blood-vasculature,3487,Left brachiocephalic vein,http://purl.org/sig/ont/fma/fma4761,blood vessel endothelial cell,CL:0000071,TIE1,1,TEK; TIE1; CDH5; PECAM1,HGNC:11724; HGNC:11809; HGNC:1764; HGNC:8823,https://en.wikipedia.org/wiki/Brachiocephalic_vein
blood-vasculature,167,superior labial gland arteriole,https://purl.org/ccf/ASCTB-TEMP_superior-labial-gland-arteriole,blood vessel endothelial cell,CL:0000071,TIE1,1,TEK; TIE1; CDH5; PECAM1,HGNC:11724; HGNC:11809; HGNC:1764; HGNC:8823,https://en.wikipedia.org/wiki/Superior_labial_artery
blood-vasculature,2218,median artery,http://purl.obolibrary.org/obo/UBERON_0002249,blood vessel endothelial cell,CL:0000071,TIE1,1,TEK; TIE1; CDH5; PECAM1,HGNC:11724; HGNC:11809; HGNC:1764; HGNC:8823,https://doi.org/10.1016/B978-0-12-803062-2.00002-4
blood-vasculature,221,accessory meningeal artery,http://purl.obolibrary.org/obo/UBERON_8600099,blood vessel endothelial cell,CL:0000071,TIE1,1,TEK; TIE1; CDH5; PECAM1,HGNC:11724; HGNC:11809; HGNC:1764; HGNC:8823,https://en.wikipedia.org/wiki/Accessory_meningeal_artery
blood-vasculature,2210,Dorsal carpal branch of radial artery,http://purl.org/sig/ont/fma/fma22755,blood vessel endothelial cell,CL:0000071,TIE1,1,TEK; TIE1; CDH5; PECAM1,HGNC:11724; HGNC:11809; HGNC:1764; HGNC:8823,https://en.wikipedia.org/wiki/Dorsal_carpal_arch
blood-vasculature,2222,Palmar carpal branch of ulnar artery,http://purl.org/sig/ont/fma/fma22817,blood vessel endothelial cell,CL:0000071,TIE1,1,TEK; TIE1; CDH5; PECAM1,HGNC:11724; HGNC:11809; HGNC:1764; HGNC:8823,https://en.wikipedia.org/wiki/Palmar_carpal_branch_of_ulnar_artery
blood-vasculature,2206,Dorsal carpal branch of ulnar artery,http://purl.org/sig/ont/fma/fma22820,blood vessel endothelial cell,CL:0000071,TIE1,1,TEK; TIE1; CDH5; PECAM1,HGNC:11724; HGNC:11809; HGNC:1764; HGNC:8823,https://en.wikipedia.org/wiki/Dorsal_carpal_branch_of_the_ulnar_artery
blood-vasculature,938,Pancreatic artery,http://purl.org/sig/ont/fma/fma70471,blood vessel endothelial cell,CL:0000071,TIE1,1,TEK; TIE1; CDH5; PECAM1,HGNC:11724; HGNC:11809; HGNC:1764; HGNC:8823,https://en.wikipedia.org/wiki/Dorsal_pancreatic_artery
blood-vasculature,2226,Posterior ulnar recurrent artery,http://purl.org/sig/ont/fma/fma22803,blood vessel endothelial cell,CL:0000071,TIE1,1,TEK; TIE1; CDH5; PECAM1,HGNC:11724; HGNC:11809; HGNC:1764; HGNC:8823,https://en.wikipedia.org/wiki/Posterior_ulnar_recurrent_artery
blood-vasculature,93,inferior pharyngeal artery,https://purl.org/ccf/ASCTB-TEMP_inferior-pharyngeal-artery,blood vessel endothelial cell,CL:0000071,TIE1,1,TEK; TIE1; CDH5; PECAM1,HGNC:11724; HGNC:11809; HGNC:1764; HGNC:8823,PMID:12169487
blood-vasculature,942,interlobular artery of pancreas,https://purl.org/ccf/ASCTB-TEMP_interlobular-artery-of-pancreas,blood vessel endothelial cell,CL:0000071,TIE1,1,TEK; TIE1; CDH5; PECAM1,HGNC:11724; HGNC:11809; HGNC:1764; HGNC:8823,https://www.flandershealth.us/chronic-pancreatitis/microcirculation-of-the-pancreas.html
blood-vasculature,3554,Superior lingular artery,http://purl.org/sig/ont/fma/fma8639,blood vessel endothelial cell,CL:0000071,TIE1,1,TEK; TIE1; CDH5; PECAM1,HGNC:11724; HGNC:11809; HGNC:1764; HGNC:8823,https://doi.org/10.21037/cdt.2018.01.04
blood-vasculature,3550,Inferior lingular artery,http://purl.org/sig/ont/fma/fma8640,blood vessel endothelial cell,CL:0000071,TIE1,1,TEK; TIE1; CDH5; PECAM1,HGNC:11724; HGNC:11809; HGNC:1764; HGNC:8823,https://doi.org/10.21037/cdt.2018.01.04
blood-vasculature,3542,Left posterior basal segmental artery,http://purl.org/sig/ont/fma/fma8647,blood vessel endothelial cell,CL:0000071,TIE1,1,TEK; TIE1; CDH5; PECAM1,HGNC:11724; HGNC:11809; HGNC:1764; HGNC:8823,https://doi.org/10.21037/cdt.2018.01.04
blood-vasculature,355,alveolar mucosa capillary,https://purl.org/ccf/ASCTB-TEMP_alveolar-mucosa-capillary,blood vessel endothelial cell,CL:0000071,TIE1,1,TEK; TIE1; CDH5; PECAM1,HGNC:11724; HGNC:11809; HGNC:1764; HGNC:8823,https://en.wikipedia.org/wiki/Posterior_superior_alveolar_artery
blood-vasculature,3546,lingular artery of left lung,https://purl.org/ccf/ASCTB-TEMP_lingular-artery-of-left-lung,blood vessel endothelial cell,CL:0000071,TIE1,1,TEK; TIE1; CDH5; PECAM1,HGNC:11724; HGNC:11809; HGNC:1764; HGNC:8823,https://doi.org/10.21037/cdt.2018.01.04
blood-vasculature,3534,Left lateral basal segmental artery,http://purl.org/sig/ont/fma/fma8646,blood vessel endothelial cell,CL:0000071,TIE1,1,CDH5; PECAM1; TEK; TIE1,HGNC:1764; HGNC:8823; HGNC:11724; HGNC:11809,https://doi.org/10.21037/cdt.2018.01.04
blood-vasculature,3522,Interlobar portion of left pulmonary artery,http://purl.org/sig/ont/fma/fma9284,blood vessel endothelial cell,CL:0000071,TIE1,1,CDH5; PECAM1; TEK; TIE1,HGNC:1764; HGNC:8823; HGNC:11724; HGNC:11809,https://doi.org/10.21037/cdt.2018.01.04
blood-vasculature,351,alveolar mucosa arteriole,https://purl.org/ccf/ASCTB-TEMP_alveolar-mucosa-arteriole,blood vessel endothelial cell,CL:0000071,TIE1,1,CDH5; PECAM1; TEK; TIE1,HGNC:1764; HGNC:8823; HGNC:11724; HGNC:11809,https://en.wikipedia.org/wiki/Posterior_superior_alveolar_artery
blood-vasculature,3510,apicoanterior trunk of left pulmonary artery,https://purl.org/ccf/ASCTB-TEMP_apicoanterior-trunk-of-left-pulmonary-artery,blood vessel endothelial cell,CL:0000071,TIE1,1,CDH5; PECAM1; TEK; TIE1,HGNC:1764; HGNC:8823; HGNC:11724; HGNC:11809,https://doi.org/10.21037/cdt.2018.01.04
blood-vasculature,3506,left pulmonary artery,http://purl.obolibrary.org/obo/UBERON_0001652,blood vessel endothelial cell,CL:0000071,TIE1,1,PECAM1; TEK; TIE1; CDH5,HGNC:8823; HGNC:11724; HGNC:11809; HGNC:1764,https://doi.org/10.21037/cdt.2018.01.04
blood-vasculature,3502,pulmonary trunk,http://purl.obolibrary.org/obo/UBERON_0002333,blood vessel endothelial cell,CL:0000071,TIE1,1,PECAM1; TEK; TIE1; CDH5,HGNC:8823; HGNC:11724; HGNC:11809; HGNC:1764,https://en.wikipedia.org/wiki/Pulmonary_artery
blood-vasculature,3514,Left anterior segmental artery,http://purl.org/sig/ont/fma/fma13279,blood vessel endothelial cell,CL:0000071,TIE1,1,PECAM1; TEK; TIE1; CDH5,HGNC:8823; HGNC:11724; HGNC:11809; HGNC:1764,https://doi.org/10.21037/cdt.2018.01.04
blood-vasculature,3518,Apicoposterior segmental artery,http://purl.org/sig/ont/fma/fma13281,blood vessel endothelial cell,CL:0000071,TIE1,1,PECAM1; TEK; TIE1; CDH5,HGNC:8823; HGNC:11724; HGNC:11809; HGNC:1764,https://doi.org/10.21037/cdt.2018.01.04
blood-vasculature,3526,Trunk of left basal segmental artery,http://purl.org/sig/ont/fma/fma68848,blood vessel endothelial cell,CL:0000071,TIE1,1,PECAM1; TEK; TIE1; CDH5,HGNC:8823; HGNC:11724; HGNC:11809; HGNC:1764,https://doi.org/10.21037/cdt.2018.01.04
blood-vasculature,3538,Left medial basal segmental artery,http://purl.org/sig/ont/fma/fma8644,blood vessel endothelial cell,CL:0000071,TIE1,1,PECAM1; TEK; TIE1; CDH5,HGNC:8823; HGNC:11724; HGNC:11809; HGNC:1764,https://doi.org/10.21037/cdt.2018.01.04
blood-vasculature,3530,Left anterior basal segmental artery,http://purl.org/sig/ont/fma/fma8645,blood vessel endothelial cell,CL:0000071,TIE1,1,PECAM1; TEK; TIE1; CDH5,HGNC:8823; HGNC:11724; HGNC:11809; HGNC:1764,https://doi.org/10.21037/cdt.2018.01.04
blood-vasculature,984,periductal capillary of accessory pancreatic duct,https://purl.org/ccf/ASCTB-TEMP_periductal-capillary-of-accessory-pancreatic-duct,blood vessel endothelial cell,CL:0000071,TIE1,1,TEK; TIE1; CDH5; PECAM1,HGNC:11724; HGNC:11809; HGNC:1764; HGNC:8823,https://www.flandershealth.us/chronic-pancreatitis/microcirculation-of-the-pancreas.html
blood-vasculature,946,lobular artery of pancreas,https://purl.org/ccf/ASCTB-TEMP_lobular-artery-of-pancreas,blood vessel endothelial cell,CL:0000071,TIE1,1,TEK; TIE1; CDH5; PECAM1,HGNC:11724; HGNC:11809; HGNC:1764; HGNC:8823,https://www.flandershealth.us/chronic-pancreatitis/microcirculation-of-the-pancreas.html
blood-vasculature,2214,medial dorsal digital artery of fifth digit of hand,https://purl.org/ccf/ASCTB-TEMP_medial-dorsal-digital-artery-of-fifth-digit-of-hand,blood vessel endothelial cell,CL:0000071,TIE1,1,TEK; TIE1; CDH5; PECAM1,HGNC:11724; HGNC:11809; HGNC:1764; HGNC:8823,https://www.hand.theclinics.com/article/S0749-0712(19)30087-3/fulltext#secsectitle0035
blood-vasculature,960,Capillary network of pancreatic islet,http://purl.org/sig/ont/fma/fma280080,blood vessel endothelial cell,CL:0000071,TIE1,1,TEK; TIE1; CDH5; PECAM1,HGNC:11724; HGNC:11809; HGNC:1764; HGNC:8823,https://www.flandershealth.us/chronic-pancreatitis/microcirculation-of-the-pancreas.html
blood-vasculature,950,intralobular arteriole of pancreas,https://purl.org/ccf/ASCTB-TEMP_intralobular-arteriole-of-pancreas,blood vessel endothelial cell,CL:0000071,TIE1,1,TEK; TIE1; CDH5; PECAM1,HGNC:11724; HGNC:11809; HGNC:1764; HGNC:8823,https://www.ncbi.nlm.nih.gov/pmc/articles/PMC6880211/
blood-vasculature,954,lobular capillary of pancreas,https://purl.org/ccf/ASCTB-TEMP_lobular-capillary-of-pancreas,blood vessel endothelial cell,CL:0000071,TIE1,1,TEK; TIE1; CDH5; PECAM1,HGNC:11724; HGNC:11809; HGNC:1764; HGNC:8823,https://www.flandershealth.us/chronic-pancreatitis/microcirculation-of-the-pancreas.html
blood-vasculature,97,middle pharyngeal artery,https://purl.org/ccf/ASCTB-TEMP_middle-pharyngeal-artery,blood vessel endothelial cell,CL:0000071,TIE1,1,TEK; TIE1; CDH5; PECAM1,HGNC:11724; HGNC:11809; HGNC:1764; HGNC:8823,PMID:12169487
blood-vasculature,956,pancreatic islet afferent arteriole,https://purl.org/ccf/ASCTB-TEMP_pancreatic-islet-afferent-arteriole,blood vessel endothelial cell,CL:0000071,TIE1,1,TEK; TIE1; CDH5; PECAM1,HGNC:11724; HGNC:11809; HGNC:1764; HGNC:8823,https://www.flandershealth.us/chronic-pancreatitis/microcirculation-of-the-pancreas.html
blood-vasculature,980,periductal arteriole of accessory pancreatic duct,https://purl.org/ccf/ASCTB-TEMP_periductal-arteriole-of-accessory-pancreatic-duct,blood vessel endothelial cell,CL:0000071,TIE1,1,TEK; TIE1; CDH5; PECAM1,HGNC:11724; HGNC:11809; HGNC:1764; HGNC:8823,https://www.flandershealth.us/chronic-pancreatitis/microcirculation-of-the-pancreas.html
blood-vasculature,970,periductal arteriole of interlobular duct of pancreas,https://purl.org/ccf/ASCTB-TEMP_periductal-arteriole-of-interlobular-duct-of-pancreas,blood vessel endothelial cell,CL:0000071,TIE1,1,TEK; TIE1; CDH5; PECAM1,HGNC:11724; HGNC:11809; HGNC:1764; HGNC:8823,https://www.flandershealth.us/chronic-pancreatitis/microcirculation-of-the-pancreas.html
blood-vasculature,976,periductal branch of interlobular artery of pancreas,https://purl.org/ccf/ASCTB-TEMP_periductal-branch-of-interlobular-artery-of-pancreas,blood vessel endothelial cell,CL:0000071,TIE1,1,TEK; TIE1; CDH5; PECAM1,HGNC:11724; HGNC:11809; HGNC:1764; HGNC:8823,https://www.flandershealth.us/chronic-pancreatitis/microcirculation-of-the-pancreas.html
blood-vasculature,966,periductal branch of lobular artery of pancreas,https://purl.org/ccf/ASCTB-TEMP_periductal-branch-of-lobular-artery-of-pancreas,blood vessel endothelial cell,CL:0000071,TIE1,1,TEK; TIE1; CDH5; PECAM1,HGNC:11724; HGNC:11809; HGNC:1764; HGNC:8823,https://www.flandershealth.us/chronic-pancreatitis/microcirculation-of-the-pancreas.html
blood-vasculature,1372,internal iliac artery,http://purl.obolibrary.org/obo/UBERON_0001309,blood vessel endothelial cell,CL:0000071,TIE1,1,TEK; TIE1; CDH5; PECAM1,HGNC:11724; HGNC:11809; HGNC:1764; HGNC:8823,https://en.wikipedia.org/wiki/Internal_iliac_artery
blood-vasculature,1384,inferior vesical artery,http://purl.obolibrary.org/obo/UBERON_0001311,blood vessel endothelial cell,CL:0000071,TIE1,1,TEK; TIE1; CDH5; PECAM1,HGNC:11724; HGNC:11809; HGNC:1764; HGNC:8823,https://en.wikipedia.org/wiki/Inferior_vesical_artery
blood-vasculature,1364,cremasteric artery,http://purl.obolibrary.org/obo/UBERON_0034693,blood vessel endothelial cell,CL:0000071,TIE1,1,TEK; TIE1; CDH5; PECAM1,HGNC:11724; HGNC:11809; HGNC:1764; HGNC:8823,https://en.wikipedia.org/wiki/Cremasteric_artery
blood-vasculature,1392,Middle rectal artery,http://purl.org/sig/ont/fma/fma18826,blood vessel endothelial cell,CL:0000071,TIE1,1,TEK; TIE1; CDH5; PECAM1,HGNC:11724; HGNC:11809; HGNC:1764; HGNC:8823,https://doi.org/10.1148/rg.2019180195
blood-vasculature,1380,Inferior gluteal artery,http://purl.org/sig/ont/fma/fma18871,blood vessel endothelial cell,CL:0000071,TIE1,1,TEK; TIE1; CDH5; PECAM1,HGNC:11724; HGNC:11809; HGNC:1764; HGNC:8823,https://en.wikipedia.org/wiki/Inferior_gluteal_artery
blood-vasculature,1388,Prostatic part of inferior vesical artery,http://purl.org/sig/ont/fma/fma20966,blood vessel endothelial cell,CL:0000071,TIE1,1,TEK; TIE1; CDH5; PECAM1,HGNC:11724; HGNC:11809; HGNC:1764; HGNC:8823,https://radiopaedia.org/articles/inferior-vesical-artery
blood-vasculature,1376,Anterior division of internal iliac artery,http://purl.org/sig/ont/fma/fma69797,blood vessel endothelial cell,CL:0000071,TIE1,1,TEK; TIE1; CDH5; PECAM1,HGNC:11724; HGNC:11809; HGNC:1764; HGNC:8823,https://en.wikipedia.org/wiki/Internal_iliac_artery
blood-vasculature,1368,Trunk of pubic part of inferior epigastric artery,http://purl.org/sig/ont/fma/fma20701,blood vessel endothelial cell,CL:0000071,TIE1,1,TEK; TIE1; CDH5; PECAM1,HGNC:11724; HGNC:11809; HGNC:1764; HGNC:8823,https://en.wikipedia.org/wiki/Inferior_epigastric_artery
blood-vasculature,1396,prostatic arteriole,https://purl.org/ccf/ASCTB-TEMP_prostatic-arteriole,blood vessel endothelial cell,CL:0000071,TIE1,1,TEK; TIE1; CDH5; PECAM1,HGNC:11724; HGNC:11809; HGNC:1764; HGNC:8823,https://radiopaedia.org/articles/inferior-vesical-artery
blood-vasculature,139,submandibular gland capillary,https://purl.org/ccf/ASCTB-TEMP_submandibular-gland-capillary,blood vessel endothelial cell,CL:0000071,TIE1,1,TEK; TIE1; CDH5; PECAM1,HGNC:11724; HGNC:11809; HGNC:1764; HGNC:8823,https://en.wikipedia.org/wiki/Glandular_branches_of_facial_artery
blood-vasculature,3491,Left second posterior intercostal vein,http://purl.org/sig/ont/fma/fma4799,blood vessel endothelial cell,CL:0000071,TIE1,1,TEK; TIE1; CDH5; PECAM1,HGNC:11724; HGNC:11809; HGNC:1764; HGNC:8823,https://en.wikipedia.org/wiki/Posterior_intercostal_veins
blood-vasculature,3493,Left third posterior intercostal vein,http://purl.org/sig/ont/fma/fma4800,blood vessel endothelial cell,CL:0000071,TIE1,1,TEK; TIE1; CDH5; PECAM1,HGNC:11724; HGNC:11809; HGNC:1764; HGNC:8823,https://en.wikipedia.org/wiki/Posterior_intercostal_veins
blood-vasculature,3481,Occipital vein,http://purl.org/sig/ont/fma/fma50802,blood vessel endothelial cell,CL:0000071,TIE1,1,TEK; TIE1; CDH5; PECAM1,HGNC:11724; HGNC:11809; HGNC:1764; HGNC:8823,https://en.wikipedia.org/wiki/Occipital_vein
blood-vasculature,2560,Anterior vestibular artery,http://purl.org/sig/ont/fma/fma52239,blood vessel endothelial cell,CL:0000071,TIE1,1,TEK; TIE1; CDH5; PECAM1,HGNC:11724; HGNC:11809; HGNC:1764; HGNC:8823,https://www.vestib.com/arterial-supply.html
blood-vasculature,2564,Common cochlear artery,http://purl.org/sig/ont/fma/fma52242,blood vessel endothelial cell,CL:0000071,TIE1,1,TEK; TIE1; CDH5; PECAM1,HGNC:11724; HGNC:11809; HGNC:1764; HGNC:8823,https://www.vestib.com/arterial-supply.html
blood-vasculature,3497,thymic venule,https://purl.org/ccf/ASCTB-TEMP_thymic-venule,blood vessel endothelial cell,CL:0000071,TIE1,1,TEK; TIE1; CDH5; PECAM1,HGNC:11724; HGNC:11809; HGNC:1764; HGNC:8823,https://en.wikipedia.org/wiki/Thymic_veins
blood-vasculature,2480,ascending cervical artery,http://purl.obolibrary.org/obo/UBERON_0012322,blood vessel endothelial cell,CL:0000071,TIE1,1,TEK; TIE1; CDH5; PECAM1,HGNC:11724; HGNC:11809; HGNC:1764; HGNC:8823,https://en.wikipedia.org/wiki/Inferior_thyroid_artery
blood-vasculature,2338,Circumflex scapular artery,http://purl.org/sig/ont/fma/fma23179,blood vessel endothelial cell,CL:0000071,TIE1,1,TEK; TIE1; CDH5; PECAM1,HGNC:11724; HGNC:11809; HGNC:1764; HGNC:8823,https://en.wikipedia.org/wiki/Circumflex_scapular_artery
blood-vasculature,2370,costo-cervical trunk,http://purl.obolibrary.org/obo/UBERON_0004688,blood vessel endothelial cell,CL:0000071,TIE1,1,TEK; TIE1; CDH5; PECAM1,HGNC:11724; HGNC:11809; HGNC:1764; HGNC:8823,https://en.wikipedia.org/wiki/Costocervical_trunk
blood-vasculature,2382,dorsal intercostal artery,http://purl.obolibrary.org/obo/UBERON_0006198,blood vessel endothelial cell,CL:0000071,TIE1,1,TEK; TIE1; CDH5; PECAM1,HGNC:11724; HGNC:11809; HGNC:1764; HGNC:8823,https://en.wikipedia.org/wiki/Intercostal_arteries
blood-vasculature,2374,deep cervical artery,http://purl.obolibrary.org/obo/UBERON_0012321,blood vessel endothelial cell,CL:0000071,TIE1,1,TEK; TIE1; CDH5; PECAM1,HGNC:11724; HGNC:11809; HGNC:1764; HGNC:8823,https://en.wikipedia.org/wiki/Deep_cervical_artery
blood-vasculature,237,artery of pterygoid canal,http://purl.obolibrary.org/obo/UBERON_8600100,blood vessel endothelial cell,CL:0000071,TIE1,1,TEK; TIE1; CDH5; PECAM1,HGNC:11724; HGNC:11809; HGNC:1764; HGNC:8823,https://en.wikipedia.org/wiki/Artery_of_the_pterygoid_canal
blood-vasculature,2386,First posterior intercostal artery,http://purl.org/sig/ont/fma/fma66241,blood vessel endothelial cell,CL:0000071,TIE1,1,TEK; TIE1; CDH5; PECAM1,HGNC:11724; HGNC:11809; HGNC:1764; HGNC:8823,https://en.wikipedia.org/wiki/Intercostal_arteries
blood-vasculature,2378,segmental spinal artery #2,https://purl.org/ccf/ASCTB-TEMP_segmental-spinal-artery-2,blood vessel endothelial cell,CL:0000071,TIE1,1,TEK; TIE1; CDH5; PECAM1,HGNC:11724; HGNC:11809; HGNC:1764; HGNC:8823,https://anatomyzone.com/neuroanatomy/spinal-cord/blood-supply-to-the-spinal-cord/
bone-marrow,11,bone marrow,http://purl.obolibrary.org/obo/UBERON_0002371,"plasmacytoid dendritic cell, human",CL:0001058,HLA-DRA; NCAM1,2,SIGLEC6; SERPINF1; CD14; CD19; CD3E; GZMB; FCGR3A; HLA-DRA; JCHAIN; IL3RA; ITGAX; NCAM1; AXL,HGNC:10875; HGNC:8824; HGNC:1628; HGNC:1633; HGNC:1674; HGNC:4709; HGNC:3619; HGNC:4947; HGNC:5713; HGNC:6012; HGNC:6152; HGNC:7656; HGNC:905,https://doi.org/10.1111/bjh.14467
bone-marrow,2,bone marrow,http://purl.obolibrary.org/obo/UBERON_0002371,immature B cell,CL:0000816,MS4A1; PAX5,2,CD27; CD19; CD22; MS4A1; CR2; IGHD; IGHM; PAX5,HGNC:11922; HGNC:1633; HGNC:1643; HGNC:7315; HGNC:2336; HGNC:5480; HGNC:5541; HGNC:8619,https://doi.org/10.3389/fimmu.2012.00302
bone-marrow,5,bone marrow,http://purl.obolibrary.org/obo/UBERON_0002371,plasma cell,CL:0000786,CD24; SDC1,2,TNFRSF17; SDC1; CD27; DERL3; CD19; CD24; CD38; CR2; SEC11C; MZB1; IGHA1; IGHD; IGHG1; IGKC,HGNC:11913; HGNC:10658; HGNC:11922; HGNC:14236; HGNC:1633; HGNC:1645; HGNC:1667; HGNC:2336; HGNC:23400; HGNC:30125; HGNC:5478; HGNC:5480; HGNC:5525; HGNC:5716,https://doi.org/10.1073/pnas.172384399
bone-marrow,12,bone marrow,http://purl.obolibrary.org/obo/UBERON_0002371,immature conventional dendritic cell,CL:0000840,CD36; PTPRC; KIT,3,SIGLEC6; TFRC; CD22; CD36; ENG; GYPA; KIT; AXL; PTPRC,HGNC:10875; HGNC:11763; HGNC:1643; HGNC:1663; HGNC:3349; HGNC:4702; HGNC:6342; HGNC:905; HGNC:9666,https://doi.org/10.1182/blood-2004-02-0769
bone-marrow,1,bone marrow,http://purl.obolibrary.org/obo/UBERON_0002371,precursor B cell,CL:0000817,IL7R; MME; PAX5,3,CD19; CD34; IGHD; IGHM; IL7R; MME; PAX5,HGNC:1633; HGNC:1662; HGNC:5480; HGNC:5541; HGNC:6024; HGNC:7154; HGNC:8619,https://doi.org/10.1016/j.exphem.2018.09.004
bone-marrow,9,bone marrow,http://purl.obolibrary.org/obo/UBERON_0002371,conventional dendritic cell,CL:0000990,HLA-DRA; THBD; NCAM1,3,THBD; CD14; CD19; CD1C; CD3E; CLEC10A; FCER1A; FCGR2B; FCGR3A; HLA-DPB1; HLA-DQA2; HLA-DRA; IL3RA; ITGAX; NCAM1,HGNC:11784; HGNC:1628; HGNC:1633; HGNC:1636; HGNC:1674; HGNC:16916; HGNC:3609; HGNC:3618; HGNC:3619; HGNC:4940; HGNC:4943; HGNC:4947; HGNC:6012; HGNC:6152; HGNC:7656,https://doi.org/10.1016/j.immuni.2017.04.019
bone-marrow,21,bone marrow,http://purl.obolibrary.org/obo/UBERON_0002371,granulocyte monocyte progenitor cell,CL:0000557,PTPRC; FLT3; NCAM1,3,CLEC11A; CALR; CD14; CD34; CD38; CD3E; FCGR3A; FLT3; AZU1; PTPRC; IL3RA; MPO; NCAM1,HGNC:10576; HGNC:1455; HGNC:1628; HGNC:1662; HGNC:1667; HGNC:1674; HGNC:3619; HGNC:3765; HGNC:913; HGNC:9666; HGNC:6012; HGNC:7218; HGNC:7656,https://doi.org/10.1038/ni.1889
bone-marrow,3,bone marrow,http://purl.obolibrary.org/obo/UBERON_0002371,memory B cell,CL:0000787,CD24; MS4A1; MME,3,SELL; CD27; CD19; CD24; CD38; MS4A1; CD82; CR2; IGHA1; IGHD; IGHG1; MME,HGNC:10720; HGNC:11922; HGNC:1633; HGNC:1645; HGNC:1667; HGNC:7315; HGNC:6210; HGNC:2336; HGNC:5478; HGNC:5480; HGNC:5525; HGNC:7154,https://doi.org/10.1002/jcla.20001
bone-marrow,18,bone marrow,http://purl.obolibrary.org/obo/UBERON_0002371,megakaryocyte-erythroid progenitor cell,CL:0000050,PTPRC; FLT3; SPINK2; NCAM1,4,SPINK2; CTNNBL1; CD14; CD34; CD38; CD3E; TESPA1; PRSS57; FCGR3A; FLT3; GATA1; GATA2; IL1B; IL3RA; NCAM1; PTPRC,HGNC:11245; HGNC:15879; HGNC:1628; HGNC:1662; HGNC:1667; HGNC:1674; HGNC:29109; HGNC:31397; HGNC:3619; HGNC:3765; HGNC:4170; HGNC:4171; HGNC:5992; HGNC:6012; HGNC:7656; HGNC:9666,https://doi.org/10.1038/ni.1889
bone-marrow,20,bone marrow,http://purl.obolibrary.org/obo/UBERON_0002371,common myeloid progenitor,CL:0000049,PTPRC; FLT3; HPGD; NCAM1,4,SERPINB1; CD14; CD34; CD38; CD3E; CYTL1; FCGR3A; FLT3; GATA2; HPGD; IL3RA; MEST; NCAM1; PTPRC,HGNC:3311; HGNC:1628; HGNC:1662; HGNC:1667; HGNC:1674; HGNC:24435; HGNC:3619; HGNC:3765; HGNC:4171; HGNC:5154; HGNC:6012; HGNC:7028; HGNC:7656; HGNC:9666,https://doi.org/10.1038/ni.1889
bone-marrow,8,bone marrow,http://purl.obolibrary.org/obo/UBERON_0002371,conventional dendritic cell,CL:0000990,CADM1; HLA-DRA; THBD; NCAM1,4,THBD; CADM1; XCR1; CD14; CD19; CD1C; CD3E; CLEC9A; FCGR3A; HLA-DRA; IL3RA; ITGAX; NCAM1,HGNC:11784; HGNC:5951; HGNC:1625; HGNC:1628; HGNC:1633; HGNC:1636; HGNC:1674; HGNC:26705; HGNC:3619; HGNC:4947; HGNC:6012; HGNC:6152; HGNC:7656,https://doi.org/10.3109/10428194.2013.781167
bone-marrow,4,bone marrow,http://purl.obolibrary.org/obo/UBERON_0002371,naive B cell,CL:0000788,CD24; SDC1; MS4A1; PAX5,4,SDC1; CD40; CD27; CD19; CD24; CD38; FCER2; MS4A1; CR2; IGHD; IGHM; PAX5,HGNC:10658; HGNC:11919; HGNC:11922; HGNC:1633; HGNC:1645; HGNC:1667; HGNC:3612; HGNC:7315; HGNC:2336; HGNC:5480; HGNC:5541; HGNC:8619,https://doi.org/10.1038/s41467-019-12464-3
bone-marrow,23,bone marrow,http://purl.obolibrary.org/obo/UBERON_0002371,early lymphoid progenitor,CL:0000936,PTPRC; SOX4; SYK; NCAM1,4,IL2RG; SOX4; SYK; CD2; BCL11A; CD14; CD19; CD34; CD38; CD3E; FCGR3A; GYPA; JCHAIN; PTPRC; NCAM1,HGNC:6010; HGNC:11200; HGNC:11491; HGNC:1639; HGNC:13221; HGNC:1628; HGNC:1633; HGNC:1662; HGNC:1667; HGNC:1674; HGNC:3619; HGNC:4702; HGNC:5713; HGNC:9666; HGNC:7656,https://doi.org/10.1038/ni.1889
bone-marrow,6,bone marrow,http://purl.obolibrary.org/obo/UBERON_0002371,pro-B cell,CL:0000826,DNTT; IL7R; MME; VPREB1,4,VPREB1; CD19; CD34; DNTT; RAG1; IL7R; MME,HGNC:12709; HGNC:1633; HGNC:1662; HGNC:2983; HGNC:9831; HGNC:6024; HGNC:7154,https://doi.org/10.1073/pnas.172384399
bone-marrow,13,bone marrow,http://purl.obolibrary.org/obo/UBERON_0002371,erythroid lineage cell,CL:0000764,CD36; APOC1; PTPRC; EPCAM; KIT,5,EPCAM; TFRC; CD36; PRSS57; ENG; GATA1; GYPA; APOC1; KCNH2; KIT; KLF1; MYC; PTPRC,HGNC:11529; HGNC:11763; HGNC:1663; HGNC:31397; HGNC:3349; HGNC:4170; HGNC:4702; HGNC:607; HGNC:6251; HGNC:6342; HGNC:6345; HGNC:7553; HGNC:9666,https://doi.org/10.1371/journal.pone.0162209
bone-marrow,10,bone marrow,http://purl.obolibrary.org/obo/UBERON_0002371,"dendritic cell, human",CL:0001056,CD36; CD163; S100A8; S100A9; HLA-DRA; NCAM1,6,S100A8; S100A9; CLEC4C; CD14; CD163; CD19; CD1C; CD36; CD3E; CLEC10A; FCER1A; FCGR3A; HLA-DRA; IL3RA; ITGAX; NCAM1,HGNC:10498; HGNC:10499; HGNC:13258; HGNC:1628; HGNC:1631; HGNC:1633; HGNC:1636; HGNC:1663; HGNC:1674; HGNC:16916; HGNC:3609; HGNC:3619; HGNC:4947; HGNC:6012; HGNC:6152; HGNC:7656,https://doi.org/10.1002/cyto.a.23724
bone-marrow,7,bone marrow,http://purl.obolibrary.org/obo/UBERON_0002371,transitional stage B cell,CL:0000818,BCL7A; CD24; HLA-DRA; IGLL5; SOX4; TCL1A; THBD; NCAM1,8,BCL7A; SOX4; TCL1A; THBD; CD14; CD19; CD1C; CD24; CD3E; FCRLA; CLEC9A; FCGR3A; IGLL5; HLA-DRA; IL3RA; ITGAX; NCAM1,HGNC:1004; HGNC:11200; HGNC:11648; HGNC:11784; HGNC:1628; HGNC:1633; HGNC:1636; HGNC:1645; HGNC:1674; HGNC:18504; HGNC:26705; HGNC:3619; HGNC:38476; HGNC:4947; HGNC:6012; HGNC:6152; HGNC:7656,https://doi.org/10.1073/pnas.172384399
eye,60,outer nuclear layer of retina,http://purl.obolibrary.org/obo/UBERON_0001789,retinal rod cell,CL:0000604,GNB1,1,RHO; SAG; GNAT1; GNB1; GNGT1; NR2E3; NRL; PDC,HGNC:10012; HGNC:10521; HGNC:4393; HGNC:4396; HGNC:4411; HGNC:7974; HGNC:8002; HGNC:8759,https://doi.org/10.1016/j.cell.2019.01.004; https://doi.org/10.1016/j.exer.2016.01.002
eye,5,corneal endothelium,http://purl.obolibrary.org/obo/UBERON_0001985,corneal endothelial cell,CL:0000132,CDH2,1,CDH2,HGNC:1759,https://doi.org/10.1038/srep29047
eye,49,inner nuclear layer of retina,http://purl.obolibrary.org/obo/UBERON_0001791,ON-bipolar cell,CL:0000749,PRKCA,1,PRKCA,HGNC:9393,https://doi.org/10.1002/cne.10491
eye,46,inner nuclear layer of retina,http://purl.obolibrary.org/obo/UBERON_0001791,OFF-bipolar cell,CL:0000750,GLT1D1,1,RCVRN; GLT1D1,HGNC:9937; HGNC:26483,https://doi.org/10.1002/cne.10491; PMID:8425845; https://doi.org/10.1016/j.preteyeres.2020.100844
eye,27,lens fiber,http://purl.obolibrary.org/obo/UBERON_0002444,lens fiber cell,CL:0011004,VIM,1,VIM; AQP0 residues 1-263 +fatty acyl,HGNC:12692; ASCTB-TEMP:aqp0-residues-1-263-fatty-acyl,https://doi.org/10.1167/iovs.15-18117
eye,30,inner nuclear layer of retina,http://purl.obolibrary.org/obo/UBERON_0001791,amacrine cell,CL:0000561,CALB1,1,SLC6A9; TFAP2A; TFAP2B; TFAP2C; CALB1; SCGN; C1QL2; C1QL1; GAD1; GAD2,HGNC:11056; HGNC:11742; HGNC:11743; HGNC:11744; HGNC:1434; HGNC:16941; HGNC:24181; HGNC:24182; HGNC:4092; HGNC:4093,https://doi.org/10.1002/cne.23821; https://doi.org/10.1016/j.cell.2019.01.004; https://doi.org/10.1016/j.preteyeres.2020.100844
eye,61,pigmented layer of retina,http://purl.obolibrary.org/obo/UBERON_0001782,retinal pigment epithelial cell,CL:0002586,EZR,1,RLBP1; RPE65; EZR,HGNC:10024; HGNC:10294; HGNC:12691,https://doi.org/10.1016/j.ophtha.2017.09.016; https://doi.org/10.1083/jcb.147.7.1533
eye,8,corneal epithelium,http://purl.obolibrary.org/obo/UBERON_0001772,corneal epithelial cell,CL:0000575,GJA1,1,CDH1; GJA1; KRT12; KRT3; NES,HGNC:1748; HGNC:4274; HGNC:6414; HGNC:6440; HGNC:7756,https://doi.org/10.1634/stemcell.22-3-355
eye,32,inner nuclear layer of retina,http://purl.obolibrary.org/obo/UBERON_0001791,amacrine cell,CL:0000561,SATB2,1,SYT2; CALB2; SLC17A8; EBF3; SATB2; PVALB; PYGB,HGNC:11510; HGNC:1435; HGNC:20151; HGNC:19087; HGNC:21637; HGNC:9704; HGNC:9723,https://doi.org/10.1002/cne.10985; https://doi.org/10.1016/j.preteyeres.2020.100844; https://doi.org/10.1523/JNEUROSCI.0907-11.2011
eye,55,ganglionic layer of retina,http://purl.obolibrary.org/obo/UBERON_0001792,retinal ganglion cell,CL:0000740,RBPMS; TUBB,2,SNCG; THY1; POU4F2; OPN4; POU4F3; SLC17A6; RBPMS; TUBB; NEFM; NEFL; POU4F1,HGNC:11141; HGNC:11801; HGNC:9219; HGNC:14449; HGNC:9220; HGNC:16703; HGNC:19097; HGNC:20778; HGNC:7734; HGNC:7739; HGNC:9218,https://doi.org/10.1016/j.cell.2019.01.004; https://doi.org/10.1017/S0952523819000087
eye,59,vasculature of retina,http://purl.obolibrary.org/obo/UBERON_0004864,pericyte,CL:0000669,MGP; MYL9,2,MYL9; COL4A1; KCNJ8; MGP; RGC5,HGNC:15754; HGNC:2202; HGNC:6269; HGNC:7060; ASCTB-TEMP:rgc5,https://doi.org/10.1016/j.cell.2019.01.004
eye,1,ciliary epithelium,http://purl.obolibrary.org/obo/UBERON_0001778,non-pigmented ciliary epithelial cell,CL:0002304,AQP1; AQP4,2,AQP1; AQP4; ATP1A2,HGNC:633; HGNC:637; HGNC:800,https://doi.org/10.3390/cell7110210
eye,15,iris epithelium,http://purl.obolibrary.org/obo/UBERON_0002506,epithelial cell,CL:0000066,AQP1; AQP4,2,AQP1; AQP4; ATP1A2,HGNC:633; HGNC:637; HGNC:800,https://doi.org/10.3390/cell7110210
eye,44,inner nuclear layer of retina,http://purl.obolibrary.org/obo/UBERON_0001791,ON-bipolar cell,CL:0000749,PRKCA; SCN1A,2,HCN1; SCN1A; CACNA1G; PRKCA,HGNC:4845; HGNC:10585; HGNC:1394; HGNC:9393,https://doi.org/10.1002/cne.22756
eye,42,inner nuclear layer of retina,http://purl.obolibrary.org/obo/UBERON_0001791,OFF-bipolar cell,CL:0000750,CALB1; SCN1A,2,HCN1; SCN1A; CABP1; CALB1,HGNC:4845; HGNC:10585; HGNC:1384; HGNC:1434,https://doi.org/10.1016/j.preteyeres.2020.100844; https://doi.org/10.1002/cne.10491; https://doi.org/10.1523/JNEUROSCI.1249-13.2013
eye,38,inner nuclear layer of retina,http://purl.obolibrary.org/obo/UBERON_0001791,retinal bipolar neuron,CL:0000748,PRKCA; TRPM1,2,VSX1; CABP5; VSX2; GNAO1; GRIK1; GRM6; ISL1; MIP; TRPM1; OTX2; PRKCA; RCVRN,HGNC:12723; HGNC:13714; HGNC:1975; HGNC:4389; HGNC:4579; HGNC:4598; HGNC:6132; HGNC:7103; HGNC:7146; HGNC:8522; HGNC:9393; HGNC:9937,https://doi.org/10.1016/j.cell.2019.01.004; https://doi.org/10.1016/j.exer.2016.01.002; https://doi.org/10.1016/j.brainres.2007.06.007
eye,58,inner nuclear layer of retina,http://purl.obolibrary.org/obo/UBERON_0001791,Mueller cell,CL:0000636,CLU; APOE; SLC1A3,3,RLBP1; SLC1A3; APOE; CLU; CRABP1; CRYM; DKK3; GFAP; GLUL,HGNC:10024; HGNC:10941; HGNC:613; HGNC:2095; HGNC:2338; HGNC:2418; HGNC:2893; HGNC:4235; HGNC:4341,https://doi.org/10.1016/j.ophtha.2017.09.016; https://doi.org/10.1155/2007/39245
eye,56,inner nuclear layer of retina,http://purl.obolibrary.org/obo/UBERON_0001791,retina horizontal cell,CL:0000745,CALB1; LHX1; ONECUT2; ONECUT1,4,CALB1; ONECUT1; LHX1; ONECUT2; PVALB,HGNC:1434; HGNC:8138; HGNC:6593; HGNC:8139; HGNC:9704,https://doi.org/10.1016/j.exer.2016.01.002; https://doi.org/10.1016/j.preteyeres.2020.100844
fallopian-tube,111,cuboidal oviduct epithelium,http://purl.obolibrary.org/obo/UBERON_0007590,fallopian tube secretory epithelial cell,CL:4030006,PAX8,1,OVGP1; PAX8,HGNC:8524; HGNC:8622,https://doi.org/10.1016/j.celrep.2021.108978
fallopian-tube,113,cuboidal oviduct epithelium,http://purl.obolibrary.org/obo/UBERON_0007590,fallopian tube secretory epithelial cell,CL:4030006,PAX8,1,OVGP1; PAX8,HGNC:8524; HGNC:8622,https://doi.org/10.1016/j.celrep.2021.108978
fallopian-tube,115,cuboidal oviduct epithelium,http://purl.obolibrary.org/obo/UBERON_0007590,fallopian tube secretory epithelial cell,CL:4030006,PAX8,1,OVGP1; PAX8,HGNC:8524; HGNC:8622,https://doi.org/10.1016/j.celrep.2021.108978
fallopian-tube,117,cuboidal oviduct epithelium,http://purl.obolibrary.org/obo/UBERON_0007590,fallopian tube secretory epithelial cell,CL:4030006,PAX8,1,OVGP1; PAX8,HGNC:8524; HGNC:8622,https://doi.org/10.1016/j.celrep.2021.108978
fallopian-tube,119,cuboidal oviduct epithelium,http://purl.obolibrary.org/obo/UBERON_0007590,fallopian tube secretory epithelial cell,CL:4030006,PAX8,1,OVGP1; PAX8,HGNC:8524; HGNC:8622,https://doi.org/10.1016/j.celrep.2021.108978
fallopian-tube,46,lamina propria Fallopian tube ampulla,https://purl.org/ccf/ASCTB-TEMP_lamina-propria-fallopian-tube-ampulla,neutrophil,CL:0000775,HLA-DRA,1,VEGFA; FCGR1A; HLA-DRA,HGNC:12680; HGNC:3613; HGNC:4947,PMID:16938110
fallopian-tube,62,lamina propria of Fallopian tube infundibulum,https://purl.org/ccf/ASCTB-TEMP_lamina-propria-of-fallopian-tube-infundibulum,neutrophil,CL:0000775,HLA-DRA,1,VEGFA; FCGR1A; HLA-DRA,HGNC:12680; HGNC:3613; HGNC:4947,PMID:16938110
fallopian-tube,14,lamina propria of Fallopian tube intramural segment,https://purl.org/ccf/ASCTB-TEMP_lamina-propria-of-fallopian-tube-intramural-segment,neutrophil,CL:0000775,HLA-DRA,1,VEGFA; FCGR1A; HLA-DRA,HGNC:12680; HGNC:3613; HGNC:4947,PMID:16938110
fallopian-tube,30,lamina propria of Fallopian tube isthmus,https://purl.org/ccf/ASCTB-TEMP_lamina-propria-of-fallopian-tube-isthmus,neutrophil,CL:0000775,HLA-DRA,1,VEGFA; FCGR1A; HLA-DRA,HGNC:12680; HGNC:3613; HGNC:4947,PMID:16938110
fallopian-tube,48,vasculature of Fallopian tube ampulla,https://purl.org/ccf/ASCTB-TEMP_vasculature-of-fallopian-tube-ampulla,endothelial cell,CL:0000115,CLDN5,1,CLDN5,HGNC:2047,https://doi.org/10.1016/j.celrep.2021.108978
fallopian-tube,64,vasculature of Fallopian tube infundibulum,https://purl.org/ccf/ASCTB-TEMP_vasculature-of-fallopian-tube-infundibulum,endothelial cell,CL:0000115,CLDN5,1,CLDN5,HGNC:2047,https://doi.org/10.1016/j.celrep.2021.108978
fallopian-tube,16,vasculature of Fallopian tube intramural segment,https://purl.org/ccf/ASCTB-TEMP_vasculature-of-fallopian-tube-intramural-segment,endothelial cell,CL:0000115,CLDN5,1,CLDN5,HGNC:2047,https://doi.org/10.1016/j.celrep.2021.108978
fallopian-tube,32,vasculature of Fallopian tube isthmus,https://purl.org/ccf/ASCTB-TEMP_vasculature-of-fallopian-tube-isthmus,endothelial cell,CL:0000115,CLDN5,1,CLDN5,HGNC:2047,https://doi.org/10.1016/j.celrep.2021.108978
fallopian-tube,34,lamina propria Fallopian tube ampulla,https://purl.org/ccf/ASCTB-TEMP_lamina-propria-fallopian-tube-ampulla,fibroblast,CL:0000057,DCN,1,DCN,HGNC:2705,https://doi.org/10.1016/j.celrep.2021.108978
fallopian-tube,73,lamina propria of Fallopian tube fimbria,https://purl.org/ccf/ASCTB-TEMP_lamina-propria-of-fallopian-tube-fimbria,fibroblast,CL:0000057,DCN,1,DCN,HGNC:2705,https://doi.org/10.1016/j.celrep.2021.108978
fallopian-tube,50,lamina propria of Fallopian tube infundibulum,https://purl.org/ccf/ASCTB-TEMP_lamina-propria-of-fallopian-tube-infundibulum,fibroblast,CL:0000057,DCN,1,DCN,HGNC:2705,https://doi.org/10.1016/j.celrep.2021.108978
fallopian-tube,2,lamina propria of Fallopian tube intramural segment,https://purl.org/ccf/ASCTB-TEMP_lamina-propria-of-fallopian-tube-intramural-segment,fibroblast,CL:0000057,DCN,1,DCN,HGNC:2705,https://doi.org/10.1016/j.celrep.2021.108978
fallopian-tube,18,lamina propria of Fallopian tube isthmus,https://purl.org/ccf/ASCTB-TEMP_lamina-propria-of-fallopian-tube-isthmus,fibroblast,CL:0000057,DCN,1,DCN,HGNC:2705,https://doi.org/10.1016/j.celrep.2021.108978
fallopian-tube,42,lamina propria Fallopian tube ampulla,https://purl.org/ccf/ASCTB-TEMP_lamina-propria-fallopian-tube-ampulla,dendritic cell,CL:0000451,LYZ,1,ITGAX; LYZ,HGNC:6152; HGNC:6740,https://doi.org/10.1016/j.celrep.2021.108978
fallopian-tube,58,lamina propria of Fallopian tube infundibulum,https://purl.org/ccf/ASCTB-TEMP_lamina-propria-of-fallopian-tube-infundibulum,dendritic cell,CL:0000451,LYZ,1,ITGAX; LYZ,HGNC:6152; HGNC:6740,https://doi.org/10.1016/j.celrep.2021.108978
fallopian-tube,26,lamina propria of Fallopian tube isthmus,https://purl.org/ccf/ASCTB-TEMP_lamina-propria-of-fallopian-tube-isthmus,dendritic cell,CL:0000451,LYZ,1,ITGAX; LYZ,HGNC:6152; HGNC:6740,https://doi.org/10.1016/j.celrep.2021.108978
fallopian-tube,38,lamina propria Fallopian tube ampulla,https://purl.org/ccf/ASCTB-TEMP_lamina-propria-fallopian-tube-ampulla,natural killer cell,CL:0000623,NCAM1,1,KLRC1; NCAM1,HGNC:6374; HGNC:7656,https://doi.org/10.1016/j.celrep.2021.108978
fallopian-tube,54,lamina propria of Fallopian tube infundibulum,https://purl.org/ccf/ASCTB-TEMP_lamina-propria-of-fallopian-tube-infundibulum,natural killer cell,CL:0000623,NCAM1,1,KLRC1; NCAM1,HGNC:6374; HGNC:7656,https://doi.org/10.1016/j.celrep.2021.108978
fallopian-tube,6,lamina propria of Fallopian tube intramural segment,https://purl.org/ccf/ASCTB-TEMP_lamina-propria-of-fallopian-tube-intramural-segment,natural killer cell,CL:0000623,NCAM1,1,KLRC1; NCAM1,HGNC:6374; HGNC:7656,https://doi.org/10.1016/j.celrep.2021.108978
fallopian-tube,22,lamina propria of Fallopian tube isthmus,https://purl.org/ccf/ASCTB-TEMP_lamina-propria-of-fallopian-tube-isthmus,natural killer cell,CL:0000623,NCAM1,1,KLRC1; NCAM1,HGNC:6374; HGNC:7656,https://doi.org/10.1016/j.celrep.2021.108978
fallopian-tube,41,lamina propria Fallopian tube ampulla,https://purl.org/ccf/ASCTB-TEMP_lamina-propria-fallopian-tube-ampulla,monocyte,CL:0000576,LYZ,1,LYZ,HGNC:6740,https://doi.org/10.1016/j.celrep.2021.108978
fallopian-tube,57,lamina propria of Fallopian tube infundibulum,https://purl.org/ccf/ASCTB-TEMP_lamina-propria-of-fallopian-tube-infundibulum,monocyte,CL:0000576,LYZ,1,LYZ,HGNC:6740,https://doi.org/10.1016/j.celrep.2021.108978
fallopian-tube,25,lamina propria of Fallopian tube isthmus,https://purl.org/ccf/ASCTB-TEMP_lamina-propria-of-fallopian-tube-isthmus,monocyte,CL:0000576,LYZ,1,LYZ,HGNC:6740,https://doi.org/10.1016/j.celrep.2021.108978
fallopian-tube,85,lamina propria of Fallopian tube fimbria,https://purl.org/ccf/ASCTB-TEMP_lamina-propria-of-fallopian-tube-fimbria,neutrophil,CL:0000775,HLA-DRA,1,VEGFA; FCGR1A; HLA-DRA,HGNC:12680; HGNC:3613; HGNC:4947,PMID:16938110
fallopian-tube,87,vasculature of Fallopian tube fimbria,https://purl.org/ccf/ASCTB-TEMP_vasculature-of-fallopian-tube-fimbria,endothelial cell,CL:0000115,CLDN5,1,CLDN5,HGNC:2047,https://doi.org/10.1016/j.celrep.2021.108978
fallopian-tube,81,lamina propria of Fallopian tube fimbria,https://purl.org/ccf/ASCTB-TEMP_lamina-propria-of-fallopian-tube-fimbria,dendritic cell,CL:0000451,LYZ,1,ITGAX; LYZ,HGNC:6152; HGNC:6740,https://doi.org/10.1016/j.celrep.2021.108978
fallopian-tube,77,lamina propria of Fallopian tube fimbria,https://purl.org/ccf/ASCTB-TEMP_lamina-propria-of-fallopian-tube-fimbria,natural killer cell,CL:0000623,NCAM1,1,KLRC1; NCAM1,HGNC:6374; HGNC:7656,https://doi.org/10.1016/j.celrep.2021.108978
fallopian-tube,80,lamina propria of Fallopian tube fimbria,https://purl.org/ccf/ASCTB-TEMP_lamina-propria-of-fallopian-tube-fimbria,monocyte,CL:0000576,LYZ,1,LYZ,HGNC:6740,https://doi.org/10.1016/j.celrep.2021.108978
fallopian-tube,9,lamina propria of Fallopian tube intramural segment,https://purl.org/ccf/ASCTB-TEMP_lamina-propria-of-fallopian-tube-intramural-segment,monocyte,CL:0000576,LYZ,1,LYZ,HGNC:6740,https://doi.org/10.1016/j.celrep.2021.108978
fallopian-tube,10,lamina propria of Fallopian tube intramural segment,https://purl.org/ccf/ASCTB-TEMP_lamina-propria-of-fallopian-tube-intramural-segment,dendritic cell,CL:0000451,LYZ,1,ITGAX; LYZ,HGNC:6152; HGNC:6740,https://doi.org/10.1016/j.celrep.2021.108978
fallopian-tube,101,oviduct epithelium,http://purl.obolibrary.org/obo/UBERON_0004804,peg cell,CL:4033014,CD44; EPCAM,2,EPCAM; CD44; ITGA6,HGNC:11529; HGNC:1681; HGNC:6142,PMID:22911892
fallopian-tube,105,oviduct epithelium,http://purl.obolibrary.org/obo/UBERON_0004804,peg cell,CL:4033014,CD44; EPCAM,2,EPCAM; CD44; ITGA6,HGNC:11529; HGNC:1681; HGNC:6142,PMID:22911892
fallopian-tube,106,oviduct epithelium,http://purl.obolibrary.org/obo/UBERON_0004804,peg cell,CL:4033014,CD44; EPCAM,2,EPCAM; CD44; ITGA6,HGNC:11529; HGNC:1681; HGNC:6142,PMID:22911892
fallopian-tube,36,lamina propria Fallopian tube ampulla,https://purl.org/ccf/ASCTB-TEMP_lamina-propria-fallopian-tube-ampulla,macrophage,CL:0000235,CD163; LYZ,2,CD163; LYZ,HGNC:1631; HGNC:6740,https://doi.org/10.1016/j.celrep.2021.108978
fallopian-tube,52,lamina propria of Fallopian tube infundibulum,https://purl.org/ccf/ASCTB-TEMP_lamina-propria-of-fallopian-tube-infundibulum,macrophage,CL:0000235,CD163; LYZ,2,CD163; LYZ,HGNC:1631; HGNC:6740,https://doi.org/10.1016/j.celrep.2021.108978
fallopian-tube,4,lamina propria of Fallopian tube intramural segment,https://purl.org/ccf/ASCTB-TEMP_lamina-propria-of-fallopian-tube-intramural-segment,macrophage,CL:0000235,CD163; LYZ,2,CD163; LYZ,HGNC:1631; HGNC:6740,https://doi.org/10.1016/j.celrep.2021.108978
fallopian-tube,20,lamina propria of Fallopian tube isthmus,https://purl.org/ccf/ASCTB-TEMP_lamina-propria-of-fallopian-tube-isthmus,macrophage,CL:0000235,CD163; LYZ,2,CD163; LYZ,HGNC:1631; HGNC:6740,https://doi.org/10.1016/j.celrep.2021.108978
fallopian-tube,93,oviduct epithelium,http://purl.obolibrary.org/obo/UBERON_0004804,peg cell,CL:4033014,CD44; EPCAM,2,EPCAM; CD44; ITGA6,HGNC:11529; HGNC:1681; HGNC:6142,PMID:22911892
fallopian-tube,97,oviduct epithelium,http://purl.obolibrary.org/obo/UBERON_0004804,peg cell,CL:4033014,CD44; EPCAM,2,EPCAM; CD44; ITGA6,HGNC:11529; HGNC:1681; HGNC:6142,PMID:22911892
fallopian-tube,75,lamina propria of Fallopian tube fimbria,https://purl.org/ccf/ASCTB-TEMP_lamina-propria-of-fallopian-tube-fimbria,macrophage,CL:0000235,CD163; LYZ,2,CD163; LYZ,HGNC:1631; HGNC:6740,https://doi.org/10.1016/j.celrep.2021.108978
kidney,12,glomerular visceral epithelium,http://purl.obolibrary.org/obo/UBERON_0005751,podocyte,CL:0000653,CLIC5,1,NPHS2; CLIC5; NTNG1; PTPRQ; NPHS1; PODXL,HGNC:13394; HGNC:13517; HGNC:23319; HGNC:9679; HGNC:7908; HGNC:9171,https://doi.org/10.1038/s41467-019-10861-2; https://doi.org/10.1038/s41586-020-2941-1; https://doi.org/10.1172/jci.insight.133267; https://doi.org/10.1073/pnas.2005477117
kidney,33,renal connecting tubule,http://purl.obolibrary.org/obo/UBERON_0005097,kidney connecting tubule intercalated cell,CL:4030019,SLC8A1,1,CA2; ATP6V0D2; SLC8A1,HGNC:1373; HGNC:18266; HGNC:11068,https://doi.org/10.1681/ASN.2020010071; https://doi.org/10.1038/s41467-019-10861-2; https://doi.org/10.1038/s41586-020-2941-1
kidney,27,macula densa,http://purl.obolibrary.org/obo/UBERON_0002335,macula densa epithelial cell,CL:1000850,SLC12A1,1,ROBO2; SLC12A1; CDH1; NOS1; ATP1A1,HGNC:10250; HGNC:10910; HGNC:1748; HGNC:7872; HGNC:799,https://doi.org/10.1038/s41467-019-10861-2; https://doi.org/10.1016/j.devcel.2019.10.005; https://doi.org/10.1681/ASN.2020010071
kidney,60,kidney interstitium,http://purl.obolibrary.org/obo/UBERON_0005215,kidney interstitial myofibroblast,CL:1000691,SULF1,1,TAGLN; ACTA2; SULF1; COL16A1; COL1A1; COL5A1,HGNC:11553; HGNC:130; HGNC:20391; HGNC:2193; HGNC:2197; HGNC:2209,https://doi.org/10.1038/s41467-019-10861-2; https://doi.org/10.1038/s41586-020-2941-1
kidney,63,kidney interstitium,http://purl.obolibrary.org/obo/UBERON_0005215,non-classical monocyte,CL:0000875,HLA-DRA,1,FCGR3A; HLA-DRA,HGNC:3619; HGNC:4947,https://doi.org/10.1126/science.aat5031; https://doi.org/10.1101/2021.07.28.454201; https://doi.org/10.1172/jci.insight.133267; https://doi.org/10.3389/fimmu.2019.02035
kidney,64,kidney interstitium,http://purl.obolibrary.org/obo/UBERON_0005215,natural killer cell,CL:0000623,GNLY,1,RUNX3; GZMA; GNLY; NKG7,HGNC:10473; HGNC:4708; HGNC:4414; HGNC:7830,https://doi.org/10.1126/science.aat5031; https://doi.org/10.1038/s41467-019-10861-2; https://doi.org/10.1038/s41586-020-2941-1; https://doi.org/10.1172/jci.insight.133267
kidney,49,renal afferent arteriole,http://purl.obolibrary.org/obo/UBERON_0004639,kidney afferent arteriole endothelial cell,CL:1001096,PALMD,1,SLC14A1; TM4SF1; PALMD; SERPINE2; SOX17; ADAMTS6; PECAM1,HGNC:10918; HGNC:11853; HGNC:15846; HGNC:8951; HGNC:18122; HGNC:222; HGNC:8823,https://doi.org/10.1038/s41467-019-10861-2; https://doi.org/10.1172/jci.insight.133267
kidney,50,renal efferent arteriole,http://purl.obolibrary.org/obo/UBERON_0004640,kidney efferent arteriole endothelial cell,CL:1001099,PALMD,1,SLC14A1; TM4SF1; PALMD; SERPINE2; SOX17; ADAMTS6; PECAM1,HGNC:10918; HGNC:11853; HGNC:15846; HGNC:8951; HGNC:18122; HGNC:222; HGNC:8823,https://doi.org/10.1038/s41467-019-10861-2; https://doi.org/10.1172/jci.insight.133267
kidney,53,endothelium,http://purl.obolibrary.org/obo/UBERON_0001986,vasa recta ascending limb cell,CL:1001131,GPM6A,1,NR2F2; PLVAP; DNASE1L3; GPM6A; PECAM1,HGNC:7976; HGNC:13635; HGNC:2959; HGNC:4460; HGNC:8823,https://doi.org/10.1038/s41467-019-10861-2; https://doi.org/10.1038/s41586-020-2941-1; https://doi.org/10.1101/2021.07.28.454201; https://doi.org/10.1038/s41467-019-12872-5
kidney,51,endothelium of peritubular capillary,http://purl.obolibrary.org/obo/UBERON_0012441,peritubular capillary endothelial cell,CL:1001033,RAMP3,1,PLVAP; DNASE1L3; PECAM1; RAMP3,HGNC:13635; HGNC:2959; HGNC:8823; HGNC:9845,https://doi.org/10.1038/s41467-019-10861-2; https://doi.org/10.1172/jci.insight.133267; https://doi.org/10.1038/s41467-019-12872-5
kidney,69,kidney interstitium,http://purl.obolibrary.org/obo/UBERON_0005215,monocyte,CL:0000576,HLA-DRA,1,C1QA; HLA-DRA; ITGAX,HGNC:1241; HGNC:4947; HGNC:6152,https://doi.org/10.1126/science.aat5031; https://doi.org/10.1038/s41467-019-10861-2; https://doi.org/10.1038/s41586-020-2941-1
kidney,67,kidney interstitium,http://purl.obolibrary.org/obo/UBERON_0005215,conventional dendritic cell,CL:0000990,FLT3,1,CLEC9A; FLT3; ITGAX,HGNC:26705; HGNC:3765; HGNC:6152,https://doi.org/10.1126/science.aat5031; https://doi.org/10.1101/2021.07.28.454201; https://doi.org/10.1084/jem.20030323
kidney,68,kidney interstitium,http://purl.obolibrary.org/obo/UBERON_0005215,"plasmacytoid dendritic cell, human",CL:0001058,FLT3,1,FLT3; IL3RA,HGNC:3765; HGNC:6012,https://doi.org/10.1038/s41467-019-10861-2; https://doi.org/10.1101/2021.07.28.454201
kidney,13,glomerular capillary endothelium,http://purl.obolibrary.org/obo/UBERON_0004294,glomerular capillary endothelial cell,CL:1001005,AQP1; HECW2,2,EMCN; AQP1; HECW2; EHD3; FLT1; PLAT,HGNC:16041; HGNC:633; HGNC:29853; HGNC:3244; HGNC:3763; HGNC:9051,https://doi.org/10.1038/s41467-019-10861-2; https://doi.org/10.1038/s41586-020-2941-1; https://doi.org/10.1172/jci.insight.133267; https://doi.org/10.1038/s41467-019-12872-5
kidney,18,proximal straight tubule,http://purl.obolibrary.org/obo/UBERON_0001290,epithelial cell of proximal tubule segment 3,CL:4030011,AQP1; SATB2,2,SATB2; SLC17A1; SLC22A7; MOGAT1; SLC5A11; AQP1,HGNC:21637; HGNC:10929; HGNC:10971; HGNC:18210; HGNC:23091; HGNC:633,https://doi.org/10.1681/ASN.2020010071; https://doi.org/10.1038/s41467-019-10861-2; https://doi.org/10.1038/s41586-020-2941-1; https://doi.org/10.1016/j.devcel.2019.10.005; https://doi.org/10.1073/pnas.2005477117
kidney,40,inner medullary collecting duct,http://purl.obolibrary.org/obo/UBERON_0004205,kidney inner medulla collecting duct principal cell,CL:1000718,AQP2; SLC14A2,2,SLC14A2; AQP2,HGNC:10919; HGNC:634,https://doi.org/10.1038/s41467-019-10861-2; https://doi.org/10.1101/2021.07.28.454201; https://doi.org/10.1016/j.devcel.2019.10.005; https://doi.org/10.1681/ASN.2020010071
kidney,46,collecting duct of renal tubule,http://purl.obolibrary.org/obo/UBERON_0001232,renal beta-intercalated cell,CL:0002201,SLC4A9; SLC26A4,2,SLC4A9; SLC26A4; NTRK1,HGNC:11035; HGNC:8818; HGNC:8031,https://doi.org/10.1126/science.aat1699; https://doi.org/10.1038/s41467-019-10861-2; https://doi.org/10.1172/jci.insight.133267; https://doi.org/10.1016/j.devcel.2019.10.005
kidney,54,lymphatic vessel endothelium,http://purl.obolibrary.org/obo/UBERON_0002042,endothelial cell of lymphatic vessel,CL:0002138,PROX1; MMRN1,2,MMRN1; TBX1; PECAM1; PROX1,HGNC:7178; HGNC:11592; HGNC:8823; HGNC:9459,https://doi.org/10.1038/s41586-020-2941-1; https://doi.org/10.1172/jci.insight.133267; https://doi.org/10.1038/s41467-019-12872-5; https://doi.org/10.1038/s41467-019-10861-2
kidney,74,kidney interstitium,http://purl.obolibrary.org/obo/UBERON_0005215,B cell,CL:0000236,HLA-DRA; MS4A1,2,MS4A1; CD79A; HLA-DRA; JCHAIN,HGNC:7315; HGNC:1698; HGNC:4947; HGNC:5713,https://doi.org/10.1126/science.aat5031; https://doi.org/10.1038/s41467-019-10861-2; https://doi.org/10.1038/s41586-020-2941-1; https://doi.org/10.1172/jci.insight.133267
kidney,77,kidney interstitium,http://purl.obolibrary.org/obo/UBERON_0005215,mast cell,CL:0000097,CPA3; KIT,2,CPA3; MS4A2; KIT,HGNC:2298; HGNC:7316; HGNC:6342,https://doi.org/10.1038/s41467-019-10861-2; https://doi.org/10.1038/s41586-020-2941-1; https://doi.org/10.1101/2021.07.28.454201; https://doi.org/10.1172/jci.insight.133267
kidney,36,collecting duct of renal tubule,http://purl.obolibrary.org/obo/UBERON_0001232,kidney collecting duct epithelial cell,CL:1000454,GATA3; KRT8,2,CDH1; GATA3; KRT8,HGNC:1748; HGNC:4172; HGNC:6446,https://doi.org/10.1038/s41467-019-10861-2; https://doi.org/10.1172/jci.insight.133267; https://doi.org/10.1681/ASN.2020010071
kidney,52,endothelium,http://purl.obolibrary.org/obo/UBERON_0001986,vasa recta descending limb cell,CL:1001285,MCTP1; PALMD,2,SLC14A1; TM4SF1; PALMD; SERPINE2; ADAMTS6; MCTP1; PECAM1,HGNC:10918; HGNC:11853; HGNC:15846; HGNC:8951; HGNC:222; HGNC:26183; HGNC:8823,https://doi.org/10.1038/s41467-019-10861-2; https://doi.org/10.1101/2021.07.28.454201; https://doi.org/10.1038/s41467-019-12872-5
kidney,47,cortical collecting duct,http://purl.obolibrary.org/obo/UBERON_0004203,kidney cortex collecting duct intercalated cell,CL:1000715,SLC4A9; SLC26A4,2,SLC4A9; SLC26A4,HGNC:11035; HGNC:8818,https://doi.org/10.1126/science.aat1699; https://doi.org/10.1038/s41467-019-10861-2; https://doi.org/10.1172/jci.insight.133267; https://doi.org/10.1016/j.devcel.2019.10.005
kidney,29,distal convoluted tubule,http://purl.obolibrary.org/obo/UBERON_0001292,epithelial cell of early distal convoluted tubule,CL:4030016,SLC12A3; TRPM6,2,SLC12A3; TRPM6,HGNC:10912; HGNC:17995,https://doi.org/10.1038/s41467-019-10861-2; https://doi.org/10.1681/ASN.2020010071
kidney,71,kidney interstitium,http://purl.obolibrary.org/obo/UBERON_0005215,T cell,CL:0000084,CD96; CD247,2,CD40LG; CD3D; CD3G; CD247; CD96,HGNC:11935; HGNC:1673; HGNC:1675; HGNC:1677; HGNC:16892,https://doi.org/10.1126/science.aat5031; https://doi.org/10.1038/s41467-019-10861-2; https://doi.org/10.1038/s41586-020-2941-1; https://doi.org/10.1172/jci.insight.133267
kidney,66,kidney interstitium,http://purl.obolibrary.org/obo/UBERON_0005215,"dendritic cell, human",CL:0001056,APOE; HLA-DRA,2,CD1C; CD1E; APOE; FCER1A; HLA-DRA,HGNC:1636; HGNC:1638; HGNC:613; HGNC:3609; HGNC:4947,https://doi.org/10.1126/science.aat5031; https://doi.org/10.1038/s41467-019-10861-2; https://doi.org/10.1038/s41586-020-2941-1
kidney,44,cortical collecting duct,http://purl.obolibrary.org/obo/UBERON_0004203,kidney cortex collecting duct intercalated cell,CL:1000715,SLC4A1; SLC26A7; KIT,3,SLC4A1; SLC26A7; KIT; AQP6,HGNC:11027; HGNC:14467; HGNC:6342; HGNC:639,https://doi.org/10.1038/s41467-019-10861-2; https://doi.org/10.1172/jci.insight.133267; https://doi.org/10.1016/j.devcel.2019.10.005
kidney,45,outer medullary collecting duct,http://purl.obolibrary.org/obo/UBERON_0004204,kidney outer medulla collecting duct intercalated cell,CL:1000717,SLC4A1; SLC26A7; KIT,3,SLC4A1; CALCA; SLC26A7; KIT,HGNC:11027; HGNC:1437; HGNC:14467; HGNC:6342,https://doi.org/10.1126/science.aat1699; https://doi.org/10.1038/s41467-019-10861-2
kidney,43,collecting duct of renal tubule,http://purl.obolibrary.org/obo/UBERON_0001232,kidney collecting duct alpha-intercalated cell,CL:4030015,SLC4A1; SLC26A7; KIT,3,SLC4A1; SLC26A7; TMEM213; KIT; AQP6,HGNC:11027; HGNC:14467; HGNC:27220; HGNC:6342; HGNC:639,https://doi.org/10.1038/s41467-019-10861-2; https://doi.org/10.1172/jci.insight.133267; https://doi.org/10.1016/j.devcel.2019.10.005
kidney,41,collecting duct of renal tubule,http://purl.obolibrary.org/obo/UBERON_0001232,Transitional principal-intercalated cell,ASCTB-TEMP:transitional-principal-intercalated-cell,FXYD4; SLC4A9; SLC26A7,3,SLC4A9; SLC26A7; FXYD4,HGNC:11035; HGNC:14467; HGNC:4028,https://doi.org/10.1038/s41467-019-10861-2; https://doi.org/10.1172/jci.insight.133267
kidney,28,distal convoluted tubule,http://purl.obolibrary.org/obo/UBERON_0001292,kidney distal convoluted tubule epithelial cell,CL:1000849,CALB1; SLC12A3; TRPM6,3,SALL3; SLC12A3; CDH1; CALB1; TRPM6; ATP1A1,HGNC:10527; HGNC:10912; HGNC:1748; HGNC:1434; HGNC:17995; HGNC:799,https://doi.org/10.1038/s41467-019-10861-2; https://doi.org/10.1681/ASN.2020010071
kidney,59,kidney interstitium,http://purl.obolibrary.org/obo/UBERON_0005215,renal medullary fibroblast,CL:4030022,DCN; SYT1; NCAM1,3,SYT1; CLMP; DCN; TNC; KCNK2; NCAM1,HGNC:11509; HGNC:24039; HGNC:2705; HGNC:5318; HGNC:6277; HGNC:7656,https://doi.org/10.1101/2021.07.28.454201
kidney,55,kidney blood vessel,http://purl.obolibrary.org/obo/UBERON_0003517,renal interstitial pericyte,CL:1001318,CCDC102B; MYH11; NTRK3,3,TAGLN; ACTA2; CCDC102B; ADCY3; MCAM; MYH11; NTRK3,HGNC:11553; HGNC:130; HGNC:26295; HGNC:234; HGNC:6934; HGNC:7569; HGNC:8033,https://doi.org/10.1038/s41467-019-10861-2; https://doi.org/10.1038/s41586-020-2941-1; https://doi.org/10.1172/jci.insight.133267; https://doi.org/10.1073/pnas.2005477117
kidney,76,kidney interstitium,http://purl.obolibrary.org/obo/UBERON_0005215,neutrophil,CL:0000775,CSF3R; S100A8; S100A9,3,S100A8; S100A9; CSF3R; FCGR3B,HGNC:10498; HGNC:10499; HGNC:2439; HGNC:3620,https://doi.org/10.1126/science.aat5031; https://doi.org/10.1038/s41586-020-2941-1; https://doi.org/10.1101/2021.07.28.454201; https://doi.org/10.1172/jci.insight.133267; https://doi.org/10.1016/j.exphem.2016.10.008
kidney,24,thick ascending limb of loop of Henle,http://purl.obolibrary.org/obo/UBERON_0001291,kidney loop of Henle thick ascending limb epithelial cell,CL:1001106,CASR; SLC12A1; UMOD,3,SLC12A1; UMOD; CDH1; CASR; ATP1A1,HGNC:10910; HGNC:12559; HGNC:1748; HGNC:1514; HGNC:799,https://doi.org/10.1038/s41467-019-10861-2; https://doi.org/10.1038/s41586-020-2941-1; https://doi.org/10.1172/jci.insight.133267; https://doi.org/10.1016/j.devcel.2019.10.005; https://doi.org/10.1681/ASN.2020010071
kidney,34,renal connecting tubule,http://purl.obolibrary.org/obo/UBERON_0005097,kidney connecting tubule alpha-intercalated cell,CL:4030020,SLC4A1; SLC26A7; SLC8A1,3,SLC4A1; SLC8A1; SLC26A7; AQP6; NXPH2,HGNC:11027; HGNC:11068; HGNC:14467; HGNC:639; HGNC:8076,https://doi.org/10.1038/s41467-019-10861-2; https://doi.org/10.1681/ASN.2020010071
kidney,35,renal connecting tubule,http://purl.obolibrary.org/obo/UBERON_0005097,kidney connecting tubule beta-intercalated cell,CL:4030021,SLC35F3; SLC4A9; SLC26A4,3,SLC4A9; TLDC2; SLC35F3; SLC26A4; INSRR,HGNC:11035; HGNC:16112; HGNC:23616; HGNC:8818; HGNC:6093,https://doi.org/10.1038/s41467-019-10861-2; https://doi.org/10.1681/ASN.2020010071
kidney,65,kidney interstitium,http://purl.obolibrary.org/obo/UBERON_0005215,mature NK T cell,CL:0000814,CD247; CD96; GNLY,3,RUNX3; CD3G; CD247; CD96; GZMA; GNLY; NKG7,HGNC:10473; HGNC:1675; HGNC:1677; HGNC:16892; HGNC:4708; HGNC:4414; HGNC:7830,https://doi.org/10.1038/s41467-019-10861-2; https://doi.org/10.1038/s41586-020-2941-1; https://doi.org/10.1172/jci.insight.133267
kidney,14,glomerular mesangium,http://purl.obolibrary.org/obo/UBERON_0002320,glomerular mesangial cell,CL:1000742,POSTN; ITGA8; SYNPO2; PIEZO2,4,ROBO1; POSTN; SYNPO2; PIEZO2; ITGA8; PDGFRB,HGNC:10249; HGNC:16953; HGNC:17732; HGNC:26270; HGNC:6144; HGNC:8804,https://doi.org/10.1038/s41467-019-10861-2; https://doi.org/10.1038/s41586-020-2941-1; https://doi.org/10.1172/jci.insight.133267; https://doi.org/10.1073/pnas.2005477117; https://doi.org/10.1681/ASN.2020010071
kidney,11,glomerular parietal epithelium,http://purl.obolibrary.org/obo/UBERON_0005750,parietal epithelial cell,CL:1000452,ALDH1A2; CFH; VCAM1; VIM,4,VCAM1; VIM; ALDH1A2; CRB2; CFH,HGNC:12663; HGNC:12692; HGNC:15472; HGNC:18688; HGNC:4883,https://doi.org/10.1038/s41467-019-10861-2; https://doi.org/10.1172/jci.insight.133267
kidney,21,kidney loop of Henle long descending thin limb outer medulla,http://purl.obolibrary.org/obo/UBERON_8600036,kidney loop of Henle long descending thin limb outer medulla epithelial cell,CL:4030013,CRYAB; AQP1; SLC39A8; TACSTD2,4,SLC9A3; TACSTD2; SLC4A11; SLC39A8; AQP1; CRYAB,HGNC:11073; HGNC:11530; HGNC:16438; HGNC:20862; HGNC:633; HGNC:2389,https://doi.org/10.1038/s41467-019-10861-2; https://doi.org/10.1101/2021.07.28.454201; https://doi.org/10.1016/j.devcel.2019.10.005; https://doi.org/10.1152/ajprenal.2000.278.1.F52; https://doi.org/10.1681/ASN.2020010071
kidney,32,renal connecting tubule,http://purl.obolibrary.org/obo/UBERON_0005097,kidney connecting tubule principal cell,CL:4030018,AQP2; AQP3; FXYD4; SCNN1G,4,SCNN1G; FXYD4; AQP2; AQP3,HGNC:10602; HGNC:4028; HGNC:634; HGNC:636,https://doi.org/10.1038/s41467-019-10861-2; https://doi.org/10.1038/s41586-020-2941-1; https://doi.org/10.1681/ASN.2020010071
kidney,62,kidney interstitium,http://purl.obolibrary.org/obo/UBERON_0005215,kidney interstitial alternatively activated macrophage,CL:1000695,CD163; HLA-DRA; IL7R; MRC1,4,CD14; CD163; MRC1; HLA-DRA; IL7R; ITGAX,HGNC:1628; HGNC:1631; HGNC:7228; HGNC:4947; HGNC:6024; HGNC:6152,https://doi.org/10.1126/science.aat5031; https://doi.org/10.1038/s41467-019-10861-2; https://doi.org/10.1038/s41586-020-2941-1
kidney,15,proximal tubule,http://purl.obolibrary.org/obo/UBERON_0004134,epithelial cell of proximal tubule,CL:0002306,ALDOB; CUBN; GATM; SLC13A1; LRP2,5,SLC13A1; CUBN; ALDOB; GATM; LRP2,HGNC:10916; HGNC:2548; HGNC:417; HGNC:4175; HGNC:6694,https://doi.org/10.1038/s41467-019-10861-2; https://doi.org/10.1038/s41586-020-2941-1; https://doi.org/10.1172/jci.insight.133267; https://doi.org/10.1073/pnas.2005477117; https://doi.org/10.1681/ASN.2020010071
kidney,16,proximal convoluted tubule segment 1,http://purl.obolibrary.org/obo/UBERON_0004196,epithelial cell of proximal tubule segment 1,CL:4030009,SLC5A2; SLC22A6; SLC22A8; SLC34A1; SLC5A12,5,SLC5A2; SLC22A6; SLC22A8; SLC34A1; SLC5A12; PRODH,HGNC:11037; HGNC:10970; HGNC:10972; HGNC:11019; HGNC:28750; HGNC:9453,https://doi.org/10.1038/s41467-019-10861-2; https://doi.org/10.1038/s41586-020-2941-1; https://doi.org/10.1172/jci.insight.133267; https://doi.org/10.1016/j.devcel.2019.10.005; https://doi.org/10.1073/pnas.2005477117; https://doi.org/10.1681/ASN.2020010071
kidney,17,proximal convoluted tubule segment 2,http://purl.obolibrary.org/obo/UBERON_0004197,epithelial cell of proximal tubule segment 2,CL:4030010,ACSM2A; SLC13A3; SLC22A6; SLC22A8; SLC34A1,5,SLC22A6; SLC22A8; SLC34A1; SLC13A3; SLC5A11; ACSM2A,HGNC:10970; HGNC:10972; HGNC:11019; HGNC:14430; HGNC:23091; HGNC:32017,https://doi.org/10.1038/s41467-019-10861-2; https://doi.org/10.1172/jci.insight.133267; https://doi.org/10.1016/j.devcel.2019.10.005; https://doi.org/10.1073/pnas.2005477117; https://doi.org/10.1681/ASN.2020010071
kidney,26,thick ascending limb of loop of Henle,http://purl.obolibrary.org/obo/UBERON_0001291,kidney loop of Henle medullary thick ascending limb epithelial cell,CL:1001108,CASR; PROX1; RAP1GAP; SLC12A1; UMOD,5,ATP1A1; PROX1; RAP1GAP; UMOD; CDH1; CASR; SLC12A1,HGNC:799; HGNC:9459; HGNC:9858; HGNC:12559; HGNC:1748; HGNC:1514; HGNC:10910,https://doi.org/10.1038/s41467-019-10861-2; https://doi.org/10.1172/jci.insight.133267; https://doi.org/10.1016/j.devcel.2019.10.005; https://doi.org/10.1681/ASN.2020010071
kidney,39,outer medullary collecting duct,http://purl.obolibrary.org/obo/UBERON_0004204,kidney outer medulla collecting duct principal cell,CL:1000716,AQP3; AQP2; FXYD4; GATA3; SCNN1G,5,SCNN1G; FXYD4; GATA3; AQP2; AQP3,HGNC:10602; HGNC:4028; HGNC:4172; HGNC:634; HGNC:636,https://doi.org/10.1038/s41467-019-10861-2; https://doi.org/10.1172/jci.insight.133267; https://doi.org/10.1016/j.devcel.2019.10.005
kidney,30,distal convoluted tubule,http://purl.obolibrary.org/obo/UBERON_0001292,epithelial cell of late distal convoluted tubule,CL:4030017,CALB1; SCNN1G; HSD11B2; SLC12A3; SLC8A1,5,SCNN1G; SLC12A3; SLC8A1; CALB1; TRPV5; HSD11B2,HGNC:10602; HGNC:10912; HGNC:11068; HGNC:1434; HGNC:3145; HGNC:5209,https://doi.org/10.1038/s41467-019-10861-2; https://doi.org/10.1681/ASN.2020010071
kidney,58,kidney interstitium,http://purl.obolibrary.org/obo/UBERON_0005215,kidney interstitial fibroblast,CL:1000692,C7; COL1A2; DCN; VIM; ZEB2,5,VIM; C7; ZEB2; COL1A1; COL1A2; DCN; LUM,HGNC:12692; HGNC:1346; HGNC:14881; HGNC:2197; HGNC:2198; HGNC:2705; HGNC:6724,https://doi.org/10.1038/s41467-019-10861-2; https://doi.org/10.1172/jci.insight.133267
kidney,23,loop of Henle ascending limb thin segment,http://purl.obolibrary.org/obo/UBERON_0004193,kidney loop of Henle thin ascending limb epithelial cell,CL:1001107,CLCNKA; CRYAB; PROX1; SH3GL3; TACSTD2,5,SH3GL3; TACSTD2; CDH1; CLDN3; CLCNKA; CRYAB; PROX1,HGNC:10832; HGNC:11530; HGNC:1748; HGNC:2045; HGNC:2026; HGNC:2389; HGNC:9459,https://doi.org/10.1038/s41467-019-10861-2; https://doi.org/10.1016/j.devcel.2019.10.005
kidney,25,thick ascending limb of loop of Henle,http://purl.obolibrary.org/obo/UBERON_0001291,kidney loop of Henle cortical thick ascending limb epithelial cell,CL:1001109,CASR; CLDN16; SLC12A1; TMEM207; UMOD,5,SLC12A1; UMOD; CDH1; CASR; CLDN16; TMEM207; ATP1A1,HGNC:10910; HGNC:12559; HGNC:1748; HGNC:1514; HGNC:2037; HGNC:33705; HGNC:799,https://doi.org/10.1038/s41467-019-10861-2; https://doi.org/10.1016/j.devcel.2019.10.005; https://doi.org/10.1681/ASN.2020010071
kidney,22,kidney loop of Henle long descending thin limb inner medulla,http://purl.obolibrary.org/obo/UBERON_8600037,kidney loop of Henle long descending thin limb inner medulla epithelial cell,CL:4030014,CPE; CRYAB; SH3GL3; SLC14A2; TACSTD2,5,SLC14A2; TACSTD2; SLC4A11; CLDN1; CPE; CRYAB; SH3GL3,HGNC:10919; HGNC:11530; HGNC:16438; HGNC:2032; HGNC:2303; HGNC:2389; HGNC:10832,https://doi.org/10.1038/s41467-019-10861-2; https://doi.org/10.1101/2021.07.28.454201; https://doi.org/10.1016/j.devcel.2019.10.005; https://doi.org/10.1152/ajprenal.2000.278.1.F52; https://doi.org/10.1152/ajprenal.2000.278.2.F202; https://doi.org/10.1681/ASN.2020010071
kidney,38,cortical collecting duct,http://purl.obolibrary.org/obo/UBERON_0004203,kidney cortex collecting duct principal cell,CL:1000714,AQP3; AQP2; FXYD4; GATA3; SCNN1G,5,SCNN1G; FXYD4; GATA3; AQP2; AQP3,HGNC:10602; HGNC:4028; HGNC:4172; HGNC:634; HGNC:636,https://doi.org/10.1038/s41467-019-10861-2; https://doi.org/10.1172/jci.insight.133267; https://doi.org/10.1016/j.devcel.2019.10.005
kidney,37,collecting duct of renal tubule,http://purl.obolibrary.org/obo/UBERON_0001232,kidney collecting duct principal cell,CL:1001431,AQP2; AQP3; GATA3; FXYD4; SCNN1G,5,SCNN1G; FXYD4; GATA3; AQP2; AQP3,HGNC:10602; HGNC:4028; HGNC:4172; HGNC:634; HGNC:636,https://doi.org/10.1038/s41467-019-10861-2; https://doi.org/10.1038/s41586-020-2941-1; https://doi.org/10.1172/jci.insight.133267; https://doi.org/10.1016/j.devcel.2019.10.005
kidney,19,descending thin limb,http://purl.obolibrary.org/obo/UBERON_0005096,kidney loop of Henle thin descending limb epithelial cell,CL:1001111,CRYAB; SATB2; SLC44A5; SPP1; VCAM1; VIM,6,SPP1; VCAM1; VIM; CDH1; SATB2; CRYAB; SLC44A5,HGNC:11255; HGNC:12663; HGNC:12692; HGNC:1748; HGNC:21637; HGNC:2389; HGNC:28524,https://doi.org/10.1038/s41467-019-10861-2; https://doi.org/10.1172/jci.insight.133267; https://doi.org/10.1681/ASN.2020010071
kidney,31,renal connecting tubule,http://purl.obolibrary.org/obo/UBERON_0005097,kidney connecting tubule epithelial cell,CL:1000768,CALB1; GATA3; SCN2A; SCNN1G; HSD11B2; SLC8A1,6,SCN2A; SCNN1G; SLC8A1; CDH1; CALB1; TRPV5; GATA3; HSD11B2,HGNC:10588; HGNC:10602; HGNC:11068; HGNC:1748; HGNC:1434; HGNC:3145; HGNC:4172; HGNC:5209,https://doi.org/10.1038/s41467-019-10861-2; https://doi.org/10.1681/ASN.2020010071
kidney,20,short descending thin limb,http://purl.obolibrary.org/obo/UBERON_0005099,kidney loop of Henle short descending thin limb epithelial cell,CL:4030012,CPE; CRYAB; SATB2; SLC14A2; JAG1; ID1; SPP1; TACSTD2,8,SLC14A2; SPP1; TACSTD2; SATB2; CPE; CRYAB; JAG1; ID1,HGNC:10919; HGNC:11255; HGNC:11530; HGNC:21637; HGNC:2303; HGNC:2389; HGNC:6188; HGNC:5360,https://doi.org/10.1038/s41467-019-10861-2; https://doi.org/10.1172/jci.insight.133267; https://doi.org/10.1152/ajprenal.2000.278.1.F52; https://doi.org/10.1681/ASN.2020010071
knee,10,articular cartilage of joint,http://purl.obolibrary.org/obo/UBERON_0010996,hypertrophic chondrocyte,CL:0000743,SPP1,1,SPP1; COL10A1; IBSP,HGNC:11255; HGNC:2185; HGNC:5341,https://doi.org/10.1136/ard-2022-223227
knee,13,articular cartilage of joint,http://purl.obolibrary.org/obo/UBERON_0010996,Effector Chondrocyte,ASCTB-TEMP:effector-chondrocyte,IGFBP7,1,STC2; CHAD; IGFBP7,HGNC:11374; HGNC:1909; HGNC:5476,https://doi.org/10.1136/ard-2022-223227
knee,16,articular cartilage of joint,http://purl.obolibrary.org/obo/UBERON_0010996,Fibrocartilage Chondrocyte 2,ASCTB-TEMP:fibrocartilage-chondrocyte-2,IGFBP5,1,PRG4; CTHRC1; IGFBP5,HGNC:9364; HGNC:18831; HGNC:5474,https://doi.org/10.1136/ard-2022-223227
knee,1,articular cartilage of joint,http://purl.obolibrary.org/obo/UBERON_0010996,Regulatory Chondrocyte 1,ASCTB-TEMP:regulatory-chondrocyte-1,ANGPTL4,1,ANGPTL4; CHI3L1; CHI3L2,HGNC:16039; HGNC:1932; HGNC:1933,https://doi.org/10.1136/ard-2022-223227
knee,11,articular cartilage of joint,http://purl.obolibrary.org/obo/UBERON_0010996,Regulatory Chondrocyte 1,ASCTB-TEMP:regulatory-chondrocyte-1,ANGPTL4,1,ANGPTL4; CHI3L1; CHI3L2,HGNC:16039; HGNC:1932; HGNC:1933,https://doi.org/10.1136/ard-2022-223227
knee,18,articular cartilage of joint,http://purl.obolibrary.org/obo/UBERON_0010996,Reparative Chondrocyte,ASCTB-TEMP:reparative-chondrocyte,LOX,1,CILP; ACAN; LOX,HGNC:1980; HGNC:319; HGNC:6664,https://doi.org/10.1136/ard-2022-223227
knee,3,articular cartilage of joint,http://purl.obolibrary.org/obo/UBERON_0010996,Effector Chondrocyte,ASCTB-TEMP:effector-chondrocyte,IGFBP7,1,STC2; CHAD; IGFBP7,HGNC:11374; HGNC:1909; HGNC:5476,https://doi.org/10.1136/ard-2022-223227
knee,6,articular cartilage of joint,http://purl.obolibrary.org/obo/UBERON_0010996,Fibrocartilage Chondrocyte 2,ASCTB-TEMP:fibrocartilage-chondrocyte-2,IGFBP5,1,PRG4; CTHRC1; IGFBP5,HGNC:9364; HGNC:18831; HGNC:5474,https://doi.org/10.1136/ard-2022-223227
knee,8,articular cartilage of joint,http://purl.obolibrary.org/obo/UBERON_0010996,Reparative Chondrocyte,ASCTB-TEMP:reparative-chondrocyte,LOX,1,CILP; ACAN; LOX,HGNC:1980; HGNC:319; HGNC:6664,https://doi.org/10.1136/ard-2022-223227
knee,20,articular cartilage of joint,http://purl.obolibrary.org/obo/UBERON_0010996,hypertrophic chondrocyte,CL:0000743,SPP1,1,SPP1; COL10A1; IBSP,HGNC:11255; HGNC:2185; HGNC:5341,https://doi.org/10.1136/ard-2022-223227
knee,15,articular cartilage of joint,http://purl.obolibrary.org/obo/UBERON_0010996,Fibrocartilage Chondrocyte 1,ASCTB-TEMP:fibrocartilage-chondrocyte-1,COL1A2; COL3A1,2,COL1A2; COL3A1; MSMP,HGNC:2198; HGNC:2201; HGNC:29663,https://doi.org/10.1136/ard-2022-223227
knee,5,articular cartilage of joint,http://purl.obolibrary.org/obo/UBERON_0010996,Fibrocartilage Chondrocyte 1,ASCTB-TEMP:fibrocartilage-chondrocyte-1,COL1A2; COL3A1,2,COL1A2; COL3A1; MSMP,HGNC:2198; HGNC:2201; HGNC:29663,https://doi.org/10.1136/ard-2022-223227
large-intestine,88,myenteric nerve plexus,http://purl.obolibrary.org/obo/UBERON_0002439,endothelial cell of arteriole,CL:1000412,CD36,1,CD34; CD36; PECAM1,HGNC:1662; HGNC:1663; HGNC:8823,https://doi.org/10.1007/978-1-4939-0897-4_3
large-intestine,209,subserosa,http://purl.obolibrary.org/obo/UBERON_0012375,adipocyte,CL:0000136,BID,1,BID,HGNC:1050,ISBN:978-1496398949
large-intestine,199,large intestine smooth muscle longitudinal layer,http://purl.obolibrary.org/obo/UBERON_0012399,Schwann cell,CL:0002573,BID,1,BID; BST2; UCHL1,HGNC:1050; HGNC:1119; HGNC:12513,https://doi.org/10.1007/978-1-4939-0897-4_3
large-intestine,205,subserosa,http://purl.obolibrary.org/obo/UBERON_0012375,Schwann cell,CL:0002573,BID,1,BID; BST2; UCHL1,HGNC:1050; HGNC:1119; HGNC:12513,ISBN:978-1496398949
large-intestine,216,epithelium of crypt of Lieberkuhn,http://purl.obolibrary.org/obo/UBERON_0011184,neuroendocrine cell,CL:0000165,CHGA,1,SYP; CHGA; INSL5; INSM1,HGNC:11506; HGNC:1929; HGNC:6088; HGNC:6090,https://doi.org/10.1159/000501521; https://doi.org/10.3892/or.2012.2119
large-intestine,1118,muscularis mucosae of colon,http://purl.obolibrary.org/obo/UBERON_0007178,Schwann cell,CL:0002573,NCAM1,1,UCHL1; CD274; NCAM1,HGNC:12513; HGNC:17635; HGNC:7656,ISBN:978-1496398949
large-intestine,1119,muscularis mucosae of colon,http://purl.obolibrary.org/obo/UBERON_0007178,capillary endothelial cell,CL:0002144,CD36,1,CD34; CD36; PECAM1,HGNC:1662; HGNC:1663; HGNC:8823,ISBN:978-1496398949
large-intestine,201,large intestine smooth muscle longitudinal layer,http://purl.obolibrary.org/obo/UBERON_0012399,endothelial cell of venule,CL:1000414,CD36,1,CD34; CD36; PECAM1,HGNC:1662; HGNC:1663; HGNC:8823,https://doi.org/10.1007/978-1-4939-0897-4_3
large-intestine,207,subserosa,http://purl.obolibrary.org/obo/UBERON_0012375,endothelial cell of venule,CL:1000414,CD36,1,CD34; CD36; PECAM1,HGNC:1662; HGNC:1663; HGNC:8823,ISBN:978-1496398949
large-intestine,200,large intestine smooth muscle longitudinal layer,http://purl.obolibrary.org/obo/UBERON_0012399,endothelial cell of arteriole,CL:1000412,CD36,1,CD34; CD36; PECAM1,HGNC:1662; HGNC:1663; HGNC:8823,https://doi.org/10.1007/978-1-4939-0897-4_3
large-intestine,206,subserosa,http://purl.obolibrary.org/obo/UBERON_0012375,endothelial cell of arteriole,CL:1000412,CD36,1,CD34; CD36; PECAM1,HGNC:1662; HGNC:1663; HGNC:8823,ISBN:978-1496398949
large-intestine,219,epithelium of crypt of Lieberkuhn,http://purl.obolibrary.org/obo/UBERON_0011184,transit amplifying cell of colon,CL:0009011,KRT20,1,KRT20,HGNC:20412,https://doi.org/10.1038/s42003-020-01181-z
large-intestine,908,submucosa of colon,http://purl.obolibrary.org/obo/UBERON_0003331,adipocyte,CL:0000136,BID,1,BID,HGNC:1050,isBN:978-1496398949
large-intestine,910,submucosa of colon,http://purl.obolibrary.org/obo/UBERON_0003331,Schwann cell,CL:0002573,BID,1,BID; BST2; UCHL1,HGNC:1050; HGNC:1119; HGNC:12513,isBN:978-1496398949
large-intestine,892,gut-associated lymphoid tissue,http://purl.obolibrary.org/obo/UBERON_0001962,plasma cell,CL:0000786,SDC1,1,SDC1,HGNC:10658,https://doi.org/10.1016/j.immuni.2020.02.001
large-intestine,898,gut-associated lymphoid tissue,http://purl.obolibrary.org/obo/UBERON_0001962,mast cell,CL:0000097,KIT,1,SLC16A1; KIT,HGNC:10922; HGNC:6342,https://doi.org/10.1016/j.immuni.2020.02.001
large-intestine,904,muscularis mucosae of colon,http://purl.obolibrary.org/obo/UBERON_0007178,Schwann cell,CL:0002573,NCAM1,1,UCHL1; CD274; NCAM1,HGNC:12513; HGNC:17635; HGNC:7656,isBN:978-1496398949
large-intestine,90,myenteric nerve plexus,http://purl.obolibrary.org/obo/UBERON_0002439,endothelial cell of lymphatic vessel,CL:0002138,NCAM1,1,UCHL1; CD274; NCAM1,HGNC:12513; HGNC:17635; HGNC:7656,https://doi.org/10.1007/978-1-4939-0897-4_3
large-intestine,889,gut-associated lymphoid tissue,http://purl.obolibrary.org/obo/UBERON_0001962,endothelial cell of lymphatic vessel,CL:0002138,LYVE1,1,LYVE1,HGNC:14687,https://doi.org/10.1007/978-1-4939-0897-4_3
large-intestine,891,gut-associated lymphoid tissue,http://purl.obolibrary.org/obo/UBERON_0001962,lymphocyte of large intestine lamina propria,CL:0009018,MS4A1,1,CD19; MS4A1; CD79A; CR2,HGNC:1633; HGNC:7315; HGNC:1698; HGNC:2336,https://doi.org/10.1016/j.immuni.2020.02.001
large-intestine,905,muscularis mucosae of colon,http://purl.obolibrary.org/obo/UBERON_0007178,capillary endothelial cell,CL:0002144,CD36,1,CD34; CD36; PECAM1,HGNC:1662; HGNC:1663; HGNC:8823,isBN:978-1496398949
large-intestine,89,myenteric nerve plexus,http://purl.obolibrary.org/obo/UBERON_0002439,endothelial cell of venule,CL:1000414,CD36,1,CD34; CD36; PECAM1,HGNC:1662; HGNC:1663; HGNC:8823,https://doi.org/10.1007/978-1-4939-0897-4_3
large-intestine,911,submucosa of colon,http://purl.obolibrary.org/obo/UBERON_0003331,endothelial cell of arteriole,CL:1000412,CD36,1,CD34; CD36; PECAM1,HGNC:1662; HGNC:1663; HGNC:8823,isBN:978-1496398949
large-intestine,888,gut-associated lymphoid tissue,http://purl.obolibrary.org/obo/UBERON_0001962,lymphocyte of large intestine lamina propria,CL:0009018,NCAM1,1,CD7; B3GAT1; KLRK1; ITGAX; NCAM1,HGNC:1695; HGNC:921; HGNC:18788; HGNC:6152; HGNC:7656,https://doi.org/10.1016/j.immuni.2020.02.001
large-intestine,901,gut-associated lymphoid tissue,http://purl.obolibrary.org/obo/UBERON_0001962,dendritic cell,CL:0000451,CD74,1,CD74; IL3RA; ITGAX,HGNC:1697; HGNC:6012; HGNC:6152,https://doi.org/10.1016/j.immuni.2020.02.001
large-intestine,900,gut-associated lymphoid tissue,http://purl.obolibrary.org/obo/UBERON_0001962,lymphocyte of large intestine lamina propria,CL:0009018,NCAM1,1,B3GAT1; KLRK1; ITGAX; NCAM1,HGNC:921; HGNC:18788; HGNC:6152; HGNC:7656,https://doi.org/10.1016/j.immuni.2020.02.001
large-intestine,784,gut-associated lymphoid tissue,http://purl.obolibrary.org/obo/UBERON_0001962,plasma cell,CL:0000786,SDC1,1,SDC1,HGNC:10658,https://doi.org/10.1016/j.immuni.2020.02.001
large-intestine,781,gut-associated lymphoid tissue,http://purl.obolibrary.org/obo/UBERON_0001962,endothelial cell of lymphatic vessel,CL:0002138,LYVE1,1,LYVE1,HGNC:14687,https://doi.org/10.1007/978-1-4939-0897-4_3
large-intestine,783,gut-associated lymphoid tissue,http://purl.obolibrary.org/obo/UBERON_0001962,lymphocyte of large intestine lamina propria,CL:0009018,MS4A1,1,CD19; MS4A1; CD79A; CR2,HGNC:1633; HGNC:7315; HGNC:1698; HGNC:2336,https://doi.org/10.1016/j.immuni.2020.02.001
large-intestine,780,gut-associated lymphoid tissue,http://purl.obolibrary.org/obo/UBERON_0001962,lymphocyte of large intestine lamina propria,CL:0009018,NCAM1,1,CD7; B3GAT1; KLRK1; ITGAX; NCAM1,HGNC:1695; HGNC:921; HGNC:18788; HGNC:6152; HGNC:7656,https://doi.org/10.1016/j.immuni.2020.02.001
large-intestine,229,lamina propria of mucosa of colon,http://purl.obolibrary.org/obo/UBERON_0007177,capillary endothelial cell,CL:0002144,CD36,1,CD34; CD36; PECAM1,HGNC:1662; HGNC:1663; HGNC:8823,https://doi.org/10.1034/j.1600-065x.2003.00072.x; https://doi.org/10.1111/j.1440-1827.1989.tb02421.x
large-intestine,1156,myenteric nerve plexus,http://purl.obolibrary.org/obo/UBERON_0002439,Schwann cell,CL:0002573,BID,1,BID; BST2; UCHL1,HGNC:1050; HGNC:1119; HGNC:12513,https://doi.org/10.1007/978-1-4939-0897-4_3
large-intestine,100,subserosa,http://purl.obolibrary.org/obo/UBERON_0012375,Schwann cell,CL:0002573,BID,1,BID; BST2; UCHL1,HGNC:1050; HGNC:1119; HGNC:12513,ISBN:978-1496398949
large-intestine,1000,gut-associated lymphoid tissue,http://purl.obolibrary.org/obo/UBERON_0001962,plasma cell,CL:0000786,SDC1,1,SDC1,HGNC:10658,https://doi.org/10.1016/j.immuni.2020.02.001
large-intestine,1006,gut-associated lymphoid tissue,http://purl.obolibrary.org/obo/UBERON_0001962,mast cell,CL:0000097,KIT,1,SLC16A1; KIT,HGNC:10922; HGNC:6342,https://doi.org/10.1016/j.immuni.2020.02.001
large-intestine,1154,myenteric nerve plexus,http://purl.obolibrary.org/obo/UBERON_0002439,interstitial cell of Cajal,CL:0002088,KIT,1,CD34; KIT,HGNC:1662; HGNC:6342,https://doi.org/10.1007/978-1-4939-0897-4_3
large-intestine,1151,large intestine smooth muscle circular layer,http://purl.obolibrary.org/obo/UBERON_0012398,endothelial cell of venule,CL:1000414,CD36,1,CD34; CD36; PECAM1,HGNC:1662; HGNC:1663; HGNC:8823,https://doi.org/10.1007/978-1-4939-0897-4_3
large-intestine,1159,myenteric nerve plexus,http://purl.obolibrary.org/obo/UBERON_0002439,endothelial cell of venule,CL:1000414,CD36,1,CD34; CD36; PECAM1,HGNC:1662; HGNC:1663; HGNC:8823,https://doi.org/10.1007/978-1-4939-0897-4_3
large-intestine,1150,large intestine smooth muscle circular layer,http://purl.obolibrary.org/obo/UBERON_0012398,endothelial cell of arteriole,CL:1000412,CD36,1,CD34; CD36; PECAM1,HGNC:1662; HGNC:1663; HGNC:8823,https://doi.org/10.1007/978-1-4939-0897-4_3
large-intestine,1158,myenteric nerve plexus,http://purl.obolibrary.org/obo/UBERON_0002439,endothelial cell of arteriole,CL:1000412,CD36,1,CD34; CD36; PECAM1,HGNC:1662; HGNC:1663; HGNC:8823,https://doi.org/10.1007/978-1-4939-0897-4_3
large-intestine,101,subserosa,http://purl.obolibrary.org/obo/UBERON_0012375,endothelial cell of arteriole,CL:1000412,CD36,1,CD34; CD36; PECAM1,HGNC:1662; HGNC:1663; HGNC:8823,ISBN:978-1496398949
large-intestine,1009,gut-associated lymphoid tissue,http://purl.obolibrary.org/obo/UBERON_0001962,dendritic cell,CL:0000451,CD74,1,CD74; IL3RA; ITGAX,HGNC:1697; HGNC:6012; HGNC:6152,https://doi.org/10.1016/j.immuni.2020.02.001
large-intestine,1008,gut-associated lymphoid tissue,http://purl.obolibrary.org/obo/UBERON_0001962,lymphocyte of large intestine lamina propria,CL:0009018,NCAM1,1,B3GAT1; KLRK1; ITGAX; NCAM1,HGNC:921; HGNC:18788; HGNC:6152; HGNC:7656,https://doi.org/10.1016/j.immuni.2020.02.001
large-intestine,215,epithelium of crypt of Lieberkuhn,http://purl.obolibrary.org/obo/UBERON_0011184,paneth cell of colon,CL:0009009,DEFA5,1,DEFA5,HGNC:2764,https://doi.org/10.1016/j.humpath.2008.12.003
large-intestine,1300,skin epidermis,http://purl.obolibrary.org/obo/UBERON_0001003,melanocyte,CL:0000148,BID,1,BID; melanA; SOX10,HGNC:1050; ASCTB-TEMP:melana; ASCTB-TEMP:sox10,ISBN:978-1496398949
large-intestine,1308,mucosa-associated lymphoid tissue,http://purl.obolibrary.org/obo/UBERON_0001961,mast cell,CL:0000097,KIT,1,SLC16A1; KIT,HGNC:10922; HGNC:6342,ISBN:978-1496398949
large-intestine,130,lamina propria of large intestine,http://purl.obolibrary.org/obo/UBERON_0011189,neuroendocrine cell,CL:0000165,CHGA,1,SYP; CHGA; INSM1,HGNC:11506; HGNC:1929; HGNC:6090,https://doi.org/10.1034/j.1600-065x.2003.00072.x; https://doi.org/10.1111/j.1440-1827.1989.tb02421.x
large-intestine,580,muscularis mucosae of colon,http://purl.obolibrary.org/obo/UBERON_0007178,Schwann cell,CL:0002573,NCAM1,1,UCHL1; CD274; NCAM1,HGNC:12513; HGNC:17635; HGNC:7656,ISBN:978-1496398949
large-intestine,581,muscularis mucosae of colon,http://purl.obolibrary.org/obo/UBERON_0007178,capillary endothelial cell,CL:0002144,CD36,1,CD34; CD36; PECAM1,HGNC:1662; HGNC:1663; HGNC:8823,ISBN:978-1496398949
large-intestine,1293,adventitia,http://purl.obolibrary.org/obo/UBERON_0005742,endothelial cell of venule,CL:1000414,CD36,1,CD34; CD36; PECAM1,HGNC:1662; HGNC:1663; HGNC:8823,ISBN:978-1496398949
large-intestine,1287,large intestine smooth muscle longitudinal layer,http://purl.obolibrary.org/obo/UBERON_0012399,endothelial cell of venule,CL:1000414,CD36,1,CD34; CD36; PECAM1,HGNC:1662; HGNC:1663; HGNC:8823,https://doi.org/10.1007/978-1-4939-0897-4_3
large-intestine,1292,adventitia,http://purl.obolibrary.org/obo/UBERON_0005742,endothelial cell of arteriole,CL:1000412,CD36,1,CD34; CD36; PECAM1,HGNC:1662; HGNC:1663; HGNC:8823,ISBN:978-1496398949
large-intestine,1286,large intestine smooth muscle longitudinal layer,http://purl.obolibrary.org/obo/UBERON_0012399,endothelial cell of arteriole,CL:1000412,CD36,1,CD34; CD36; PECAM1,HGNC:1662; HGNC:1663; HGNC:8823,https://doi.org/10.1007/978-1-4939-0897-4_3
large-intestine,577,gut-associated lymphoid tissue,http://purl.obolibrary.org/obo/UBERON_0001962,dendritic cell,CL:0000451,CD74,1,CD74; IL3RA; ITGAX,HGNC:1697; HGNC:6012; HGNC:6152,https://doi.org/10.1016/j.immuni.2020.02.001
large-intestine,576,gut-associated lymphoid tissue,http://purl.obolibrary.org/obo/UBERON_0001962,lymphocyte of large intestine lamina propria,CL:0009018,NCAM1,1,B3GAT1; KLRK1; ITGAX; NCAM1,HGNC:921; HGNC:18788; HGNC:6152; HGNC:7656,https://doi.org/10.1016/j.immuni.2020.02.001
large-intestine,1299,skin epidermis,http://purl.obolibrary.org/obo/UBERON_0001003,Merkel cell,CL:0000242,KRT20,1,KRT20; chromogranin A; synaptophysin; Synaptophysin,HGNC:20412; ASCTB-TEMP:chromogranin-a; ASCTB-TEMP:synaptophysin,ISBN:978-1496398949
large-intestine,1122,submucosa of anal canal,http://purl.obolibrary.org/obo/UBERON_0003329,adipocyte,CL:0000136,BID,1,BID,HGNC:1050,ISBN:978-1496398949
large-intestine,1149,large intestine smooth muscle circular layer,http://purl.obolibrary.org/obo/UBERON_0012398,Schwann cell,CL:0002573,BID,1,BID; BST2; UCHL1,HGNC:1050; HGNC:1119; HGNC:12513,https://doi.org/10.1007/978-1-4939-0897-4_3
large-intestine,1124,submucosa of anal canal,http://purl.obolibrary.org/obo/UBERON_0003329,Schwann cell,CL:0002573,BID,1,BID; BST2; UCHL1,HGNC:1050; HGNC:1119; HGNC:12513,ISBN:978-1496398949
large-intestine,1140,submucous nerve plexus,http://purl.obolibrary.org/obo/UBERON_0005304,Schwann cell,CL:0002573,BID,1,BID; BST2; UCHL1,HGNC:1050; HGNC:1119; HGNC:12513,PMCID:PMC1256735
large-intestine,1142,submucous nerve plexus,http://purl.obolibrary.org/obo/UBERON_0005304,Schwann cell,CL:0002573,BID,1,BID; BST2; UCHL1,HGNC:1050; HGNC:1119; HGNC:12513,PMCID:PMC1256735
large-intestine,1144,submucous nerve plexus,http://purl.obolibrary.org/obo/UBERON_0005304,Schwann cell,CL:0002573,BID,1,BID; BST2; UCHL1,HGNC:1050; HGNC:1119; HGNC:12513,PMCID:PMC1256735
large-intestine,1135,gut-associated lymphoid tissue,http://purl.obolibrary.org/obo/UBERON_0001962,endothelial cell of lymphatic vessel,CL:0002138,LYVE1,1,LYVE1,HGNC:14687,https://doi.org/10.1007/978-1-4939-0897-4_3
large-intestine,1139,gut-associated lymphoid tissue,http://purl.obolibrary.org/obo/UBERON_0001962,lymphocyte of large intestine lamina propria,CL:0009018,MS4A1,1,CD19; MS4A1; CD79A; CR2,HGNC:1633; HGNC:7315; HGNC:1698; HGNC:2336,https://doi.org/10.1007/978-1-4939-0897-4_3
large-intestine,1146,submucosa of colon,http://purl.obolibrary.org/obo/UBERON_0003331,interstitial cell of Cajal,CL:0002088,KIT,1,CD34; KIT,HGNC:1662; HGNC:6342,https://doi.org/10.1007/978-1-4939-0897-4_3; https://doi.org/10.1152/ajpgi.00432.2011
large-intestine,1126,submucosa of anal canal,http://purl.obolibrary.org/obo/UBERON_0003329,endothelial cell of venule,CL:1000414,CD36,1,CD34; CD36; PECAM1,HGNC:1662; HGNC:1663; HGNC:8823,ISBN:978-1496398949
large-intestine,1125,submucosa of anal canal,http://purl.obolibrary.org/obo/UBERON_0003329,endothelial cell of arteriole,CL:1000412,CD36,1,CD34; CD36; PECAM1,HGNC:1662; HGNC:1663; HGNC:8823,ISBN:978-1496398949
large-intestine,1134,gut-associated lymphoid tissue,http://purl.obolibrary.org/obo/UBERON_0001962,dendritic cell,CL:0000451,CD74,1,CD74; IL3RA; ITGAX,HGNC:1697; HGNC:6012; HGNC:6152,https://doi.org/10.1007/978-1-4939-0897-4_3
large-intestine,1133,gut-associated lymphoid tissue,http://purl.obolibrary.org/obo/UBERON_0001962,lymphocyte of large intestine lamina propria,CL:0009018,NCAM1,1,B3GAT1; KLRK1; ITGAX; NCAM1,HGNC:921; HGNC:18788; HGNC:6152; HGNC:7656,https://doi.org/10.1007/978-1-4939-0897-4_3
large-intestine,114,epithelium of crypt of Lieberkuhn,http://purl.obolibrary.org/obo/UBERON_0011184,transit amplifying cell of colon,CL:0009011,KRT20,1,KRT20,HGNC:20412,https://doi.org/10.1038/s42003-020-01181-z
large-intestine,1054,myenteric nerve plexus,http://purl.obolibrary.org/obo/UBERON_0002439,endothelial cell of lymphatic vessel,CL:0002138,NCAM1,1,CD274; NCAM1; UCHL1,HGNC:17635; HGNC:7656; HGNC:12513,https://doi.org/10.1007/978-1-4939-0897-4_3
large-intestine,1075,epithelium of crypt of Lieberkuhn,http://purl.obolibrary.org/obo/UBERON_0011184,neuroendocrine cell,CL:0000165,CHGA,1,CHGA; INSL5; INSM1; SYP,HGNC:1929; HGNC:6088; HGNC:6090; HGNC:11506,https://doi.org/10.1159/000501521; https://doi.org/10.3892/or.2012.2119
large-intestine,1048,myenteric nerve plexus,http://purl.obolibrary.org/obo/UBERON_0002439,interstitial cell of Cajal,CL:0002088,KIT,1,KIT; CD34,HGNC:6342; HGNC:1662,https://doi.org/10.1007/978-1-4939-0897-4_3
large-intestine,1044,large intestine smooth muscle circular layer,http://purl.obolibrary.org/obo/UBERON_0012398,endothelial cell of arteriole,CL:1000412,CD36,1,PECAM1; CD34; CD36,HGNC:8823; HGNC:1662; HGNC:1663,https://doi.org/10.1007/978-1-4939-0897-4_3
large-intestine,1019,submucosa of colon,http://purl.obolibrary.org/obo/UBERON_0003331,endothelial cell of arteriole,CL:1000412,CD36,1,PECAM1; CD34; CD36,HGNC:8823; HGNC:1662; HGNC:1663,ISBN:978-1496398949
large-intestine,1060,large intestine smooth muscle longitudinal layer,http://purl.obolibrary.org/obo/UBERON_0012399,endothelial cell of venule,CL:1000414,CD36,1,PECAM1; CD34; CD36,HGNC:8823; HGNC:1662; HGNC:1663,https://doi.org/10.1007/978-1-4939-0897-4_3
large-intestine,1053,myenteric nerve plexus,http://purl.obolibrary.org/obo/UBERON_0002439,endothelial cell of venule,CL:1000414,CD36,1,PECAM1; CD34; CD36,HGNC:8823; HGNC:1662; HGNC:1663,https://doi.org/10.1007/978-1-4939-0897-4_3
large-intestine,1066,subserosa,http://purl.obolibrary.org/obo/UBERON_0012375,endothelial cell of venule,CL:1000414,CD36,1,PECAM1; CD34; CD36,HGNC:8823; HGNC:1662; HGNC:1663,ISBN:978-1496398949
large-intestine,1059,large intestine smooth muscle longitudinal layer,http://purl.obolibrary.org/obo/UBERON_0012399,endothelial cell of arteriole,CL:1000412,CD36,1,PECAM1; CD34; CD36,HGNC:8823; HGNC:1662; HGNC:1663,https://doi.org/10.1007/978-1-4939-0897-4_3
large-intestine,1052,myenteric nerve plexus,http://purl.obolibrary.org/obo/UBERON_0002439,endothelial cell of arteriole,CL:1000412,CD36,1,PECAM1; CD34; CD36,HGNC:8823; HGNC:1662; HGNC:1663,https://doi.org/10.1007/978-1-4939-0897-4_3
large-intestine,1065,subserosa,http://purl.obolibrary.org/obo/UBERON_0012375,endothelial cell of arteriole,CL:1000412,CD36,1,PECAM1; CD34; CD36,HGNC:8823; HGNC:1662; HGNC:1663,ISBN:978-1496398949
large-intestine,184,large intestine smooth muscle circular layer,http://purl.obolibrary.org/obo/UBERON_0012398,Schwann cell,CL:0002573,BID,1,BID; BST2; UCHL1,HGNC:1050; HGNC:1119; HGNC:12513,https://doi.org/10.1007/978-1-4939-0897-4_3
large-intestine,191,myenteric nerve plexus,http://purl.obolibrary.org/obo/UBERON_0002439,Schwann cell,CL:0002573,BID,1,BID; BST2; UCHL1,HGNC:1050; HGNC:1119; HGNC:12513,https://doi.org/10.1007/978-1-4939-0897-4_3
large-intestine,175,submucous nerve plexus,http://purl.obolibrary.org/obo/UBERON_0005304,Schwann cell,CL:0002573,BID,1,BID; BST2; UCHL1,HGNC:1050; HGNC:1119; HGNC:12513,PMCID:PMC1256735
large-intestine,177,submucous nerve plexus,http://purl.obolibrary.org/obo/UBERON_0005304,Schwann cell,CL:0002573,BID,1,BID; BST2; UCHL1,HGNC:1050; HGNC:1119; HGNC:12513,PMCID:PMC1256735
large-intestine,179,submucous nerve plexus,http://purl.obolibrary.org/obo/UBERON_0005304,Schwann cell,CL:0002573,BID,1,BID; BST2; UCHL1,HGNC:1050; HGNC:1119; HGNC:12513,PMCID:PMC1256735
large-intestine,195,myenteric nerve plexus,http://purl.obolibrary.org/obo/UBERON_0002439,endothelial cell of lymphatic vessel,CL:0002138,NCAM1,1,UCHL1; CD274; NCAM1,HGNC:12513; HGNC:17635; HGNC:7656,https://doi.org/10.1007/978-1-4939-0897-4_3
large-intestine,170,gut-associated lymphoid tissue,http://purl.obolibrary.org/obo/UBERON_0001962,endothelial cell of lymphatic vessel,CL:0002138,LYVE1,1,LYVE1,HGNC:14687,https://doi.org/10.1007/978-1-4939-0897-4_3
large-intestine,174,gut-associated lymphoid tissue,http://purl.obolibrary.org/obo/UBERON_0001962,lymphocyte of large intestine lamina propria,CL:0009018,MS4A1,1,CD19; MS4A1; CD79A; CR2,HGNC:1633; HGNC:7315; HGNC:1698; HGNC:2336,https://doi.org/10.1007/978-1-4939-0897-4_3
large-intestine,189,myenteric nerve plexus,http://purl.obolibrary.org/obo/UBERON_0002439,interstitial cell of Cajal,CL:0002088,KIT,1,CD34; KIT,HGNC:1662; HGNC:6342,https://doi.org/10.1007/978-1-4939-0897-4_3
large-intestine,181,submucosa of colon,http://purl.obolibrary.org/obo/UBERON_0003331,interstitial cell of Cajal,CL:0002088,KIT,1,CD34; KIT,HGNC:1662; HGNC:6342,https://doi.org/10.1007/978-1-4939-0897-4_3; https://doi.org/10.1152/ajpgi.00432.2011
large-intestine,17,lamina propria of mucosa of colon,http://purl.obolibrary.org/obo/UBERON_0007177,capillary endothelial cell,CL:0002144,CD36,1,CD34; CD36; PECAM1,HGNC:1662; HGNC:1663; HGNC:8823,https://doi.org/10.1034/j.1600-065x.2003.00072.x; https://doi.org/10.1111/j.1440-1827.1989.tb02421.x
large-intestine,186,large intestine smooth muscle circular layer,http://purl.obolibrary.org/obo/UBERON_0012398,endothelial cell of venule,CL:1000414,CD36,1,CD34; CD36; PECAM1,HGNC:1662; HGNC:1663; HGNC:8823,https://doi.org/10.1007/978-1-4939-0897-4_3
large-intestine,194,myenteric nerve plexus,http://purl.obolibrary.org/obo/UBERON_0002439,endothelial cell of venule,CL:1000414,CD36,1,CD34; CD36; PECAM1,HGNC:1662; HGNC:1663; HGNC:8823,https://doi.org/10.1007/978-1-4939-0897-4_3
large-intestine,185,large intestine smooth muscle circular layer,http://purl.obolibrary.org/obo/UBERON_0012398,endothelial cell of arteriole,CL:1000412,CD36,1,CD34; CD36; PECAM1,HGNC:1662; HGNC:1663; HGNC:8823,https://doi.org/10.1007/978-1-4939-0897-4_3
large-intestine,193,myenteric nerve plexus,http://purl.obolibrary.org/obo/UBERON_0002439,endothelial cell of arteriole,CL:1000412,CD36,1,CD34; CD36; PECAM1,HGNC:1662; HGNC:1663; HGNC:8823,https://doi.org/10.1007/978-1-4939-0897-4_3
large-intestine,169,gut-associated lymphoid tissue,http://purl.obolibrary.org/obo/UBERON_0001962,dendritic cell,CL:0000451,CD74,1,CD74; IL3RA; ITGAX,HGNC:1697; HGNC:6012; HGNC:6152,https://doi.org/10.1007/978-1-4939-0897-4_3
large-intestine,168,gut-associated lymphoid tissue,http://purl.obolibrary.org/obo/UBERON_0001962,lymphocyte of large intestine lamina propria,CL:0009018,NCAM1,1,B3GAT1; KLRK1; ITGAX; NCAM1,HGNC:921; HGNC:18788; HGNC:6152; HGNC:7656,https://doi.org/10.1007/978-1-4939-0897-4_3
large-intestine,1016,submucosa of colon,http://purl.obolibrary.org/obo/UBERON_0003331,adipocyte,CL:0000136,BID,1,BID,HGNC:1050,ISBN:978-1496398949
large-intestine,104,subserosa,http://purl.obolibrary.org/obo/UBERON_0012375,adipocyte,CL:0000136,BID,1,BID,HGNC:1050,ISBN:978-1496398949
large-intestine,1043,large intestine smooth muscle circular layer,http://purl.obolibrary.org/obo/UBERON_0012398,Schwann cell,CL:0002573,BID,1,BID; BST2; UCHL1,HGNC:1050; HGNC:1119; HGNC:12513,https://doi.org/10.1007/978-1-4939-0897-4_3
large-intestine,1018,submucosa of colon,http://purl.obolibrary.org/obo/UBERON_0003331,Schwann cell,CL:0002573,BID,1,BID; BST2; UCHL1,HGNC:1050; HGNC:1119; HGNC:12513,ISBN:978-1496398949
large-intestine,1034,submucous nerve plexus,http://purl.obolibrary.org/obo/UBERON_0005304,Schwann cell,CL:0002573,BID,1,BID; BST2; UCHL1,HGNC:1050; HGNC:1119; HGNC:12513,PMCID:PMC1256735
large-intestine,1036,submucous nerve plexus,http://purl.obolibrary.org/obo/UBERON_0005304,Schwann cell,CL:0002573,BID,1,BID; BST2; UCHL1,HGNC:1050; HGNC:1119; HGNC:12513,PMCID:PMC1256735
large-intestine,1038,submucous nerve plexus,http://purl.obolibrary.org/obo/UBERON_0005304,Schwann cell,CL:0002573,BID,1,BID; BST2; UCHL1,HGNC:1050; HGNC:1119; HGNC:12513,PMCID:PMC1256735
large-intestine,1012,muscularis mucosae of colon,http://purl.obolibrary.org/obo/UBERON_0007178,Schwann cell,CL:0002573,NCAM1,1,UCHL1; CD274; NCAM1,HGNC:12513; HGNC:17635; HGNC:7656,ISBN:978-1496398949
large-intestine,1029,gut-associated lymphoid tissue,http://purl.obolibrary.org/obo/UBERON_0001962,endothelial cell of lymphatic vessel,CL:0002138,LYVE1,1,LYVE1,HGNC:14687,https://doi.org/10.1007/978-1-4939-0897-4_3
large-intestine,1033,gut-associated lymphoid tissue,http://purl.obolibrary.org/obo/UBERON_0001962,lymphocyte of large intestine lamina propria,CL:0009018,MS4A1,1,CD19; MS4A1; CD79A; CR2,HGNC:1633; HGNC:7315; HGNC:1698; HGNC:2336,https://doi.org/10.1007/978-1-4939-0897-4_3
large-intestine,1040,submucosa of colon,http://purl.obolibrary.org/obo/UBERON_0003331,interstitial cell of Cajal,CL:0002088,KIT,1,CD34; KIT,HGNC:1662; HGNC:6342,https://doi.org/10.1007/978-1-4939-0897-4_3; https://doi.org/10.1152/ajpgi.00432.2011
large-intestine,1013,muscularis mucosae of colon,http://purl.obolibrary.org/obo/UBERON_0007178,capillary endothelial cell,CL:0002144,CD36,1,CD34; CD36; PECAM1,HGNC:1662; HGNC:1663; HGNC:8823,ISBN:978-1496398949
large-intestine,1045,large intestine smooth muscle circular layer,http://purl.obolibrary.org/obo/UBERON_0012398,endothelial cell of venule,CL:1000414,CD36,1,CD34; CD36; PECAM1,HGNC:1662; HGNC:1663; HGNC:8823,https://doi.org/10.1007/978-1-4939-0897-4_3
large-intestine,1020,submucosa of colon,http://purl.obolibrary.org/obo/UBERON_0003331,endothelial cell of venule,CL:1000414,CD36,1,CD34; CD36; PECAM1,HGNC:1662; HGNC:1663; HGNC:8823,ISBN:978-1496398949
large-intestine,102,subserosa,http://purl.obolibrary.org/obo/UBERON_0012375,endothelial cell of venule,CL:1000414,CD36,1,CD34; CD36; PECAM1,HGNC:1662; HGNC:1663; HGNC:8823,ISBN:978-1496398949
large-intestine,1028,gut-associated lymphoid tissue,http://purl.obolibrary.org/obo/UBERON_0001962,dendritic cell,CL:0000451,CD74,1,CD74; IL3RA; ITGAX,HGNC:1697; HGNC:6012; HGNC:6152,https://doi.org/10.1007/978-1-4939-0897-4_3
large-intestine,1027,gut-associated lymphoid tissue,http://purl.obolibrary.org/obo/UBERON_0001962,lymphocyte of large intestine lamina propria,CL:0009018,NCAM1,1,B3GAT1; KLRK1; ITGAX; NCAM1,HGNC:921; HGNC:18788; HGNC:6152; HGNC:7656,https://doi.org/10.1007/978-1-4939-0897-4_3
large-intestine,1068,subserosa,http://purl.obolibrary.org/obo/UBERON_0012375,adipocyte,CL:0000136,BID,1,BID,HGNC:1050,ISBN:978-1496398949
large-intestine,1058,large intestine smooth muscle longitudinal layer,http://purl.obolibrary.org/obo/UBERON_0012399,Schwann cell,CL:0002573,BID,1,BID; BST2; UCHL1,HGNC:1050; HGNC:1119; HGNC:12513,https://doi.org/10.1007/978-1-4939-0897-4_3
large-intestine,1050,myenteric nerve plexus,http://purl.obolibrary.org/obo/UBERON_0002439,Schwann cell,CL:0002573,BID,1,BID; BST2; UCHL1,HGNC:1050; HGNC:1119; HGNC:12513,https://doi.org/10.1007/978-1-4939-0897-4_3
large-intestine,1064,subserosa,http://purl.obolibrary.org/obo/UBERON_0012375,Schwann cell,CL:0002573,BID,1,BID; BST2; UCHL1,HGNC:1050; HGNC:1119; HGNC:12513,ISBN:978-1496398949
large-intestine,1088,lamina propria of mucosa of colon,http://purl.obolibrary.org/obo/UBERON_0007177,capillary endothelial cell,CL:0002144,CD36,1,PECAM1; CD34; CD36,HGNC:8823; HGNC:1662; HGNC:1663,https://doi.org/10.1034/j.1600-065x.2003.00072.x; https://doi.org/10.1111/j.1440-1827.1989.tb02421.x
large-intestine,1074,epithelium of crypt of Lieberkuhn,http://purl.obolibrary.org/obo/UBERON_0011184,paneth cell of colon,CL:0009009,DEFA5,1,DEFA5,HGNC:2764,https://doi.org/10.1016/j.humpath.2008.12.003
large-intestine,1078,epithelium of crypt of Lieberkuhn,http://purl.obolibrary.org/obo/UBERON_0011184,transit amplifying cell of colon,CL:0009011,KRT20,1,KRT20,HGNC:20412,https://doi.org/10.1038/s42003-020-01181-z
large-intestine,528,subserosa,http://purl.obolibrary.org/obo/UBERON_0012375,adipocyte,CL:0000136,BID,1,BID,HGNC:1050,ISBN:978-1496398949
large-intestine,53,submucosa of colon,http://purl.obolibrary.org/obo/UBERON_0003331,Schwann cell,CL:0002573,BID,1,BID; BST2; UCHL1,HGNC:1050; HGNC:1119; HGNC:12513,ISBN:978-1496398949
large-intestine,538,epithelium of crypt of Lieberkuhn,http://purl.obolibrary.org/obo/UBERON_0011184,neuroendocrine cell,CL:0000165,CHGA,1,SYP; CHGA; INSL5; INSM1,HGNC:11506; HGNC:1929; HGNC:6088; HGNC:6090,https://doi.org/10.1159/000501521; https://doi.org/10.3892/or.2012.2119
large-intestine,550,lamina propria of mucosa of colon,http://purl.obolibrary.org/obo/UBERON_0007177,capillary endothelial cell,CL:0002144,CD36,1,CD34; CD36; PECAM1,HGNC:1662; HGNC:1663; HGNC:8823,https://doi.org/10.1034/j.1600-065x.2003.00072.x; https://doi.org/10.1111/j.1440-1827.1989.tb02421.x
large-intestine,55,submucosa of colon,http://purl.obolibrary.org/obo/UBERON_0003331,endothelial cell of venule,CL:1000414,CD36,1,CD34; CD36; PECAM1,HGNC:1662; HGNC:1663; HGNC:8823,ISBN:978-1496398949
large-intestine,526,subserosa,http://purl.obolibrary.org/obo/UBERON_0012375,endothelial cell of venule,CL:1000414,CD36,1,CD34; CD36; PECAM1,HGNC:1662; HGNC:1663; HGNC:8823,ISBN:978-1496398949
large-intestine,54,submucosa of colon,http://purl.obolibrary.org/obo/UBERON_0003331,endothelial cell of arteriole,CL:1000412,CD36,1,CD34; CD36; PECAM1,HGNC:1662; HGNC:1663; HGNC:8823,ISBN:978-1496398949
large-intestine,541,epithelium of crypt of Lieberkuhn,http://purl.obolibrary.org/obo/UBERON_0011184,transit amplifying cell of colon,CL:0009011,KRT20,1,KRT20,HGNC:20412,https://doi.org/10.1038/s42003-020-01181-z
large-intestine,537,epithelium of crypt of Lieberkuhn,http://purl.obolibrary.org/obo/UBERON_0011184,paneth cell of colon,CL:0009009,DEFA5,1,DEFA5,HGNC:2764,https://doi.org/10.1016/j.humpath.2008.12.003
large-intestine,525,subserosa,http://purl.obolibrary.org/obo/UBERON_0012375,endothelial cell of arteriole,CL:1000412,CD36,1,PECAM1; CD34; CD36,HGNC:8823; HGNC:1662; HGNC:1663,ISBN:978-1496398949
large-intestine,368,submucosa of colon,http://purl.obolibrary.org/obo/UBERON_0003331,adipocyte,CL:0000136,BID,1,BID,HGNC:1050,ISBN:978-1496398949
large-intestine,370,submucosa of colon,http://purl.obolibrary.org/obo/UBERON_0003331,Schwann cell,CL:0002573,BID,1,BID; BST2; UCHL1,HGNC:1050; HGNC:1119; HGNC:12513,ISBN:978-1496398949
large-intestine,35,gut-associated lymphoid tissue,http://purl.obolibrary.org/obo/UBERON_0001962,plasma cell,CL:0000786,SDC1,1,SDC1,HGNC:10658,https://doi.org/10.1016/j.immuni.2020.02.001
large-intestine,352,gut-associated lymphoid tissue,http://purl.obolibrary.org/obo/UBERON_0001962,plasma cell,CL:0000786,SDC1,1,SDC1,HGNC:10658,https://doi.org/10.1016/j.immuni.2020.02.001
large-intestine,358,gut-associated lymphoid tissue,http://purl.obolibrary.org/obo/UBERON_0001962,mast cell,CL:0000097,KIT,1,SLC16A1; KIT,HGNC:10922; HGNC:6342,https://doi.org/10.1016/j.immuni.2020.02.001
large-intestine,364,muscularis mucosae of colon,http://purl.obolibrary.org/obo/UBERON_0007178,Schwann cell,CL:0002573,NCAM1,1,UCHL1; CD274; NCAM1,HGNC:12513; HGNC:17635; HGNC:7656,PMCID:PMC1256735
large-intestine,349,gut-associated lymphoid tissue,http://purl.obolibrary.org/obo/UBERON_0001962,endothelial cell of lymphatic vessel,CL:0002138,LYVE1,1,LYVE1,HGNC:14687,https://doi.org/10.1007/978-1-4939-0897-4_3
large-intestine,351,gut-associated lymphoid tissue,http://purl.obolibrary.org/obo/UBERON_0001962,lymphocyte of large intestine lamina propria,CL:0009018,MS4A1,1,CD19; MS4A1; CD79A; CR2,HGNC:1633; HGNC:7315; HGNC:1698; HGNC:2336,https://doi.org/10.1016/j.immuni.2020.02.001
large-intestine,365,muscularis mucosae of colon,http://purl.obolibrary.org/obo/UBERON_0007178,capillary endothelial cell,CL:0002144,CD36,1,CD34; CD36; PECAM1,HGNC:1662; HGNC:1663; HGNC:8823,ISBN:978-1496398949
large-intestine,372,submucosa of colon,http://purl.obolibrary.org/obo/UBERON_0003331,endothelial cell of venule,CL:1000414,CD36,1,CD34; CD36; PECAM1,HGNC:1662; HGNC:1663; HGNC:8823,ISBN:978-1496398949
large-intestine,371,submucosa of colon,http://purl.obolibrary.org/obo/UBERON_0003331,endothelial cell of arteriole,CL:1000412,CD36,1,CD34; CD36; PECAM1,HGNC:1662; HGNC:1663; HGNC:8823,ISBN:978-1496398949
large-intestine,348,gut-associated lymphoid tissue,http://purl.obolibrary.org/obo/UBERON_0001962,lymphocyte of large intestine lamina propria,CL:0009018,NCAM1,1,CD7; B3GAT1; KLRK1; ITGAX; NCAM1,HGNC:1695; HGNC:921; HGNC:18788; HGNC:6152; HGNC:7656,https://doi.org/10.1016/j.immuni.2020.02.001
large-intestine,361,gut-associated lymphoid tissue,http://purl.obolibrary.org/obo/UBERON_0001962,dendritic cell,CL:0000451,CD74,1,CD74; IL3RA; ITGAX,HGNC:1697; HGNC:6012; HGNC:6152,https://doi.org/10.1016/j.immuni.2020.02.001
large-intestine,360,gut-associated lymphoid tissue,http://purl.obolibrary.org/obo/UBERON_0001962,lymphocyte of large intestine lamina propria,CL:0009018,NCAM1,1,B3GAT1; KLRK1; ITGAX; NCAM1,HGNC:921; HGNC:18788; HGNC:6152; HGNC:7656,https://doi.org/10.1016/j.immuni.2020.02.001
large-intestine,1165,large intestine smooth muscle longitudinal layer,http://purl.obolibrary.org/obo/UBERON_0012399,endothelial cell of arteriole,CL:1000412,CD36,1,CD34; CD36; PECAM1,HGNC:1662; HGNC:1663; HGNC:8823,https://doi.org/10.1007/978-1-4939-0897-4_3
large-intestine,1171,subserosa,http://purl.obolibrary.org/obo/UBERON_0012375,endothelial cell of arteriole,CL:1000412,CD36,1,CD34; CD36; PECAM1,HGNC:1662; HGNC:1663; HGNC:8823,ISBN:978-1496398949
large-intestine,157,submucosa of cecum,http://purl.obolibrary.org/obo/UBERON_0004927,adipocyte,CL:0000136,BID,1,BID,HGNC:1050,ISBN:978-1496398949
large-intestine,159,submucosa of cecum,http://purl.obolibrary.org/obo/UBERON_0004927,Schwann cell,CL:0002573,BID,1,BID; BST2; UCHL1,HGNC:1050; HGNC:1119; HGNC:12513,ISBN:978-1496398949
large-intestine,147,gut-associated lymphoid tissue,http://purl.obolibrary.org/obo/UBERON_0001962,mast cell,CL:0000097,KIT,1,SLC16A1; KIT,HGNC:10922; HGNC:6342,https://doi.org/10.1016/j.immuni.2020.02.001
large-intestine,153,muscularis mucosae of colon,http://purl.obolibrary.org/obo/UBERON_0007178,Schwann cell,CL:0002573,NCAM1,1,UCHL1; CD274; NCAM1,HGNC:12513; HGNC:17635; HGNC:7656,ISBN:978-1496398949
large-intestine,154,muscularis mucosae of colon,http://purl.obolibrary.org/obo/UBERON_0007178,capillary endothelial cell,CL:0002144,CD36,1,CD34; CD36; PECAM1,HGNC:1662; HGNC:1663; HGNC:8823,ISBN:978-1496398949
large-intestine,161,submucosa of cecum,http://purl.obolibrary.org/obo/UBERON_0004927,endothelial cell of venule,CL:1000414,CD36,1,CD34; CD36; PECAM1,HGNC:1662; HGNC:1663; HGNC:8823,ISBN:978-1496398949
large-intestine,160,submucosa of cecum,http://purl.obolibrary.org/obo/UBERON_0004927,endothelial cell of arteriole,CL:1000412,CD36,1,CD34; CD36; PECAM1,HGNC:1662; HGNC:1663; HGNC:8823,ISBN:978-1496398949
large-intestine,150,gut-associated lymphoid tissue,http://purl.obolibrary.org/obo/UBERON_0001962,dendritic cell,CL:0000451,CD74,1,CD74; IL3RA; ITGAX,HGNC:1697; HGNC:6012; HGNC:6152,https://doi.org/10.1016/j.immuni.2020.02.001
large-intestine,149,gut-associated lymphoid tissue,http://purl.obolibrary.org/obo/UBERON_0001962,lymphocyte of large intestine lamina propria,CL:0009018,NCAM1,1,B3GAT1; KLRK1; ITGAX; NCAM1,HGNC:921; HGNC:18788; HGNC:6152; HGNC:7656,https://doi.org/10.1016/j.immuni.2020.02.001
large-intestine,1254,submucosa of colon,http://purl.obolibrary.org/obo/UBERON_0003331,adipocyte,CL:0000136,BID,1,BID,HGNC:1050,ISBN:978-1496398949
large-intestine,1256,submucosa of colon,http://purl.obolibrary.org/obo/UBERON_0003331,Schwann cell,CL:0002573,BID,1,BID; BST2; UCHL1,HGNC:1050; HGNC:1119; HGNC:12513,ISBN:978-1496398949
large-intestine,1261,submucous nerve plexus,http://purl.obolibrary.org/obo/UBERON_0005304,Schwann cell,CL:0002573,BID,1,BID; BST2; UCHL1,HGNC:1050; HGNC:1119; HGNC:12513,PMCID:PMC1256735
large-intestine,1258,submucosa of colon,http://purl.obolibrary.org/obo/UBERON_0003331,endothelial cell of venule,CL:1000414,CD36,1,CD34; CD36; PECAM1,HGNC:1662; HGNC:1663; HGNC:8823,ISBN:978-1496398949
large-intestine,1257,submucosa of colon,http://purl.obolibrary.org/obo/UBERON_0003331,endothelial cell of arteriole,CL:1000412,CD36,1,CD34; CD36; PECAM1,HGNC:1662; HGNC:1663; HGNC:8823,ISBN:978-1496398949
large-intestine,1106,gut-associated lymphoid tissue,http://purl.obolibrary.org/obo/UBERON_0001962,plasma cell,CL:0000786,SDC1,1,SDC1,HGNC:10658,https://doi.org/10.1016/j.immuni.2020.02.001
large-intestine,1112,gut-associated lymphoid tissue,http://purl.obolibrary.org/obo/UBERON_0001962,mast cell,CL:0000097,KIT,1,SLC16A1; KIT,HGNC:10922; HGNC:6342,https://doi.org/10.1016/j.immuni.2020.02.001
large-intestine,1095,lamina propria of mucosa of colon,http://purl.obolibrary.org/obo/UBERON_0007177,neuroendocrine cell,CL:0000165,CHGA,1,SYP; CHGA; INSM1,HGNC:11506; HGNC:1929; HGNC:6090,https://doi.org/10.1034/j.1600-065x.2003.00072.x; https://doi.org/10.1111/j.1440-1827.1989.tb02421.x
large-intestine,111,epithelium of crypt of Lieberkuhn,http://purl.obolibrary.org/obo/UBERON_0011184,neuroendocrine cell,CL:0000165,CHGA,1,SYP; CHGA; INSL5; INSM1,HGNC:11506; HGNC:1929; HGNC:6088; HGNC:6090,https://doi.org/10.1159/000501521; https://doi.org/10.3892/or.2012.2119
large-intestine,1103,gut-associated lymphoid tissue,http://purl.obolibrary.org/obo/UBERON_0001962,endothelial cell of lymphatic vessel,CL:0002138,LYVE1,1,LYVE1,HGNC:14687,https://doi.org/10.1007/978-1-4939-0897-4_3
large-intestine,1097,gut-associated lymphoid tissue,http://purl.obolibrary.org/obo/UBERON_0001962,lymphocyte of large intestine lamina propria,CL:0009018,MS4A1,1,CD19; MS4A1; CD79A; CR2,HGNC:1633; HGNC:7315; HGNC:1698; HGNC:2336,https://doi.org/10.1016/j.immuni.2020.02.001
large-intestine,1105,gut-associated lymphoid tissue,http://purl.obolibrary.org/obo/UBERON_0001962,lymphocyte of large intestine lamina propria,CL:0009018,MS4A1,1,CD19; MS4A1; CD79A; CR2,HGNC:1633; HGNC:7315; HGNC:1698; HGNC:2336,https://doi.org/10.1016/j.immuni.2020.02.001
large-intestine,1102,gut-associated lymphoid tissue,http://purl.obolibrary.org/obo/UBERON_0001962,lymphocyte of large intestine lamina propria,CL:0009018,NCAM1,1,CD7; B3GAT1; KLRK1; ITGAX; NCAM1,HGNC:1695; HGNC:921; HGNC:18788; HGNC:6152; HGNC:7656,https://doi.org/10.1016/j.immuni.2020.02.001
large-intestine,1115,gut-associated lymphoid tissue,http://purl.obolibrary.org/obo/UBERON_0001962,dendritic cell,CL:0000451,CD74,1,CD74; IL3RA; ITGAX,HGNC:1697; HGNC:6012; HGNC:6152,https://doi.org/10.1016/j.immuni.2020.02.001
large-intestine,862,epithelium of crypt of Lieberkuhn,http://purl.obolibrary.org/obo/UBERON_0011184,neuroendocrine cell,CL:0000165,CHGA,1,CHGA; SYP; INSL5; INSM1,HGNC:1929; HGNC:11506; HGNC:6088; HGNC:6090,https://doi.org/10.3892/or.2012.2119; https://doi.org/10.1159/000501521
large-intestine,865,epithelium of crypt of Lieberkuhn,http://purl.obolibrary.org/obo/UBERON_0011184,transit amplifying cell of colon,CL:0009011,KRT20,1,KRT20,HGNC:20412,https://doi.org/10.1038/s42003-020-01181-z
large-intestine,1247,lamina propria of mucosa of colon,http://purl.obolibrary.org/obo/UBERON_0007177,capillary endothelial cell,CL:0002144,CD36,1,CD34; CD36; PECAM1,HGNC:1662; HGNC:1663; HGNC:8823,https://doi.org/10.1034/j.1600-065x.2003.00072.x; https://doi.org/10.1111/j.1440-1827.1989.tb02421.x
large-intestine,800,submucosa of colon,http://purl.obolibrary.org/obo/UBERON_0003331,adipocyte,CL:0000136,BID,1,BID,HGNC:1050,ISBN:978-1496398949
large-intestine,79,large intestine smooth muscle circular layer,http://purl.obolibrary.org/obo/UBERON_0012398,Schwann cell,CL:0002573,BID,1,BID; BST2; UCHL1,HGNC:1050; HGNC:1119; HGNC:12513,https://doi.org/10.1007/978-1-4939-0897-4_3
large-intestine,802,submucosa of colon,http://purl.obolibrary.org/obo/UBERON_0003331,Schwann cell,CL:0002573,BID,1,BID; BST2; UCHL1,HGNC:1050; HGNC:1119; HGNC:12513,ISBN:978-1496398949
large-intestine,818,submucous nerve plexus,http://purl.obolibrary.org/obo/UBERON_0005304,Schwann cell,CL:0002573,BID,1,BID; BST2; UCHL1,HGNC:1050; HGNC:1119; HGNC:12513,PMCID:PMC1256735
large-intestine,820,submucous nerve plexus,http://purl.obolibrary.org/obo/UBERON_0005304,Schwann cell,CL:0002573,BID,1,BID; BST2; UCHL1,HGNC:1050; HGNC:1119; HGNC:12513,PMCID:PMC1256735
large-intestine,822,submucous nerve plexus,http://purl.obolibrary.org/obo/UBERON_0005304,Schwann cell,CL:0002573,BID,1,BID; BST2; UCHL1,HGNC:1050; HGNC:1119; HGNC:12513,PMCID:PMC1256735
large-intestine,796,muscularis mucosae of colon,http://purl.obolibrary.org/obo/UBERON_0007178,Schwann cell,CL:0002573,NCAM1,1,UCHL1; CD274; NCAM1,HGNC:12513; HGNC:17635; HGNC:7656,ISBN:978-1496398949
large-intestine,813,gut-associated lymphoid tissue,http://purl.obolibrary.org/obo/UBERON_0001962,endothelial cell of lymphatic vessel,CL:0002138,LYVE1,1,LYVE1,HGNC:14687,https://doi.org/10.1007/978-1-4939-0897-4_3
large-intestine,797,muscularis mucosae of colon,http://purl.obolibrary.org/obo/UBERON_0007178,capillary endothelial cell,CL:0002144,CD36,1,CD34; CD36; PECAM1,HGNC:1662; HGNC:1663; HGNC:8823,ISBN:978-1496398949
large-intestine,793,gut-associated lymphoid tissue,http://purl.obolibrary.org/obo/UBERON_0001962,dendritic cell,CL:0000451,CD74,1,CD74; IL3RA; ITGAX,HGNC:1697; HGNC:6012; HGNC:6152,https://doi.org/10.1016/j.immuni.2020.02.001
large-intestine,812,gut-associated lymphoid tissue,http://purl.obolibrary.org/obo/UBERON_0001962,dendritic cell,CL:0000451,CD74,1,CD74; IL3RA; ITGAX,HGNC:1697; HGNC:6012; HGNC:6152,https://doi.org/10.1007/978-1-4939-0897-4_3
large-intestine,792,gut-associated lymphoid tissue,http://purl.obolibrary.org/obo/UBERON_0001962,lymphocyte of large intestine lamina propria,CL:0009018,NCAM1,1,B3GAT1; KLRK1; ITGAX; NCAM1,HGNC:921; HGNC:18788; HGNC:6152; HGNC:7656,https://doi.org/10.1016/j.immuni.2020.02.001
large-intestine,8,epithelium of crypt of Lieberkuhn,http://purl.obolibrary.org/obo/UBERON_0011184,transit amplifying cell of colon,CL:0009011,KRT20,1,KRT20,HGNC:20412,https://doi.org/10.1038/s42003-020-01181-z
large-intestine,790,gut-associated lymphoid tissue,http://purl.obolibrary.org/obo/UBERON_0001962,mast cell,CL:0000097,KIT,1,SLC16A1; KIT,HGNC:10922; HGNC:6342,https://doi.org/10.1016/j.immuni.2020.02.001
large-intestine,881,lamina propria of mucosa of colon,http://purl.obolibrary.org/obo/UBERON_0007177,neuroendocrine cell,CL:0000165,CHGA,1,SYP; CHGA; INSM1,HGNC:11506; HGNC:1929; HGNC:6090,https://doi.org/10.1034/j.1600-065x.2003.00072.x; https://doi.org/10.1111/j.1440-1827.1989.tb02421.x
large-intestine,817,gut-associated lymphoid tissue,http://purl.obolibrary.org/obo/UBERON_0001962,lymphocyte of large intestine lamina propria,CL:0009018,MS4A1,1,CD19; MS4A1; CD79A; CR2,HGNC:1633; HGNC:7315; HGNC:1698; HGNC:2336,https://doi.org/10.1007/978-1-4939-0897-4_3
large-intestine,883,gut-associated lymphoid tissue,http://purl.obolibrary.org/obo/UBERON_0001962,lymphocyte of large intestine lamina propria,CL:0009018,MS4A1,1,CD19; MS4A1; CD79A; CR2,HGNC:1633; HGNC:7315; HGNC:1698; HGNC:2336,https://doi.org/10.1016/j.immuni.2020.02.001
large-intestine,81,large intestine smooth muscle circular layer,http://purl.obolibrary.org/obo/UBERON_0012398,endothelial cell of venule,CL:1000414,CD36,1,CD34; CD36; PECAM1,HGNC:1662; HGNC:1663; HGNC:8823,https://doi.org/10.1007/978-1-4939-0897-4_3
large-intestine,804,submucosa of colon,http://purl.obolibrary.org/obo/UBERON_0003331,endothelial cell of venule,CL:1000414,CD36,1,CD34; CD36; PECAM1,HGNC:1662; HGNC:1663; HGNC:8823,ISBN:978-1496398949
large-intestine,80,large intestine smooth muscle circular layer,http://purl.obolibrary.org/obo/UBERON_0012398,endothelial cell of arteriole,CL:1000412,CD36,1,CD34; CD36; PECAM1,HGNC:1662; HGNC:1663; HGNC:8823,https://doi.org/10.1007/978-1-4939-0897-4_3
large-intestine,803,submucosa of colon,http://purl.obolibrary.org/obo/UBERON_0003331,endothelial cell of arteriole,CL:1000412,CD36,1,CD34; CD36; PECAM1,HGNC:1662; HGNC:1663; HGNC:8823,ISBN:978-1496398949
large-intestine,874,lamina propria of mucosa of colon,http://purl.obolibrary.org/obo/UBERON_0007177,capillary endothelial cell,CL:0002144,CD36,1,CD34; CD36; PECAM1,HGNC:1662; HGNC:1663; HGNC:8823,https://doi.org/10.1034/j.1600-065x.2003.00072.x; https://doi.org/10.1111/j.1440-1827.1989.tb02421.x
large-intestine,811,gut-associated lymphoid tissue,http://purl.obolibrary.org/obo/UBERON_0001962,lymphocyte of large intestine lamina propria,CL:0009018,NCAM1,1,B3GAT1; KLRK1; ITGAX; NCAM1,HGNC:921; HGNC:18788; HGNC:6152; HGNC:7656,https://doi.org/10.1007/978-1-4939-0897-4_3
large-intestine,568,gut-associated lymphoid tissue,http://purl.obolibrary.org/obo/UBERON_0001962,plasma cell,CL:0000786,SDC1,1,SDC1,HGNC:10658,https://doi.org/10.1016/j.immuni.2020.02.001
large-intestine,574,gut-associated lymphoid tissue,http://purl.obolibrary.org/obo/UBERON_0001962,mast cell,CL:0000097,KIT,1,SLC16A1; KIT,HGNC:10922; HGNC:6342,https://doi.org/10.1016/j.immuni.2020.02.001
large-intestine,557,lamina propria of mucosa of colon,http://purl.obolibrary.org/obo/UBERON_0007177,neuroendocrine cell,CL:0000165,CHGA,1,SYP; CHGA; INSM1,HGNC:11506; HGNC:1929; HGNC:6090,https://doi.org/10.1034/j.1600-065x.2003.00072.x; https://doi.org/10.1111/j.1440-1827.1989.tb02421.x
large-intestine,565,gut-associated lymphoid tissue,http://purl.obolibrary.org/obo/UBERON_0001962,endothelial cell of lymphatic vessel,CL:0002138,LYVE1,1,LYVE1,HGNC:14687,https://doi.org/10.1007/978-1-4939-0897-4_3
large-intestine,559,gut-associated lymphoid tissue,http://purl.obolibrary.org/obo/UBERON_0001962,lymphocyte of large intestine lamina propria,CL:0009018,MS4A1,1,CD19; MS4A1; CD79A; CR2,HGNC:1633; HGNC:7315; HGNC:1698; HGNC:2336,https://doi.org/10.1016/j.immuni.2020.02.001
large-intestine,567,gut-associated lymphoid tissue,http://purl.obolibrary.org/obo/UBERON_0001962,lymphocyte of large intestine lamina propria,CL:0009018,MS4A1,1,CD19; MS4A1; CD79A; CR2,HGNC:1633; HGNC:7315; HGNC:1698; HGNC:2336,https://doi.org/10.1016/j.immuni.2020.02.001
large-intestine,57,submucosa of colon,http://purl.obolibrary.org/obo/UBERON_0003331,capillary endothelial cell,CL:0002144,CD36,1,CD34; CD36; PECAM1,HGNC:1662; HGNC:1663; HGNC:8823,https://doi.org/10.1034/j.1600-065x.2003.00072.x; https://doi.org/10.1111/j.1440-1827.1989.tb02421.x
large-intestine,564,gut-associated lymphoid tissue,http://purl.obolibrary.org/obo/UBERON_0001962,lymphocyte of large intestine lamina propria,CL:0009018,NCAM1,1,CD7; B3GAT1; KLRK1; ITGAX; NCAM1,HGNC:1695; HGNC:921; HGNC:18788; HGNC:6152; HGNC:7656,https://doi.org/10.1016/j.immuni.2020.02.001
large-intestine,1302,sebaceous gland,http://purl.obolibrary.org/obo/UBERON_0001821,sebocyte,CL:0000317,KRT7,1,KRT7,HGNC:6445,ISBN:978-1496398949
large-intestine,1305,apocrine gland,http://purl.obolibrary.org/obo/UBERON_0008974,apocrine cell,CL:0000033,KRT7,1,KRT7; keratin 19,HGNC:6445; ASCTB-TEMP:keratin-19,ISBN:978-1496398949
large-intestine,1303,eccrine sweat gland,http://purl.obolibrary.org/obo/UBERON_0000423,eccrine cell,CL:0000434,KRT7,1,KRT7; keratin 19,HGNC:6445; ASCTB-TEMP:keratin-19,ISBN:978-1496398949
large-intestine,1316,nerve fiber,http://purl.obolibrary.org/obo/UBERON_0006134,Schwann cell,CL:0002573,S100A2,1,S100A2,HGNC:10492,ISBN:978-1496398949
large-intestine,1334,nerve fiber,http://purl.obolibrary.org/obo/UBERON_0006134,Schwann cell,CL:0002573,S100A2,1,S100A2,HGNC:10492,ISBN:978-1496398949
large-intestine,1324,connective tissue,http://purl.obolibrary.org/obo/UBERON_0002384,adipocyte,CL:0000136,BID,1,BID,HGNC:1050,ISBN:978-1496398949
large-intestine,141,gut-associated lymphoid tissue,http://purl.obolibrary.org/obo/UBERON_0001962,plasma cell,CL:0000786,SDC1,1,SDC1,HGNC:10658,https://doi.org/10.1016/j.immuni.2020.02.001
large-intestine,1326,mucosa-associated lymphoid tissue,http://purl.obolibrary.org/obo/UBERON_0001961,mast cell,CL:0000097,KIT,1,SLC16A1; KIT,HGNC:10922; HGNC:6342,ISBN:978-1496398949
large-intestine,138,gut-associated lymphoid tissue,http://purl.obolibrary.org/obo/UBERON_0001962,endothelial cell of lymphatic vessel,CL:0002138,LYVE1,1,LYVE1,HGNC:14687,https://doi.org/10.1007/978-1-4939-0897-4_3
large-intestine,132,gut-associated lymphoid tissue,http://purl.obolibrary.org/obo/UBERON_0001962,lymphocyte of large intestine lamina propria,CL:0009018,MS4A1,1,CD19; MS4A1; CD79A; CR2,HGNC:1633; HGNC:7315; HGNC:1698; HGNC:2336,https://doi.org/10.1016/j.immuni.2020.02.001
large-intestine,140,gut-associated lymphoid tissue,http://purl.obolibrary.org/obo/UBERON_0001962,lymphocyte of large intestine lamina propria,CL:0009018,MS4A1,1,CD19; MS4A1; CD79A; CR2,HGNC:1633; HGNC:7315; HGNC:1698; HGNC:2336,https://doi.org/10.1016/j.immuni.2020.02.001
large-intestine,1323,vessel,http://purl.obolibrary.org/obo/UBERON_0000055,vein endothelial cell,CL:0002543,CD36,1,CD34; CD36; PECAM1,HGNC:1662; HGNC:1663; HGNC:8823,ISBN:978-1496398949
large-intestine,1341,vessel,http://purl.obolibrary.org/obo/UBERON_0000055,vein endothelial cell,CL:0002543,CD36,1,CD34; CD36; PECAM1,HGNC:1662; HGNC:1663; HGNC:8823,ISBN:978-1496398949
large-intestine,1336,vessel,http://purl.obolibrary.org/obo/UBERON_0000055,endothelial cell of arteriole,CL:1000412,CD36,1,CD34; CD36; PECAM1,HGNC:1662; HGNC:1663; HGNC:8823,ISBN:978-1496398949
large-intestine,1318,nerve fiber,http://purl.obolibrary.org/obo/UBERON_0006134,endothelial cell of arteriole,CL:1000412,CD36,1,CD34; CD36; PECAM1,HGNC:1662; HGNC:1663; HGNC:8823,ISBN:978-1496398949
large-intestine,137,gut-associated lymphoid tissue,http://purl.obolibrary.org/obo/UBERON_0001962,lymphocyte of large intestine lamina propria,CL:0009018,NCAM1,1,B3GAT1; KLRK1; ITGAX; NCAM1,HGNC:921; HGNC:18788; HGNC:6152; HGNC:7656,https://doi.org/10.1016/j.immuni.2020.02.001
large-intestine,1342,external anal sphincter,http://purl.obolibrary.org/obo/UBERON_0001367,cell of skeletal muscle,CL:0000188,DES,1,DES,HGNC:2770,ISBN:978-1496398949
large-intestine,1270,large intestine smooth muscle circular layer,http://purl.obolibrary.org/obo/UBERON_0012398,Schwann cell,CL:0002573,BID,1,BID; BST2; UCHL1,HGNC:1050; HGNC:1119; HGNC:12513,https://doi.org/10.1007/978-1-4939-0897-4_3
large-intestine,1277,myenteric nerve plexus,http://purl.obolibrary.org/obo/UBERON_0002439,Schwann cell,CL:0002573,BID,1,BID; BST2; UCHL1,HGNC:1050; HGNC:1119; HGNC:12513,https://doi.org/10.1007/978-1-4939-0897-4_3
large-intestine,1263,submucous nerve plexus,http://purl.obolibrary.org/obo/UBERON_0005304,Schwann cell,CL:0002573,BID,1,BID; BST2; UCHL1,HGNC:1050; HGNC:1119; HGNC:12513,PMCID:PMC1256735
large-intestine,1265,submucous nerve plexus,http://purl.obolibrary.org/obo/UBERON_0005304,Schwann cell,CL:0002573,BID,1,BID; BST2; UCHL1,HGNC:1050; HGNC:1119; HGNC:12513,PMCID:PMC1256735
large-intestine,1275,myenteric nerve plexus,http://purl.obolibrary.org/obo/UBERON_0002439,interstitial cell of Cajal,CL:0002088,KIT,1,CD34; KIT,HGNC:1662; HGNC:6342,https://doi.org/10.1007/978-1-4939-0897-4_3
large-intestine,1267,submucosa of colon,http://purl.obolibrary.org/obo/UBERON_0003331,interstitial cell of Cajal,CL:0002088,KIT,1,CD34; KIT,HGNC:1662; HGNC:6342,https://doi.org/10.1007/978-1-4939-0897-4_3; https://doi.org/10.1152/ajpgi.00432.2011
large-intestine,1272,large intestine smooth muscle circular layer,http://purl.obolibrary.org/obo/UBERON_0012398,endothelial cell of venule,CL:1000414,CD36,1,CD34; CD36; PECAM1,HGNC:1662; HGNC:1663; HGNC:8823,https://doi.org/10.1007/978-1-4939-0897-4_3
large-intestine,1271,large intestine smooth muscle circular layer,http://purl.obolibrary.org/obo/UBERON_0012398,endothelial cell of arteriole,CL:1000412,CD36,1,CD34; CD36; PECAM1,HGNC:1662; HGNC:1663; HGNC:8823,https://doi.org/10.1007/978-1-4939-0897-4_3
large-intestine,410,large intestine smooth muscle longitudinal layer,http://purl.obolibrary.org/obo/UBERON_0012399,Schwann cell,CL:0002573,BID,1,BID; BST2; UCHL1,HGNC:1050; HGNC:1119; HGNC:12513,https://doi.org/10.1007/978-1-4939-0897-4_3
large-intestine,41,gut-associated lymphoid tissue,http://purl.obolibrary.org/obo/UBERON_0001962,mast cell,CL:0000097,KIT,1,SLC16A1; KIT,HGNC:10922; HGNC:6342,https://doi.org/10.1016/j.immuni.2020.02.001
large-intestine,665,lamina propria of mucosa of colon,http://purl.obolibrary.org/obo/UBERON_0007177,neuroendocrine cell,CL:0000165,CHGA,1,SYP; CHGA; INSM1,HGNC:11506; HGNC:1929; HGNC:6090,https://doi.org/10.1034/j.1600-065x.2003.00072.x; https://doi.org/10.1111/j.1440-1827.1989.tb02421.x
large-intestine,406,myenteric nerve plexus,http://purl.obolibrary.org/obo/UBERON_0002439,endothelial cell of lymphatic vessel,CL:0002138,NCAM1,1,UCHL1; CD274; NCAM1,HGNC:12513; HGNC:17635; HGNC:7656,https://doi.org/10.1007/978-1-4939-0897-4_3
large-intestine,667,gut-associated lymphoid tissue,http://purl.obolibrary.org/obo/UBERON_0001962,lymphocyte of large intestine lamina propria,CL:0009018,MS4A1,1,CD19; MS4A1; CD79A; CR2,HGNC:1633; HGNC:7315; HGNC:1698; HGNC:2336,https://doi.org/10.1016/j.immuni.2020.02.001
large-intestine,412,large intestine smooth muscle longitudinal layer,http://purl.obolibrary.org/obo/UBERON_0012399,endothelial cell of venule,CL:1000414,CD36,1,CD34; CD36; PECAM1,HGNC:1662; HGNC:1663; HGNC:8823,https://doi.org/10.1007/978-1-4939-0897-4_3
large-intestine,405,myenteric nerve plexus,http://purl.obolibrary.org/obo/UBERON_0002439,endothelial cell of venule,CL:1000414,CD36,1,CD34; CD36; PECAM1,HGNC:1662; HGNC:1663; HGNC:8823,https://doi.org/10.1007/978-1-4939-0897-4_3
large-intestine,411,large intestine smooth muscle longitudinal layer,http://purl.obolibrary.org/obo/UBERON_0012399,endothelial cell of arteriole,CL:1000412,CD36,1,CD34; CD36; PECAM1,HGNC:1662; HGNC:1663; HGNC:8823,https://doi.org/10.1007/978-1-4939-0897-4_3
large-intestine,404,myenteric nerve plexus,http://purl.obolibrary.org/obo/UBERON_0002439,endothelial cell of arteriole,CL:1000412,CD36,1,CD34; CD36; PECAM1,HGNC:1662; HGNC:1663; HGNC:8823,https://doi.org/10.1007/978-1-4939-0897-4_3
large-intestine,672,gut-associated lymphoid tissue,http://purl.obolibrary.org/obo/UBERON_0001962,lymphocyte of large intestine lamina propria,CL:0009018,NCAM1,1,CD7; B3GAT1; KLRK1; ITGAX; NCAM1,HGNC:1695; HGNC:921; HGNC:18788; HGNC:6152; HGNC:7656,https://doi.org/10.1016/j.immuni.2020.02.001
large-intestine,989,lamina propria of mucosa of colon,http://purl.obolibrary.org/obo/UBERON_0007177,neuroendocrine cell,CL:0000165,CHGA,1,SYP; CHGA; INSM1,HGNC:11506; HGNC:1929; HGNC:6090,https://doi.org/10.1034/j.1600-065x.2003.00072.x; https://doi.org/10.1111/j.1440-1827.1989.tb02421.x
large-intestine,997,gut-associated lymphoid tissue,http://purl.obolibrary.org/obo/UBERON_0001962,endothelial cell of lymphatic vessel,CL:0002138,LYVE1,1,LYVE1,HGNC:14687,https://doi.org/10.1007/978-1-4939-0897-4_3
large-intestine,991,gut-associated lymphoid tissue,http://purl.obolibrary.org/obo/UBERON_0001962,lymphocyte of large intestine lamina propria,CL:0009018,MS4A1,1,CD19; MS4A1; CD79A; CR2,HGNC:1633; HGNC:7315; HGNC:1698; HGNC:2336,https://doi.org/10.1016/j.immuni.2020.02.001
large-intestine,999,gut-associated lymphoid tissue,http://purl.obolibrary.org/obo/UBERON_0001962,lymphocyte of large intestine lamina propria,CL:0009018,MS4A1,1,CD19; MS4A1; CD79A; CR2,HGNC:1633; HGNC:7315; HGNC:1698; HGNC:2336,https://doi.org/10.1016/j.immuni.2020.02.001
large-intestine,982,lamina propria of mucosa of colon,http://purl.obolibrary.org/obo/UBERON_0007177,capillary endothelial cell,CL:0002144,CD36,1,CD34; CD36; PECAM1,HGNC:1662; HGNC:1663; HGNC:8823,https://doi.org/10.1034/j.1600-065x.2003.00072.x; https://doi.org/10.1111/j.1440-1827.1989.tb02421.x
large-intestine,996,gut-associated lymphoid tissue,http://purl.obolibrary.org/obo/UBERON_0001962,lymphocyte of large intestine lamina propria,CL:0009018,NCAM1,1,CD7; B3GAT1; KLRK1; ITGAX; NCAM1,HGNC:1695; HGNC:921; HGNC:18788; HGNC:6152; HGNC:7656,https://doi.org/10.1016/j.immuni.2020.02.001
large-intestine,34,gut-associated lymphoid tissue,http://purl.obolibrary.org/obo/UBERON_0001962,lymphocyte of large intestine lamina propria,CL:0009018,MS4A1,1,CR2; CD19; MS4A1; CD79A,HGNC:2336; HGNC:1633; HGNC:7315; HGNC:1698,https://doi.org/10.1016/j.immuni.2020.02.001
large-intestine,343,gut-associated lymphoid tissue,http://purl.obolibrary.org/obo/UBERON_0001962,lymphocyte of large intestine lamina propria,CL:0009018,MS4A1,1,CR2; CD19; MS4A1; CD79A,HGNC:2336; HGNC:1633; HGNC:7315; HGNC:1698,https://doi.org/10.1016/j.immuni.2020.02.001
large-intestine,341,lamina propria of mucosa of colon,http://purl.obolibrary.org/obo/UBERON_0007177,neuroendocrine cell,CL:0000165,CHGA,1,INSM1; SYP; CHGA,HGNC:6090; HGNC:11506; HGNC:1929,https://doi.org/10.1034/j.1600-065x.2003.00072.x; https://doi.org/10.1111/j.1440-1827.1989.tb02421.x
large-intestine,334,lamina propria of mucosa of colon,http://purl.obolibrary.org/obo/UBERON_0007177,capillary endothelial cell,CL:0002144,CD36,1,PECAM1; CD34; CD36,HGNC:8823; HGNC:1662; HGNC:1663,https://doi.org/10.1034/j.1600-065x.2003.00072.x; https://doi.org/10.1111/j.1440-1827.1989.tb02421.x
large-intestine,1114,gut-associated lymphoid tissue,http://purl.obolibrary.org/obo/UBERON_0001962,lymphocyte of large intestine lamina propria,CL:0009018,NCAM1,1,B3GAT1; KLRK1; ITGAX; NCAM1,HGNC:921; HGNC:18788; HGNC:6152; HGNC:7656,https://doi.org/10.1016/j.immuni.2020.02.001
large-intestine,110,epithelium of crypt of Lieberkuhn,http://purl.obolibrary.org/obo/UBERON_0011184,paneth cell of colon,CL:0009009,DEFA5,1,DEFA5,HGNC:2764,https://doi.org/10.1016/j.humpath.2008.12.003
large-intestine,852,subserosa,http://purl.obolibrary.org/obo/UBERON_0012375,adipocyte,CL:0000136,BID,1,BID,HGNC:1050,isBN:978-1496398949
large-intestine,827,large intestine smooth muscle circular layer,http://purl.obolibrary.org/obo/UBERON_0012398,Schwann cell,CL:0002573,BID,1,BID; BST2; UCHL1,HGNC:1050; HGNC:1119; HGNC:12513,https://doi.org/10.1007/978-1-4939-0897-4_3
large-intestine,842,large intestine smooth muscle longitudinal layer,http://purl.obolibrary.org/obo/UBERON_0012399,Schwann cell,CL:0002573,BID,1,BID; BST2; UCHL1,HGNC:1050; HGNC:1119; HGNC:12513,https://doi.org/10.1007/978-1-4939-0897-4_3
large-intestine,834,myenteric nerve plexus,http://purl.obolibrary.org/obo/UBERON_0002439,Schwann cell,CL:0002573,BID,1,BID; BST2; UCHL1,HGNC:1050; HGNC:1119; HGNC:12513,https://doi.org/10.1007/978-1-4939-0897-4_3
large-intestine,86,myenteric nerve plexus,http://purl.obolibrary.org/obo/UBERON_0002439,Schwann cell,CL:0002573,BID,1,BID; BST2; UCHL1,HGNC:1050; HGNC:1119; HGNC:12513,https://doi.org/10.1007/978-1-4939-0897-4_3
large-intestine,848,subserosa,http://purl.obolibrary.org/obo/UBERON_0012375,Schwann cell,CL:0002573,BID,1,BID; BST2; UCHL1,HGNC:1050; HGNC:1119; HGNC:12513,isBN:978-1496398949
large-intestine,838,myenteric nerve plexus,http://purl.obolibrary.org/obo/UBERON_0002439,endothelial cell of lymphatic vessel,CL:0002138,NCAM1,1,UCHL1; CD274; NCAM1,HGNC:12513; HGNC:17635; HGNC:7656,https://doi.org/10.1007/978-1-4939-0897-4_3
large-intestine,832,myenteric nerve plexus,http://purl.obolibrary.org/obo/UBERON_0002439,interstitial cell of Cajal,CL:0002088,KIT,1,CD34; KIT,HGNC:1662; HGNC:6342,https://doi.org/10.1007/978-1-4939-0897-4_3
large-intestine,84,myenteric nerve plexus,http://purl.obolibrary.org/obo/UBERON_0002439,interstitial cell of Cajal,CL:0002088,KIT,1,CD34; KIT,HGNC:1662; HGNC:6342,https://doi.org/10.1007/978-1-4939-0897-4_3
large-intestine,824,submucosa of colon,http://purl.obolibrary.org/obo/UBERON_0003331,interstitial cell of Cajal,CL:0002088,KIT,1,CD34; KIT,HGNC:1662; HGNC:6342,https://doi.org/10.1007/978-1-4939-0897-4_3; https://doi.org/10.1152/ajpgi.00432.2011
large-intestine,829,large intestine smooth muscle circular layer,http://purl.obolibrary.org/obo/UBERON_0012398,endothelial cell of venule,CL:1000414,CD36,1,CD34; CD36; PECAM1,HGNC:1662; HGNC:1663; HGNC:8823,https://doi.org/10.1007/978-1-4939-0897-4_3
large-intestine,844,large intestine smooth muscle longitudinal layer,http://purl.obolibrary.org/obo/UBERON_0012399,endothelial cell of venule,CL:1000414,CD36,1,CD34; CD36; PECAM1,HGNC:1662; HGNC:1663; HGNC:8823,https://doi.org/10.1007/978-1-4939-0897-4_3
large-intestine,837,myenteric nerve plexus,http://purl.obolibrary.org/obo/UBERON_0002439,endothelial cell of venule,CL:1000414,CD36,1,CD34; CD36; PECAM1,HGNC:1662; HGNC:1663; HGNC:8823,https://doi.org/10.1007/978-1-4939-0897-4_3
large-intestine,850,subserosa,http://purl.obolibrary.org/obo/UBERON_0012375,endothelial cell of venule,CL:1000414,CD36,1,CD34; CD36; PECAM1,HGNC:1662; HGNC:1663; HGNC:8823,isBN:978-1496398949
large-intestine,828,large intestine smooth muscle circular layer,http://purl.obolibrary.org/obo/UBERON_0012398,endothelial cell of arteriole,CL:1000412,CD36,1,CD34; CD36; PECAM1,HGNC:1662; HGNC:1663; HGNC:8823,https://doi.org/10.1007/978-1-4939-0897-4_3
large-intestine,843,large intestine smooth muscle longitudinal layer,http://purl.obolibrary.org/obo/UBERON_0012399,endothelial cell of arteriole,CL:1000412,CD36,1,CD34; CD36; PECAM1,HGNC:1662; HGNC:1663; HGNC:8823,https://doi.org/10.1007/978-1-4939-0897-4_3
large-intestine,836,myenteric nerve plexus,http://purl.obolibrary.org/obo/UBERON_0002439,endothelial cell of arteriole,CL:1000412,CD36,1,CD34; CD36; PECAM1,HGNC:1662; HGNC:1663; HGNC:8823,https://doi.org/10.1007/978-1-4939-0897-4_3
large-intestine,849,subserosa,http://purl.obolibrary.org/obo/UBERON_0012375,endothelial cell of arteriole,CL:1000412,CD36,1,CD34; CD36; PECAM1,HGNC:1662; HGNC:1663; HGNC:8823,isBN:978-1496398949
large-intestine,861,epithelium of crypt of Lieberkuhn,http://purl.obolibrary.org/obo/UBERON_0011184,paneth cell of colon,CL:0009009,DEFA5,1,DEFA5,HGNC:2764,https://doi.org/10.1016/j.humpath.2008.12.003
large-intestine,1194,submucosa of colon,http://purl.obolibrary.org/obo/UBERON_0003331,adipocyte,CL:0000136,BID,1,BID,HGNC:1050,ISBN:978-1496398949
large-intestine,1196,submucosa of colon,http://purl.obolibrary.org/obo/UBERON_0003331,Schwann cell,CL:0002573,BID,1,BID; BST2; UCHL1,HGNC:1050; HGNC:1119; HGNC:12513,ISBN:978-1496398949
large-intestine,1201,submucous nerve plexus,http://purl.obolibrary.org/obo/UBERON_0005304,Schwann cell,CL:0002573,BID,1,BID; BST2; UCHL1,HGNC:1050; HGNC:1119; HGNC:12513,PMCID:PMC1256735
large-intestine,1203,submucous nerve plexus,http://purl.obolibrary.org/obo/UBERON_0005304,Schwann cell,CL:0002573,BID,1,BID; BST2; UCHL1,HGNC:1050; HGNC:1119; HGNC:12513,PMCID:PMC1256735
large-intestine,1205,submucous nerve plexus,http://purl.obolibrary.org/obo/UBERON_0005304,Schwann cell,CL:0002573,BID,1,BID; BST2; UCHL1,HGNC:1050; HGNC:1119; HGNC:12513,PMCID:PMC1256735
large-intestine,1184,lamina propria of mucosa of colon,http://purl.obolibrary.org/obo/UBERON_0007177,capillary endothelial cell,CL:0002144,CD36,1,CD34; CD36; PECAM1,HGNC:1662; HGNC:1663; HGNC:8823,https://doi.org/10.1034/j.1600-065x.2003.00072.x; https://doi.org/10.1111/j.1440-1827.1989.tb02421.x
large-intestine,1198,submucosa of colon,http://purl.obolibrary.org/obo/UBERON_0003331,endothelial cell of venule,CL:1000414,CD36,1,CD34; CD36; PECAM1,HGNC:1662; HGNC:1663; HGNC:8823,ISBN:978-1496398949
large-intestine,1197,submucosa of colon,http://purl.obolibrary.org/obo/UBERON_0003331,endothelial cell of arteriole,CL:1000412,CD36,1,CD34; CD36; PECAM1,HGNC:1662; HGNC:1663; HGNC:8823,ISBN:978-1496398949
large-intestine,1191,gland of anal canal,http://purl.obolibrary.org/obo/UBERON_0004760,simple columnar epithelial cell,CL:0000146,KRT7,1,KRT7,HGNC:6445,ISBN:978-1496398949
large-intestine,584,submucosa of colon,http://purl.obolibrary.org/obo/UBERON_0003331,adipocyte,CL:0000136,BID,1,BID,HGNC:1050,ISBN:978-1496398949
large-intestine,586,submucosa of colon,http://purl.obolibrary.org/obo/UBERON_0003331,Schwann cell,CL:0002573,BID,1,BID; BST2; UCHL1,HGNC:1050; HGNC:1119; HGNC:12513,ISBN:978-1496398949
large-intestine,588,submucosa of colon,http://purl.obolibrary.org/obo/UBERON_0003331,endothelial cell of venule,CL:1000414,CD36,1,CD34; CD36; PECAM1,HGNC:1662; HGNC:1663; HGNC:8823,ISBN:978-1496398949
large-intestine,587,submucosa of colon,http://purl.obolibrary.org/obo/UBERON_0003331,endothelial cell of arteriole,CL:1000412,CD36,1,CD34; CD36; PECAM1,HGNC:1662; HGNC:1663; HGNC:8823,ISBN:978-1496398949
large-intestine,595,gut-associated lymphoid tissue,http://purl.obolibrary.org/obo/UBERON_0001962,lymphocyte of large intestine lamina propria,CL:0009018,NCAM1,1,B3GAT1; KLRK1; ITGAX; NCAM1,HGNC:921; HGNC:18788; HGNC:6152; HGNC:7656,https://doi.org/10.1007/978-1-4939-0897-4_3
large-intestine,935,large intestine smooth muscle circular layer,http://purl.obolibrary.org/obo/UBERON_0012398,Schwann cell,CL:0002573,BID,1,BID; BST2; UCHL1,HGNC:1050; HGNC:1119; HGNC:12513,https://doi.org/10.1007/978-1-4939-0897-4_3
large-intestine,94,large intestine smooth muscle longitudinal layer,http://purl.obolibrary.org/obo/UBERON_0012399,Schwann cell,CL:0002573,BID,1,BID; BST2; UCHL1,HGNC:1050; HGNC:1119; HGNC:12513,https://doi.org/10.1007/978-1-4939-0897-4_3
large-intestine,926,submucous nerve plexus,http://purl.obolibrary.org/obo/UBERON_0005304,Schwann cell,CL:0002573,BID,1,BID; BST2; UCHL1,HGNC:1050; HGNC:1119; HGNC:12513,PMCID:PMC1256735
large-intestine,928,submucous nerve plexus,http://purl.obolibrary.org/obo/UBERON_0005304,Schwann cell,CL:0002573,BID,1,BID; BST2; UCHL1,HGNC:1050; HGNC:1119; HGNC:12513,PMCID:PMC1256735
large-intestine,930,submucous nerve plexus,http://purl.obolibrary.org/obo/UBERON_0005304,Schwann cell,CL:0002573,BID,1,BID; BST2; UCHL1,HGNC:1050; HGNC:1119; HGNC:12513,PMCID:PMC1256735
large-intestine,921,gut-associated lymphoid tissue,http://purl.obolibrary.org/obo/UBERON_0001962,endothelial cell of lymphatic vessel,CL:0002138,LYVE1,1,LYVE1,HGNC:14687,https://doi.org/10.1007/978-1-4939-0897-4_3
large-intestine,925,gut-associated lymphoid tissue,http://purl.obolibrary.org/obo/UBERON_0001962,lymphocyte of large intestine lamina propria,CL:0009018,MS4A1,1,CD19; MS4A1; CD79A; CR2,HGNC:1633; HGNC:7315; HGNC:1698; HGNC:2336,https://doi.org/10.1007/978-1-4939-0897-4_3
large-intestine,940,myenteric nerve plexus,http://purl.obolibrary.org/obo/UBERON_0002439,interstitial cell of Cajal,CL:0002088,KIT,1,CD34; KIT,HGNC:1662; HGNC:6342,https://doi.org/10.1007/978-1-4939-0897-4_3
large-intestine,932,submucosa of colon,http://purl.obolibrary.org/obo/UBERON_0003331,interstitial cell of Cajal,CL:0002088,KIT,1,CD34; KIT,HGNC:1662; HGNC:6342,https://doi.org/10.1007/978-1-4939-0897-4_3; https://doi.org/10.1152/ajpgi.00432.2011
large-intestine,937,large intestine smooth muscle circular layer,http://purl.obolibrary.org/obo/UBERON_0012398,endothelial cell of venule,CL:1000414,CD36,1,CD34; CD36; PECAM1,HGNC:1662; HGNC:1663; HGNC:8823,https://doi.org/10.1007/978-1-4939-0897-4_3
large-intestine,912,submucosa of colon,http://purl.obolibrary.org/obo/UBERON_0003331,endothelial cell of venule,CL:1000414,CD36,1,CD34; CD36; PECAM1,HGNC:1662; HGNC:1663; HGNC:8823,isBN:978-1496398949
large-intestine,936,large intestine smooth muscle circular layer,http://purl.obolibrary.org/obo/UBERON_0012398,endothelial cell of arteriole,CL:1000412,CD36,1,CD34; CD36; PECAM1,HGNC:1662; HGNC:1663; HGNC:8823,https://doi.org/10.1007/978-1-4939-0897-4_3
large-intestine,920,gut-associated lymphoid tissue,http://purl.obolibrary.org/obo/UBERON_0001962,dendritic cell,CL:0000451,CD74,1,CD74; IL3RA; ITGAX,HGNC:1697; HGNC:6012; HGNC:6152,https://doi.org/10.1007/978-1-4939-0897-4_3
large-intestine,919,gut-associated lymphoid tissue,http://purl.obolibrary.org/obo/UBERON_0001962,lymphocyte of large intestine lamina propria,CL:0009018,NCAM1,1,B3GAT1; KLRK1; ITGAX; NCAM1,HGNC:921; HGNC:18788; HGNC:6152; HGNC:7656,https://doi.org/10.1007/978-1-4939-0897-4_3
large-intestine,1164,large intestine smooth muscle longitudinal layer,http://purl.obolibrary.org/obo/UBERON_0012399,Schwann cell,CL:0002573,BID,1,BID; BST2; UCHL1,HGNC:1050; HGNC:1119; HGNC:12513,https://doi.org/10.1007/978-1-4939-0897-4_3
large-intestine,1170,subserosa,http://purl.obolibrary.org/obo/UBERON_0012375,Schwann cell,CL:0002573,BID,1,BID; BST2; UCHL1,HGNC:1050; HGNC:1119; HGNC:12513,ISBN:978-1496398949
large-intestine,1166,large intestine smooth muscle longitudinal layer,http://purl.obolibrary.org/obo/UBERON_0012399,endothelial cell of venule,CL:1000414,CD36,1,CD34; CD36; PECAM1,HGNC:1662; HGNC:1663; HGNC:8823,https://doi.org/10.1007/978-1-4939-0897-4_3
large-intestine,1174,subserosa,http://purl.obolibrary.org/obo/UBERON_0012375,adipocyte,CL:0000136,BID,1,BID,HGNC:1050,ISBN:978-1496398949
large-intestine,1172,subserosa,http://purl.obolibrary.org/obo/UBERON_0012375,endothelial cell of venule,CL:1000414,CD36,1,CD34; CD36; PECAM1,HGNC:1662; HGNC:1663; HGNC:8823,ISBN:978-1496398949
large-intestine,1160,myenteric nerve plexus,http://purl.obolibrary.org/obo/UBERON_0002439,endothelial cell of lymphatic vessel,CL:0002138,NCAM1,1,UCHL1; CD274; NCAM1,HGNC:12513; HGNC:17635; HGNC:7656,https://doi.org/10.1007/978-1-4939-0897-4_3
large-intestine,950,large intestine smooth muscle longitudinal layer,http://purl.obolibrary.org/obo/UBERON_0012399,Schwann cell,CL:0002573,BID,1,BID; BST2; UCHL1,HGNC:1050; HGNC:1119; HGNC:12513,https://doi.org/10.1007/978-1-4939-0897-4_3
large-intestine,942,myenteric nerve plexus,http://purl.obolibrary.org/obo/UBERON_0002439,Schwann cell,CL:0002573,BID,1,BID; BST2; UCHL1,HGNC:1050; HGNC:1119; HGNC:12513,https://doi.org/10.1007/978-1-4939-0897-4_3
large-intestine,946,myenteric nerve plexus,http://purl.obolibrary.org/obo/UBERON_0002439,endothelial cell of lymphatic vessel,CL:0002138,NCAM1,1,UCHL1; CD274; NCAM1,HGNC:12513; HGNC:17635; HGNC:7656,https://doi.org/10.1007/978-1-4939-0897-4_3
large-intestine,952,large intestine smooth muscle longitudinal layer,http://purl.obolibrary.org/obo/UBERON_0012399,endothelial cell of venule,CL:1000414,CD36,1,CD34; CD36; PECAM1,HGNC:1662; HGNC:1663; HGNC:8823,https://doi.org/10.1007/978-1-4939-0897-4_3
large-intestine,945,myenteric nerve plexus,http://purl.obolibrary.org/obo/UBERON_0002439,endothelial cell of venule,CL:1000414,CD36,1,CD34; CD36; PECAM1,HGNC:1662; HGNC:1663; HGNC:8823,https://doi.org/10.1007/978-1-4939-0897-4_3
large-intestine,95,large intestine smooth muscle longitudinal layer,http://purl.obolibrary.org/obo/UBERON_0012399,endothelial cell of arteriole,CL:1000412,CD36,1,CD34; CD36; PECAM1,HGNC:1662; HGNC:1663; HGNC:8823,https://doi.org/10.1007/978-1-4939-0897-4_3
large-intestine,951,large intestine smooth muscle longitudinal layer,http://purl.obolibrary.org/obo/UBERON_0012399,endothelial cell of arteriole,CL:1000412,CD36,1,CD34; CD36; PECAM1,HGNC:1662; HGNC:1663; HGNC:8823,https://doi.org/10.1007/978-1-4939-0897-4_3
large-intestine,944,myenteric nerve plexus,http://purl.obolibrary.org/obo/UBERON_0002439,endothelial cell of arteriole,CL:1000412,CD36,1,CD34; CD36; PECAM1,HGNC:1662; HGNC:1663; HGNC:8823,https://doi.org/10.1007/978-1-4939-0897-4_3
large-intestine,518,large intestine smooth muscle longitudinal layer,http://purl.obolibrary.org/obo/UBERON_0012399,Schwann cell,CL:0002573,BID,1,BID; BST2; UCHL1,HGNC:1050; HGNC:1119; HGNC:12513,https://doi.org/10.1007/978-1-4939-0897-4_3
large-intestine,510,myenteric nerve plexus,http://purl.obolibrary.org/obo/UBERON_0002439,Schwann cell,CL:0002573,BID,1,BID; BST2; UCHL1,HGNC:1050; HGNC:1119; HGNC:12513,https://doi.org/10.1007/978-1-4939-0897-4_3
large-intestine,524,subserosa,http://purl.obolibrary.org/obo/UBERON_0012375,Schwann cell,CL:0002573,BID,1,BID; BST2; UCHL1,HGNC:1050; HGNC:1119; HGNC:12513,ISBN:978-1496398949
large-intestine,514,myenteric nerve plexus,http://purl.obolibrary.org/obo/UBERON_0002439,endothelial cell of lymphatic vessel,CL:0002138,NCAM1,1,UCHL1; CD274; NCAM1,HGNC:12513; HGNC:17635; HGNC:7656,https://doi.org/10.1007/978-1-4939-0897-4_3
large-intestine,508,myenteric nerve plexus,http://purl.obolibrary.org/obo/UBERON_0002439,interstitial cell of Cajal,CL:0002088,KIT,1,CD34; KIT,HGNC:1662; HGNC:6342,https://doi.org/10.1007/978-1-4939-0897-4_3
large-intestine,505,large intestine smooth muscle circular layer,http://purl.obolibrary.org/obo/UBERON_0012398,endothelial cell of venule,CL:1000414,CD36,1,CD34; CD36; PECAM1,HGNC:1662; HGNC:1663; HGNC:8823,https://doi.org/10.1007/978-1-4939-0897-4_3
large-intestine,520,large intestine smooth muscle longitudinal layer,http://purl.obolibrary.org/obo/UBERON_0012399,endothelial cell of venule,CL:1000414,CD36,1,CD34; CD36; PECAM1,HGNC:1662; HGNC:1663; HGNC:8823,https://doi.org/10.1007/978-1-4939-0897-4_3
large-intestine,513,myenteric nerve plexus,http://purl.obolibrary.org/obo/UBERON_0002439,endothelial cell of venule,CL:1000414,CD36,1,CD34; CD36; PECAM1,HGNC:1662; HGNC:1663; HGNC:8823,https://doi.org/10.1007/978-1-4939-0897-4_3
large-intestine,519,large intestine smooth muscle longitudinal layer,http://purl.obolibrary.org/obo/UBERON_0012399,endothelial cell of arteriole,CL:1000412,CD36,1,CD34; CD36; PECAM1,HGNC:1662; HGNC:1663; HGNC:8823,https://doi.org/10.1007/978-1-4939-0897-4_3
large-intestine,512,myenteric nerve plexus,http://purl.obolibrary.org/obo/UBERON_0002439,endothelial cell of arteriole,CL:1000412,CD36,1,CD34; CD36; PECAM1,HGNC:1662; HGNC:1663; HGNC:8823,https://doi.org/10.1007/978-1-4939-0897-4_3
large-intestine,1295,adventitia,http://purl.obolibrary.org/obo/UBERON_0005742,adipocyte,CL:0000136,BID,1,BID,HGNC:1050,ISBN:978-1496398949
large-intestine,1291,adventitia,http://purl.obolibrary.org/obo/UBERON_0005742,Schwann cell,CL:0002573,BID,1,BID; BST2; UCHL1,HGNC:1050; HGNC:1119; HGNC:12513,ISBN:978-1496398949
large-intestine,1285,large intestine smooth muscle longitudinal layer,http://purl.obolibrary.org/obo/UBERON_0012399,Schwann cell,CL:0002573,BID,1,BID; BST2; UCHL1,HGNC:1050; HGNC:1119; HGNC:12513,https://doi.org/10.1007/978-1-4939-0897-4_3
large-intestine,1281,myenteric nerve plexus,http://purl.obolibrary.org/obo/UBERON_0002439,endothelial cell of lymphatic vessel,CL:0002138,NCAM1,1,UCHL1; CD274; NCAM1,HGNC:12513; HGNC:17635; HGNC:7656,https://doi.org/10.1007/978-1-4939-0897-4_3
large-intestine,1280,myenteric nerve plexus,http://purl.obolibrary.org/obo/UBERON_0002439,endothelial cell of venule,CL:1000414,CD36,1,CD34; CD36; PECAM1,HGNC:1662; HGNC:1663; HGNC:8823,https://doi.org/10.1007/978-1-4939-0897-4_3
large-intestine,1279,myenteric nerve plexus,http://purl.obolibrary.org/obo/UBERON_0002439,endothelial cell of arteriole,CL:1000412,CD36,1,CD34; CD36; PECAM1,HGNC:1662; HGNC:1663; HGNC:8823,https://doi.org/10.1007/978-1-4939-0897-4_3
large-intestine,325,epithelium of crypt of Lieberkuhn,http://purl.obolibrary.org/obo/UBERON_0011184,transit amplifying cell of colon,CL:0009011,KRT20,1,KRT20,HGNC:20412,https://doi.org/10.1038/s42003-020-01181-z
large-intestine,1235,adventitia,http://purl.obolibrary.org/obo/UBERON_0005742,adipocyte,CL:0000136,BID,1,BID,HGNC:1050,ISBN:978-1496398949
large-intestine,1231,adventitia,http://purl.obolibrary.org/obo/UBERON_0005742,Schwann cell,CL:0002573,BID,1,BID; BST2; UCHL1,HGNC:1050; HGNC:1119; HGNC:12513,ISBN:978-1496398949
large-intestine,1210,large intestine smooth muscle circular layer,http://purl.obolibrary.org/obo/UBERON_0012398,Schwann cell,CL:0002573,BID,1,BID; BST2; UCHL1,HGNC:1050; HGNC:1119; HGNC:12513,https://doi.org/10.1007/978-1-4939-0897-4_3
large-intestine,1225,large intestine smooth muscle longitudinal layer,http://purl.obolibrary.org/obo/UBERON_0012399,Schwann cell,CL:0002573,BID,1,BID; BST2; UCHL1,HGNC:1050; HGNC:1119; HGNC:12513,https://doi.org/10.1007/978-1-4939-0897-4_3
large-intestine,1217,myenteric nerve plexus,http://purl.obolibrary.org/obo/UBERON_0002439,Schwann cell,CL:0002573,BID,1,BID; BST2; UCHL1,HGNC:1050; HGNC:1119; HGNC:12513,https://doi.org/10.1007/978-1-4939-0897-4_3
large-intestine,1221,myenteric nerve plexus,http://purl.obolibrary.org/obo/UBERON_0002439,endothelial cell of lymphatic vessel,CL:0002138,NCAM1,1,UCHL1; CD274; NCAM1,HGNC:12513; HGNC:17635; HGNC:7656,https://doi.org/10.1007/978-1-4939-0897-4_3
large-intestine,1215,myenteric nerve plexus,http://purl.obolibrary.org/obo/UBERON_0002439,interstitial cell of Cajal,CL:0002088,KIT,1,CD34; KIT,HGNC:1662; HGNC:6342,https://doi.org/10.1007/978-1-4939-0897-4_3
large-intestine,1207,submucosa of colon,http://purl.obolibrary.org/obo/UBERON_0003331,interstitial cell of Cajal,CL:0002088,KIT,1,CD34; KIT,HGNC:1662; HGNC:6342,https://doi.org/10.1007/978-1-4939-0897-4_3; https://doi.org/10.1152/ajpgi.00432.2011
large-intestine,123,lamina propria of large intestine,http://purl.obolibrary.org/obo/UBERON_0011189,capillary endothelial cell,CL:0002144,CD36,1,CD34; CD36; PECAM1,HGNC:1662; HGNC:1663; HGNC:8823,https://doi.org/10.1034/j.1600-065x.2003.00072.x; https://doi.org/10.1111/j.1440-1827.1989.tb02421.x
large-intestine,1233,adventitia,http://purl.obolibrary.org/obo/UBERON_0005742,endothelial cell of venule,CL:1000414,CD36,1,CD34; CD36; PECAM1,HGNC:1662; HGNC:1663; HGNC:8823,ISBN:978-1496398949
large-intestine,1212,large intestine smooth muscle circular layer,http://purl.obolibrary.org/obo/UBERON_0012398,endothelial cell of venule,CL:1000414,CD36,1,CD34; CD36; PECAM1,HGNC:1662; HGNC:1663; HGNC:8823,https://doi.org/10.1007/978-1-4939-0897-4_3
large-intestine,1227,large intestine smooth muscle longitudinal layer,http://purl.obolibrary.org/obo/UBERON_0012399,endothelial cell of venule,CL:1000414,CD36,1,CD34; CD36; PECAM1,HGNC:1662; HGNC:1663; HGNC:8823,https://doi.org/10.1007/978-1-4939-0897-4_3
large-intestine,1220,myenteric nerve plexus,http://purl.obolibrary.org/obo/UBERON_0002439,endothelial cell of venule,CL:1000414,CD36,1,CD34; CD36; PECAM1,HGNC:1662; HGNC:1663; HGNC:8823,https://doi.org/10.1007/978-1-4939-0897-4_3
large-intestine,1232,adventitia,http://purl.obolibrary.org/obo/UBERON_0005742,endothelial cell of arteriole,CL:1000412,CD36,1,CD34; CD36; PECAM1,HGNC:1662; HGNC:1663; HGNC:8823,ISBN:978-1496398949
large-intestine,1211,large intestine smooth muscle circular layer,http://purl.obolibrary.org/obo/UBERON_0012398,endothelial cell of arteriole,CL:1000412,CD36,1,CD34; CD36; PECAM1,HGNC:1662; HGNC:1663; HGNC:8823,https://doi.org/10.1007/978-1-4939-0897-4_3
large-intestine,1226,large intestine smooth muscle longitudinal layer,http://purl.obolibrary.org/obo/UBERON_0012399,endothelial cell of arteriole,CL:1000412,CD36,1,CD34; CD36; PECAM1,HGNC:1662; HGNC:1663; HGNC:8823,https://doi.org/10.1007/978-1-4939-0897-4_3
large-intestine,1219,myenteric nerve plexus,http://purl.obolibrary.org/obo/UBERON_0002439,endothelial cell of arteriole,CL:1000412,CD36,1,CD34; CD36; PECAM1,HGNC:1662; HGNC:1663; HGNC:8823,https://doi.org/10.1007/978-1-4939-0897-4_3
large-intestine,1237,anal canal epithelium,http://purl.obolibrary.org/obo/UBERON_0015716,stratified squamous epithelial cell,CL:0000240,KRT7,1,CHAF1B; KRTAP5-6; KRT7,HGNC:1911; HGNC:23600; HGNC:6445,ISBN:978-1496398949
large-intestine,636,subserosa,http://purl.obolibrary.org/obo/UBERON_0012375,adipocyte,CL:0000136,BID,1,BID,HGNC:1050,ISBN:978-1496398949
large-intestine,611,large intestine smooth muscle circular layer,http://purl.obolibrary.org/obo/UBERON_0012398,Schwann cell,CL:0002573,BID,1,BID; BST2; UCHL1,HGNC:1050; HGNC:1119; HGNC:12513,https://doi.org/10.1007/978-1-4939-0897-4_3
large-intestine,626,large intestine smooth muscle longitudinal layer,http://purl.obolibrary.org/obo/UBERON_0012399,Schwann cell,CL:0002573,BID,1,BID; BST2; UCHL1,HGNC:1050; HGNC:1119; HGNC:12513,https://doi.org/10.1007/978-1-4939-0897-4_3
large-intestine,618,myenteric nerve plexus,http://purl.obolibrary.org/obo/UBERON_0002439,Schwann cell,CL:0002573,BID,1,BID; BST2; UCHL1,HGNC:1050; HGNC:1119; HGNC:12513,https://doi.org/10.1007/978-1-4939-0897-4_3
large-intestine,604,submucous nerve plexus,http://purl.obolibrary.org/obo/UBERON_0005304,Schwann cell,CL:0002573,BID,1,BID; BST2; UCHL1,HGNC:1050; HGNC:1119; HGNC:12513,PMCID:PMC1256735
large-intestine,606,submucous nerve plexus,http://purl.obolibrary.org/obo/UBERON_0005304,Schwann cell,CL:0002573,BID,1,BID; BST2; UCHL1,HGNC:1050; HGNC:1119; HGNC:12513,PMCID:PMC1256735
large-intestine,632,subserosa,http://purl.obolibrary.org/obo/UBERON_0012375,Schwann cell,CL:0002573,BID,1,BID; BST2; UCHL1,HGNC:1050; HGNC:1119; HGNC:12513,ISBN:978-1496398949
large-intestine,395,large intestine smooth muscle circular layer,http://purl.obolibrary.org/obo/UBERON_0012398,Schwann cell,CL:0002573,BID,1,BID; BST2; UCHL1,HGNC:1050; HGNC:1119; HGNC:12513,https://doi.org/10.1007/978-1-4939-0897-4_3
large-intestine,402,myenteric nerve plexus,http://purl.obolibrary.org/obo/UBERON_0002439,Schwann cell,CL:0002573,BID,1,BID; BST2; UCHL1,HGNC:1050; HGNC:1119; HGNC:12513,https://doi.org/10.1007/978-1-4939-0897-4_3
large-intestine,386,submucous nerve plexus,http://purl.obolibrary.org/obo/UBERON_0005304,Schwann cell,CL:0002573,BID,1,BID; BST2; UCHL1,HGNC:1050; HGNC:1119; HGNC:12513,PMCID:PMC1256735
large-intestine,388,submucous nerve plexus,http://purl.obolibrary.org/obo/UBERON_0005304,Schwann cell,CL:0002573,BID,1,BID; BST2; UCHL1,HGNC:1050; HGNC:1119; HGNC:12513,PMCID:PMC1256735
large-intestine,390,submucous nerve plexus,http://purl.obolibrary.org/obo/UBERON_0005304,Schwann cell,CL:0002573,BID,1,BID; BST2; UCHL1,HGNC:1050; HGNC:1119; HGNC:12513,PMCID:PMC1256735
large-intestine,24,lamina propria of mucosa of colon,http://purl.obolibrary.org/obo/UBERON_0007177,neuroendocrine cell,CL:0000165,CHGA,1,SYP; CHGA; INSM1,HGNC:11506; HGNC:1929; HGNC:6090,https://doi.org/10.1034/j.1600-065x.2003.00072.x; https://doi.org/10.1111/j.1440-1827.1989.tb02421.x
large-intestine,381,gut-associated lymphoid tissue,http://purl.obolibrary.org/obo/UBERON_0001962,endothelial cell of lymphatic vessel,CL:0002138,LYVE1,1,LYVE1,HGNC:14687,https://doi.org/10.1007/978-1-4939-0897-4_3
large-intestine,385,gut-associated lymphoid tissue,http://purl.obolibrary.org/obo/UBERON_0001962,lymphocyte of large intestine lamina propria,CL:0009018,MS4A1,1,CD19; MS4A1; CD79A; CR2,HGNC:1633; HGNC:7315; HGNC:1698; HGNC:2336,https://doi.org/10.1007/978-1-4939-0897-4_3
large-intestine,400,myenteric nerve plexus,http://purl.obolibrary.org/obo/UBERON_0002439,interstitial cell of Cajal,CL:0002088,KIT,1,CD34; KIT,HGNC:1662; HGNC:6342,https://doi.org/10.1007/978-1-4939-0897-4_3
large-intestine,392,submucosa of colon,http://purl.obolibrary.org/obo/UBERON_0003331,interstitial cell of Cajal,CL:0002088,KIT,1,CD34; KIT,HGNC:1662; HGNC:6342,https://doi.org/10.1007/978-1-4939-0897-4_3; https://doi.org/10.1152/ajpgi.00432.2011
large-intestine,397,large intestine smooth muscle circular layer,http://purl.obolibrary.org/obo/UBERON_0012398,endothelial cell of venule,CL:1000414,CD36,1,CD34; CD36; PECAM1,HGNC:1662; HGNC:1663; HGNC:8823,https://doi.org/10.1007/978-1-4939-0897-4_3
large-intestine,396,large intestine smooth muscle circular layer,http://purl.obolibrary.org/obo/UBERON_0012398,endothelial cell of arteriole,CL:1000412,CD36,1,CD34; CD36; PECAM1,HGNC:1662; HGNC:1663; HGNC:8823,https://doi.org/10.1007/978-1-4939-0897-4_3
large-intestine,380,gut-associated lymphoid tissue,http://purl.obolibrary.org/obo/UBERON_0001962,dendritic cell,CL:0000451,CD74,1,CD74; IL3RA; ITGAX,HGNC:1697; HGNC:6012; HGNC:6152,https://doi.org/10.1007/978-1-4939-0897-4_3
large-intestine,379,gut-associated lymphoid tissue,http://purl.obolibrary.org/obo/UBERON_0001962,lymphocyte of large intestine lamina propria,CL:0009018,NCAM1,1,B3GAT1; KLRK1; ITGAX; NCAM1,HGNC:921; HGNC:18788; HGNC:6152; HGNC:7656,https://doi.org/10.1007/978-1-4939-0897-4_3
large-intestine,4,epithelium of crypt of Lieberkuhn,http://purl.obolibrary.org/obo/UBERON_0011184,paneth cell of colon,CL:0009009,DEFA5,1,DEFA5,HGNC:2764,https://doi.org/10.1016/j.humpath.2008.12.003
large-intestine,276,gut-associated lymphoid tissue,http://purl.obolibrary.org/obo/UBERON_0001962,endothelial cell of lymphatic vessel,CL:0002138,LYVE1,1,LYVE1,HGNC:14687,https://doi.org/10.1007/978-1-4939-0897-4_3
large-intestine,280,gut-associated lymphoid tissue,http://purl.obolibrary.org/obo/UBERON_0001962,lymphocyte of large intestine lamina propria,CL:0009018,MS4A1,1,CD19; MS4A1; CD79A; CR2,HGNC:1633; HGNC:7315; HGNC:1698; HGNC:2336,https://doi.org/10.1007/978-1-4939-0897-4_3
large-intestine,295,myenteric nerve plexus,http://purl.obolibrary.org/obo/UBERON_0002439,interstitial cell of Cajal,CL:0002088,KIT,1,CD34; KIT,HGNC:1662; HGNC:6342,https://doi.org/10.1007/978-1-4939-0897-4_3
large-intestine,287,submucosa of colon,http://purl.obolibrary.org/obo/UBERON_0003331,interstitial cell of Cajal,CL:0002088,KIT,1,CD34; KIT,HGNC:1662; HGNC:6342,https://doi.org/10.1007/978-1-4939-0897-4_3; https://doi.org/10.1152/ajpgi.00432.2011
large-intestine,292,large intestine smooth muscle circular layer,http://purl.obolibrary.org/obo/UBERON_0012398,endothelial cell of venule,CL:1000414,CD36,1,CD34; CD36; PECAM1,HGNC:1662; HGNC:1663; HGNC:8823,https://doi.org/10.1007/978-1-4939-0897-4_3
large-intestine,291,large intestine smooth muscle circular layer,http://purl.obolibrary.org/obo/UBERON_0012398,endothelial cell of arteriole,CL:1000412,CD36,1,CD34; CD36; PECAM1,HGNC:1662; HGNC:1663; HGNC:8823,https://doi.org/10.1007/978-1-4939-0897-4_3
large-intestine,299,myenteric nerve plexus,http://purl.obolibrary.org/obo/UBERON_0002439,endothelial cell of arteriole,CL:1000412,CD36,1,CD34; CD36; PECAM1,HGNC:1662; HGNC:1663; HGNC:8823,https://doi.org/10.1007/978-1-4939-0897-4_3
large-intestine,496,submucous nerve plexus,http://purl.obolibrary.org/obo/UBERON_0005304,Schwann cell,CL:0002573,BID,1,UCHL1; BID; BST2,HGNC:12513; HGNC:1050; HGNC:1119,PMCID:PMC1256735
large-intestine,290,large intestine smooth muscle circular layer,http://purl.obolibrary.org/obo/UBERON_0012398,Schwann cell,CL:0002573,BID,1,BID; BST2; UCHL1,HGNC:1050; HGNC:1119; HGNC:12513,https://doi.org/10.1007/978-1-4939-0897-4_3
large-intestine,297,myenteric nerve plexus,http://purl.obolibrary.org/obo/UBERON_0002439,Schwann cell,CL:0002573,BID,1,BID; BST2; UCHL1,HGNC:1050; HGNC:1119; HGNC:12513,https://doi.org/10.1007/978-1-4939-0897-4_3
large-intestine,281,submucous nerve plexus,http://purl.obolibrary.org/obo/UBERON_0005304,Schwann cell,CL:0002573,BID,1,BID; BST2; UCHL1,HGNC:1050; HGNC:1119; HGNC:12513,PMCID:PMC1256735
large-intestine,283,submucous nerve plexus,http://purl.obolibrary.org/obo/UBERON_0005304,Schwann cell,CL:0002573,BID,1,BID; BST2; UCHL1,HGNC:1050; HGNC:1119; HGNC:12513,PMCID:PMC1256735
large-intestine,285,submucous nerve plexus,http://purl.obolibrary.org/obo/UBERON_0005304,Schwann cell,CL:0002573,BID,1,BID; BST2; UCHL1,HGNC:1050; HGNC:1119; HGNC:12513,PMCID:PMC1256735
large-intestine,300,myenteric nerve plexus,http://purl.obolibrary.org/obo/UBERON_0002439,endothelial cell of venule,CL:1000414,CD36,1,CD34; CD36; PECAM1,HGNC:1662; HGNC:1663; HGNC:8823,https://doi.org/10.1007/978-1-4939-0897-4_3
large-intestine,692,submucosa of colon,http://purl.obolibrary.org/obo/UBERON_0003331,adipocyte,CL:0000136,BID,1,BID,HGNC:1050,ISBN:978-1496398949
large-intestine,719,large intestine smooth muscle circular layer,http://purl.obolibrary.org/obo/UBERON_0012398,Schwann cell,CL:0002573,BID,1,BID; BST2; UCHL1,HGNC:1050; HGNC:1119; HGNC:12513,https://doi.org/10.1007/978-1-4939-0897-4_3
large-intestine,694,submucosa of colon,http://purl.obolibrary.org/obo/UBERON_0003331,Schwann cell,CL:0002573,BID,1,BID; BST2; UCHL1,HGNC:1050; HGNC:1119; HGNC:12513,ISBN:978-1496398949
large-intestine,70,submucous nerve plexus,http://purl.obolibrary.org/obo/UBERON_0005304,Schwann cell,CL:0002573,BID,1,BID; BST2; UCHL1,HGNC:1050; HGNC:1119; HGNC:12513,PMCID:PMC1256735
large-intestine,710,submucous nerve plexus,http://purl.obolibrary.org/obo/UBERON_0005304,Schwann cell,CL:0002573,BID,1,BID; BST2; UCHL1,HGNC:1050; HGNC:1119; HGNC:12513,PMCID:PMC1256735
large-intestine,712,submucous nerve plexus,http://purl.obolibrary.org/obo/UBERON_0005304,Schwann cell,CL:0002573,BID,1,BID; BST2; UCHL1,HGNC:1050; HGNC:1119; HGNC:12513,PMCID:PMC1256735
large-intestine,704,gut-associated lymphoid tissue,http://purl.obolibrary.org/obo/UBERON_0001962,dendritic cell,CL:0000451,CD74,1,CD74; IL3RA; ITGAX,HGNC:1697; HGNC:6012; HGNC:6152,https://doi.org/10.1007/978-1-4939-0897-4_3
large-intestine,621,myenteric nerve plexus,http://purl.obolibrary.org/obo/UBERON_0002439,endothelial cell of venule,CL:1000414,CD36,1,CD36; PECAM1; CD34,HGNC:1663; HGNC:8823; HGNC:1662,https://doi.org/10.1007/978-1-4939-0897-4_3
large-intestine,634,subserosa,http://purl.obolibrary.org/obo/UBERON_0012375,endothelial cell of venule,CL:1000414,CD36,1,CD36; PECAM1; CD34,HGNC:1663; HGNC:8823; HGNC:1662,ISBN:978-1496398949
large-intestine,612,large intestine smooth muscle circular layer,http://purl.obolibrary.org/obo/UBERON_0012398,endothelial cell of arteriole,CL:1000412,CD36,1,CD36; PECAM1; CD34,HGNC:1663; HGNC:8823; HGNC:1662,https://doi.org/10.1007/978-1-4939-0897-4_3
large-intestine,627,large intestine smooth muscle longitudinal layer,http://purl.obolibrary.org/obo/UBERON_0012399,endothelial cell of arteriole,CL:1000412,CD36,1,CD36; PECAM1; CD34,HGNC:1663; HGNC:8823; HGNC:1662,https://doi.org/10.1007/978-1-4939-0897-4_3
large-intestine,620,myenteric nerve plexus,http://purl.obolibrary.org/obo/UBERON_0002439,endothelial cell of arteriole,CL:1000412,CD36,1,CD36; PECAM1; CD34,HGNC:1663; HGNC:8823; HGNC:1662,https://doi.org/10.1007/978-1-4939-0897-4_3
large-intestine,633,subserosa,http://purl.obolibrary.org/obo/UBERON_0012375,endothelial cell of arteriole,CL:1000412,CD36,1,CD36; PECAM1; CD34,HGNC:1663; HGNC:8823; HGNC:1662,ISBN:978-1496398949
large-intestine,622,myenteric nerve plexus,http://purl.obolibrary.org/obo/UBERON_0002439,endothelial cell of lymphatic vessel,CL:0002138,NCAM1,1,CD274; NCAM1; UCHL1,HGNC:17635; HGNC:7656; HGNC:12513,https://doi.org/10.1007/978-1-4939-0897-4_3
large-intestine,63,gut-associated lymphoid tissue,http://purl.obolibrary.org/obo/UBERON_0001962,lymphocyte of large intestine lamina propria,CL:0009018,NCAM1,1,B3GAT1; KLRK1; ITGAX; NCAM1,HGNC:921; HGNC:18788; HGNC:6152; HGNC:7656,https://doi.org/10.1007/978-1-4939-0897-4_3
large-intestine,616,myenteric nerve plexus,http://purl.obolibrary.org/obo/UBERON_0002439,interstitial cell of Cajal,CL:0002088,KIT,1,KIT; CD34,HGNC:6342; HGNC:1662,https://doi.org/10.1007/978-1-4939-0897-4_3
large-intestine,608,submucosa of colon,http://purl.obolibrary.org/obo/UBERON_0003331,interstitial cell of Cajal,CL:0002088,KIT,1,KIT; CD34,HGNC:6342; HGNC:1662,https://doi.org/10.1007/978-1-4939-0897-4_3; https://doi.org/10.1152/ajpgi.00432.2011
large-intestine,613,large intestine smooth muscle circular layer,http://purl.obolibrary.org/obo/UBERON_0012398,endothelial cell of venule,CL:1000414,CD36,1,PECAM1; CD34; CD36,HGNC:8823; HGNC:1662; HGNC:1663,https://doi.org/10.1007/978-1-4939-0897-4_3
large-intestine,628,large intestine smooth muscle longitudinal layer,http://purl.obolibrary.org/obo/UBERON_0012399,endothelial cell of venule,CL:1000414,CD36,1,PECAM1; CD34; CD36,HGNC:8823; HGNC:1662; HGNC:1663,https://doi.org/10.1007/978-1-4939-0897-4_3
large-intestine,236,lamina propria of mucosa of colon,http://purl.obolibrary.org/obo/UBERON_0007177,neuroendocrine cell,CL:0000165,CHGA,1,SYP; CHGA; INSM1,HGNC:11506; HGNC:1929; HGNC:6090,https://doi.org/10.1034/j.1600-065x.2003.00072.x; https://doi.org/10.1111/j.1440-1827.1989.tb02421.x
large-intestine,238,gut-associated lymphoid tissue,http://purl.obolibrary.org/obo/UBERON_0001962,lymphocyte of large intestine lamina propria,CL:0009018,MS4A1,1,CD19; MS4A1; CD79A; CR2,HGNC:1633; HGNC:7315; HGNC:1698; HGNC:2336,https://doi.org/10.1016/j.immuni.2020.02.001
large-intestine,503,large intestine smooth muscle circular layer,http://purl.obolibrary.org/obo/UBERON_0012398,Schwann cell,CL:0002573,BID,1,BID; BST2; UCHL1,HGNC:1050; HGNC:1119; HGNC:12513,https://doi.org/10.1007/978-1-4939-0897-4_3
large-intestine,494,submucous nerve plexus,http://purl.obolibrary.org/obo/UBERON_0005304,Schwann cell,CL:0002573,BID,1,BID; BST2; UCHL1,HGNC:1050; HGNC:1119; HGNC:12513,PMCID:PMC1256735
large-intestine,773,lamina propria of mucosa of colon,http://purl.obolibrary.org/obo/UBERON_0007177,neuroendocrine cell,CL:0000165,CHGA,1,SYP; CHGA; INSM1,HGNC:11506; HGNC:1929; HGNC:6090,https://doi.org/10.1034/j.1600-065x.2003.00072.x; https://doi.org/10.1111/j.1440-1827.1989.tb02421.x
large-intestine,5,epithelium of crypt of Lieberkuhn,http://purl.obolibrary.org/obo/UBERON_0011184,neuroendocrine cell,CL:0000165,CHGA,1,SYP; CHGA; INSL5; INSM1,HGNC:11506; HGNC:1929; HGNC:6088; HGNC:6090,https://doi.org/10.1159/000501521
large-intestine,263,submucosa of colon,http://purl.obolibrary.org/obo/UBERON_0003331,adipocyte,CL:0000136,BID,1,BID,HGNC:1050,ISBN:978-1496398949
large-intestine,265,submucosa of colon,http://purl.obolibrary.org/obo/UBERON_0003331,Schwann cell,CL:0002573,BID,1,BID; BST2; UCHL1,HGNC:1050; HGNC:1119; HGNC:12513,ISBN:978-1496398949
large-intestine,247,gut-associated lymphoid tissue,http://purl.obolibrary.org/obo/UBERON_0001962,plasma cell,CL:0000786,SDC1,1,SDC1,HGNC:10658,https://doi.org/10.1016/j.immuni.2020.02.001
large-intestine,253,gut-associated lymphoid tissue,http://purl.obolibrary.org/obo/UBERON_0001962,mast cell,CL:0000097,KIT,1,SLC16A1; KIT,HGNC:10922; HGNC:6342,https://doi.org/10.1016/j.immuni.2020.02.001
large-intestine,259,muscularis mucosae of colon,http://purl.obolibrary.org/obo/UBERON_0007178,Schwann cell,CL:0002573,NCAM1,1,UCHL1; CD274; NCAM1,HGNC:12513; HGNC:17635; HGNC:7656,ISBN:978-1496398949
large-intestine,244,gut-associated lymphoid tissue,http://purl.obolibrary.org/obo/UBERON_0001962,endothelial cell of lymphatic vessel,CL:0002138,LYVE1,1,LYVE1,HGNC:14687,https://doi.org/10.1007/978-1-4939-0897-4_3
large-intestine,246,gut-associated lymphoid tissue,http://purl.obolibrary.org/obo/UBERON_0001962,lymphocyte of large intestine lamina propria,CL:0009018,MS4A1,1,CD19; MS4A1; CD79A; CR2,HGNC:1633; HGNC:7315; HGNC:1698; HGNC:2336,https://doi.org/10.1016/j.immuni.2020.02.001
large-intestine,26,gut-associated lymphoid tissue,http://purl.obolibrary.org/obo/UBERON_0001962,lymphocyte of large intestine lamina propria,CL:0009018,MS4A1,1,CD19; MS4A1; CD79A; CR2,HGNC:1633; HGNC:7315; HGNC:1698; HGNC:2336,https://doi.org/10.1016/j.immuni.2020.02.001
large-intestine,260,muscularis mucosae of colon,http://purl.obolibrary.org/obo/UBERON_0007178,capillary endothelial cell,CL:0002144,CD36,1,CD34; CD36; PECAM1,HGNC:1662; HGNC:1663; HGNC:8823,ISBN:978-1496398949
large-intestine,267,submucosa of colon,http://purl.obolibrary.org/obo/UBERON_0003331,endothelial cell of venule,CL:1000414,CD36,1,CD34; CD36; PECAM1,HGNC:1662; HGNC:1663; HGNC:8823,ISBN:978-1496398949
large-intestine,266,submucosa of colon,http://purl.obolibrary.org/obo/UBERON_0003331,endothelial cell of arteriole,CL:1000412,CD36,1,CD34; CD36; PECAM1,HGNC:1662; HGNC:1663; HGNC:8823,ISBN:978-1496398949
large-intestine,256,gut-associated lymphoid tissue,http://purl.obolibrary.org/obo/UBERON_0001962,dendritic cell,CL:0000451,CD74,1,CD74; IL3RA; ITGAX,HGNC:1697; HGNC:6012; HGNC:6152,https://doi.org/10.1016/j.immuni.2020.02.001
large-intestine,243,gut-associated lymphoid tissue,http://purl.obolibrary.org/obo/UBERON_0001962,lymphocyte of large intestine lamina propria,CL:0009018,NCAM1,1,B3GAT1; KLRK1; ITGAX; NCAM1,HGNC:921; HGNC:18788; HGNC:6152; HGNC:7656,https://doi.org/10.1016/j.immuni.2020.02.001
large-intestine,255,gut-associated lymphoid tissue,http://purl.obolibrary.org/obo/UBERON_0001962,lymphocyte of large intestine lamina propria,CL:0009018,NCAM1,1,B3GAT1; KLRK1; ITGAX; NCAM1,HGNC:921; HGNC:18788; HGNC:6152; HGNC:7656,https://doi.org/10.1016/j.immuni.2020.02.001
large-intestine,76,submucosa of colon,http://purl.obolibrary.org/obo/UBERON_0003331,interstitial cell of Cajal,CL:0002088,KIT,1,CD34; KIT,HGNC:1662; HGNC:6342,https://doi.org/10.1007/978-1-4939-0897-4_3; https://doi.org/10.1152/ajpgi.00432.2011
large-intestine,766,lamina propria of mucosa of colon,http://purl.obolibrary.org/obo/UBERON_0007177,capillary endothelial cell,CL:0002144,CD36,1,CD34; CD36; PECAM1,HGNC:1662; HGNC:1663; HGNC:8823,https://doi.org/10.1034/j.1600-065x.2003.00072.x; https://doi.org/10.1111/j.1440-1827.1989.tb02421.x
large-intestine,709,gut-associated lymphoid tissue,http://purl.obolibrary.org/obo/UBERON_0001962,lymphocyte of large intestine lamina propria,CL:0009018,MS4A1,1,MS4A1; CD79A; CR2; CD19,HGNC:7315; HGNC:1698; HGNC:2336; HGNC:1633,https://doi.org/10.1007/978-1-4939-0897-4_3
large-intestine,716,submucosa of colon,http://purl.obolibrary.org/obo/UBERON_0003331,interstitial cell of Cajal,CL:0002088,KIT,1,KIT; CD34,HGNC:6342; HGNC:1662,https://doi.org/10.1007/978-1-4939-0897-4_3; https://doi.org/10.1152/ajpgi.00432.2011
large-intestine,420,subserosa,http://purl.obolibrary.org/obo/UBERON_0012375,adipocyte,CL:0000136,BID,1,BID,HGNC:1050,ISBN:978-1496398949
large-intestine,416,subserosa,http://purl.obolibrary.org/obo/UBERON_0012375,Schwann cell,CL:0002573,BID,1,BID; BST2; UCHL1,HGNC:1050; HGNC:1119; HGNC:12513,ISBN:978-1496398949
large-intestine,430,epithelium of crypt of Lieberkuhn,http://purl.obolibrary.org/obo/UBERON_0011184,neuroendocrine cell,CL:0000165,CHGA,1,SYP; CHGA; INSL5; INSM1,HGNC:11506; HGNC:1929; HGNC:6088; HGNC:6090,https://doi.org/10.1159/000501521; https://doi.org/10.3892/or.2012.2119
large-intestine,418,subserosa,http://purl.obolibrary.org/obo/UBERON_0012375,endothelial cell of venule,CL:1000414,CD36,1,CD34; CD36; PECAM1,HGNC:1662; HGNC:1663; HGNC:8823,ISBN:978-1496398949
large-intestine,417,subserosa,http://purl.obolibrary.org/obo/UBERON_0012375,endothelial cell of arteriole,CL:1000412,CD36,1,CD34; CD36; PECAM1,HGNC:1662; HGNC:1663; HGNC:8823,ISBN:978-1496398949
large-intestine,43,gut-associated lymphoid tissue,http://purl.obolibrary.org/obo/UBERON_0001962,lymphocyte of large intestine lamina propria,CL:0009018,NCAM1,1,B3GAT1; KLRK1; ITGAX; NCAM1,HGNC:921; HGNC:18788; HGNC:6152; HGNC:7656,https://doi.org/10.1016/j.immuni.2020.02.001
large-intestine,433,epithelium of crypt of Lieberkuhn,http://purl.obolibrary.org/obo/UBERON_0011184,transit amplifying cell of colon,CL:0009011,KRT20,1,KRT20,HGNC:20412,https://doi.org/10.1038/s42003-020-01181-z
large-intestine,429,epithelium of crypt of Lieberkuhn,http://purl.obolibrary.org/obo/UBERON_0011184,paneth cell of colon,CL:0009009,DEFA5,1,DEFA5,HGNC:2764,https://doi.org/10.1016/j.humpath.2008.12.003
large-intestine,460,gut-associated lymphoid tissue,http://purl.obolibrary.org/obo/UBERON_0001962,plasma cell,CL:0000786,SDC1,1,SDC1,HGNC:10658,https://doi.org/10.1016/j.immuni.2020.02.001
large-intestine,449,lamina propria of mucosa of colon,http://purl.obolibrary.org/obo/UBERON_0007177,neuroendocrine cell,CL:0000165,CHGA,1,SYP; CHGA; INSM1,HGNC:11506; HGNC:1929; HGNC:6090,https://doi.org/10.1034/j.1600-065x.2003.00072.x; https://doi.org/10.1111/j.1440-1827.1989.tb02421.x
large-intestine,457,gut-associated lymphoid tissue,http://purl.obolibrary.org/obo/UBERON_0001962,endothelial cell of lymphatic vessel,CL:0002138,LYVE1,1,LYVE1,HGNC:14687,https://doi.org/10.1007/978-1-4939-0897-4_3
large-intestine,451,gut-associated lymphoid tissue,http://purl.obolibrary.org/obo/UBERON_0001962,lymphocyte of large intestine lamina propria,CL:0009018,MS4A1,1,CD19; MS4A1; CD79A; CR2,HGNC:1633; HGNC:7315; HGNC:1698; HGNC:2336,https://doi.org/10.1016/j.immuni.2020.02.001
large-intestine,459,gut-associated lymphoid tissue,http://purl.obolibrary.org/obo/UBERON_0001962,lymphocyte of large intestine lamina propria,CL:0009018,MS4A1,1,CD19; MS4A1; CD79A; CR2,HGNC:1633; HGNC:7315; HGNC:1698; HGNC:2336,https://doi.org/10.1016/j.immuni.2020.02.001
large-intestine,442,lamina propria of mucosa of colon,http://purl.obolibrary.org/obo/UBERON_0007177,capillary endothelial cell,CL:0002144,CD36,1,CD34; CD36; PECAM1,HGNC:1662; HGNC:1663; HGNC:8823,https://doi.org/10.1034/j.1600-065x.2003.00072.x; https://doi.org/10.1111/j.1440-1827.1989.tb02421.x
large-intestine,456,gut-associated lymphoid tissue,http://purl.obolibrary.org/obo/UBERON_0001962,lymphocyte of large intestine lamina propria,CL:0009018,NCAM1,1,CD7; B3GAT1; KLRK1; ITGAX; NCAM1,HGNC:1695; HGNC:921; HGNC:18788; HGNC:6152; HGNC:7656,https://doi.org/10.1016/j.immuni.2020.02.001
large-intestine,44,gut-associated lymphoid tissue,http://purl.obolibrary.org/obo/UBERON_0001962,dendritic cell,CL:0000451,CD74,1,CD74; IL3RA; ITGAX,HGNC:1697; HGNC:6012; HGNC:6152,https://doi.org/10.1016/j.immuni.2020.02.001
large-intestine,646,epithelium of crypt of Lieberkuhn,http://purl.obolibrary.org/obo/UBERON_0011184,neuroendocrine cell,CL:0000165,CHGA,1,SYP; CHGA; INSL5; INSM1,HGNC:11506; HGNC:1929; HGNC:6088; HGNC:6090,https://doi.org/10.1159/000501521; https://doi.org/10.3892/or.2012.2119
large-intestine,476,submucosa of colon,http://purl.obolibrary.org/obo/UBERON_0003331,adipocyte,CL:0000136,BID,1,BID,HGNC:1050,ISBN:978-1496398949
large-intestine,478,submucosa of colon,http://purl.obolibrary.org/obo/UBERON_0003331,Schwann cell,CL:0002573,BID,1,BID; BST2; UCHL1,HGNC:1050; HGNC:1119; HGNC:12513,ISBN:978-1496398949
large-intestine,466,gut-associated lymphoid tissue,http://purl.obolibrary.org/obo/UBERON_0001962,mast cell,CL:0000097,KIT,1,SLC16A1; KIT,HGNC:10922; HGNC:6342,https://doi.org/10.1016/j.immuni.2020.02.001
large-intestine,47,muscularis mucosae of colon,http://purl.obolibrary.org/obo/UBERON_0007178,Schwann cell,CL:0002573,NCAM1,1,UCHL1; CD274; NCAM1,HGNC:12513; HGNC:17635; HGNC:7656,ISBN:978-1496398949
large-intestine,472,muscularis mucosae of colon,http://purl.obolibrary.org/obo/UBERON_0007178,Schwann cell,CL:0002573,NCAM1,1,UCHL1; CD274; NCAM1,HGNC:12513; HGNC:17635; HGNC:7656,ISBN:978-1496398949
large-intestine,688,muscularis mucosae of colon,http://purl.obolibrary.org/obo/UBERON_0007178,Schwann cell,CL:0002573,NCAM1,1,UCHL1; CD274; NCAM1,HGNC:12513; HGNC:17635; HGNC:7656,ISBN:978-1496398949
large-intestine,489,gut-associated lymphoid tissue,http://purl.obolibrary.org/obo/UBERON_0001962,endothelial cell of lymphatic vessel,CL:0002138,LYVE1,1,LYVE1,HGNC:14687,https://doi.org/10.1007/978-1-4939-0897-4_3
large-intestine,493,gut-associated lymphoid tissue,http://purl.obolibrary.org/obo/UBERON_0001962,lymphocyte of large intestine lamina propria,CL:0009018,MS4A1,1,CD19; MS4A1; CD79A; CR2,HGNC:1633; HGNC:7315; HGNC:1698; HGNC:2336,https://doi.org/10.1007/978-1-4939-0897-4_3
large-intestine,473,muscularis mucosae of colon,http://purl.obolibrary.org/obo/UBERON_0007178,capillary endothelial cell,CL:0002144,CD36,1,CD34; CD36; PECAM1,HGNC:1662; HGNC:1663; HGNC:8823,ISBN:978-1496398949
large-intestine,48,muscularis mucosae of colon,http://purl.obolibrary.org/obo/UBERON_0007178,capillary endothelial cell,CL:0002144,CD36,1,CD34; CD36; PECAM1,HGNC:1662; HGNC:1663; HGNC:8823,ISBN:978-1496398949
large-intestine,689,muscularis mucosae of colon,http://purl.obolibrary.org/obo/UBERON_0007178,capillary endothelial cell,CL:0002144,CD36,1,CD34; CD36; PECAM1,HGNC:1662; HGNC:1663; HGNC:8823,ISBN:978-1496398949
large-intestine,480,submucosa of colon,http://purl.obolibrary.org/obo/UBERON_0003331,endothelial cell of venule,CL:1000414,CD36,1,CD34; CD36; PECAM1,HGNC:1662; HGNC:1663; HGNC:8823,ISBN:978-1496398949
large-intestine,479,submucosa of colon,http://purl.obolibrary.org/obo/UBERON_0003331,endothelial cell of arteriole,CL:1000412,CD36,1,CD34; CD36; PECAM1,HGNC:1662; HGNC:1663; HGNC:8823,ISBN:978-1496398949
large-intestine,469,gut-associated lymphoid tissue,http://purl.obolibrary.org/obo/UBERON_0001962,dendritic cell,CL:0000451,CD74,1,CD74; IL3RA; ITGAX,HGNC:1697; HGNC:6012; HGNC:6152,https://doi.org/10.1016/j.immuni.2020.02.001
large-intestine,488,gut-associated lymphoid tissue,http://purl.obolibrary.org/obo/UBERON_0001962,dendritic cell,CL:0000451,CD74,1,CD74; IL3RA; ITGAX,HGNC:1697; HGNC:6012; HGNC:6152,https://doi.org/10.1007/978-1-4939-0897-4_3
large-intestine,468,gut-associated lymphoid tissue,http://purl.obolibrary.org/obo/UBERON_0001962,lymphocyte of large intestine lamina propria,CL:0009018,NCAM1,1,B3GAT1; KLRK1; ITGAX; NCAM1,HGNC:921; HGNC:18788; HGNC:6152; HGNC:7656,https://doi.org/10.1016/j.immuni.2020.02.001
large-intestine,487,gut-associated lymphoid tissue,http://purl.obolibrary.org/obo/UBERON_0001962,lymphocyte of large intestine lamina propria,CL:0009018,NCAM1,1,B3GAT1; KLRK1; ITGAX; NCAM1,HGNC:921; HGNC:18788; HGNC:6152; HGNC:7656,https://doi.org/10.1007/978-1-4939-0897-4_3
large-intestine,960,subserosa,http://purl.obolibrary.org/obo/UBERON_0012375,adipocyte,CL:0000136,BID,1,BID,HGNC:1050,ISBN:978-1496398949
large-intestine,956,subserosa,http://purl.obolibrary.org/obo/UBERON_0012375,Schwann cell,CL:0002573,BID,1,BID; BST2; UCHL1,HGNC:1050; HGNC:1119; HGNC:12513,ISBN:978-1496398949
large-intestine,970,epithelium of crypt of Lieberkuhn,http://purl.obolibrary.org/obo/UBERON_0011184,neuroendocrine cell,CL:0000165,CHGA,1,SYP; CHGA; INSL5; INSM1,HGNC:11506; HGNC:1929; HGNC:6088; HGNC:6090,https://doi.org/10.1159/000501521; https://doi.org/10.3892/or.2012.2119
large-intestine,96,large intestine smooth muscle longitudinal layer,http://purl.obolibrary.org/obo/UBERON_0012399,endothelial cell of venule,CL:1000414,CD36,1,CD34; CD36; PECAM1,HGNC:1662; HGNC:1663; HGNC:8823,https://doi.org/10.1007/978-1-4939-0897-4_3
large-intestine,958,subserosa,http://purl.obolibrary.org/obo/UBERON_0012375,endothelial cell of venule,CL:1000414,CD36,1,CD34; CD36; PECAM1,HGNC:1662; HGNC:1663; HGNC:8823,ISBN:978-1496398949
large-intestine,957,subserosa,http://purl.obolibrary.org/obo/UBERON_0012375,endothelial cell of arteriole,CL:1000412,CD36,1,CD34; CD36; PECAM1,HGNC:1662; HGNC:1663; HGNC:8823,ISBN:978-1496398949
large-intestine,973,epithelium of crypt of Lieberkuhn,http://purl.obolibrary.org/obo/UBERON_0011184,transit amplifying cell of colon,CL:0009011,KRT20,1,KRT20,HGNC:20412,https://doi.org/10.1038/s42003-020-01181-z
large-intestine,969,epithelium of crypt of Lieberkuhn,http://purl.obolibrary.org/obo/UBERON_0011184,paneth cell of colon,CL:0009009,DEFA5,1,DEFA5,HGNC:2764,https://doi.org/10.1016/j.humpath.2008.12.003
large-intestine,744,subserosa,http://purl.obolibrary.org/obo/UBERON_0012375,adipocyte,CL:0000136,BID,1,BID,HGNC:1050,ISBN:978-1496398949
large-intestine,734,large intestine smooth muscle longitudinal layer,http://purl.obolibrary.org/obo/UBERON_0012399,Schwann cell,CL:0002573,BID,1,BID; BST2; UCHL1,HGNC:1050; HGNC:1119; HGNC:12513,https://doi.org/10.1007/978-1-4939-0897-4_3
large-intestine,726,myenteric nerve plexus,http://purl.obolibrary.org/obo/UBERON_0002439,Schwann cell,CL:0002573,BID,1,BID; BST2; UCHL1,HGNC:1050; HGNC:1119; HGNC:12513,https://doi.org/10.1007/978-1-4939-0897-4_3
large-intestine,74,submucous nerve plexus,http://purl.obolibrary.org/obo/UBERON_0005304,Schwann cell,CL:0002573,BID,1,BID; BST2; UCHL1,HGNC:1050; HGNC:1119; HGNC:12513,PMCID:PMC1256735
large-intestine,740,subserosa,http://purl.obolibrary.org/obo/UBERON_0012375,Schwann cell,CL:0002573,BID,1,BID; BST2; UCHL1,HGNC:1050; HGNC:1119; HGNC:12513,ISBN:978-1496398949
large-intestine,754,epithelium of crypt of Lieberkuhn,http://purl.obolibrary.org/obo/UBERON_0011184,neuroendocrine cell,CL:0000165,CHGA,1,SYP; CHGA; INSL5; INSM1,HGNC:11506; HGNC:1929; HGNC:6088; HGNC:6090,https://doi.org/10.1159/000501521; https://doi.org/10.3892/or.2012.2119
large-intestine,730,myenteric nerve plexus,http://purl.obolibrary.org/obo/UBERON_0002439,endothelial cell of lymphatic vessel,CL:0002138,NCAM1,1,UCHL1; CD274; NCAM1,HGNC:12513; HGNC:17635; HGNC:7656,https://doi.org/10.1007/978-1-4939-0897-4_3
large-intestine,736,large intestine smooth muscle longitudinal layer,http://purl.obolibrary.org/obo/UBERON_0012399,endothelial cell of venule,CL:1000414,CD36,1,CD34; CD36; PECAM1,HGNC:1662; HGNC:1663; HGNC:8823,https://doi.org/10.1007/978-1-4939-0897-4_3
large-intestine,729,myenteric nerve plexus,http://purl.obolibrary.org/obo/UBERON_0002439,endothelial cell of venule,CL:1000414,CD36,1,CD34; CD36; PECAM1,HGNC:1662; HGNC:1663; HGNC:8823,https://doi.org/10.1007/978-1-4939-0897-4_3
large-intestine,742,subserosa,http://purl.obolibrary.org/obo/UBERON_0012375,endothelial cell of venule,CL:1000414,CD36,1,CD34; CD36; PECAM1,HGNC:1662; HGNC:1663; HGNC:8823,ISBN:978-1496398949
large-intestine,735,large intestine smooth muscle longitudinal layer,http://purl.obolibrary.org/obo/UBERON_0012399,endothelial cell of arteriole,CL:1000412,CD36,1,CD34; CD36; PECAM1,HGNC:1662; HGNC:1663; HGNC:8823,https://doi.org/10.1007/978-1-4939-0897-4_3
large-intestine,728,myenteric nerve plexus,http://purl.obolibrary.org/obo/UBERON_0002439,endothelial cell of arteriole,CL:1000412,CD36,1,CD34; CD36; PECAM1,HGNC:1662; HGNC:1663; HGNC:8823,https://doi.org/10.1007/978-1-4939-0897-4_3
large-intestine,741,subserosa,http://purl.obolibrary.org/obo/UBERON_0012375,endothelial cell of arteriole,CL:1000412,CD36,1,CD34; CD36; PECAM1,HGNC:1662; HGNC:1663; HGNC:8823,ISBN:978-1496398949
large-intestine,757,epithelium of crypt of Lieberkuhn,http://purl.obolibrary.org/obo/UBERON_0011184,transit amplifying cell of colon,CL:0009011,KRT20,1,KRT20,HGNC:20412,https://doi.org/10.1038/s42003-020-01181-z
large-intestine,753,epithelium of crypt of Lieberkuhn,http://purl.obolibrary.org/obo/UBERON_0011184,paneth cell of colon,CL:0009009,DEFA5,1,DEFA5,HGNC:2764,https://doi.org/10.1016/j.humpath.2008.12.003
large-intestine,315,subserosa,http://purl.obolibrary.org/obo/UBERON_0012375,adipocyte,CL:0000136,BID,1,BID,HGNC:1050,ISBN:978-1496398949
large-intestine,322,epithelium of crypt of Lieberkuhn,http://purl.obolibrary.org/obo/UBERON_0011184,neuroendocrine cell,CL:0000165,CHGA,1,SYP; CHGA; INSL5; INSM1,HGNC:11506; HGNC:1929; HGNC:6088; HGNC:6090,https://doi.org/10.1159/000501521; https://doi.org/10.3892/or.2012.2119
large-intestine,724,myenteric nerve plexus,http://purl.obolibrary.org/obo/UBERON_0002439,interstitial cell of Cajal,CL:0002088,KIT,1,KIT; CD34,HGNC:6342; HGNC:1662,https://doi.org/10.1007/978-1-4939-0897-4_3
large-intestine,498,submucous nerve plexus,http://purl.obolibrary.org/obo/UBERON_0005304,Schwann cell,CL:0002573,BID,1,BID; BST2; UCHL1,HGNC:1050; HGNC:1119; HGNC:12513,PMCID:PMC1256735
large-intestine,676,gut-associated lymphoid tissue,http://purl.obolibrary.org/obo/UBERON_0001962,plasma cell,CL:0000786,SDC1,1,SDC1,HGNC:10658,https://doi.org/10.1016/j.immuni.2020.02.001
large-intestine,682,gut-associated lymphoid tissue,http://purl.obolibrary.org/obo/UBERON_0001962,mast cell,CL:0000097,KIT,1,SLC16A1; KIT,HGNC:10922; HGNC:6342,https://doi.org/10.1016/j.immuni.2020.02.001
large-intestine,673,gut-associated lymphoid tissue,http://purl.obolibrary.org/obo/UBERON_0001962,endothelial cell of lymphatic vessel,CL:0002138,LYVE1,1,LYVE1,HGNC:14687,https://doi.org/10.1007/978-1-4939-0897-4_3
large-intestine,775,gut-associated lymphoid tissue,http://purl.obolibrary.org/obo/UBERON_0001962,lymphocyte of large intestine lamina propria,CL:0009018,MS4A1,1,CD19; MS4A1; CD79A; CR2,HGNC:1633; HGNC:7315; HGNC:1698; HGNC:2336,https://doi.org/10.1016/j.immuni.2020.02.001
large-intestine,675,gut-associated lymphoid tissue,http://purl.obolibrary.org/obo/UBERON_0001962,lymphocyte of large intestine lamina propria,CL:0009018,MS4A1,1,CD19; MS4A1; CD79A; CR2,HGNC:1633; HGNC:7315; HGNC:1698; HGNC:2336,https://doi.org/10.1016/j.immuni.2020.02.001
large-intestine,500,submucosa of colon,http://purl.obolibrary.org/obo/UBERON_0003331,interstitial cell of Cajal,CL:0002088,KIT,1,CD34; KIT,HGNC:1662; HGNC:6342,https://doi.org/10.1007/978-1-4939-0897-4_3; https://doi.org/10.1152/ajpgi.00432.2011
large-intestine,504,large intestine smooth muscle circular layer,http://purl.obolibrary.org/obo/UBERON_0012398,endothelial cell of arteriole,CL:1000412,CD36,1,CD34; CD36; PECAM1,HGNC:1662; HGNC:1663; HGNC:8823,https://doi.org/10.1007/978-1-4939-0897-4_3
large-intestine,684,gut-associated lymphoid tissue,http://purl.obolibrary.org/obo/UBERON_0001962,lymphocyte of large intestine lamina propria,CL:0009018,NCAM1,1,B3GAT1; KLRK1; ITGAX; NCAM1,HGNC:921; HGNC:18788; HGNC:6152; HGNC:7656,https://doi.org/10.1016/j.immuni.2020.02.001
large-intestine,685,gut-associated lymphoid tissue,http://purl.obolibrary.org/obo/UBERON_0001962,dendritic cell,CL:0000451,CD74,1,CD74; IL3RA; ITGAX,HGNC:1697; HGNC:6012; HGNC:6152,https://doi.org/10.1016/j.immuni.2020.02.001
large-intestine,69,gut-associated lymphoid tissue,http://purl.obolibrary.org/obo/UBERON_0001962,lymphocyte of large intestine lamina propria,CL:0009018,MS4A1,1,CD79A; CR2; CD19; MS4A1,HGNC:1698; HGNC:2336; HGNC:1633; HGNC:7315,https://doi.org/10.1007/978-1-4939-0897-4_3
large-intestine,714,submucous nerve plexus,http://purl.obolibrary.org/obo/UBERON_0005304,Schwann cell,CL:0002573,BID,1,BID; BST2; UCHL1,HGNC:1050; HGNC:1119; HGNC:12513,PMCID:PMC1256735
large-intestine,72,submucous nerve plexus,http://purl.obolibrary.org/obo/UBERON_0005304,Schwann cell,CL:0002573,BID,1,BID; BST2; UCHL1,HGNC:1050; HGNC:1119; HGNC:12513,PMCID:PMC1256735
large-intestine,705,gut-associated lymphoid tissue,http://purl.obolibrary.org/obo/UBERON_0001962,endothelial cell of lymphatic vessel,CL:0002138,LYVE1,1,LYVE1,HGNC:14687,https://doi.org/10.1007/978-1-4939-0897-4_3
large-intestine,721,large intestine smooth muscle circular layer,http://purl.obolibrary.org/obo/UBERON_0012398,endothelial cell of venule,CL:1000414,CD36,1,CD34; CD36; PECAM1,HGNC:1662; HGNC:1663; HGNC:8823,https://doi.org/10.1007/978-1-4939-0897-4_3
large-intestine,696,submucosa of colon,http://purl.obolibrary.org/obo/UBERON_0003331,endothelial cell of venule,CL:1000414,CD36,1,CD34; CD36; PECAM1,HGNC:1662; HGNC:1663; HGNC:8823,ISBN:978-1496398949
large-intestine,720,large intestine smooth muscle circular layer,http://purl.obolibrary.org/obo/UBERON_0012398,endothelial cell of arteriole,CL:1000412,CD36,1,CD34; CD36; PECAM1,HGNC:1662; HGNC:1663; HGNC:8823,https://doi.org/10.1007/978-1-4939-0897-4_3
large-intestine,695,submucosa of colon,http://purl.obolibrary.org/obo/UBERON_0003331,endothelial cell of arteriole,CL:1000412,CD36,1,CD34; CD36; PECAM1,HGNC:1662; HGNC:1663; HGNC:8823,ISBN:978-1496398949
large-intestine,703,gut-associated lymphoid tissue,http://purl.obolibrary.org/obo/UBERON_0001962,lymphocyte of large intestine lamina propria,CL:0009018,NCAM1,1,B3GAT1; KLRK1; ITGAX; NCAM1,HGNC:921; HGNC:18788; HGNC:6152; HGNC:7656,https://doi.org/10.1007/978-1-4939-0897-4_3
large-intestine,305,large intestine smooth muscle longitudinal layer,http://purl.obolibrary.org/obo/UBERON_0012399,Schwann cell,CL:0002573,BID,1,BID; BST2; UCHL1,HGNC:1050; HGNC:1119; HGNC:12513,https://doi.org/10.1007/978-1-4939-0897-4_3
large-intestine,602,submucous nerve plexus,http://purl.obolibrary.org/obo/UBERON_0005304,Schwann cell,CL:0002573,BID,1,BID; BST2; UCHL1,HGNC:1050; HGNC:1119; HGNC:12513,PMCID:PMC1256735
large-intestine,311,subserosa,http://purl.obolibrary.org/obo/UBERON_0012375,Schwann cell,CL:0002573,BID,1,BID; BST2; UCHL1,HGNC:1050; HGNC:1119; HGNC:12513,ISBN:978-1496398949
large-intestine,301,myenteric nerve plexus,http://purl.obolibrary.org/obo/UBERON_0002439,endothelial cell of lymphatic vessel,CL:0002138,NCAM1,1,UCHL1; CD274; NCAM1,HGNC:12513; HGNC:17635; HGNC:7656,https://doi.org/10.1007/978-1-4939-0897-4_3
large-intestine,32,gut-associated lymphoid tissue,http://purl.obolibrary.org/obo/UBERON_0001962,endothelial cell of lymphatic vessel,CL:0002138,LYVE1,1,LYVE1,HGNC:14687,https://doi.org/10.1007/978-1-4939-0897-4_3
large-intestine,597,gut-associated lymphoid tissue,http://purl.obolibrary.org/obo/UBERON_0001962,endothelial cell of lymphatic vessel,CL:0002138,LYVE1,1,LYVE1,HGNC:14687,https://doi.org/10.1007/978-1-4939-0897-4_3
large-intestine,601,gut-associated lymphoid tissue,http://purl.obolibrary.org/obo/UBERON_0001962,lymphocyte of large intestine lamina propria,CL:0009018,MS4A1,1,CD19; MS4A1; CD79A; CR2,HGNC:1633; HGNC:7315; HGNC:1698; HGNC:2336,https://doi.org/10.1007/978-1-4939-0897-4_3
large-intestine,307,large intestine smooth muscle longitudinal layer,http://purl.obolibrary.org/obo/UBERON_0012399,endothelial cell of venule,CL:1000414,CD36,1,CD34; CD36; PECAM1,HGNC:1662; HGNC:1663; HGNC:8823,https://doi.org/10.1007/978-1-4939-0897-4_3
large-intestine,313,subserosa,http://purl.obolibrary.org/obo/UBERON_0012375,endothelial cell of venule,CL:1000414,CD36,1,CD34; CD36; PECAM1,HGNC:1662; HGNC:1663; HGNC:8823,ISBN:978-1496398949
large-intestine,306,large intestine smooth muscle longitudinal layer,http://purl.obolibrary.org/obo/UBERON_0012399,endothelial cell of arteriole,CL:1000412,CD36,1,CD34; CD36; PECAM1,HGNC:1662; HGNC:1663; HGNC:8823,https://doi.org/10.1007/978-1-4939-0897-4_3
large-intestine,312,subserosa,http://purl.obolibrary.org/obo/UBERON_0012375,endothelial cell of arteriole,CL:1000412,CD36,1,CD34; CD36; PECAM1,HGNC:1662; HGNC:1663; HGNC:8823,ISBN:978-1496398949
large-intestine,31,gut-associated lymphoid tissue,http://purl.obolibrary.org/obo/UBERON_0001962,lymphocyte of large intestine lamina propria,CL:0009018,NCAM1,1,CD7; B3GAT1; KLRK1; ITGAX; NCAM1,HGNC:1695; HGNC:921; HGNC:18788; HGNC:6152; HGNC:7656,https://doi.org/10.1016/j.immuni.2020.02.001
large-intestine,596,gut-associated lymphoid tissue,http://purl.obolibrary.org/obo/UBERON_0001962,dendritic cell,CL:0000451,CD74,1,CD74; IL3RA; ITGAX,HGNC:1697; HGNC:6012; HGNC:6152,https://doi.org/10.1007/978-1-4939-0897-4_3
large-intestine,321,epithelium of crypt of Lieberkuhn,http://purl.obolibrary.org/obo/UBERON_0011184,paneth cell of colon,CL:0009009,DEFA5,1,DEFA5,HGNC:2764,https://doi.org/10.1016/j.humpath.2008.12.003
large-intestine,51,submucosa of colon,http://purl.obolibrary.org/obo/UBERON_0003331,adipocyte,CL:0000136,BID,1,BID,HGNC:1050,ISBN:978-1496398949
large-intestine,275,gut-associated lymphoid tissue,http://purl.obolibrary.org/obo/UBERON_0001962,dendritic cell,CL:0000451,CD74,1,CD74; IL3RA; ITGAX,HGNC:1697; HGNC:6012; HGNC:6152,https://doi.org/10.1007/978-1-4939-0897-4_3
large-intestine,274,gut-associated lymphoid tissue,http://purl.obolibrary.org/obo/UBERON_0001962,lymphocyte of large intestine lamina propria,CL:0009018,NCAM1,1,B3GAT1; KLRK1; ITGAX; NCAM1,HGNC:921; HGNC:18788; HGNC:6152; HGNC:7656,https://doi.org/10.1007/978-1-4939-0897-4_3
large-intestine,65,gut-associated lymphoid tissue,http://purl.obolibrary.org/obo/UBERON_0001962,endothelial cell of lymphatic vessel,CL:0002138,LYVE1,1,LYVE1,HGNC:14687,https://doi.org/10.1007/978-1-4939-0897-4_3
large-intestine,658,lamina propria of mucosa of colon,http://purl.obolibrary.org/obo/UBERON_0007177,capillary endothelial cell,CL:0002144,CD36,1,CD34; CD36; PECAM1,HGNC:1662; HGNC:1663; HGNC:8823,https://doi.org/10.1034/j.1600-065x.2003.00072.x; https://doi.org/10.1111/j.1440-1827.1989.tb02421.x
large-intestine,64,gut-associated lymphoid tissue,http://purl.obolibrary.org/obo/UBERON_0001962,dendritic cell,CL:0000451,CD74,1,CD74; IL3RA; ITGAX,HGNC:1697; HGNC:6012; HGNC:6152,https://doi.org/10.1007/978-1-4939-0897-4_3
large-intestine,649,epithelium of crypt of Lieberkuhn,http://purl.obolibrary.org/obo/UBERON_0011184,transit amplifying cell of colon,CL:0009011,KRT20,1,KRT20,HGNC:20412,https://doi.org/10.1038/s42003-020-01181-z
large-intestine,645,epithelium of crypt of Lieberkuhn,http://purl.obolibrary.org/obo/UBERON_0011184,paneth cell of colon,CL:0009009,DEFA5,1,DEFA5,HGNC:2764,https://doi.org/10.1016/j.humpath.2008.12.003
large-intestine,1163,large intestine smooth muscle longitudinal layer,http://purl.obolibrary.org/obo/UBERON_0012399,fibroblast,CL:0000057,COL6A2; COL6A1,2,COL6A1; COL6A2,HGNC:2211; HGNC:2212,https://doi.org/10.1007/978-1-4939-0897-4_3
large-intestine,22,lamina propria of mucosa of colon,http://purl.obolibrary.org/obo/UBERON_0007177,Schwann cell,CL:0002573,BID; NCAM1,2,BID; UCHL1; NCAM1,HGNC:1050; HGNC:12513; HGNC:7656,https://doi.org/10.1034/j.1600-065x.2003.00072.x; https://doi.org/10.1111/j.1440-1827.1989.tb02421.x
large-intestine,211,serosa of colon,http://purl.obolibrary.org/obo/UBERON_0003335,mesothelial cell of visceral peritoneum,CL:1000457,KRT18; KRT8,2,CALB2; KRT18; KRT8,HGNC:1435; HGNC:6430; HGNC:6446,ISBN:978-1496398949
large-intestine,2,colonic epithelium,http://purl.obolibrary.org/obo/UBERON_0000397,large intestine crypt goblet cell,CL:1000321,KRT20; MUC2,2,KRT20; MUC2,HGNC:20412; HGNC:7512,https://doi.org/10.1038/s42003-020-01181-z
large-intestine,213,colonic epithelium,http://purl.obolibrary.org/obo/UBERON_0000397,large intestine crypt goblet cell,CL:1000321,KRT20; MUC2,2,KRT20; MUC2,HGNC:20412; HGNC:7512,https://doi.org/10.1038/s42003-020-01181-z
large-intestine,218,epithelium of crypt of Lieberkuhn,http://purl.obolibrary.org/obo/UBERON_0011184,large intestine crypt goblet cell,CL:1000321,KRT20; MUC2,2,KRT20; MUC2,HGNC:20412; HGNC:7512,https://doi.org/10.1038/s42003-020-01181-z
large-intestine,21,lamina propria of mucosa of colon,http://purl.obolibrary.org/obo/UBERON_0007177,fibroblast,CL:0000057,COL6A2; COL6A1,2,COL6A1; COL6A2,HGNC:2211; HGNC:2212,https://doi.org/10.1034/j.1600-065x.2003.00072.x; https://doi.org/10.1111/j.1440-1827.1989.tb02421.x
large-intestine,204,subserosa,http://purl.obolibrary.org/obo/UBERON_0012375,fibroblast,CL:0000057,COL6A1; COL6A2,2,COL6A1; COL6A2,HGNC:2211; HGNC:2212,ISBN:978-1496398949
large-intestine,1117,muscularis mucosae of colon,http://purl.obolibrary.org/obo/UBERON_0007178,fibroblast,CL:0000057,COL6A1; COL6A2,2,COL6A2; COL6A1,HGNC:2212; HGNC:2211,ISBN:978-1496398949
large-intestine,198,large intestine smooth muscle longitudinal layer,http://purl.obolibrary.org/obo/UBERON_0012399,fibroblast,CL:0000057,COL6A1; COL6A2,2,COL6A2; COL6A1,HGNC:2212; HGNC:2211,https://doi.org/10.1007/978-1-4939-0897-4_3
large-intestine,909,submucosa of colon,http://purl.obolibrary.org/obo/UBERON_0003331,fibroblast,CL:0000057,COL6A1; COL6A2,2,COL6A1; COL6A2,HGNC:2211; HGNC:2212,isBN:978-1496398949
large-intestine,903,muscularis mucosae of colon,http://purl.obolibrary.org/obo/UBERON_0007178,fibroblast,CL:0000057,COL6A1; COL6A2,2,COL6A1; COL6A2,HGNC:2211; HGNC:2212,isBN:978-1496398949
large-intestine,902,gut-associated lymphoid tissue,http://purl.obolibrary.org/obo/UBERON_0001962,lymphocyte of large intestine lamina propria,CL:0009018,IL7R; KIT,2,IL7R; KIT; KLRB1,HGNC:6024; HGNC:6342; HGNC:6373,https://doi.org/10.1016/j.immuni.2020.02.001
large-intestine,78,large intestine smooth muscle circular layer,http://purl.obolibrary.org/obo/UBERON_0012398,fibroblast,CL:0000057,COL6A1; COL6A2,2,COL6A1; COL6A2,HGNC:2211; HGNC:2212,https://doi.org/10.1007/978-1-4939-0897-4_3
large-intestine,108,colonic epithelium,http://purl.obolibrary.org/obo/UBERON_0000397,large intestine crypt goblet cell,CL:1000321,KRT20; MUC2,2,KRT20; MUC2,HGNC:20412; HGNC:7512,https://doi.org/10.1038/s42003-020-01181-z
large-intestine,234,lamina propria of mucosa of colon,http://purl.obolibrary.org/obo/UBERON_0007177,Schwann cell,CL:0002573,BID; NCAM1,2,BID; UCHL1; NCAM1,HGNC:1050; HGNC:12513; HGNC:7656,https://doi.org/10.1034/j.1600-065x.2003.00072.x; https://doi.org/10.1111/j.1440-1827.1989.tb02421.x
large-intestine,233,lamina propria of mucosa of colon,http://purl.obolibrary.org/obo/UBERON_0007177,fibroblast,CL:0000057,COL6A1; COL6A2,2,COL6A1; COL6A2,HGNC:2211; HGNC:2212,https://doi.org/10.1034/j.1600-065x.2003.00072.x; https://doi.org/10.1111/j.1440-1827.1989.tb02421.x
large-intestine,212,colonic epithelium,http://purl.obolibrary.org/obo/UBERON_0000397,enterocyte of epithelium of large intestine,CL:0002071,BEST4; KRT20,2,BEST4; KRT20,HGNC:17106; HGNC:20412,https://doi.org/10.1038/s42003-020-01181-z
large-intestine,217,epithelium of crypt of Lieberkuhn,http://purl.obolibrary.org/obo/UBERON_0011184,enterocyte of epithelium of large intestine,CL:0002071,BEST4; KRT20,2,BEST4; KRT20,HGNC:17106; HGNC:20412,https://doi.org/10.1038/s42003-020-01181-z
large-intestine,1,colonic epithelium,http://purl.obolibrary.org/obo/UBERON_0000397,enterocyte of epithelium of large intestine,CL:0002071,BEST4; KRT20,2,BEST4; KRT20,HGNC:17106; HGNC:20412,https://doi.org/10.1038/s42003-020-01181-z
large-intestine,1157,myenteric nerve plexus,http://purl.obolibrary.org/obo/UBERON_0002439,fibroblast,CL:0000057,COL6A2; COL6A1,2,COL6A1; COL6A2,HGNC:2211; HGNC:2212,https://doi.org/10.1007/978-1-4939-0897-4_3
large-intestine,1010,gut-associated lymphoid tissue,http://purl.obolibrary.org/obo/UBERON_0001962,lymphocyte of large intestine lamina propria,CL:0009018,IL7R; KIT,2,IL7R; KIT; KLRB1,HGNC:6024; HGNC:6342; HGNC:6373,https://doi.org/10.1016/j.immuni.2020.02.001
large-intestine,579,muscularis mucosae of colon,http://purl.obolibrary.org/obo/UBERON_0007178,fibroblast,CL:0000057,COL6A1; COL6A2,2,COL6A1; COL6A2,HGNC:2211; HGNC:2212,ISBN:978-1496398949
large-intestine,112,epithelium of crypt of Lieberkuhn,http://purl.obolibrary.org/obo/UBERON_0011184,enterocyte of epithelium of large intestine,CL:0002071,BEST4; KRT20,2,BEST4; KRT20,HGNC:17106; HGNC:20412,https://doi.org/10.1038/s42003-020-01181-z
large-intestine,113,epithelium of crypt of Lieberkuhn,http://purl.obolibrary.org/obo/UBERON_0011184,large intestine crypt goblet cell,CL:1000321,KRT20; MUC2,2,KRT20; MUC2,HGNC:20412; HGNC:7512,https://doi.org/10.1038/s42003-020-01181-z
large-intestine,1148,large intestine smooth muscle circular layer,http://purl.obolibrary.org/obo/UBERON_0012398,fibroblast,CL:0000057,COL6A1; COL6A2,2,COL6A1; COL6A2,HGNC:2211; HGNC:2212,https://doi.org/10.1007/978-1-4939-0897-4_3
large-intestine,1123,submucosa of anal canal,http://purl.obolibrary.org/obo/UBERON_0003329,fibroblast,CL:0000057,COL6A1; COL6A2,2,COL6A1; COL6A2,HGNC:2211; HGNC:2212,ISBN:978-1496398949
large-intestine,106,serosa of colon,http://purl.obolibrary.org/obo/UBERON_0003335,mesothelial cell of visceral peritoneum,CL:1000457,KRT18; KRT8,2,KRT18; KRT8; CALB2,HGNC:6430; HGNC:6446; HGNC:1435,ISBN:978-1496398949
large-intestine,183,large intestine smooth muscle circular layer,http://purl.obolibrary.org/obo/UBERON_0012398,fibroblast,CL:0000057,COL6A1; COL6A2,2,COL6A1; COL6A2,HGNC:2211; HGNC:2212,https://doi.org/10.1007/978-1-4939-0897-4_3
large-intestine,192,myenteric nerve plexus,http://purl.obolibrary.org/obo/UBERON_0002439,fibroblast,CL:0000057,COL6A2; COL6A1,2,COL6A1; COL6A2,HGNC:2211; HGNC:2212,https://doi.org/10.1007/978-1-4939-0897-4_3
large-intestine,1042,large intestine smooth muscle circular layer,http://purl.obolibrary.org/obo/UBERON_0012398,fibroblast,CL:0000057,COL6A1; COL6A2,2,COL6A1; COL6A2,HGNC:2211; HGNC:2212,https://doi.org/10.1007/978-1-4939-0897-4_3
large-intestine,1017,submucosa of colon,http://purl.obolibrary.org/obo/UBERON_0003331,fibroblast,CL:0000057,COL6A1; COL6A2,2,COL6A1; COL6A2,HGNC:2211; HGNC:2212,ISBN:978-1496398949
large-intestine,1011,muscularis mucosae of colon,http://purl.obolibrary.org/obo/UBERON_0007178,fibroblast,CL:0000057,COL6A2; COL6A1,2,COL6A1; COL6A2,HGNC:2211; HGNC:2212,ISBN:978-1496398949
large-intestine,1092,lamina propria of mucosa of colon,http://purl.obolibrary.org/obo/UBERON_0007177,fibroblast,CL:0000057,COL6A1; COL6A2,2,COL6A1; COL6A2,HGNC:2211; HGNC:2212,https://doi.org/10.1034/j.1600-065x.2003.00072.x; https://doi.org/10.1111/j.1440-1827.1989.tb02421.x
large-intestine,1093,lamina propria of mucosa of colon,http://purl.obolibrary.org/obo/UBERON_0007177,Schwann cell,CL:0002573,BID; NCAM1,2,NCAM1; BID; UCHL1,HGNC:7656; HGNC:1050; HGNC:12513,https://doi.org/10.1034/j.1600-065x.2003.00072.x; https://doi.org/10.1111/j.1440-1827.1989.tb02421.x
large-intestine,1070,serosa of colon,http://purl.obolibrary.org/obo/UBERON_0003335,mesothelial cell of visceral peritoneum,CL:1000457,KRT18; KRT8,2,CALB2; KRT18; KRT8,HGNC:1435; HGNC:6430; HGNC:6446,ISBN:978-1496398949
large-intestine,107,colonic epithelium,http://purl.obolibrary.org/obo/UBERON_0000397,enterocyte of epithelium of large intestine,CL:0002071,BEST4; KRT20,2,BEST4; KRT20,HGNC:17106; HGNC:20412,https://doi.org/10.1038/s42003-020-01181-z
large-intestine,1071,colonic epithelium,http://purl.obolibrary.org/obo/UBERON_0000397,enterocyte of epithelium of large intestine,CL:0002071,BEST4; KRT20,2,BEST4; KRT20,HGNC:17106; HGNC:20412,https://doi.org/10.1038/s42003-020-01181-z
large-intestine,1076,epithelium of crypt of Lieberkuhn,http://purl.obolibrary.org/obo/UBERON_0011184,enterocyte of epithelium of large intestine,CL:0002071,BEST4; KRT20,2,BEST4; KRT20,HGNC:17106; HGNC:20412,https://doi.org/10.1038/s42003-020-01181-z
large-intestine,1072,colonic epithelium,http://purl.obolibrary.org/obo/UBERON_0000397,large intestine crypt goblet cell,CL:1000321,KRT20; MUC2,2,KRT20; MUC2,HGNC:20412; HGNC:7512,https://doi.org/10.1038/s42003-020-01181-z
large-intestine,1077,epithelium of crypt of Lieberkuhn,http://purl.obolibrary.org/obo/UBERON_0011184,large intestine crypt goblet cell,CL:1000321,KRT20; MUC2,2,KRT20; MUC2,HGNC:20412; HGNC:7512,https://doi.org/10.1038/s42003-020-01181-z
large-intestine,1057,large intestine smooth muscle longitudinal layer,http://purl.obolibrary.org/obo/UBERON_0012399,fibroblast,CL:0000057,COL6A1; COL6A2,2,COL6A1; COL6A2,HGNC:2211; HGNC:2212,https://doi.org/10.1007/978-1-4939-0897-4_3
large-intestine,1051,myenteric nerve plexus,http://purl.obolibrary.org/obo/UBERON_0002439,fibroblast,CL:0000057,COL6A1; COL6A2,2,COL6A1; COL6A2,HGNC:2211; HGNC:2212,https://doi.org/10.1007/978-1-4939-0897-4_3
large-intestine,1063,subserosa,http://purl.obolibrary.org/obo/UBERON_0012375,fibroblast,CL:0000057,COL6A1; COL6A2,2,COL6A1; COL6A2,HGNC:2211; HGNC:2212,ISBN:978-1496398949
large-intestine,533,serosa of colon,http://purl.obolibrary.org/obo/UBERON_0003335,mesothelial cell of visceral peritoneum,CL:1000457,KRT18; KRT8,2,CALB2; KRT18; KRT8,HGNC:1435; HGNC:6430; HGNC:6446,ISBN:978-1496398949
large-intestine,534,colonic epithelium,http://purl.obolibrary.org/obo/UBERON_0000397,enterocyte of epithelium of large intestine,CL:0002071,BEST4; KRT20,2,BEST4; KRT20,HGNC:17106; HGNC:20412,https://doi.org/10.1038/s42003-020-01181-z
large-intestine,539,epithelium of crypt of Lieberkuhn,http://purl.obolibrary.org/obo/UBERON_0011184,enterocyte of epithelium of large intestine,CL:0002071,BEST4; KRT20,2,BEST4; KRT20,HGNC:17106; HGNC:20412,https://doi.org/10.1038/s42003-020-01181-z
large-intestine,535,colonic epithelium,http://purl.obolibrary.org/obo/UBERON_0000397,large intestine crypt goblet cell,CL:1000321,KRT20; MUC2,2,KRT20; MUC2,HGNC:20412; HGNC:7512,https://doi.org/10.1038/s42003-020-01181-z
large-intestine,540,epithelium of crypt of Lieberkuhn,http://purl.obolibrary.org/obo/UBERON_0011184,large intestine crypt goblet cell,CL:1000321,KRT20; MUC2,2,KRT20; MUC2,HGNC:20412; HGNC:7512,https://doi.org/10.1038/s42003-020-01181-z
large-intestine,369,submucosa of colon,http://purl.obolibrary.org/obo/UBERON_0003331,fibroblast,CL:0000057,COL6A1; COL6A2,2,COL6A1; COL6A2,HGNC:2211; HGNC:2212,ISBN:978-1496398949
large-intestine,363,muscularis mucosae of colon,http://purl.obolibrary.org/obo/UBERON_0007178,fibroblast,CL:0000057,COL6A1; COL6A2,2,COL6A1; COL6A2,HGNC:2211; HGNC:2212,ISBN:978-1496398949
large-intestine,362,gut-associated lymphoid tissue,http://purl.obolibrary.org/obo/UBERON_0001962,lymphocyte of large intestine lamina propria,CL:0009018,IL7R; KIT,2,IL7R; KIT; KLRB1,HGNC:6024; HGNC:6342; HGNC:6373,https://doi.org/10.1016/j.immuni.2020.02.001
large-intestine,158,submucosa of cecum,http://purl.obolibrary.org/obo/UBERON_0004927,fibroblast,CL:0000057,COL6A1; COL6A2,2,COL6A1; COL6A2,HGNC:2211; HGNC:2212,ISBN:978-1496398949
large-intestine,152,muscularis mucosae of colon,http://purl.obolibrary.org/obo/UBERON_0007178,fibroblast,CL:0000057,COL6A1; COL6A2,2,COL6A1; COL6A2,HGNC:2211; HGNC:2212,ISBN:978-1496398949
large-intestine,151,gut-associated lymphoid tissue,http://purl.obolibrary.org/obo/UBERON_0001962,lymphocyte of large intestine lamina propria,CL:0009018,IL7R; KIT,2,IL7R; KIT; KLRB1,HGNC:6024; HGNC:6342; HGNC:6373,https://doi.org/10.1016/j.immuni.2020.02.001
large-intestine,1252,lamina propria of mucosa of colon,http://purl.obolibrary.org/obo/UBERON_0007177,Schwann cell,CL:0002573,BID; NCAM1,2,BID; UCHL1; NCAM1,HGNC:1050; HGNC:12513; HGNC:7656,https://doi.org/10.1034/j.1600-065x.2003.00072.x; https://doi.org/10.1111/j.1440-1827.1989.tb02421.x
large-intestine,1251,lamina propria of mucosa of colon,http://purl.obolibrary.org/obo/UBERON_0007177,fibroblast,CL:0000057,COL6A2; COL6A1,2,COL6A1; COL6A2,HGNC:2211; HGNC:2212,https://doi.org/10.1034/j.1600-065x.2003.00072.x; https://doi.org/10.1111/j.1440-1827.1989.tb02421.x
large-intestine,1255,submucosa of colon,http://purl.obolibrary.org/obo/UBERON_0003331,fibroblast,CL:0000057,COL6A1; COL6A2,2,COL6A1; COL6A2,HGNC:2211; HGNC:2212,ISBN:978-1496398949
large-intestine,864,epithelium of crypt of Lieberkuhn,http://purl.obolibrary.org/obo/UBERON_0011184,large intestine crypt goblet cell,CL:1000321,KRT20; MUC2,2,KRT20; MUC2,HGNC:20412; HGNC:7512,https://doi.org/10.1038/s42003-020-01181-z
large-intestine,801,submucosa of colon,http://purl.obolibrary.org/obo/UBERON_0003331,fibroblast,CL:0000057,COL6A1; COL6A2,2,COL6A1; COL6A2,HGNC:2211; HGNC:2212,ISBN:978-1496398949
large-intestine,795,muscularis mucosae of colon,http://purl.obolibrary.org/obo/UBERON_0007178,fibroblast,CL:0000057,COL6A1; COL6A2,2,COL6A1; COL6A2,HGNC:2211; HGNC:2212,ISBN:978-1496398949
large-intestine,879,lamina propria of mucosa of colon,http://purl.obolibrary.org/obo/UBERON_0007177,Schwann cell,CL:0002573,BID; NCAM1,2,BID; UCHL1; NCAM1,HGNC:1050; HGNC:12513; HGNC:7656,https://doi.org/10.1034/j.1600-065x.2003.00072.x; https://doi.org/10.1111/j.1440-1827.1989.tb02421.x
large-intestine,878,lamina propria of mucosa of colon,http://purl.obolibrary.org/obo/UBERON_0007177,fibroblast,CL:0000057,COL6A1; COL6A2,2,COL6A1; COL6A2,HGNC:2211; HGNC:2212,https://doi.org/10.1034/j.1600-065x.2003.00072.x; https://doi.org/10.1111/j.1440-1827.1989.tb02421.x
large-intestine,87,myenteric nerve plexus,http://purl.obolibrary.org/obo/UBERON_0002439,fibroblast,CL:0000057,COL6A1; COL6A2,2,COL6A1; COL6A2,HGNC:2211; HGNC:2212,https://doi.org/10.1007/978-1-4939-0897-4_3
large-intestine,794,gut-associated lymphoid tissue,http://purl.obolibrary.org/obo/UBERON_0001962,lymphocyte of large intestine lamina propria,CL:0009018,IL7R; KIT,2,IL7R; KIT; KLRB1,HGNC:6024; HGNC:6342; HGNC:6373,https://doi.org/10.1016/j.immuni.2020.02.001
large-intestine,555,lamina propria of mucosa of colon,http://purl.obolibrary.org/obo/UBERON_0007177,Schwann cell,CL:0002573,BID; NCAM1,2,BID; UCHL1; NCAM1,HGNC:1050; HGNC:12513; HGNC:7656,https://doi.org/10.1034/j.1600-065x.2003.00072.x; https://doi.org/10.1111/j.1440-1827.1989.tb02421.x
large-intestine,554,lamina propria of mucosa of colon,http://purl.obolibrary.org/obo/UBERON_0007177,fibroblast,CL:0000057,COL6A1; COL6A2,2,COL6A1; COL6A2,HGNC:2211; HGNC:2212,https://doi.org/10.1034/j.1600-065x.2003.00072.x; https://doi.org/10.1111/j.1440-1827.1989.tb02421.x
large-intestine,578,gut-associated lymphoid tissue,http://purl.obolibrary.org/obo/UBERON_0001962,lymphocyte of large intestine lamina propria,CL:0009018,IL7R; KIT,2,IL7R; KIT; KLRB1,HGNC:6024; HGNC:6342; HGNC:6373,https://doi.org/10.1016/j.immuni.2020.02.001
large-intestine,1325,connective tissue,http://purl.obolibrary.org/obo/UBERON_0002384,fibroblast,CL:0000057,COL6A1; COL6A2,2,COL6A1; COL6A2,HGNC:2211; HGNC:2212,ISBN:978-1496398949
large-intestine,663,lamina propria of mucosa of colon,http://purl.obolibrary.org/obo/UBERON_0007177,Schwann cell,CL:0002573,BID; NCAM1,2,BID; UCHL1; NCAM1,HGNC:1050; HGNC:12513; HGNC:7656,https://doi.org/10.1111/j.1440-1827.1989.tb02421.x; https://doi.org/10.1034/j.1600-065x.2003.00072.x
large-intestine,409,large intestine smooth muscle longitudinal layer,http://purl.obolibrary.org/obo/UBERON_0012399,fibroblast,CL:0000057,COL6A1; COL6A2,2,COL6A1; COL6A2,HGNC:2211; HGNC:2212,https://doi.org/10.1007/978-1-4939-0897-4_3
large-intestine,403,myenteric nerve plexus,http://purl.obolibrary.org/obo/UBERON_0002439,fibroblast,CL:0000057,COL6A2; COL6A1,2,COL6A1; COL6A2,HGNC:2211; HGNC:2212,https://doi.org/10.1007/978-1-4939-0897-4_3
large-intestine,987,lamina propria of mucosa of colon,http://purl.obolibrary.org/obo/UBERON_0007177,Schwann cell,CL:0002573,BID; NCAM1,2,BID; UCHL1; NCAM1,HGNC:1050; HGNC:12513; HGNC:7656,https://doi.org/10.1034/j.1600-065x.2003.00072.x; https://doi.org/10.1111/j.1440-1827.1989.tb02421.x
large-intestine,986,lamina propria of mucosa of colon,http://purl.obolibrary.org/obo/UBERON_0007177,fibroblast,CL:0000057,COL6A2; COL6A1,2,COL6A1; COL6A2,HGNC:2211; HGNC:2212,https://doi.org/10.1034/j.1600-065x.2003.00072.x; https://doi.org/10.1111/j.1440-1827.1989.tb02421.x
large-intestine,99,subserosa,http://purl.obolibrary.org/obo/UBERON_0012375,fibroblast,CL:0000057,COL6A2; COL6A1,2,COL6A1; COL6A2,HGNC:2211; HGNC:2212,ISBN:978-1496398949
large-intestine,338,lamina propria of mucosa of colon,http://purl.obolibrary.org/obo/UBERON_0007177,fibroblast,CL:0000057,COL6A1; COL6A2,2,COL6A1; COL6A2,HGNC:2211; HGNC:2212,https://doi.org/10.1034/j.1600-065x.2003.00072.x; https://doi.org/10.1111/j.1440-1827.1989.tb02421.x
large-intestine,1116,gut-associated lymphoid tissue,http://purl.obolibrary.org/obo/UBERON_0001962,lymphocyte of large intestine lamina propria,CL:0009018,IL7R; KIT,2,IL7R; KIT; KLRB1,HGNC:6024; HGNC:6342; HGNC:6373,https://doi.org/10.1016/j.immuni.2020.02.001
large-intestine,857,serosa of colon,http://purl.obolibrary.org/obo/UBERON_0003335,mesothelial cell of visceral peritoneum,CL:1000457,KRT8; KRT18,2,CALB2; KRT18; KRT8,HGNC:1435; HGNC:6430; HGNC:6446,isBN:978-1496398949
large-intestine,858,colonic epithelium,http://purl.obolibrary.org/obo/UBERON_0000397,enterocyte of epithelium of large intestine,CL:0002071,BEST4; KRT20,2,BEST4; KRT20,HGNC:17106; HGNC:20412,https://doi.org/10.1038/s42003-020-01181-z
large-intestine,859,colonic epithelium,http://purl.obolibrary.org/obo/UBERON_0000397,large intestine crypt goblet cell,CL:1000321,KRT20; MUC2,2,KRT20; MUC2,HGNC:20412; HGNC:7512,https://doi.org/10.1038/s42003-020-01181-z
large-intestine,826,large intestine smooth muscle circular layer,http://purl.obolibrary.org/obo/UBERON_0012398,fibroblast,CL:0000057,COL6A1; COL6A2,2,COL6A1; COL6A2,HGNC:2211; HGNC:2212,https://doi.org/10.1007/978-1-4939-0897-4_3
large-intestine,841,large intestine smooth muscle longitudinal layer,http://purl.obolibrary.org/obo/UBERON_0012399,fibroblast,CL:0000057,COL6A1; COL6A2,2,COL6A1; COL6A2,HGNC:2211; HGNC:2212,https://doi.org/10.1007/978-1-4939-0897-4_3
large-intestine,835,myenteric nerve plexus,http://purl.obolibrary.org/obo/UBERON_0002439,fibroblast,CL:0000057,COL6A1; COL6A2,2,COL6A1; COL6A2,HGNC:2211; HGNC:2212,https://doi.org/10.1007/978-1-4939-0897-4_3
large-intestine,847,subserosa,http://purl.obolibrary.org/obo/UBERON_0012375,fibroblast,CL:0000057,COL6A1; COL6A2,2,COL6A1; COL6A2,HGNC:2211; HGNC:2212,isBN:978-1496398949
large-intestine,1189,lamina propria of mucosa of colon,http://purl.obolibrary.org/obo/UBERON_0007177,Schwann cell,CL:0002573,BID; NCAM1,2,BID; UCHL1; NCAM1,HGNC:1050; HGNC:12513; HGNC:7656,https://doi.org/10.1034/j.1600-065x.2003.00072.x; https://doi.org/10.1111/j.1440-1827.1989.tb02421.x
large-intestine,1188,lamina propria of mucosa of colon,http://purl.obolibrary.org/obo/UBERON_0007177,fibroblast,CL:0000057,COL6A1; COL6A2,2,COL6A1; COL6A2,HGNC:2211; HGNC:2212,https://doi.org/10.1034/j.1600-065x.2003.00072.x; https://doi.org/10.1111/j.1440-1827.1989.tb02421.x
large-intestine,1195,submucosa of colon,http://purl.obolibrary.org/obo/UBERON_0003331,fibroblast,CL:0000057,COL6A1; COL6A2,2,COL6A1; COL6A2,HGNC:2211; HGNC:2212,ISBN:978-1496398949
large-intestine,1192,gland of anal canal,http://purl.obolibrary.org/obo/UBERON_0004760,transitional epithelial cell,CL:0000244,KRT19; KRT7,2,KRT19; KRT7,HGNC:6436; HGNC:6445,ISBN:978-1496398949
large-intestine,585,submucosa of colon,http://purl.obolibrary.org/obo/UBERON_0003331,fibroblast,CL:0000057,COL6A1; COL6A2,2,COL6A1; COL6A2,HGNC:2211; HGNC:2212,ISBN:978-1496398949
large-intestine,934,large intestine smooth muscle circular layer,http://purl.obolibrary.org/obo/UBERON_0012398,fibroblast,CL:0000057,COL6A1; COL6A2,2,COL6A1; COL6A2,HGNC:2211; HGNC:2212,https://doi.org/10.1007/978-1-4939-0897-4_3
large-intestine,93,large intestine smooth muscle longitudinal layer,http://purl.obolibrary.org/obo/UBERON_0012399,fibroblast,CL:0000057,COL6A2; COL6A1,2,COL6A1; COL6A2,HGNC:2211; HGNC:2212,https://doi.org/10.1007/978-1-4939-0897-4_3
large-intestine,863,epithelium of crypt of Lieberkuhn,http://purl.obolibrary.org/obo/UBERON_0011184,enterocyte of epithelium of large intestine,CL:0002071,BEST4; KRT20,2,BEST4; KRT20,HGNC:17106; HGNC:20412,https://doi.org/10.1038/s42003-020-01181-z
large-intestine,339,lamina propria of mucosa of colon,http://purl.obolibrary.org/obo/UBERON_0007177,Schwann cell,CL:0002573,BID; NCAM1,2,NCAM1; BID; UCHL1,HGNC:7656; HGNC:1050; HGNC:12513,https://doi.org/10.1034/j.1600-065x.2003.00072.x; https://doi.org/10.1111/j.1440-1827.1989.tb02421.x
large-intestine,1169,subserosa,http://purl.obolibrary.org/obo/UBERON_0012375,fibroblast,CL:0000057,COL6A2; COL6A1,2,COL6A1; COL6A2,HGNC:2211; HGNC:2212,ISBN:978-1496398949
large-intestine,949,large intestine smooth muscle longitudinal layer,http://purl.obolibrary.org/obo/UBERON_0012399,fibroblast,CL:0000057,COL6A2; COL6A1,2,COL6A1; COL6A2,HGNC:2211; HGNC:2212,https://doi.org/10.1007/978-1-4939-0897-4_3
large-intestine,943,myenteric nerve plexus,http://purl.obolibrary.org/obo/UBERON_0002439,fibroblast,CL:0000057,COL6A1; COL6A2,2,COL6A1; COL6A2,HGNC:2211; HGNC:2212,https://doi.org/10.1007/978-1-4939-0897-4_3
large-intestine,955,subserosa,http://purl.obolibrary.org/obo/UBERON_0012375,fibroblast,CL:0000057,COL6A1; COL6A2,2,COL6A1; COL6A2,HGNC:2211; HGNC:2212,ISBN:978-1496398949
large-intestine,1307,connective tissue,http://purl.obolibrary.org/obo/UBERON_0002384,fibroblast,CL:0000057,COL6A2; COL6A1,2,COL6A1; COL6A2,HGNC:2211; HGNC:2212,ISBN:978-1496398949
large-intestine,1290,adventitia,http://purl.obolibrary.org/obo/UBERON_0005742,fibroblast,CL:0000057,COL6A2; COL6A1,2,COL6A1; COL6A2,HGNC:2211; HGNC:2212,ISBN:978-1496398949
large-intestine,1284,large intestine smooth muscle longitudinal layer,http://purl.obolibrary.org/obo/UBERON_0012399,fibroblast,CL:0000057,COL6A2; COL6A1,2,COL6A1; COL6A2,HGNC:2211; HGNC:2212,https://doi.org/10.1007/978-1-4939-0897-4_3
large-intestine,1278,myenteric nerve plexus,http://purl.obolibrary.org/obo/UBERON_0002439,fibroblast,CL:0000057,COL6A1; COL6A2,2,COL6A1; COL6A2,HGNC:2211; HGNC:2212,https://doi.org/10.1007/978-1-4939-0897-4_3
large-intestine,1239,anal canal epithelium,http://purl.obolibrary.org/obo/UBERON_0015716,melanocyte,CL:0000148,S100B; MLANA,2,S100B; BST2; SOX10; MLANA,HGNC:10500; HGNC:1119; HGNC:11190; HGNC:7124,ISBN:978-1496398949
large-intestine,1240,anal canal epithelium,http://purl.obolibrary.org/obo/UBERON_0015716,Merkel cell,CL:0000242,CHGA; KRT20,2,SYP; CHGA; KRT20,HGNC:11506; HGNC:1929; HGNC:20412,ISBN:978-1496398949
large-intestine,1218,myenteric nerve plexus,http://purl.obolibrary.org/obo/UBERON_0002439,fibroblast,CL:0000057,COL6A1; COL6A2,2,COL6A1; COL6A2,HGNC:2211; HGNC:2212,https://doi.org/10.1007/978-1-4939-0897-4_3
large-intestine,1224,large intestine smooth muscle longitudinal layer,http://purl.obolibrary.org/obo/UBERON_0012399,fibroblast,CL:0000057,COL6A1; COL6A2,2,COL6A2; COL6A1,HGNC:2212; HGNC:2211,https://doi.org/10.1007/978-1-4939-0897-4_3
large-intestine,394,large intestine smooth muscle circular layer,http://purl.obolibrary.org/obo/UBERON_0012398,fibroblast,CL:0000057,COL6A1; COL6A2,2,COL6A1; COL6A2,HGNC:2211; HGNC:2212,https://doi.org/10.1007/978-1-4939-0897-4_3
large-intestine,127,lamina propria of large intestine,http://purl.obolibrary.org/obo/UBERON_0011189,fibroblast,CL:0000057,COL6A1; COL6A2,2,COL6A1; COL6A2,HGNC:2211; HGNC:2212,https://doi.org/10.1034/j.1600-065x.2003.00072.x; https://doi.org/10.1111/j.1440-1827.1989.tb02421.x
large-intestine,1269,large intestine smooth muscle circular layer,http://purl.obolibrary.org/obo/UBERON_0012398,fibroblast,CL:0000057,COL6A1; COL6A2,2,COL6A1; COL6A2,HGNC:2211; HGNC:2212,https://doi.org/10.1007/978-1-4939-0897-4_3
large-intestine,317,serosa of colon,http://purl.obolibrary.org/obo/UBERON_0003335,mesothelial cell of visceral peritoneum,CL:1000457,KRT18; KRT8,2,CALB2; KRT18; KRT8,HGNC:1435; HGNC:6430; HGNC:6446,ISBN:978-1496398949
large-intestine,718,large intestine smooth muscle circular layer,http://purl.obolibrary.org/obo/UBERON_0012398,fibroblast,CL:0000057,COL6A1; COL6A2,2,COL6A1; COL6A2,HGNC:2211; HGNC:2212,https://doi.org/10.1007/978-1-4939-0897-4_3
large-intestine,693,submucosa of colon,http://purl.obolibrary.org/obo/UBERON_0003331,fibroblast,CL:0000057,COL6A1; COL6A2,2,COL6A1; COL6A2,HGNC:2211; HGNC:2212,ISBN:978-1496398949
large-intestine,610,large intestine smooth muscle circular layer,http://purl.obolibrary.org/obo/UBERON_0012398,fibroblast,CL:0000057,COL6A1; COL6A2,2,COL6A1; COL6A2,HGNC:2211; HGNC:2212,https://doi.org/10.1007/978-1-4939-0897-4_3
large-intestine,625,large intestine smooth muscle longitudinal layer,http://purl.obolibrary.org/obo/UBERON_0012399,fibroblast,CL:0000057,COL6A2; COL6A1,2,COL6A1; COL6A2,HGNC:2211; HGNC:2212,https://doi.org/10.1007/978-1-4939-0897-4_3
large-intestine,619,myenteric nerve plexus,http://purl.obolibrary.org/obo/UBERON_0002439,fibroblast,CL:0000057,COL6A1; COL6A2,2,COL6A1; COL6A2,HGNC:2211; HGNC:2212,https://doi.org/10.1007/978-1-4939-0897-4_3
large-intestine,631,subserosa,http://purl.obolibrary.org/obo/UBERON_0012375,fibroblast,CL:0000057,COL6A1; COL6A2,2,COL6A1; COL6A2,HGNC:2211; HGNC:2212,ISBN:978-1496398949
large-intestine,128,lamina propria of large intestine,http://purl.obolibrary.org/obo/UBERON_0011189,Schwann cell,CL:0002573,BID; NCAM1,2,BID; UCHL1; NCAM1,HGNC:1050; HGNC:12513; HGNC:7656,https://doi.org/10.1034/j.1600-065x.2003.00072.x; https://doi.org/10.1111/j.1440-1827.1989.tb02421.x
large-intestine,771,lamina propria of mucosa of colon,http://purl.obolibrary.org/obo/UBERON_0007177,Schwann cell,CL:0002573,BID; NCAM1,2,BID; UCHL1; NCAM1,HGNC:1050; HGNC:12513; HGNC:7656,https://doi.org/10.1034/j.1600-065x.2003.00072.x; https://doi.org/10.1111/j.1440-1827.1989.tb02421.x
large-intestine,770,lamina propria of mucosa of colon,http://purl.obolibrary.org/obo/UBERON_0007177,fibroblast,CL:0000057,COL6A1; COL6A2,2,COL6A1; COL6A2,HGNC:2211; HGNC:2212,https://doi.org/10.1034/j.1600-065x.2003.00072.x; https://doi.org/10.1111/j.1440-1827.1989.tb02421.x
large-intestine,502,large intestine smooth muscle circular layer,http://purl.obolibrary.org/obo/UBERON_0012398,fibroblast,CL:0000057,COL6A1; COL6A2,2,COL6A1; COL6A2,HGNC:2211; HGNC:2212,https://doi.org/10.1007/978-1-4939-0897-4_3
large-intestine,264,submucosa of colon,http://purl.obolibrary.org/obo/UBERON_0003331,fibroblast,CL:0000057,COL6A1; COL6A2,2,COL6A1; COL6A2,HGNC:2211; HGNC:2212,ISBN:978-1496398949
large-intestine,258,muscularis mucosae of colon,http://purl.obolibrary.org/obo/UBERON_0007178,fibroblast,CL:0000057,COL6A1; COL6A2,2,COL6A1; COL6A2,HGNC:2211; HGNC:2212,ISBN:978-1496398949
large-intestine,257,gut-associated lymphoid tissue,http://purl.obolibrary.org/obo/UBERON_0001962,lymphocyte of large intestine lamina propria,CL:0009018,IL7R; KIT,2,IL7R; KIT; KLRB1,HGNC:6024; HGNC:6342; HGNC:6373,https://doi.org/10.1016/j.immuni.2020.02.001
large-intestine,425,serosa of colon,http://purl.obolibrary.org/obo/UBERON_0003335,mesothelial cell of visceral peritoneum,CL:1000457,KRT18; KRT8,2,CALB2; KRT18; KRT8,HGNC:1435; HGNC:6430; HGNC:6446,ISBN:978-1496398949
large-intestine,426,colonic epithelium,http://purl.obolibrary.org/obo/UBERON_0000397,enterocyte of epithelium of large intestine,CL:0002071,BEST4; KRT20,2,BEST4; KRT20,HGNC:17106; HGNC:20412,https://doi.org/10.1038/s42003-020-01181-z
large-intestine,431,epithelium of crypt of Lieberkuhn,http://purl.obolibrary.org/obo/UBERON_0011184,enterocyte of epithelium of large intestine,CL:0002071,BEST4; KRT20,2,BEST4; KRT20,HGNC:17106; HGNC:20412,https://doi.org/10.1038/s42003-020-01181-z
large-intestine,427,colonic epithelium,http://purl.obolibrary.org/obo/UBERON_0000397,large intestine crypt goblet cell,CL:1000321,KRT20; MUC2,2,KRT20; MUC2,HGNC:20412; HGNC:7512,https://doi.org/10.1038/s42003-020-01181-z
large-intestine,432,epithelium of crypt of Lieberkuhn,http://purl.obolibrary.org/obo/UBERON_0011184,large intestine crypt goblet cell,CL:1000321,KRT20; MUC2,2,KRT20; MUC2,HGNC:20412; HGNC:7512,https://doi.org/10.1038/s42003-020-01181-z
large-intestine,415,subserosa,http://purl.obolibrary.org/obo/UBERON_0012375,fibroblast,CL:0000057,COL6A1; COL6A2,2,COL6A1; COL6A2,HGNC:2211; HGNC:2212,ISBN:978-1496398949
large-intestine,447,lamina propria of mucosa of colon,http://purl.obolibrary.org/obo/UBERON_0007177,Schwann cell,CL:0002573,BID; NCAM1,2,BID; UCHL1; NCAM1,HGNC:1050; HGNC:12513; HGNC:7656,https://doi.org/10.1034/j.1600-065x.2003.00072.x; https://doi.org/10.1111/j.1440-1827.1989.tb02421.x
large-intestine,446,lamina propria of mucosa of colon,http://purl.obolibrary.org/obo/UBERON_0007177,fibroblast,CL:0000057,COL6A1; COL6A2,2,COL6A1; COL6A2,HGNC:2211; HGNC:2212,https://doi.org/10.1034/j.1600-065x.2003.00072.x; https://doi.org/10.1111/j.1440-1827.1989.tb02421.x
large-intestine,46,muscularis mucosae of colon,http://purl.obolibrary.org/obo/UBERON_0007178,fibroblast,CL:0000057,COL6A1; COL6A2,2,COL6A1; COL6A2,HGNC:2211; HGNC:2212,ISBN:978-1496398949
large-intestine,45,gut-associated lymphoid tissue,http://purl.obolibrary.org/obo/UBERON_0001962,lymphocyte of large intestine lamina propria,CL:0009018,IL7R; KIT,2,IL7R; KIT; KLRB1,HGNC:6024; HGNC:6342; HGNC:6373,https://doi.org/10.1016/j.immuni.2020.02.001
large-intestine,662,lamina propria of mucosa of colon,http://purl.obolibrary.org/obo/UBERON_0007177,fibroblast,CL:0000057,COL6A1; COL6A2,2,COL6A1; COL6A2,HGNC:2211; HGNC:2212,https://doi.org/10.1034/j.1600-065x.2003.00072.x; https://doi.org/10.1111/j.1440-1827.1989.tb02421.x
large-intestine,477,submucosa of colon,http://purl.obolibrary.org/obo/UBERON_0003331,fibroblast,CL:0000057,COL6A2; COL6A1,2,COL6A1; COL6A2,HGNC:2211; HGNC:2212,ISBN:978-1496398949
large-intestine,471,muscularis mucosae of colon,http://purl.obolibrary.org/obo/UBERON_0007178,fibroblast,CL:0000057,COL6A2; COL6A1,2,COL6A1; COL6A2,HGNC:2211; HGNC:2212,ISBN:978-1496398949
large-intestine,687,muscularis mucosae of colon,http://purl.obolibrary.org/obo/UBERON_0007178,fibroblast,CL:0000057,COL6A2; COL6A1,2,COL6A1; COL6A2,HGNC:2211; HGNC:2212,ISBN:978-1496398949
large-intestine,470,gut-associated lymphoid tissue,http://purl.obolibrary.org/obo/UBERON_0001962,lymphocyte of large intestine lamina propria,CL:0009018,IL7R; KIT,2,IL7R; KIT; KLRB1,HGNC:6024; HGNC:6342; HGNC:6373,https://doi.org/10.1016/j.immuni.2020.02.001
large-intestine,686,gut-associated lymphoid tissue,http://purl.obolibrary.org/obo/UBERON_0001962,lymphocyte of large intestine lamina propria,CL:0009018,IL7R; KIT,2,IL7R; KIT; KLRB1,HGNC:6024; HGNC:6342; HGNC:6373,https://doi.org/10.1016/j.immuni.2020.02.001
large-intestine,965,serosa of colon,http://purl.obolibrary.org/obo/UBERON_0003335,mesothelial cell of visceral peritoneum,CL:1000457,KRT18; KRT8,2,CALB2; KRT18; KRT8,HGNC:1435; HGNC:6430; HGNC:6446,ISBN:978-1496398949
large-intestine,966,colonic epithelium,http://purl.obolibrary.org/obo/UBERON_0000397,enterocyte of epithelium of large intestine,CL:0002071,BEST4; KRT20,2,BEST4; KRT20,HGNC:17106; HGNC:20412,https://doi.org/10.1038/s42003-020-01181-z
large-intestine,971,epithelium of crypt of Lieberkuhn,http://purl.obolibrary.org/obo/UBERON_0011184,enterocyte of epithelium of large intestine,CL:0002071,BEST4; KRT20,2,BEST4; KRT20,HGNC:17106; HGNC:20412,https://doi.org/10.1038/s42003-020-01181-z
large-intestine,967,colonic epithelium,http://purl.obolibrary.org/obo/UBERON_0000397,large intestine crypt goblet cell,CL:1000321,KRT20; MUC2,2,KRT20; MUC2,HGNC:20412; HGNC:7512,https://doi.org/10.1038/s42003-020-01181-z
large-intestine,972,epithelium of crypt of Lieberkuhn,http://purl.obolibrary.org/obo/UBERON_0011184,large intestine crypt goblet cell,CL:1000321,KRT20; MUC2,2,KRT20; MUC2,HGNC:20412; HGNC:7512,https://doi.org/10.1038/s42003-020-01181-z
large-intestine,749,serosa of colon,http://purl.obolibrary.org/obo/UBERON_0003335,mesothelial cell of visceral peritoneum,CL:1000457,KRT18; KRT8,2,CALB2; KRT18; KRT8,HGNC:1435; HGNC:6430; HGNC:6446,ISBN:978-1496398949
large-intestine,750,colonic epithelium,http://purl.obolibrary.org/obo/UBERON_0000397,enterocyte of epithelium of large intestine,CL:0002071,BEST4; KRT20,2,BEST4; KRT20,HGNC:17106; HGNC:20412,https://doi.org/10.1038/s42003-020-01181-z
large-intestine,755,epithelium of crypt of Lieberkuhn,http://purl.obolibrary.org/obo/UBERON_0011184,enterocyte of epithelium of large intestine,CL:0002071,BEST4; KRT20,2,BEST4; KRT20,HGNC:17106; HGNC:20412,https://doi.org/10.1038/s42003-020-01181-z
large-intestine,751,colonic epithelium,http://purl.obolibrary.org/obo/UBERON_0000397,large intestine crypt goblet cell,CL:1000321,KRT20; MUC2,2,KRT20; MUC2,HGNC:20412; HGNC:7512,https://doi.org/10.1038/s42003-020-01181-z
large-intestine,756,epithelium of crypt of Lieberkuhn,http://purl.obolibrary.org/obo/UBERON_0011184,large intestine crypt goblet cell,CL:1000321,KRT20; MUC2,2,KRT20; MUC2,HGNC:20412; HGNC:7512,https://doi.org/10.1038/s42003-020-01181-z
large-intestine,733,large intestine smooth muscle longitudinal layer,http://purl.obolibrary.org/obo/UBERON_0012399,fibroblast,CL:0000057,COL6A1; COL6A2,2,COL6A1; COL6A2,HGNC:2211; HGNC:2212,https://doi.org/10.1007/978-1-4939-0897-4_3
large-intestine,727,myenteric nerve plexus,http://purl.obolibrary.org/obo/UBERON_0002439,fibroblast,CL:0000057,COL6A2; COL6A1,2,COL6A1; COL6A2,HGNC:2211; HGNC:2212,https://doi.org/10.1007/978-1-4939-0897-4_3
large-intestine,739,subserosa,http://purl.obolibrary.org/obo/UBERON_0012375,fibroblast,CL:0000057,COL6A1; COL6A2,2,COL6A1; COL6A2,HGNC:2211; HGNC:2212,ISBN:978-1496398949
large-intestine,304,large intestine smooth muscle longitudinal layer,http://purl.obolibrary.org/obo/UBERON_0012399,fibroblast,CL:0000057,COL6A1; COL6A2,2,COL6A1; COL6A2,HGNC:2211; HGNC:2212,https://doi.org/10.1007/978-1-4939-0897-4_3
large-intestine,310,subserosa,http://purl.obolibrary.org/obo/UBERON_0012375,fibroblast,CL:0000057,COL6A1; COL6A2,2,COL6A1; COL6A2,HGNC:2211; HGNC:2212,ISBN:978-1496398949
large-intestine,7,epithelium of crypt of Lieberkuhn,http://purl.obolibrary.org/obo/UBERON_0011184,large intestine crypt goblet cell,CL:1000321,KRT20; MUC2,2,KRT20; MUC2,HGNC:20412; HGNC:7512,https://doi.org/10.1038/s42003-020-01181-z
large-intestine,323,epithelium of crypt of Lieberkuhn,http://purl.obolibrary.org/obo/UBERON_0011184,enterocyte of epithelium of large intestine,CL:0002071,BEST4; KRT20,2,BEST4; KRT20,HGNC:17106; HGNC:20412,https://doi.org/10.1038/s42003-020-01181-z
large-intestine,6,epithelium of crypt of Lieberkuhn,http://purl.obolibrary.org/obo/UBERON_0011184,enterocyte of epithelium of large intestine,CL:0002071,BEST4; KRT20,2,BEST4; KRT20,HGNC:17106; HGNC:20412,https://doi.org/10.1038/s42003-020-01181-z
large-intestine,324,epithelium of crypt of Lieberkuhn,http://purl.obolibrary.org/obo/UBERON_0011184,large intestine crypt goblet cell,CL:1000321,KRT20; MUC2,2,KRT20; MUC2,HGNC:20412; HGNC:7512,https://doi.org/10.1038/s42003-020-01181-z
large-intestine,517,large intestine smooth muscle longitudinal layer,http://purl.obolibrary.org/obo/UBERON_0012399,fibroblast,CL:0000057,COL6A2; COL6A1,2,COL6A1; COL6A2,HGNC:2211; HGNC:2212,https://doi.org/10.1007/978-1-4939-0897-4_3
large-intestine,511,myenteric nerve plexus,http://purl.obolibrary.org/obo/UBERON_0002439,fibroblast,CL:0000057,COL6A2; COL6A1,2,COL6A1; COL6A2,HGNC:2211; HGNC:2212,https://doi.org/10.1007/978-1-4939-0897-4_3
large-intestine,52,submucosa of colon,http://purl.obolibrary.org/obo/UBERON_0003331,fibroblast,CL:0000057,COL6A2; COL6A1,2,COL6A1; COL6A2,HGNC:2211; HGNC:2212,ISBN:978-1496398949
large-intestine,523,subserosa,http://purl.obolibrary.org/obo/UBERON_0012375,fibroblast,CL:0000057,COL6A1; COL6A2,2,COL6A1; COL6A2,HGNC:2211; HGNC:2212,ISBN:978-1496398949
large-intestine,1230,adventitia,http://purl.obolibrary.org/obo/UBERON_0005742,fibroblast,CL:0000057,COL6A1; COL6A2,2,COL6A1; COL6A2,HGNC:2211; HGNC:2212,ISBN:978-1496398949
large-intestine,1209,large intestine smooth muscle circular layer,http://purl.obolibrary.org/obo/UBERON_0012398,fibroblast,CL:0000057,COL6A1; COL6A2,2,COL6A1; COL6A2,HGNC:2211; HGNC:2212,https://doi.org/10.1007/978-1-4939-0897-4_3
large-intestine,318,colonic epithelium,http://purl.obolibrary.org/obo/UBERON_0000397,enterocyte of epithelium of large intestine,CL:0002071,BEST4; KRT20,2,BEST4; KRT20,HGNC:17106; HGNC:20412,https://doi.org/10.1038/s42003-020-01181-z
large-intestine,319,colonic epithelium,http://purl.obolibrary.org/obo/UBERON_0000397,large intestine crypt goblet cell,CL:1000321,KRT20; MUC2,2,KRT20; MUC2,HGNC:20412; HGNC:7512,https://doi.org/10.1038/s42003-020-01181-z
large-intestine,289,large intestine smooth muscle circular layer,http://purl.obolibrary.org/obo/UBERON_0012398,fibroblast,CL:0000057,COL6A1; COL6A2,2,COL6A1; COL6A2,HGNC:2211; HGNC:2212,https://doi.org/10.1007/978-1-4939-0897-4_3
large-intestine,298,myenteric nerve plexus,http://purl.obolibrary.org/obo/UBERON_0002439,fibroblast,CL:0000057,COL6A1; COL6A2,2,COL6A1; COL6A2,HGNC:2211; HGNC:2212,https://doi.org/10.1007/978-1-4939-0897-4_3
large-intestine,641,serosa of colon,http://purl.obolibrary.org/obo/UBERON_0003335,mesothelial cell of visceral peritoneum,CL:1000457,KRT18; KRT8,2,CALB2; KRT18; KRT8,HGNC:1435; HGNC:6430; HGNC:6446,ISBN:978-1496398949
large-intestine,642,colonic epithelium,http://purl.obolibrary.org/obo/UBERON_0000397,enterocyte of epithelium of large intestine,CL:0002071,BEST4; KRT20,2,BEST4; KRT20,HGNC:17106; HGNC:20412,https://doi.org/10.1038/s42003-020-01181-z
large-intestine,647,epithelium of crypt of Lieberkuhn,http://purl.obolibrary.org/obo/UBERON_0011184,enterocyte of epithelium of large intestine,CL:0002071,BEST4; KRT20,2,BEST4; KRT20,HGNC:17106; HGNC:20412,https://doi.org/10.1038/s42003-020-01181-z
large-intestine,643,colonic epithelium,http://purl.obolibrary.org/obo/UBERON_0000397,large intestine crypt goblet cell,CL:1000321,KRT20; MUC2,2,KRT20; MUC2,HGNC:20412; HGNC:7512,https://doi.org/10.1038/s42003-020-01181-z
large-intestine,648,epithelium of crypt of Lieberkuhn,http://purl.obolibrary.org/obo/UBERON_0011184,large intestine crypt goblet cell,CL:1000321,KRT20; MUC2,2,KRT20; MUC2,HGNC:20412; HGNC:7512,https://doi.org/10.1038/s42003-020-01181-z
large-intestine,214,epithelium of crypt of Lieberkuhn,http://purl.obolibrary.org/obo/UBERON_0011184,intestinal crypt stem cell of large intestine,CL:0009016,CD44; SMOC2; LRIG1,3,SOX9; LGR5; CD44; LRIG1; SMOC2; RGMB,HGNC:11204; HGNC:4504; HGNC:1681; HGNC:17360; HGNC:20323; HGNC:26896,https://doi.org/10.1038/nature06196
large-intestine,887,gut-associated lymphoid tissue,http://purl.obolibrary.org/obo/UBERON_0001962,macrophage,CL:0000235,CD163; CD74; MRC1,3,CD163; ITGAM; CD68; CD74; MRC1,HGNC:1631; HGNC:6149; HGNC:1693; HGNC:1697; HGNC:7228,https://doi.org/10.1016/j.immuni.2020.02.001
large-intestine,896,gut-associated lymphoid tissue,http://purl.obolibrary.org/obo/UBERON_0001962,macrophage,CL:0000235,CD163; CD74; MRC1,3,CD163; ITGAM; CD68; CD74; MRC1,HGNC:1631; HGNC:6149; HGNC:1693; HGNC:1697; HGNC:7228,https://doi.org/10.1016/j.immuni.2020.02.001
large-intestine,779,gut-associated lymphoid tissue,http://purl.obolibrary.org/obo/UBERON_0001962,macrophage,CL:0000235,CD163; CD74; MRC1,3,CD163; ITGAM; CD68; CD74; MRC1,HGNC:1631; HGNC:6149; HGNC:1693; HGNC:1697; HGNC:7228,https://doi.org/10.1016/j.immuni.2020.02.001
large-intestine,788,gut-associated lymphoid tissue,http://purl.obolibrary.org/obo/UBERON_0001962,macrophage,CL:0000235,CD163; CD74; MRC1,3,CD163; ITGAM; CD68; CD74; MRC1,HGNC:1631; HGNC:6149; HGNC:1693; HGNC:1697; HGNC:7228,https://doi.org/10.1016/j.immuni.2020.02.001
large-intestine,1004,gut-associated lymphoid tissue,http://purl.obolibrary.org/obo/UBERON_0001962,macrophage,CL:0000235,CD163; CD74; MRC1,3,CD163; ITGAM; CD68; CD74; MRC1,HGNC:1631; HGNC:6149; HGNC:1693; HGNC:1697; HGNC:7228,https://doi.org/10.1016/j.immuni.2020.02.001
large-intestine,1310,mucosa-associated lymphoid tissue,http://purl.obolibrary.org/obo/UBERON_0001961,macrophage,CL:0000235,CD163; CD74; MRC1,3,CD163; ITGAM; CD68; CD74; MRC1,HGNC:1631; HGNC:6149; HGNC:1693; HGNC:1697; HGNC:7228,https://doi.org/10.1007/978-1-4939-0897-4_3
large-intestine,1132,gut-associated lymphoid tissue,http://purl.obolibrary.org/obo/UBERON_0001962,macrophage,CL:0000235,CD163; CD74; MRC1,3,CD163; ITGAM; CD68; CD74; MRC1,HGNC:1631; HGNC:6149; HGNC:1693; HGNC:1697; HGNC:7228,https://doi.org/10.1007/978-1-4939-0897-4_3
large-intestine,1073,epithelium of crypt of Lieberkuhn,http://purl.obolibrary.org/obo/UBERON_0011184,intestinal crypt stem cell of large intestine,CL:0009016,CD44; SMOC2; LRIG1,3,LRIG1; SMOC2; RGMB; SOX9; LGR5; CD44,HGNC:17360; HGNC:20323; HGNC:26896; HGNC:11204; HGNC:4504; HGNC:1681,https://doi.org/10.1038/nature06196
large-intestine,167,gut-associated lymphoid tissue,http://purl.obolibrary.org/obo/UBERON_0001962,macrophage,CL:0000235,CD163; CD74; MRC1,3,CD163; ITGAM; CD68; CD74; MRC1,HGNC:1631; HGNC:6149; HGNC:1693; HGNC:1697; HGNC:7228,https://doi.org/10.1007/978-1-4939-0897-4_3
large-intestine,1026,gut-associated lymphoid tissue,http://purl.obolibrary.org/obo/UBERON_0001962,macrophage,CL:0000235,CD74; CD163; MRC1,3,CD163; ITGAM; CD68; CD74; MRC1,HGNC:1631; HGNC:6149; HGNC:1693; HGNC:1697; HGNC:7228,https://doi.org/10.1007/978-1-4939-0897-4_3
large-intestine,109,epithelium of crypt of Lieberkuhn,http://purl.obolibrary.org/obo/UBERON_0011184,intestinal crypt stem cell of large intestine,CL:0009016,CD44; SMOC2; LRIG1,3,CD44; LRIG1; SMOC2; RGMB; SOX9; LGR5,HGNC:1681; HGNC:17360; HGNC:20323; HGNC:26896; HGNC:11204; HGNC:4504,https://doi.org/10.1038/nature06196
large-intestine,536,epithelium of crypt of Lieberkuhn,http://purl.obolibrary.org/obo/UBERON_0011184,intestinal crypt stem cell of large intestine,CL:0009016,CD44; SMOC2; LRIG1,3,SOX9; LGR5; CD44; LRIG1; SMOC2; RGMB,HGNC:11204; HGNC:4504; HGNC:1681; HGNC:17360; HGNC:20323; HGNC:26896,https://doi.org/10.1038/nature06196
large-intestine,347,gut-associated lymphoid tissue,http://purl.obolibrary.org/obo/UBERON_0001962,macrophage,CL:0000235,CD163; CD74; MRC1,3,CD163; ITGAM; CD68; CD74; MRC1,HGNC:1631; HGNC:6149; HGNC:1693; HGNC:1697; HGNC:7228,https://doi.org/10.1016/j.immuni.2020.02.001
large-intestine,356,gut-associated lymphoid tissue,http://purl.obolibrary.org/obo/UBERON_0001962,macrophage,CL:0000235,CD163; CD74; MRC1,3,CD163; ITGAM; CD68; CD74; MRC1,HGNC:1631; HGNC:6149; HGNC:1693; HGNC:1697; HGNC:7228,https://doi.org/10.1016/j.immuni.2020.02.001
large-intestine,145,gut-associated lymphoid tissue,http://purl.obolibrary.org/obo/UBERON_0001962,macrophage,CL:0000235,CD163; CD74; MRC1,3,CD163; ITGAM; CD68; CD74; MRC1,HGNC:1631; HGNC:6149; HGNC:1693; HGNC:1697; HGNC:7228,https://doi.org/10.1016/j.immuni.2020.02.001
large-intestine,1101,gut-associated lymphoid tissue,http://purl.obolibrary.org/obo/UBERON_0001962,macrophage,CL:0000235,CD163; CD74; MRC1,3,CD163; ITGAM; CD68; CD74; MRC1,HGNC:1631; HGNC:6149; HGNC:1693; HGNC:1697; HGNC:7228,https://doi.org/10.1016/j.immuni.2020.02.001
large-intestine,1110,gut-associated lymphoid tissue,http://purl.obolibrary.org/obo/UBERON_0001962,macrophage,CL:0000235,CD74; CD163; MRC1,3,CD163; ITGAM; CD68; CD74; MRC1,HGNC:1631; HGNC:6149; HGNC:1693; HGNC:1697; HGNC:7228,https://doi.org/10.1016/j.immuni.2020.02.001
large-intestine,810,gut-associated lymphoid tissue,http://purl.obolibrary.org/obo/UBERON_0001962,macrophage,CL:0000235,CD163; CD74; MRC1,3,CD163; ITGAM; CD68; CD74; MRC1,HGNC:1631; HGNC:6149; HGNC:1693; HGNC:1697; HGNC:7228,https://doi.org/10.1007/978-1-4939-0897-4_3
large-intestine,563,gut-associated lymphoid tissue,http://purl.obolibrary.org/obo/UBERON_0001962,macrophage,CL:0000235,CD163; CD74; MRC1,3,CD163; ITGAM; CD68; CD74; MRC1,HGNC:1631; HGNC:6149; HGNC:1693; HGNC:1697; HGNC:7228,https://doi.org/10.1016/j.immuni.2020.02.001
large-intestine,572,gut-associated lymphoid tissue,http://purl.obolibrary.org/obo/UBERON_0001962,macrophage,CL:0000235,CD163; CD74; MRC1,3,CD163; ITGAM; CD68; CD74; MRC1,HGNC:1631; HGNC:6149; HGNC:1693; HGNC:1697; HGNC:7228,https://doi.org/10.1016/j.immuni.2020.02.001
large-intestine,136,gut-associated lymphoid tissue,http://purl.obolibrary.org/obo/UBERON_0001962,macrophage,CL:0000235,CD163; CD74; MRC1,3,CD163; ITGAM; CD68; CD74; MRC1,HGNC:1631; HGNC:6149; HGNC:1693; HGNC:1697; HGNC:7228,https://doi.org/10.1016/j.immuni.2020.02.001
large-intestine,671,gut-associated lymphoid tissue,http://purl.obolibrary.org/obo/UBERON_0001962,macrophage,CL:0000235,CD74; CD163; MRC1,3,CD163; ITGAM; CD68; CD74; MRC1,HGNC:1631; HGNC:6149; HGNC:1693; HGNC:1697; HGNC:7228,https://doi.org/10.1016/j.immuni.2020.02.001
large-intestine,995,gut-associated lymphoid tissue,http://purl.obolibrary.org/obo/UBERON_0001962,macrophage,CL:0000235,CD163; CD74; MRC1,3,CD163; ITGAM; CD68; CD74; MRC1,HGNC:1631; HGNC:6149; HGNC:1693; HGNC:1697; HGNC:7228,https://doi.org/10.1016/j.immuni.2020.02.001
large-intestine,860,epithelium of crypt of Lieberkuhn,http://purl.obolibrary.org/obo/UBERON_0011184,intestinal crypt stem cell of large intestine,CL:0009016,CD44; SMOC2; LRIG1,3,SOX9; LGR5; CD44; LRIG1; SMOC2; RGMB,HGNC:11204; HGNC:4504; HGNC:1681; HGNC:17360; HGNC:20323; HGNC:26896,https://doi.org/10.1038/nature06196
large-intestine,594,gut-associated lymphoid tissue,http://purl.obolibrary.org/obo/UBERON_0001962,macrophage,CL:0000235,CD74; CD163; MRC1,3,CD163; ITGAM; CD68; CD74; MRC1,HGNC:1631; HGNC:6149; HGNC:1693; HGNC:1697; HGNC:7228,https://doi.org/10.1007/978-1-4939-0897-4_3
large-intestine,918,gut-associated lymphoid tissue,http://purl.obolibrary.org/obo/UBERON_0001962,macrophage,CL:0000235,CD74; CD163; MRC1,3,CD163; ITGAM; CD68; CD74; MRC1,HGNC:1631; HGNC:6149; HGNC:1693; HGNC:1697; HGNC:7228,https://doi.org/10.1007/978-1-4939-0897-4_3
large-intestine,378,gut-associated lymphoid tissue,http://purl.obolibrary.org/obo/UBERON_0001962,macrophage,CL:0000235,CD74; CD163; MRC1,3,CD163; ITGAM; CD68; CD74; MRC1,HGNC:1631; HGNC:6149; HGNC:1693; HGNC:1697; HGNC:7228,https://doi.org/10.1007/978-1-4939-0897-4_3
large-intestine,39,gut-associated lymphoid tissue,http://purl.obolibrary.org/obo/UBERON_0001962,macrophage,CL:0000235,CD163; CD74; MRC1,3,CD163; ITGAM; CD68; CD74; MRC1,HGNC:1631; HGNC:6149; HGNC:1693; HGNC:1697; HGNC:7228,https://doi.org/10.1016/j.immuni.2020.02.001
large-intestine,3,epithelium of crypt of Lieberkuhn,http://purl.obolibrary.org/obo/UBERON_0011184,intestinal crypt stem cell of large intestine,CL:0009016,CD44; SMOC2; LRIG1,3,SOX9; LGR5; CD44; LRIG1; SMOC2; RGMB,HGNC:11204; HGNC:4504; HGNC:1681; HGNC:17360; HGNC:20323; HGNC:26896,https://doi.org/10.1038/nature06196
large-intestine,273,gut-associated lymphoid tissue,http://purl.obolibrary.org/obo/UBERON_0001962,macrophage,CL:0000235,CD163; CD74; MRC1,3,CD163; ITGAM; CD68; CD74; MRC1,HGNC:1631; HGNC:6149; HGNC:1693; HGNC:1697; HGNC:7228,https://doi.org/10.1007/978-1-4939-0897-4_3
large-intestine,30,gut-associated lymphoid tissue,http://purl.obolibrary.org/obo/UBERON_0001962,macrophage,CL:0000235,CD163; CD74; MRC1,3,CD163; ITGAM; CD68; CD74; MRC1,HGNC:1631; HGNC:6149; HGNC:1693; HGNC:1697; HGNC:7228,https://doi.org/10.1016/j.immuni.2020.02.001
large-intestine,702,gut-associated lymphoid tissue,http://purl.obolibrary.org/obo/UBERON_0001962,macrophage,CL:0000235,CD163; CD74; MRC1,3,CD163; ITGAM; CD68; CD74; MRC1,HGNC:1631; HGNC:6149; HGNC:1693; HGNC:1697; HGNC:7228,https://doi.org/10.1007/978-1-4939-0897-4_3
large-intestine,62,gut-associated lymphoid tissue,http://purl.obolibrary.org/obo/UBERON_0001962,macrophage,CL:0000235,CD163; CD74; MRC1,3,ITGAM; CD68; CD74; MRC1; CD163,HGNC:6149; HGNC:1693; HGNC:1697; HGNC:7228; HGNC:1631,https://doi.org/10.1007/978-1-4939-0897-4_3
large-intestine,680,gut-associated lymphoid tissue,http://purl.obolibrary.org/obo/UBERON_0001962,macrophage,CL:0000235,CD74; CD163; MRC1,3,CD163; ITGAM; CD68; CD74; MRC1,HGNC:1631; HGNC:6149; HGNC:1693; HGNC:1697; HGNC:7228,https://doi.org/10.1016/j.immuni.2020.02.001
large-intestine,242,gut-associated lymphoid tissue,http://purl.obolibrary.org/obo/UBERON_0001962,macrophage,CL:0000235,CD163; CD74; MRC1,3,CD163; ITGAM; CD68; CD74; MRC1,HGNC:1631; HGNC:6149; HGNC:1693; HGNC:1697; HGNC:7228,https://doi.org/10.1016/j.immuni.2020.02.001
large-intestine,251,gut-associated lymphoid tissue,http://purl.obolibrary.org/obo/UBERON_0001962,macrophage,CL:0000235,CD163; CD74; MRC1,3,CD163; ITGAM; CD68; CD74; MRC1,HGNC:1631; HGNC:6149; HGNC:1693; HGNC:1697; HGNC:7228,https://doi.org/10.1016/j.immuni.2020.02.001
large-intestine,428,epithelium of crypt of Lieberkuhn,http://purl.obolibrary.org/obo/UBERON_0011184,intestinal crypt stem cell of large intestine,CL:0009016,CD44; SMOC2; LRIG1,3,SOX9; LGR5; CD44; LRIG1; SMOC2; RGMB,HGNC:11204; HGNC:4504; HGNC:1681; HGNC:17360; HGNC:20323; HGNC:26896,https://doi.org/10.1038/nature06196
large-intestine,455,gut-associated lymphoid tissue,http://purl.obolibrary.org/obo/UBERON_0001962,macrophage,CL:0000235,CD163; CD74; MRC1,3,CD163; ITGAM; CD68; CD74; MRC1,HGNC:1631; HGNC:6149; HGNC:1693; HGNC:1697; HGNC:7228,https://doi.org/10.1016/j.immuni.2020.02.001
large-intestine,486,gut-associated lymphoid tissue,http://purl.obolibrary.org/obo/UBERON_0001962,macrophage,CL:0000235,CD163; CD74; MRC1,3,CD163; ITGAM; CD68; CD74; MRC1,HGNC:1631; HGNC:6149; HGNC:1693; HGNC:1697; HGNC:7228,https://doi.org/10.1007/978-1-4939-0897-4_3
large-intestine,968,epithelium of crypt of Lieberkuhn,http://purl.obolibrary.org/obo/UBERON_0011184,intestinal crypt stem cell of large intestine,CL:0009016,CD44; SMOC2; LRIG1,3,SOX9; LGR5; CD44; LRIG1; SMOC2; RGMB,HGNC:11204; HGNC:4504; HGNC:1681; HGNC:17360; HGNC:20323; HGNC:26896,https://doi.org/10.1038/nature06196
large-intestine,752,epithelium of crypt of Lieberkuhn,http://purl.obolibrary.org/obo/UBERON_0011184,intestinal crypt stem cell of large intestine,CL:0009016,CD44; SMOC2; LRIG1,3,SOX9; LGR5; CD44; LRIG1; SMOC2; RGMB,HGNC:11204; HGNC:4504; HGNC:1681; HGNC:17360; HGNC:20323; HGNC:26896,https://doi.org/10.1038/nature06196
large-intestine,464,gut-associated lymphoid tissue,http://purl.obolibrary.org/obo/UBERON_0001962,macrophage,CL:0000235,CD163; CD74; MRC1,3,CD163; ITGAM; CD68; CD74; MRC1,HGNC:1631; HGNC:6149; HGNC:1693; HGNC:1697; HGNC:7228,https://doi.org/10.1016/j.immuni.2020.02.001
large-intestine,320,epithelium of crypt of Lieberkuhn,http://purl.obolibrary.org/obo/UBERON_0011184,intestinal crypt stem cell of large intestine,CL:0009016,CD44; SMOC2; LRIG1,3,SOX9; LGR5; CD44; LRIG1; SMOC2; RGMB,HGNC:11204; HGNC:4504; HGNC:1681; HGNC:17360; HGNC:20323; HGNC:26896,https://doi.org/10.1038/nature06196
large-intestine,644,epithelium of crypt of Lieberkuhn,http://purl.obolibrary.org/obo/UBERON_0011184,intestinal crypt stem cell of large intestine,CL:0009016,CD44; SMOC2; LRIG1,3,SOX9; LGR5; CD44; LRIG1; SMOC2; RGMB,HGNC:11204; HGNC:4504; HGNC:1681; HGNC:17360; HGNC:20323; HGNC:26896,https://doi.org/10.1038/nature06196
large-intestine,866,epithelium of crypt of Lieberkuhn,http://purl.obolibrary.org/obo/UBERON_0011184,intestinal tuft cell,CL:0019032,DCLK1; POU2F3; KRT20; TRPM5,4,DCLK1; PTGS1; TRPM5; POU2F3; KRT20,HGNC:2700; HGNC:9604; HGNC:14323; HGNC:19864; HGNC:20412,https://doi.org/10.4049/jimmunol.1801069; https://doi.org/10.1038/s41598-019-53997-3; https://doi.org/10.1038/s42003-020-01181-z
large-intestine,220,epithelium of crypt of Lieberkuhn,http://purl.obolibrary.org/obo/UBERON_0011184,intestinal tuft cell,CL:0019032,DCLK1; POU2F3; KRT20; TRPM5,4,TRPM5; POU2F3; KRT20; DCLK1; PTGS1,HGNC:14323; HGNC:19864; HGNC:20412; HGNC:2700; HGNC:9604,https://doi.org/10.1038/s41598-019-53997-3; https://doi.org/10.1038/s42003-020-01181-z; https://doi.org/10.4049/jimmunol.1801069
large-intestine,9,epithelium of crypt of Lieberkuhn,http://purl.obolibrary.org/obo/UBERON_0011184,intestinal tuft cell,CL:0019032,DCLK1; POU2F3; KRT20; TRPM5,4,TRPM5; POU2F3; KRT20; DCLK1; PTGS1,HGNC:14323; HGNC:19864; HGNC:20412; HGNC:2700; HGNC:9604,https://doi.org/10.1038/s41598-019-53997-3; https://doi.org/10.1038/s42003-020-01181-z; https://doi.org/10.4049/jimmunol.1801069
large-intestine,1079,epithelium of crypt of Lieberkuhn,http://purl.obolibrary.org/obo/UBERON_0011184,intestinal tuft cell,CL:0019032,DCLK1; POU2F3; KRT20; TRPM5,4,PTGS1; POU2F3; KRT20; DCLK1; TRPM5,HGNC:9604; HGNC:19864; HGNC:20412; HGNC:2700; HGNC:14323,https://doi.org/10.4049/jimmunol.1801069; https://doi.org/10.1038/s41598-019-53997-3; https://doi.org/10.1038/s42003-020-01181-z
large-intestine,115,epithelium of crypt of Lieberkuhn,http://purl.obolibrary.org/obo/UBERON_0011184,intestinal tuft cell,CL:0019032,DCLK1; POU2F3; KRT20; TRPM5,4,TRPM5; POU2F3; KRT20; DCLK1; PTGS1,HGNC:14323; HGNC:19864; HGNC:20412; HGNC:2700; HGNC:9604,https://doi.org/10.1038/s41598-019-53997-3; https://doi.org/10.1038/s42003-020-01181-z; https://doi.org/10.4049/jimmunol.1801069
large-intestine,542,epithelium of crypt of Lieberkuhn,http://purl.obolibrary.org/obo/UBERON_0011184,intestinal tuft cell,CL:0019032,DCLK1; POU2F3; KRT20; TRPM5,4,TRPM5; POU2F3; KRT20; DCLK1; PTGS1,HGNC:14323; HGNC:19864; HGNC:20412; HGNC:2700; HGNC:9604,https://doi.org/10.1038/s41598-019-53997-3; https://doi.org/10.1038/s42003-020-01181-z; https://doi.org/10.4049/jimmunol.1801069
large-intestine,326,epithelium of crypt of Lieberkuhn,http://purl.obolibrary.org/obo/UBERON_0011184,intestinal tuft cell,CL:0019032,DCLK1; POU2F3; KRT20; TRPM5,4,KRT20; DCLK1; TRPM5; POU2F3; PTGS1,HGNC:20412; HGNC:2700; HGNC:14323; HGNC:19864; HGNC:9604,https://doi.org/10.1038/s42003-020-01181-z; https://doi.org/10.4049/jimmunol.1801069; https://doi.org/10.1038/s41598-019-53997-3
large-intestine,758,epithelium of crypt of Lieberkuhn,http://purl.obolibrary.org/obo/UBERON_0011184,intestinal tuft cell,CL:0019032,DCLK1; POU2F3; KRT20; TRPM5,4,PTGS1; TRPM5; POU2F3; KRT20; DCLK1,HGNC:9604; HGNC:14323; HGNC:19864; HGNC:20412; HGNC:2700,https://doi.org/10.1038/s42003-020-01181-z; https://doi.org/10.4049/jimmunol.1801069; https://doi.org/10.1038/s41598-019-53997-3
large-intestine,434,epithelium of crypt of Lieberkuhn,http://purl.obolibrary.org/obo/UBERON_0011184,intestinal tuft cell,CL:0019032,DCLK1; POU2F3; KRT20; TRPM5,4,TRPM5; POU2F3; KRT20; DCLK1; PTGS1,HGNC:14323; HGNC:19864; HGNC:20412; HGNC:2700; HGNC:9604,https://doi.org/10.1038/s41598-019-53997-3; https://doi.org/10.1038/s42003-020-01181-z; https://doi.org/10.4049/jimmunol.1801069
large-intestine,974,epithelium of crypt of Lieberkuhn,http://purl.obolibrary.org/obo/UBERON_0011184,intestinal tuft cell,CL:0019032,DCLK1; POU2F3; KRT20; TRPM5,4,TRPM5; POU2F3; KRT20; DCLK1; PTGS1,HGNC:14323; HGNC:19864; HGNC:20412; HGNC:2700; HGNC:9604,https://doi.org/10.1038/s41598-019-53997-3; https://doi.org/10.1038/s42003-020-01181-z; https://doi.org/10.4049/jimmunol.1801069
large-intestine,650,epithelium of crypt of Lieberkuhn,http://purl.obolibrary.org/obo/UBERON_0011184,intestinal tuft cell,CL:0019032,DCLK1; POU2F3; KRT20; TRPM5,4,TRPM5; POU2F3; KRT20; DCLK1; PTGS1,HGNC:14323; HGNC:19864; HGNC:20412; HGNC:2700; HGNC:9604,https://doi.org/10.1038/s41598-019-53997-3; https://doi.org/10.1038/s42003-020-01181-z; https://doi.org/10.4049/jimmunol.1801069
liver,18,intralobular bile duct,http://purl.obolibrary.org/obo/UBERON_0001282,hepatic oval stem cell,CL:0002196,KIT,1,KIT; THY1; OV-6 ANTIGEN,HGNC:6342; HGNC:11801; ASCTB-TEMP:ov-6-antigen,https://doi.org/10.1136/gut.2007.143321; https://doi.org/10.1053/gast.2001.21175
liver,23,Liver immune resident component,https://purl.org/ccf/ASCTB-TEMP_liver-immune-resident-component,conventional dendritic cell,CL:0000990,THBD,1,THBD,HGNC:11784,https://doi.org/10.1111/imm.12888
liver,7,hepatic cord,http://purl.obolibrary.org/obo/UBERON_0005452,centrilobular region hepatocyte,CL:0019029,CYP3A4,1,CYP3A4; GLUL,HGNC:2637; HGNC:4341,https://doi.org/10.1038/nature14863; https://doi.org/10.1038/ncb3337; https://doi.org/10.1053/j.gastro.2009.02.063
liver,3,liver perisinusoidal space,http://purl.obolibrary.org/obo/UBERON_0006729,hepatic stellate cell,CL:0000632,DES,1,DES; GFAP; PDGFRB,HGNC:2770; HGNC:4235; HGNC:8804,https://doi.org/10.1002/hep.1840040425; https://doi.org/10.1038/nm.3282; https://doi.org/10.1136/gut.2005.078865
liver,13,nerve,http://purl.obolibrary.org/obo/UBERON_0001021,afferent neuron,CL:0000526,S100B,1,S100B; TRPV1; TUBB3,HGNC:10500; HGNC:12716; HGNC:20772,https://doi.org/10.3748/wjg.v12.i22.3523
liver,12,hepatic portal vein,http://purl.obolibrary.org/obo/UBERON_0001639,vein endothelial cell,CL:0002543,VWF,1,SELE; VWF; PLVAP; CD34,HGNC:10718; HGNC:12726; HGNC:13635; HGNC:1662,https://doi.org/10.1038/srep44356
liver,16,interstitial tissue,http://purl.obolibrary.org/obo/UBERON_0005169,hepatic portal fibroblast,CL:0009100,CCN2,1,THY1; CCN2,HGNC:11801; HGNC:2500,https://doi.org/10.1007/s00441-007-0437-z
liver,11,biliary ductule,http://purl.obolibrary.org/obo/UBERON_0004058,columnar/cuboidal epithelial cell,CL:0000075,CFTR,1,CFTR,HGNC:1884,https://doi.org/10.3748/wjg.v12.i22.3523
liver,19,intralobular bile duct,http://purl.obolibrary.org/obo/UBERON_0001282,hepatic oval stem cell,CL:0002196,PROM1; EPCAM,2,SOX9; EPCAM; PROM1; LGR5; OPHN1,HGNC:11204; HGNC:11529; HGNC:9454; HGNC:4504; HGNC:8148,https://doi.org/10.1038/nature11826; https://doi.org/10.1038/ng.722; https://doi.org/10.1053/j.gastro.2012.08.024; https://doi.org/10.1634/stemcells.2007-0176
liver,33,Liver immune resident component,https://purl.org/ccf/ASCTB-TEMP_liver-immune-resident-component,natural killer cell,CL:0000623,ITGA1; NCAM1,2,TBX21; CXCR6; CD69; EOMES; ITGA1; NCAM1,HGNC:11599; HGNC:16647; HGNC:1694; HGNC:3372; HGNC:6134; HGNC:7656,https://doi.org/10.3389/fimmu.2019.01502
liver,31,Liver immune resident component,https://purl.org/ccf/ASCTB-TEMP_liver-immune-resident-component,Eomes low Liver NK cell,ASCTB-TEMP:eomes-low-liver-nk-cell,ITGA1; NCAM1,2,TBX21; CXCR6; CD69; EOMES; ITGA1; ITGAE; NCAM1,HGNC:11599; HGNC:16647; HGNC:1694; HGNC:3372; HGNC:6134; HGNC:6147; HGNC:7656,https://doi.org/10.1172/jci.insight.90063
liver,32,Liver immune resident component,https://purl.org/ccf/ASCTB-TEMP_liver-immune-resident-component,TBet low Liver NK cell,ASCTB-TEMP:tbet-low-liver-nk-cell,ITGA1; NCAM1,2,TBX21; CXCR6; CD69; EOMES; ITGA1; ITGAE; NCAM1,HGNC:11599; HGNC:16647; HGNC:1694; HGNC:3372; HGNC:6134; HGNC:6147; HGNC:7656,https://doi.org/10.3389/fimmu.2019.01502
liver,22,Liver immune resident component,https://purl.org/ccf/ASCTB-TEMP_liver-immune-resident-component,"dendritic cell, human",CL:0001056,CD74; FLT3,2,CD74; CSF1R; ADGRE1; FCGR1A; FLT3; ITGAX,HGNC:1697; HGNC:2433; HGNC:3336; HGNC:3613; HGNC:3765; HGNC:6152,https://doi.org/10.1111/imm.12888
liver,10,biliary ductule,http://purl.obolibrary.org/obo/UBERON_0004058,stratified cuboidal epithelial cell,CL:0000241,KRT7; KRT19,2,KRT19; KRT7,HGNC:6436; HGNC:6445,https://doi.org/10.1111/j.1365-2559.2009.03391.x
liver,5,hepatic cord,http://purl.obolibrary.org/obo/UBERON_0005452,hepatocyte,CL:0000182,ALB; HNF4A; MME,3,ABCB11; HNF4A; CYP2D6; ALB; MME,HGNC:42; HGNC:5024; HGNC:2625; HGNC:399; HGNC:7154,https://doi.org/10.1007/s00424-006-0152-8; https://doi.org/10.1097/00000478-200110000-00011
lung,90,respiratory system venous endothelium,http://purl.obolibrary.org/obo/UBERON_0004849,adult endothelial progenitor cell,CL:0002619,KIT,1,APLNR; KIT,HGNC:339; HGNC:6342,https://doi.org/10.1136/thx.13.2.110; https://doi.org/10.1148/93.3.507
lung,91,respiratory system venous endothelium,http://purl.obolibrary.org/obo/UBERON_0004849,vein endothelial cell of respiratory system,CL:4033008,CLDN5; VWF,2,CLDN5; NR2F2; VWF; EMCN; CLEC14A; PDZRN4; ECSCR; ACKR1; NOTCH4; PECAM1,HGNC:2047; HGNC:7976; HGNC:12726; HGNC:16041; HGNC:19832; HGNC:30552; HGNC:35454; HGNC:4035; HGNC:7884; HGNC:8823,https://doi.org/10.1136/thx.13.2.110; https://doi.org/10.1148/93.3.507
lung,70,pulmonary capillary,http://purl.obolibrary.org/obo/UBERON_0016405,alveolar capillary type 1 endothelial cell,CL:4028002,CLDN5; IL7R,2,ECSCR; IL7R; NOTCH4; PECAM1; CLDN5; PLVAP; CLEC14A; GPIHBP1; DTL; APLNR,HGNC:35454; HGNC:6024; HGNC:7884; HGNC:8823; HGNC:2047; HGNC:13635; HGNC:19832; HGNC:24945; HGNC:30288; HGNC:339,https://doi.org/10.1136/thx.13.2.110; https://doi.org/10.1148/93.3.507
lung,84,pulmonary capillary,http://purl.obolibrary.org/obo/UBERON_0016405,alveolar capillary type 1 endothelial cell,CL:4028002,CLDN5; IL7R,2,CLDN5; PLVAP; CLEC14A; GPIHBP1; DTL; APLNR; ECSCR; IL7R; NOTCH4; PECAM1,HGNC:2047; HGNC:13635; HGNC:19832; HGNC:24945; HGNC:30288; HGNC:339; HGNC:35454; HGNC:6024; HGNC:7884; HGNC:8823,https://doi.org/10.1136/thx.13.2.110; https://doi.org/10.1148/93.3.507
lung,83,pulmonary capillary,http://purl.obolibrary.org/obo/UBERON_0016405,alveolar capillary type 2 endothelial cell,CL:4028003,CLDN5; EDNRB,2,CA4; CLDN5; APLN; CLEC14A; ECSCR; NOTCH4; PECAM1; EDNRB,HGNC:1375; HGNC:2047; HGNC:16665; HGNC:19832; HGNC:35454; HGNC:7884; HGNC:8823; HGNC:3180,https://doi.org/10.1136/thx.13.2.110; https://doi.org/10.1148/93.3.507
lung,76,pulmonary capillary,http://purl.obolibrary.org/obo/UBERON_0016405,alveolar capillary type 2 endothelial cell,CL:4028003,CLDN5; EDNRB,2,CA4; CLDN5; APLN; CLEC14A; EDNRB; ECSCR; NOTCH4; PECAM1,HGNC:1375; HGNC:2047; HGNC:16665; HGNC:19832; HGNC:3180; HGNC:35454; HGNC:7884; HGNC:8823,https://doi.org/10.1136/thx.13.2.110; https://doi.org/10.1148/93.3.507
lung,69,pulmonary capillary,http://purl.obolibrary.org/obo/UBERON_0016405,alveolar capillary type 2 endothelial cell,CL:4028003,CLDN5; EDNRB,2,CLEC14A; EDNRB; ECSCR; NOTCH4; PECAM1; CA4; CLDN5; APLN,HGNC:19832; HGNC:3180; HGNC:35454; HGNC:7884; HGNC:8823; HGNC:1375; HGNC:2047; HGNC:16665,https://doi.org/10.1136/thx.13.2.110; https://doi.org/10.1148/93.3.507
lung,77,pulmonary capillary,http://purl.obolibrary.org/obo/UBERON_0016405,alveolar capillary type 1 endothelial cell,CL:4028002,CLDN5; IL7R,2,CLDN5; PLVAP; CLEC14A; GPIHBP1; DTL; APLNR; ECSCR; IL7R; NOTCH4; PECAM1,HGNC:2047; HGNC:13635; HGNC:19832; HGNC:24945; HGNC:30288; HGNC:339; HGNC:35454; HGNC:6024; HGNC:7884; HGNC:8823,https://doi.org/10.1136/thx.13.2.110; https://doi.org/10.1148/93.3.507
lung,73,alveolus of lung,http://purl.obolibrary.org/obo/UBERON_0002299,lung pericyte,CL:0009089,COL1A2; DCN; TRPC6,3,TRPC6; COX4I2; COL1A2; HIGD1B; CSPG4; DCN; LAMC3; PDGFRB,HGNC:12338; HGNC:16232; HGNC:2198; HGNC:24318; HGNC:2466; HGNC:2705; HGNC:6494; HGNC:8804,https://doi.org/10.1136/thx.13.2.110; https://doi.org/10.1148/93.3.507
lung,87,pulmonary alveolar parenchyma,http://purl.obolibrary.org/obo/UBERON_0008870,lung pericyte,CL:0009089,COL1A2; DCN; TRPC6,3,TRPC6; COX4I2; COL1A2; HIGD1B; CSPG4; DCN; LAMC3; PDGFRB,HGNC:12338; HGNC:16232; HGNC:2198; HGNC:24318; HGNC:2466; HGNC:2705; HGNC:6494; HGNC:8804,https://doi.org/10.1136/thx.13.2.110; https://doi.org/10.1148/93.3.507
lung,80,pulmonary alveolar duct,http://purl.obolibrary.org/obo/UBERON_0002173,lung pericyte,CL:0009089,COL1A2; DCN; TRPC6,3,TRPC6; COX4I2; COL1A2; HIGD1B; CSPG4; LAMC3; PDGFRB; DCN,HGNC:12338; HGNC:16232; HGNC:2198; HGNC:24318; HGNC:2466; HGNC:6494; HGNC:8804; HGNC:2705,https://doi.org/10.1136/thx.13.2.110; https://doi.org/10.1148/93.3.507
lung,74,alveolus of lung,http://purl.obolibrary.org/obo/UBERON_0002299,alveolar adventitial fibroblast,CL:4028006,COL1A2; COL6A3; DCLK1; DCN,4,CDON; COL1A2; COL6A3; DCLK1; DCN; SCARA5; MFAP5; FBLN1; LUM; MFAP4,HGNC:17104; HGNC:2198; HGNC:2213; HGNC:2700; HGNC:2705; HGNC:28701; HGNC:29673; HGNC:3600; HGNC:6724; HGNC:7035,https://doi.org/10.1136/thx.13.2.110; https://doi.org/10.1148/93.3.507
lung,61,smooth muscle tissue of terminal bronchiole,http://purl.obolibrary.org/obo/UBERON_0004516,bronchiolar smooth muscle cell,CL:4033017,COL1A2; DES; DCN; MYH11,4,MFAP4; MYH11; PLN; DCN; DES; TAGLN; ACTA2; LGR6; CNN1; COL1A2,HGNC:7035; HGNC:7569; HGNC:9080; HGNC:2705; HGNC:2770; HGNC:11553; HGNC:130; HGNC:19719; HGNC:2155; HGNC:2198,https://doi.org/10.1136/thx.13.2.110; https://doi.org/10.1148/93.3.507
lung,75,alveolus of lung,http://purl.obolibrary.org/obo/UBERON_0002299,alveolar type 1 fibroblast cell,CL:4028004,COL6A3; COL1A2; DCN; PCDH15,4,TCF21; PCDH15; WNT2; COL1A2; COL6A3; PLIN2; DCN; FBLN1; FGFR4; LUM; MFAP4,HGNC:11632; HGNC:14674; HGNC:12780; HGNC:2198; HGNC:2213; HGNC:248; HGNC:2705; HGNC:3600; HGNC:3691; HGNC:6724; HGNC:7035,https://doi.org/10.1136/thx.13.2.110; https://doi.org/10.1148/93.3.507
lung,89,pulmonary alveolar parenchyma,http://purl.obolibrary.org/obo/UBERON_0008870,alveolar type 1 fibroblast cell,CL:4028004,COL1A2; COL6A3; DCN; SAA1; PCDH15,5,SAA1; TCF21; PCDH15; WNT2; CES1; COL1A2; COL6A3; PLIN2; DCN; FBLN1; FGFR4; VEGFD; INMT; LUM; MFAP4,HGNC:10513; HGNC:11632; HGNC:14674; HGNC:12780; HGNC:1863; HGNC:2198; HGNC:2213; HGNC:248; HGNC:2705; HGNC:3600; HGNC:3691; HGNC:3708; HGNC:6069; HGNC:6724; HGNC:7035,https://doi.org/10.1136/thx.13.2.110; https://doi.org/10.1148/93.3.507
lung,92,respiratory system lymphatic vessel endothelium,http://purl.obolibrary.org/obo/UBERON_0003529,endothelial cell of respiratory system lymphatic vessel,CL:0009086,CLDN5; CCL21; PROX1; LYVE1; MMRN1,5,CCL21; CLDN5; LYVE1; ECSCR; MMRN1; PECAM1; PROX1,HGNC:10620; HGNC:2047; HGNC:14687; HGNC:35454; HGNC:7178; HGNC:8823; HGNC:9459,https://doi.org/10.1136/thx.13.2.110; https://doi.org/10.1148/93.3.507
lung,68,epithelium of respiratory bronchiole,http://purl.obolibrary.org/obo/UBERON_0001955,lung multiciliated epithelial cell,CL:1000271,CDHR3; EPCAM; ELF3; FXYD3; TSPAN1,5,CDHR4; FOXJ1; FXYD3; EPCAM; RSPH1; CDH1; DYNLRB2; TSPAN1; TUBB4B; CDHR3; ELF3,HGNC:34527; HGNC:3816; HGNC:4027; HGNC:11529; HGNC:12371; HGNC:1748; HGNC:15467; HGNC:20657; HGNC:20771; HGNC:26308; HGNC:3318,https://doi.org/10.1136/thx.13.2.110; https://doi.org/10.1148/93.3.507
lung,65,smooth muscle tissue of respiratory bronchiole,http://purl.obolibrary.org/obo/UBERON_0004517,bronchiolar smooth muscle cell,CL:4033017,COL1A2; ACTG1; DCN; DES; MYH11,5,MFAP4; MYH11; PLN; TAGLN; ACTA2; ACTG1; LGR6; CNN1; COL1A2; DCN; DES,HGNC:7035; HGNC:7569; HGNC:9080; HGNC:11553; HGNC:130; HGNC:144; HGNC:19719; HGNC:2155; HGNC:2198; HGNC:2705; HGNC:2770,https://doi.org/10.1136/thx.13.2.110; https://doi.org/10.1148/93.3.507
lung,82,pulmonary alveolar duct,http://purl.obolibrary.org/obo/UBERON_0002173,alveolar type 1 fibroblast cell,CL:4028004,COL1A2; COL6A3; DCN; SAA1; PCDH15,5,SAA1; TCF21; PCDH15; WNT2; CES1; COL1A2; COL6A3; PLIN2; INMT; LUM; MFAP4; DCN; FBLN1; FGFR4; VEGFD,HGNC:10513; HGNC:11632; HGNC:14674; HGNC:12780; HGNC:1863; HGNC:2198; HGNC:2213; HGNC:248; HGNC:6069; HGNC:6724; HGNC:7035; HGNC:2705; HGNC:3600; HGNC:3691; HGNC:3708,https://doi.org/10.1136/thx.13.2.110; https://doi.org/10.1148/93.3.507
lung,62,terminal bronchiole epithelium,http://purl.obolibrary.org/obo/UBERON_0001958,lung multiciliated epithelial cell,CL:1000271,CDHR3; EPCAM; ELF3; FXYD3; TSPAN1,5,EPCAM; RSPH1; CDH1; DYNLRB2; TSPAN1; TUBB4B; CDHR3; ELF3; CDHR4; FOXJ1; FXYD3,HGNC:11529; HGNC:12371; HGNC:1748; HGNC:15467; HGNC:20657; HGNC:20771; HGNC:26308; HGNC:3318; HGNC:34527; HGNC:3816; HGNC:4027,https://doi.org/10.1136/thx.13.2.110; https://doi.org/10.1148/93.3.507
lung,88,pulmonary alveolar parenchyma,http://purl.obolibrary.org/obo/UBERON_0008870,alveolar adventitial fibroblast,CL:4028006,COL1A2; COL6A3; DCN; DCLK1; SLPI; PLA2G2A,6,SLPI; CDON; PI16; COL1A2; COL6A3; DCLK1; DCN; SCARA5; MFAP5; FBLN1; LUM; MFAP4; PLA2G2A,HGNC:11092; HGNC:17104; HGNC:21245; HGNC:2198; HGNC:2213; HGNC:2700; HGNC:2705; HGNC:28701; HGNC:29673; HGNC:3600; HGNC:6724; HGNC:7035; HGNC:9031,https://doi.org/10.1136/thx.13.2.110; https://doi.org/10.1148/93.3.507
lung,66,epithelium of respiratory bronchiole,http://purl.obolibrary.org/obo/UBERON_0001955,club cell,CL:0000158,EPCAM; ELF3; FXYD3; SCGB1A1; SCGB3A2; TSPAN1,6,FXYD3; EPCAM; SCGB1A1; CDH1; SCGB3A2; TSPAN1; CYP2F1; ELF3,HGNC:4027; HGNC:11529; HGNC:12523; HGNC:1748; HGNC:18391; HGNC:20657; HGNC:2632; HGNC:3318,https://doi.org/10.1136/thx.13.2.110; https://doi.org/10.1148/93.3.507
lung,81,pulmonary alveolar duct,http://purl.obolibrary.org/obo/UBERON_0002173,alveolar adventitial fibroblast,CL:4028006,COL1A2; COL6A3; DCLK1; DCN; SLPI; PLA2G2A,6,SLPI; CDON; PI16; COL1A2; COL6A3; DCLK1; DCN; SCARA5; MFAP5; FBLN1; LUM; MFAP4; PLA2G2A,HGNC:11092; HGNC:17104; HGNC:21245; HGNC:2198; HGNC:2213; HGNC:2700; HGNC:2705; HGNC:28701; HGNC:29673; HGNC:3600; HGNC:6724; HGNC:7035; HGNC:9031,https://doi.org/10.1136/thx.13.2.110; https://doi.org/10.1148/93.3.507
lung,63,terminal bronchiole epithelium,http://purl.obolibrary.org/obo/UBERON_0001958,club cell,CL:0000158,EPCAM; ELF3; FXYD3; SCGB1A1; SCGB3A2; TSPAN1,6,EPCAM; SCGB1A1; CDH1; SCGB3A2; TSPAN1; CYP2F1; ELF3; FXYD3,HGNC:11529; HGNC:12523; HGNC:1748; HGNC:18391; HGNC:20657; HGNC:2632; HGNC:3318; HGNC:4027,https://doi.org/10.1136/thx.13.2.110; https://doi.org/10.1148/93.3.507
lung,64,terminal bronchiole epithelium,http://purl.obolibrary.org/obo/UBERON_0001958,basal cell of epithelium of terminal bronchiole,CL:1000350,ELF3; EPCAM; FXYD3; TRPC6; TP63; TSPAN1,6,EPCAM; TRPC6; TP63; CDH1; TSPAN1; KRT5; ELF3; FXYD3; NGFR,HGNC:11529; HGNC:12338; HGNC:15979; HGNC:1748; HGNC:20657; HGNC:6442; HGNC:3318; HGNC:4027; HGNC:7809,https://doi.org/10.1136/thx.13.2.110; https://doi.org/10.1148/93.3.507
lung,67,epithelium of respiratory bronchiole,http://purl.obolibrary.org/obo/UBERON_0001955,basal cell of epithelium of respiratory bronchiole,CL:1000351,EPCAM; ELF3; FXYD3; SCGB1A1; SCGB3A2; SOX4; TSPAN1,7,FXYD3; KLK11; SOX4; EPCAM; SCGB1A1; CDH1; SCGB3A2; TSPAN1; ELF3,HGNC:4027; HGNC:6359; HGNC:11200; HGNC:11529; HGNC:12523; HGNC:1748; HGNC:18391; HGNC:20657; HGNC:3318,https://doi.org/10.1136/thx.13.2.110; https://doi.org/10.1148/93.3.507
lung,72,alveolus of lung,http://purl.obolibrary.org/obo/UBERON_0002299,pulmonary alveolar type 1 cell,CL:0002062,CLIC5; AGER; AQP4; EPCAM; ELF3; FXYD3; SEMA3B; SLC39A8; KRT1,9,SCEL; SEMA3B; EPCAM; CDH1; CLIC5; SFTA2; RTKN2; SLC39A8; HOPX; GRAMD2A; AGER; ELF3; KRT1; FXYD3; AQP4,HGNC:10573; HGNC:10724; HGNC:11529; HGNC:1748; HGNC:13517; HGNC:18386; HGNC:19364; HGNC:20862; HGNC:24961; HGNC:27287; HGNC:320; HGNC:3318; HGNC:6412; HGNC:4027; HGNC:637,https://doi.org/10.1136/thx.13.2.110; https://doi.org/10.1148/93.3.507
lung,86,pulmonary alveolar parenchyma,http://purl.obolibrary.org/obo/UBERON_0008870,pulmonary alveolar type 1 cell,CL:0002062,CLIC5; AGER; AQP4; EPCAM; ELF3; FXYD3; SEMA3B; SLC39A8; KRT1,9,SCEL; SEMA3B; EPCAM; CDH1; CLIC5; SFTA2; RTKN2; SLC39A8; HOPX; GRAMD2A; AGER; ELF3; KRT1; FXYD3; AQP4,HGNC:10573; HGNC:10724; HGNC:11529; HGNC:1748; HGNC:13517; HGNC:18386; HGNC:19364; HGNC:20862; HGNC:24961; HGNC:27287; HGNC:320; HGNC:3318; HGNC:6412; HGNC:4027; HGNC:637,https://doi.org/10.1136/thx.13.2.110; https://doi.org/10.1148/93.3.507
lung,79,pulmonary alveolar duct,http://purl.obolibrary.org/obo/UBERON_0002173,pulmonary alveolar type 1 cell,CL:0002062,CLIC5; AGER; AQP4; EPCAM; ELF3; FXYD3; SEMA3B; SLC39A8; KRT1,9,RTKN2; SLC39A8; CDH1; CLIC5; SFTA2; AQP4; HOPX; GRAMD2A; AGER; ELF3; KRT1; FXYD3; SCEL; SEMA3B; EPCAM,HGNC:19364; HGNC:20862; HGNC:1748; HGNC:13517; HGNC:18386; HGNC:637; HGNC:24961; HGNC:27287; HGNC:320; HGNC:3318; HGNC:6412; HGNC:4027; HGNC:10573; HGNC:10724; HGNC:11529,https://doi.org/10.1136/thx.13.2.110; https://doi.org/10.1148/93.3.507
lung,71,alveolus of lung,http://purl.obolibrary.org/obo/UBERON_0002299,pulmonary alveolar type 2 cell,CL:0002063,BMP1; ABCA3; EPCAM; ELF3; FXYD3; SFTPA2; SFTPC; SLC39A8; LAMP3; KRT1; MFSD2A,11,BMP1; SFTPA2; SFTPC; EPCAM; CDH1; LAMP3; SFTA2; SLC39A8; HOPX; MFSD2A; ABCA3; ELF3; KRT1; FXYD3,HGNC:1067; HGNC:10799; HGNC:10802; HGNC:11529; HGNC:1748; HGNC:14582; HGNC:18386; HGNC:20862; HGNC:24961; HGNC:25897; HGNC:33; HGNC:3318; HGNC:6412; HGNC:4027,https://doi.org/10.1136/thx.13.2.110; https://doi.org/10.1148/93.3.507
lung,85,pulmonary alveolar parenchyma,http://purl.obolibrary.org/obo/UBERON_0008870,pulmonary alveolar type 2 cell,CL:0002063,BMP1; ABCA3; EPCAM; ELF3; FXYD3; SFTPA2; SFTPC; SLC39A8; LAMP3; KRT1; MFSD2A,11,BMP1; SFTPA2; SFTPC; EPCAM; CDH1; LAMP3; SFTA2; SLC39A8; HOPX; MFSD2A; ABCA3; ELF3; KRT1; FXYD3,HGNC:1067; HGNC:10799; HGNC:10802; HGNC:11529; HGNC:1748; HGNC:14582; HGNC:18386; HGNC:20862; HGNC:24961; HGNC:25897; HGNC:33; HGNC:3318; HGNC:6412; HGNC:4027,https://doi.org/10.1136/thx.13.2.110; https://doi.org/10.1148/93.3.507
lung,78,pulmonary alveolar duct,http://purl.obolibrary.org/obo/UBERON_0002173,pulmonary alveolar type 2 cell,CL:0002063,BMP1; ABCA3; EPCAM; ELF3; FXYD3; SFTPA2; SFTPC; SLC39A8; LAMP3; KRT1; MFSD2A,11,BMP1; SFTPA2; SFTPC; EPCAM; CDH1; LAMP3; SFTA2; SLC39A8; HOPX; MFSD2A; ABCA3; ELF3; KRT1; FXYD3,HGNC:1067; HGNC:10799; HGNC:10802; HGNC:11529; HGNC:1748; HGNC:14582; HGNC:18386; HGNC:20862; HGNC:24961; HGNC:25897; HGNC:33; HGNC:3318; HGNC:6412; HGNC:4027,https://doi.org/10.1136/thx.13.2.110; https://doi.org/10.1148/93.3.507
lymph-node,19,lymph node primary follicle,http://purl.obolibrary.org/obo/UBERON_0010395,macrophage,CL:0000235,HLA-DRA,1,ITGAM; CD4; CD68; HLA-DRA; ITGAX; SIGLEC1; CD14,HGNC:6149; HGNC:1678; HGNC:1693; HGNC:4947; HGNC:6152; HGNC:11127; HGNC:1628,https://doi.org/10.1111/cas.13137
lymph-node,34,lymph node interfollicular cortex,http://purl.obolibrary.org/obo/UBERON_8410067,T-helper 17 cell,CL:0000899,IL7R,1,RORC; CCR6; CD3D; CD3G; CD4; CD8A; ID2; IL7R; KLRB1,HGNC:10260; HGNC:1607; HGNC:1673; HGNC:1675; HGNC:1678; HGNC:1706; HGNC:5361; HGNC:6024; HGNC:6373,https://doi.org/10.4049/jimmunol.1701025; ISBN:9781933477060
lymph-node,30,lymph node interfollicular cortex,http://purl.obolibrary.org/obo/UBERON_8410067,"naive thymus-derived CD4-positive, alpha-beta T cell",CL:0000895,PTPRC,1,SELL; CD3D; CCR7; CD28; CD3G; CD4; CD8A; PTPRC,HGNC:10720; HGNC:1673; HGNC:1608; HGNC:1653; HGNC:1675; HGNC:1678; HGNC:1706; HGNC:9666,https://doi.org/10.4049/jimmunol.1701025; ISBN:9781933477060
lymph-node,32,lymph node interfollicular cortex,http://purl.obolibrary.org/obo/UBERON_8410067,T-helper 1 cell,CL:0000545,IL7R,1,TBX21; CCR6; CD3D; CCR4; CD3G; CD4; CD8A; CXCR3; ID2; IL7R,HGNC:11599; HGNC:1607; HGNC:1673; HGNC:1605; HGNC:1675; HGNC:1678; HGNC:1706; HGNC:4540; HGNC:5361; HGNC:6024,https://doi.org/10.4049/jimmunol.1701025; ISBN:9781933477060
lymph-node,37,lymph node interfollicular cortex,http://purl.obolibrary.org/obo/UBERON_8410067,"naive thymus-derived CD8-positive, alpha-beta T cell",CL:0000900,PTPRC,1,SELL; CD3D; CCR7; CD28; CD3G; CD4; CD8A; PTPRC,HGNC:10720; HGNC:1673; HGNC:1608; HGNC:1653; HGNC:1675; HGNC:1678; HGNC:1706; HGNC:9666,ISBN:9781933477060
lymph-node,22,lymph node germinal center light zone,http://purl.obolibrary.org/obo/UBERON_8410052,T follicular helper cell,CL:0002038,MAF,1,CXCR5; CD40LG; CD3D; PDCD1; CD3G; CD4; CD69; B3GAT1; ICOS; MAF,HGNC:1060; HGNC:11935; HGNC:1673; HGNC:8760; HGNC:1675; HGNC:1678; HGNC:1694; HGNC:921; HGNC:5351; HGNC:6776,https://doi.org/10.1016/j.immuni.2013.08.031; https://doi.org/10.1097/01.pas.0000209855.28282.ce
lymph-node,68,lymph node medullary sinus,http://purl.obolibrary.org/obo/UBERON_0009744,macrophage,CL:0000235,HLA-DRA,1,SIGLEC1; CD14; ITGAM; CD4; CD68; HLA-DRA; ITGAX,HGNC:11127; HGNC:1628; HGNC:6149; HGNC:1678; HGNC:1693; HGNC:4947; HGNC:6152,https://doi.org/10.1182/blood-2008-06-165266; https://doi.org/10.1182/blood.v97.1.288
lymph-node,64,lymph node paracortical cord,http://purl.obolibrary.org/obo/UBERON_8410075,mast cell,CL:0000097,KIT,1,TPSAB1; TPSB2; MS4A2; KIT,HGNC:12019; HGNC:14120; HGNC:7316; HGNC:6342,https://doi.org/10.1016/j.beha.2010.07.003.; https://doi.org/10.1016/j.iac.2014.01.005; https://doi.org/10.3389/fimmu.2020.01234
lymph-node,75,lymph node medullary cord,http://purl.obolibrary.org/obo/UBERON_0009745,mast cell,CL:0000097,KIT,1,TPSAB1; TPSB2; MS4A2; KIT,HGNC:12019; HGNC:14120; HGNC:7316; HGNC:6342,https://doi.org/10.1016/j.beha.2010.07.003.; https://doi.org/10.1016/j.iac.2014.01.005; https://doi.org/10.3389/fimmu.2020.01234
lymph-node,53,lymph node paracortical cord,http://purl.obolibrary.org/obo/UBERON_8410075,"naive thymus-derived CD4-positive, alpha-beta T cell",CL:0000895,PTPRC,1,SELL; CD3D; CCR7; CD28; CD3G; CD4; CD8A; PTPRC,HGNC:10720; HGNC:1673; HGNC:1608; HGNC:1653; HGNC:1675; HGNC:1678; HGNC:1706; HGNC:9666,https://doi.org/10.4049/jimmunol.1701025; ISBN:9781933477060
lymph-node,58,lymph node paracortical cord,http://purl.obolibrary.org/obo/UBERON_8410075,gamma-delta T cell,CL:0000798,KLRD1,1,TRDC; TRG; CD3D; CD3G; KLRD1; ID2,HGNC:12253; HGNC:12271; HGNC:1673; HGNC:1675; HGNC:6378; HGNC:5361,https://doi.org/10.1002/cti2.1079
lymph-node,57,lymph node paracortical cord,http://purl.obolibrary.org/obo/UBERON_8410075,T-helper 17 cell,CL:0000899,IL7R,1,RORC; CCR6; CD3D; CD3G; CD4; CD8A; ID2; IL7R; KLRB1,HGNC:10260; HGNC:1607; HGNC:1673; HGNC:1675; HGNC:1678; HGNC:1706; HGNC:5361; HGNC:6024; HGNC:6373,https://doi.org/10.4049/jimmunol.1701025; ISBN:9781933477060
lymph-node,43,lymph node interfollicular cortex,http://purl.obolibrary.org/obo/UBERON_8410067,CD1c-positive myeloid dendritic cell,CL:0002399,CD74,1,CD1C; CD86; CLEC10A; CD74; ITGAX; SIRPA,HGNC:1636; HGNC:1705; HGNC:16916; HGNC:1697; HGNC:6152; HGNC:9662,https://doi.org/10.1016/S0002-94401061694-X; https://doi.org/10.1016/j.immuni.2017.02.019; https://doi.org/10.1038/s41423-020-0511-y
lymph-node,85,sympathetic nerve,http://purl.obolibrary.org/obo/UBERON_0034729,sympathetic neuron,CL:0011103,NCAM1,1,UCHL1; NCAM1,HGNC:12513; HGNC:7656,https://doi.org/10.1046/j.1469-7580.1999.19410143.x
lymph-node,61,lymph node paracortical cord,http://purl.obolibrary.org/obo/UBERON_8410075,"naive thymus-derived CD8-positive, alpha-beta T cell",CL:0000900,PTPRC,1,SELL; CD3D; CCR7; CD28; CD3G; CD4; CD8A; PTPRC,HGNC:10720; HGNC:1673; HGNC:1608; HGNC:1653; HGNC:1675; HGNC:1678; HGNC:1706; HGNC:9666,https://doi.org/10.1002/cyto.a.20643
lymph-node,55,lymph node paracortical cord,http://purl.obolibrary.org/obo/UBERON_8410075,T-helper 1 cell,CL:0000545,IL7R,1,TBX21; CCR6; CD3D; CCR4; CD3G; CD4; CD8A; CXCR3; ID2; IL7R,HGNC:11599; HGNC:1607; HGNC:1673; HGNC:1605; HGNC:1675; HGNC:1678; HGNC:1706; HGNC:4540; HGNC:5361; HGNC:6024,https://doi.org/10.4049/jimmunol.1701025; ISBN:9781933477060
lymph-node,31,lymph node interfollicular cortex,http://purl.obolibrary.org/obo/UBERON_8410067,"CD4-positive, alpha-beta memory T cell",CL:0000897,PTPRC; ITGA1,2,CD3D; CXCR6; CD3G; CD4; CD8A; ITGA1; PTPRC,HGNC:1673; HGNC:16647; HGNC:1675; HGNC:1678; HGNC:1706; HGNC:6134; HGNC:9666,https://doi.org/10.4049/jimmunol.1701025; ISBN:9781933477060
lymph-node,33,lymph node interfollicular cortex,http://purl.obolibrary.org/obo/UBERON_8410067,T-helper 2 cell,CL:0000546,GATA3; IL7R,2,CD3D; CCR4; CD3G; CD4; CD8A; GATA3; PTGDR2; CXCR3; ID2; IL7R,HGNC:1673; HGNC:1605; HGNC:1675; HGNC:1678; HGNC:1706; HGNC:4172; HGNC:4502; HGNC:4540; HGNC:5361; HGNC:6024,https://doi.org/10.4049/jimmunol.1701025; ISBN:9781933477060
lymph-node,41,lymph node interfollicular cortex,http://purl.obolibrary.org/obo/UBERON_8410067,dendritic cell,CL:0000451,CD74; HLA-DRA,2,CD40; CD80; CD86; CD74; CD83; HLA-DRA; ICAM1; ITGAX,HGNC:11919; HGNC:1700; HGNC:1705; HGNC:1697; HGNC:1703; HGNC:4947; HGNC:5344; HGNC:6152,https://doi.org/10.1016/S0002-94401061680-X
lymph-node,38,lymph node interfollicular cortex,http://purl.obolibrary.org/obo/UBERON_8410067,"CD8-positive, alpha-beta memory T cell",CL:0000909,PTPRC; ITGA1,2,CD3D; CXCR6; CD3G; CD4; CD8A; ITGA1; PTPRC,HGNC:1673; HGNC:16647; HGNC:1675; HGNC:1678; HGNC:1706; HGNC:6134; HGNC:9666,ISBN:9781933477060
lymph-node,24,lymph node germinal center light zone,http://purl.obolibrary.org/obo/UBERON_8410052,lymph node tingible body macrophage,CL:0000888,HLA-DRA; SPARC,2,SIGLEC1; SPARC; CD14; ITGAM; CD4; CD68; HLA-DRA; ITGAX,HGNC:11127; HGNC:11219; HGNC:1628; HGNC:6149; HGNC:1678; HGNC:1693; HGNC:4947; HGNC:6152,https://doi.org/10.1111/cas.13137
lymph-node,76,lymph node medullary cord,http://purl.obolibrary.org/obo/UBERON_0009745,macrophage,CL:0000235,HLA-DRA; MRC1,2,CD14; CD209; CD4; CD68; MRC1; HLA-DRA; ITGAX; MARCO,HGNC:1628; HGNC:1641; HGNC:1678; HGNC:1693; HGNC:7228; HGNC:4947; HGNC:6152; HGNC:6895,https://doi.org/10.1182/blood-2008-06-165266
lymph-node,67,lymph node paracortical cord,http://purl.obolibrary.org/obo/UBERON_8410075,B cell,CL:0000236,HLA-DRA; MS4A1,2,CD19; MS4A1; CD79A; HLA-DRA,HGNC:1633; HGNC:7315; HGNC:1698; HGNC:4947,https://doi.org/10.1038/s41573-020-00092-2; PMCID:PMC1900414
lymph-node,74,lymph node medullary cord,http://purl.obolibrary.org/obo/UBERON_0009745,B cell,CL:0000236,HLA-DRA; MS4A1,2,CD19; MS4A1; CD79A; HLA-DRA,HGNC:1633; HGNC:7315; HGNC:1698; HGNC:4947,ISBN:9781933477060
lymph-node,52,lymph node paracortical cord,http://purl.obolibrary.org/obo/UBERON_8410075,dendritic cell,CL:0000451,CD74; HLA-DRA,2,S100A12; CD40; CD80; CD86; CD74; CD83; HLA-DRA; ICAM1; ITGAX,HGNC:10489; HGNC:11919; HGNC:1700; HGNC:1705; HGNC:1697; HGNC:1703; HGNC:4947; HGNC:5344; HGNC:6152,https://doi.org/10.1016/S0002-94401061694-X; https://doi.org/10.1053/j.semdp.2017.11.002
lymph-node,50,lymph node paracortical cord,http://purl.obolibrary.org/obo/UBERON_8410075,"plasmacytoid dendritic cell, human",CL:0001058,PTPRC; TCF4,2,TCF4; CLEC4C; GZMB; JCHAIN; IL3RA; ITGAX; PTPRC,HGNC:11634; HGNC:13258; HGNC:4709; HGNC:5713; HGNC:6012; HGNC:6152; HGNC:9666,https://doi.org/10.1016/S0002-94401061694-X; https://doi.org/10.1097/pap.0b013e3181bb6bc2
lymph-node,54,lymph node paracortical cord,http://purl.obolibrary.org/obo/UBERON_8410075,"CD4-positive, alpha-beta memory T cell",CL:0000897,PTPRC; ITGA1,2,CD3D; CXCR6; CD3G; CD4; CD8A; ITGA1; PTPRC,HGNC:1673; HGNC:16647; HGNC:1675; HGNC:1678; HGNC:1706; HGNC:6134; HGNC:9666,https://doi.org/10.4049/jimmunol.1701025; ISBN:9781933477060
lymph-node,78,lymph node medullary cord,http://purl.obolibrary.org/obo/UBERON_0009745,dendritic cell,CL:0000451,CD74; HLA-DRA,2,CD40; CD74; CD83; CD274; HLA-DRA; ITGAX,HGNC:11919; HGNC:1697; HGNC:1703; HGNC:17635; HGNC:4947; HGNC:6152,https://doi.org/10.1016/S0002-94401061694-X; https://doi.org/10.1053/j.semdp.2017.11.002
lymph-node,62,lymph node paracortical cord,http://purl.obolibrary.org/obo/UBERON_8410075,"CD8-positive, alpha-beta memory T cell",CL:0000909,PTPRC; ITGA1,2,CD3D; CXCR6; CD3G; CD4; CD8A; ITGA1; PTPRC,HGNC:1673; HGNC:16647; HGNC:1675; HGNC:1678; HGNC:1706; HGNC:6134; HGNC:9666,https://doi.org/10.1002/cyto.a.20643
lymph-node,56,lymph node paracortical cord,http://purl.obolibrary.org/obo/UBERON_8410075,T-helper 2 cell,CL:0000546,GATA3; IL7R,2,CD3D; CCR4; CD3G; CD4; CD8A; GATA3; PTGDR2; CXCR3; ID2; IL7R,HGNC:1673; HGNC:1605; HGNC:1675; HGNC:1678; HGNC:1706; HGNC:4172; HGNC:4502; HGNC:4540; HGNC:5361; HGNC:6024,https://doi.org/10.4049/jimmunol.1701025; ISBN:9781933477060
lymph-node,10,subcapsular sinus of lymph node,http://purl.obolibrary.org/obo/UBERON_0005463,lymph node marginal reticular cell,CL:0009103,DES; ENPP2; VIM,3,CXCL13; TNFSF11; VIM; ACTA2; DES; PDPN; ENPP2; PECAM1,HGNC:10639; HGNC:11926; HGNC:12692; HGNC:130; HGNC:2770; HGNC:29602; HGNC:3357; HGNC:8823,https://doi.org/10.1016/j.ajpath.2010.12.039; https://doi.org/10.1016/j.jcyt.2017.01.010; https://doi.org/10.3389/fimmu.2011.00035
lymph-node,20,lymph node germinal center light zone,http://purl.obolibrary.org/obo/UBERON_8410052,follicular dendritic cell,CL:0000442,CR1; CD74; VCAM1,3,CXCL13; VCAM1; MFGE8; FCER2; CD74; CR1; CR2; PDPN; FCGR1BP; FCGR2B; ICAM1; MADCAM1,HGNC:10639; HGNC:12663; HGNC:7036; HGNC:3612; HGNC:1697; HGNC:2334; HGNC:2336; HGNC:29602; HGNC:3614; HGNC:3618; HGNC:5344; HGNC:6765,https://doi.org/10.1016/j.ajpath.2010.12.039; https://doi.org/10.1016/j.smim.2007.12.001; https://doi.org/10.1097/PAI.0b013e318183a8e2
lymph-node,27,lymph node germinal center dark zone,http://purl.obolibrary.org/obo/UBERON_8410053,B cell zone reticular cell,CL:0009104,CXCL12; DES; VIM,3,CXCL12; TNFSF11; VIM; ACTA2; DES; PDPN; PECAM1,HGNC:10672; HGNC:11926; HGNC:12692; HGNC:130; HGNC:2770; HGNC:29602; HGNC:8823,https://doi.org/10.1080/01926230600867727; ISBN:9781933477381
lymph-node,40,lymph node interfollicular cortex,http://purl.obolibrary.org/obo/UBERON_8410067,T cell zone reticular cell,CL:0009105,CCL21; DES; VIM,3,CCL19; CCL21; VIM; ACTA2; DES; PDPN; IL7; PECAM1,HGNC:10617; HGNC:10620; HGNC:12692; HGNC:130; HGNC:2770; HGNC:29602; HGNC:6023; HGNC:8823,https://doi.org/10.1016/j.ajpath.2010.12.039; https://doi.org/10.1016/j.jcyt.2017.01.010; https://doi.org/10.3389/fimmu.2011.00035
lymph-node,45,lymph node paracortical sinus,http://purl.obolibrary.org/obo/UBERON_8410074,T cell zone reticular cell,CL:0009105,CCL21; DES; VIM,3,CCL19; CCL21; VIM; ACTA2; DES; PDPN; IL7; PECAM1,HGNC:10617; HGNC:10620; HGNC:12692; HGNC:130; HGNC:2770; HGNC:29602; HGNC:6023; HGNC:8823,https://doi.org/10.1016/j.ajpath.2010.12.039; https://doi.org/10.1016/j.jcyt.2017.01.010; https://doi.org/10.3389/fimmu.2011.00035
lymph-node,16,lymph node primary follicle,http://purl.obolibrary.org/obo/UBERON_0010395,follicular dendritic cell,CL:0000442,CR1; CD74; VCAM1,3,FCGR2B; CXCL13; VCAM1; MFGE8; CD74; CR1; CR2; PDPN; FCGR1BP; ICAM1; MADCAM1,HGNC:3618; HGNC:10639; HGNC:12663; HGNC:7036; HGNC:1697; HGNC:2334; HGNC:2336; HGNC:29602; HGNC:3614; HGNC:5344; HGNC:6765,https://doi.org/10.1097/PAI.0b013e318183a8e2; https://doi.org/10.1016/j.ajpath.2010.12.039; https://doi.org/10.1016/j.smim.2007.12.001
lymph-node,65,lymph node paracortical cord,http://purl.obolibrary.org/obo/UBERON_8410075,plasma cell,CL:0000786,SDC1; IRF4; MS4A1,3,SDC1; PRDM1; CD38; MS4A1; CD79A; IRF4,HGNC:10658; HGNC:9346; HGNC:1667; HGNC:7315; HGNC:1698; HGNC:6119,ISBN:9781933477060
lymph-node,69,lymph node medullary cord,http://purl.obolibrary.org/obo/UBERON_0009745,medullary reticular cell,CL:0009106,CXCL12; DES; VIM,3,CXCL12; TNFSF11; VIM; ACTA2; DES; PDPN; PECAM1,HGNC:10672; HGNC:11926; HGNC:12692; HGNC:130; HGNC:2770; HGNC:29602; HGNC:8823,https://doi.org/10.1016/j.ajpath.2010.12.039; https://doi.org/10.1016/j.jcyt.2017.01.010; https://doi.org/10.3389/fimmu.2011.00035.
lymph-node,73,lymph node medullary cord,http://purl.obolibrary.org/obo/UBERON_0009745,plasma cell,CL:0000786,SDC1; IRF4; MS4A1,3,SDC1; PRDM1; CD27; CD38; MS4A1; CD79A; IRF4,HGNC:10658; HGNC:9346; HGNC:11922; HGNC:1667; HGNC:7315; HGNC:1698; HGNC:6119,ISBN:9781933477060; PMCID:PMC1900414
lymph-node,46,lymph node paracortical sinus,http://purl.obolibrary.org/obo/UBERON_8410074,macrophage,CL:0000235,CD163; HLA-DRA; MRC1,3,CD4; CD68; MRC1; HLA-DRA; ITGAX; SIGLEC1; CD14; CD163; CD209,HGNC:1678; HGNC:1693; HGNC:7228; HGNC:4947; HGNC:6152; HGNC:11127; HGNC:1628; HGNC:1631; HGNC:1641,https://doi.org/10.1097/01.pas.0000157940.80538.ec; https://doi.org/10.1182/blood-2008-06-165266; https://doi.org/10.1053/j.semdp.2017.11.002
lymph-node,9,subcapsular sinus of lymph node,http://purl.obolibrary.org/obo/UBERON_0005463,lymph node subcapsular sinus macrophage,CL:0000887,CD163; HLA-DRA; MRC1,3,CD209; CD4; CD68; MRC1; HLA-DRA; ITGAX; SIGLEC1; CD14; CD163,HGNC:1641; HGNC:1678; HGNC:1693; HGNC:7228; HGNC:4947; HGNC:6152; HGNC:11127; HGNC:1628; HGNC:1631,https://doi.org/10.1182/blood-2008-06-165266; https://doi.org/10.1053/j.semdp.2017.11.002; https://doi.org/10.1097/01.pas.0000157940.80538.ec
lymph-node,11,subcapsular sinus ceiling,http://purl.obolibrary.org/obo/UBERON_8410071,lymphatic endothelial cell of subcapsular sinus ceiling,CL:0009107,CAV1; PROX1; PTPRC; LYVE1,4,TNFRSF9; LYVE1; CLDN11; CAV1; ACKR4; PDPN; MARCO; MFAP4; NT5E; NUDT4; PECAM1; PROX1; PTPRC,HGNC:11924; HGNC:14687; HGNC:8514; HGNC:1527; HGNC:1611; HGNC:29602; HGNC:6895; HGNC:7035; HGNC:8021; HGNC:8051; HGNC:8823; HGNC:9459; HGNC:9666,https://doi.org/10.3389/fcvm.2020.00052; https://doi.org/10.1016/j.immuni.2019.06.027
lymph-node,21,lymph node germinal center light zone,http://purl.obolibrary.org/obo/UBERON_8410052,centrocyte,CL:0009111,BCL6; BCL2; MS4A1; MME,4,BCL6; CXCR5; CD27; CD19; CD38; MS4A1; CD83; CR2; IGHD; MKI67; MME; BCL2,HGNC:1001; HGNC:1060; HGNC:11922; HGNC:1633; HGNC:1667; HGNC:7315; HGNC:1703; HGNC:2336; HGNC:5480; HGNC:7107; HGNC:7154; HGNC:990,ISBN:9781933477060; https://doi.org/10.1182/blood-2012-03-415380; ISBN:9781933477381
lymph-node,1,capsule of lymph node,http://purl.obolibrary.org/obo/UBERON_0002194,myofibroblast cell,CL:0000186,COL3A1; DES; ELN; VIM,4,VIM; ACTA2; COL1A1; COL3A1; DES; ELN,HGNC:12692; HGNC:130; HGNC:2197; HGNC:2201; HGNC:2770; HGNC:3327,https://fblt.cz/en/skripta/v-krev-a-organy-imunitniho-systemu/6-thymus-mizni-uzliny-a-difuzni-imunitni-system/; https://www.pathologyoutlines.com/topic/lymphnodesanatomy.html; PMCID:PMC1899700
lymph-node,29,lymph node germinal center mantle zone,http://purl.obolibrary.org/obo/UBERON_0010420,memory B cell,CL:0000787,CD74; PTPRC; HLA-DRA; MS4A1,4,CD19; MS4A1; CD74; CD79A; HLA-DRA; PTPRC,HGNC:1633; HGNC:7315; HGNC:1697; HGNC:1698; HGNC:4947; HGNC:9666,ISBN:9781933477060; PMCID:PMC1900414
lymph-node,39,lymph node interfollicular cortex,http://purl.obolibrary.org/obo/UBERON_8410067,natural killer cell,CL:0000623,IL7R; KLRD1; KIT; NCAM1,4,CD40LG; CD3E; CD3G; KLRD1; KLRK1; FCGR3A; GEM; ID2; IL7R; KIT; KLRC1; NCAM1,HGNC:11935; HGNC:1674; HGNC:1675; HGNC:6378; HGNC:18788; HGNC:3619; HGNC:4234; HGNC:5361; HGNC:6024; HGNC:6342; HGNC:6374; HGNC:7656,ISBN:9781933477060; https://doi.org/10.1038/nri.2016.34
lymph-node,4,trabecula of lymph node,http://purl.obolibrary.org/obo/UBERON_0002195,myofibroblast cell,CL:0000186,COL3A1; DES; ELN; VIM,4,VIM; ACTA2; COL1A1; COL3A1; DES; ELN,HGNC:12692; HGNC:130; HGNC:2197; HGNC:2201; HGNC:2770; HGNC:3327,https://doi.org/10.1002/ar.1091830404; https://fblt.cz/en/skripta/v-krev-a-organy-imunitniho-systemu/6-thymus-mizni-uzliny-a-difuzni-imunitni-system/
lymph-node,44,lymph node paracortical sinus,http://purl.obolibrary.org/obo/UBERON_8410074,endothelial cell of lymphatic vessel,CL:0002138,CAV1; PROX1; PTPRC; LYVE1,4,TNFRSF9; CLEC4M; LYVE1; CLDN11; CAV1; ACKR4; CD209; CD274; STAB2; CLEC4G; PDPN; ICAM1; MARCO; MFAP4; NT5E; PECAM1; PROX1; PTPRC,HGNC:11924; HGNC:13523; HGNC:14687; HGNC:8514; HGNC:1527; HGNC:1611; HGNC:1641; HGNC:17635; HGNC:18629; HGNC:24591; HGNC:29602; HGNC:5344; HGNC:6895; HGNC:7035; HGNC:8021; HGNC:8823; HGNC:9459; HGNC:9666,https://doi.org/10.3389/fcvm.2020.00052; https://doi.org/10.1016/j.immuni.2019.06.027
lymph-node,25,lymph node germinal center light zone,http://purl.obolibrary.org/obo/UBERON_8410052,plasmablast,CL:0000980,CXCR4; SDC1; IRF4; MS4A1,4,SDC1; PRDM1; CD27; CD38; MS4A1; CD79A; CXCR4; IRF4,HGNC:10658; HGNC:9346; HGNC:11922; HGNC:1667; HGNC:7315; HGNC:1698; HGNC:2561; HGNC:6119,ISBN:9781933477060
lymph-node,18,lymph node primary follicle,http://purl.obolibrary.org/obo/UBERON_0010395,memory B cell,CL:0000787,CD74; PTPRC; HLA-DRA; MS4A1,4,HLA-DRA; CD27; CD19; MS4A1; CD74; CD79A; PTPRC,HGNC:4947; HGNC:11922; HGNC:1633; HGNC:7315; HGNC:1697; HGNC:1698; HGNC:9666,ISBN:9781933477381; PMCID:PMC1900414
lymph-node,63,lymph node paracortical cord,http://purl.obolibrary.org/obo/UBERON_8410075,natural killer cell,CL:0000623,IL7R; KLRD1; KIT; NCAM1,4,CD40LG; CD3E; CD3G; KLRD1; KLRK1; FCGR3A; GEM; ID2; IL7R; KIT; KLRC1; NCAM1,HGNC:11935; HGNC:1674; HGNC:1675; HGNC:6378; HGNC:18788; HGNC:3619; HGNC:4234; HGNC:5361; HGNC:6024; HGNC:6342; HGNC:6374; HGNC:7656,ISBN:9781933477060; https://doi.org/10.1038/nri.2016.34
lymph-node,13,trabecular sinus of lymph node,http://purl.obolibrary.org/obo/UBERON_8410032,lymphatic endothelial cell of trabecula,CL:0009109,CAV1; PROX1; PTPRC; LYVE1,4,TNFRSF9; LYVE1; CLDN11; CAV1; ACKR4; PDPN; MARCO; MFAP4; NT5E; PECAM1; PROX1; PTPRC,HGNC:11924; HGNC:14687; HGNC:8514; HGNC:1527; HGNC:1611; HGNC:29602; HGNC:6895; HGNC:7035; HGNC:8021; HGNC:8823; HGNC:9459; HGNC:9666,https://doi.org/10.3389/fcvm.2020.00052; https://doi.org/10.1016/j.immuni.2019.06.027
lymph-node,7,lymphatic vessel,http://purl.obolibrary.org/obo/UBERON_0001473,endothelial cell of lymphatic vessel,CL:0002138,CAV1; PROX1; PTPRC; LYVE1,4,TNFRSF9; LYVE1; CLDN11; CAV1; ACKR4; PDPN; MARCO; MFAP4; NT5E; NUDT4; PECAM1; PROX1; PTPRC,HGNC:11924; HGNC:14687; HGNC:8514; HGNC:1527; HGNC:1611; HGNC:29602; HGNC:6895; HGNC:7035; HGNC:8021; HGNC:8051; HGNC:8823; HGNC:9459; HGNC:9666,https://doi.org/10.3389/fcvm.2020.00052; https://doi.org/10.1016/j.immuni.2019.06.027
lymph-node,72,lymph node medullary sinus,http://purl.obolibrary.org/obo/UBERON_0009744,endothelial cell of lymphatic vessel,CL:0002138,CAV1; PROX1; PTPRC; LYVE1,4,TNFRSF9; CLEC4M; LYVE1; CLDN11; CAV1; ACKR4; CD209; CD274; STAB2; CLEC4G; PDPN; ICAM1; MARCO; MFAP4; NT5E; PECAM1; PROX1; PTPRC,HGNC:11924; HGNC:13523; HGNC:14687; HGNC:8514; HGNC:1527; HGNC:1611; HGNC:1641; HGNC:17635; HGNC:18629; HGNC:24591; HGNC:29602; HGNC:5344; HGNC:6895; HGNC:7035; HGNC:8021; HGNC:8823; HGNC:9459; HGNC:9666,https://doi.org/10.3389/fcvm.2020.00052; https://doi.org/10.1016/j.immuni.2019.06.027
lymph-node,51,lymph node paracortical cord,http://purl.obolibrary.org/obo/UBERON_8410075,CD141-positive myeloid dendritic cell,CL:0002394,CADM1; CD74; ANPEP; THBD,4,THBD; CADM1; XCR1; ANPEP; CD74; CLEC9A; BATF3; IDO1; ITGAX,HGNC:11784; HGNC:5951; HGNC:1625; HGNC:500; HGNC:1697; HGNC:26705; HGNC:28915; HGNC:6059; HGNC:6152,https://doi.org/10.1016/S0002-94401061694-X; https://doi.org/10.1016/j.immuni.2017.02.019
lymph-node,47,arteriole of lymph node,http://purl.obolibrary.org/obo/UBERON_8410042,blood vessel endothelial cell,CL:0000071,CAV1; CD74; HLA-DRA; SPARCL1,4,CCL14; SPARCL1; PLVAP; JAM2; CAV1; EMCN; CD209; CD34; CD74; ESAM; CD300LG; ACKR1; HLA-DPA1; HLA-DPB1; HLA-DRA; HLA-DRB1; ICAM1; NECTIN2; MARCO; PECAM1,HGNC:10612; HGNC:11220; HGNC:13635; HGNC:14686; HGNC:1527; HGNC:16041; HGNC:1641; HGNC:1662; HGNC:1697; HGNC:17474; HGNC:30455; HGNC:4035; HGNC:4938; HGNC:4940; HGNC:4947; HGNC:4948; HGNC:5344; HGNC:9707; HGNC:6895; HGNC:8823,https://doi.org/10.1369/jhc.4A6514.2005
lymph-node,48,lymphatic capillary,http://purl.obolibrary.org/obo/UBERON_0006842,blood vessel endothelial cell,CL:0000071,CAV1; CD74; HLA-DRA; SPARCL1,4,CCL14; SPARCL1; PLVAP; JAM2; CAV1; EMCN; CD209; CD34; CD74; ESAM; CD300LG; ACKR1; HLA-DPA1; HLA-DPB1; HLA-DRA; HLA-DRB1; ICAM1; NECTIN2; MARCO; PECAM1,HGNC:10612; HGNC:11220; HGNC:13635; HGNC:14686; HGNC:1527; HGNC:16041; HGNC:1641; HGNC:1662; HGNC:1697; HGNC:17474; HGNC:30455; HGNC:4035; HGNC:4938; HGNC:4940; HGNC:4947; HGNC:4948; HGNC:5344; HGNC:9707; HGNC:6895; HGNC:8823,https://doi.org/10.1369/jhc.4A6514.2005
lymph-node,83,efferent lymphatic vessel,http://purl.obolibrary.org/obo/UBERON_0010397,endothelial cell of lymphatic vessel,CL:0002138,CAV1; PTPRC; PROX1; LYVE1,4,CAV1; ACKR4; PDPN; MARCO; MFAP4; NT5E; NUDT4; PECAM1; PROX1; PTPRC; TNFRSF9; LYVE1; CLDN11,HGNC:1527; HGNC:1611; HGNC:29602; HGNC:6895; HGNC:7035; HGNC:8021; HGNC:8051; HGNC:8823; HGNC:9459; HGNC:9666; HGNC:11924; HGNC:14687; HGNC:8514,https://doi.org/10.1016/j.immuni.2019.06.027; https://doi.org/10.3389/fcvm.2020.00052
lymph-node,82,subcapsular sinus of lymph node,http://purl.obolibrary.org/obo/UBERON_0005463,lymphatic endothelial cell of medulla ceiling,CL:0009110,CAV1; PROX1; PTPRC; LYVE1,4,TNFRSF9; LYVE1; CLDN11; CAV1; ACKR4; PDPN; MARCO; MFAP4; NT5E; PECAM1; PROX1; PTPRC,HGNC:11924; HGNC:14687; HGNC:8514; HGNC:1527; HGNC:1611; HGNC:29602; HGNC:6895; HGNC:7035; HGNC:8021; HGNC:8823; HGNC:9459; HGNC:9666,https://doi.org/10.3389/fcvm.2020.00052; https://doi.org/10.1016/j.immuni.2019.06.027
lymph-node,77,lymph node medullary cord,http://purl.obolibrary.org/obo/UBERON_0009745,plasmablast,CL:0000980,CXCR4; SDC1; IRF4; MS4A1,4,CD79A; CXCR4; IRF4; SDC1; PRDM1; CD38; MS4A1,HGNC:1698; HGNC:2561; HGNC:6119; HGNC:10658; HGNC:9346; HGNC:1667; HGNC:7315,ISBN:9781933477060
lymph-node,14,venule of lymph node,http://purl.obolibrary.org/obo/UBERON_8410041,blood vessel endothelial cell,CL:0000071,CAV1; CD74; PROX1; HLA-DRA; SPARCL1,5,CCL14; SPARCL1; PLVAP; JAM2; CAV1; EMCN; CD209; CD34; CD74; ESAM; CDH5; PDPN; CD300LG; FLT1; ACKR1; HLA-DPA1; HLA-DPB1; HLA-DRA; HLA-DRB1; ICAM1; NECTIN2; MARCO; PECAM1; PROX1,HGNC:10612; HGNC:11220; HGNC:13635; HGNC:14686; HGNC:1527; HGNC:16041; HGNC:1641; HGNC:1662; HGNC:1697; HGNC:17474; HGNC:1764; HGNC:29602; HGNC:30455; HGNC:3763; HGNC:4035; HGNC:4938; HGNC:4940; HGNC:4947; HGNC:4948; HGNC:5344; HGNC:9707; HGNC:6895; HGNC:8823; HGNC:9459,https://doi.org/10.1369/jhc.4A6514.2005; https://doi.org/10.1371/journal.pone.0094781
lymph-node,15,arteriole of lymph node,http://purl.obolibrary.org/obo/UBERON_8410042,blood vessel endothelial cell,CL:0000071,CAV1; CD74; PROX1; HLA-DRA; SPARCL1,5,PLVAP; JAM2; CAV1; EMCN; CD209; CD34; CD74; ESAM; CDH5; PDPN; CD300LG; ENG; FLT1; ACKR1; HLA-DPA1; HLA-DPB1; HLA-DRA; HLA-DRB1; ICAM1; NECTIN2; MARCO; PECAM1; PROX1; CCL14; SPARCL1,HGNC:13635; HGNC:14686; HGNC:1527; HGNC:16041; HGNC:1641; HGNC:1662; HGNC:1697; HGNC:17474; HGNC:1764; HGNC:29602; HGNC:30455; HGNC:3349; HGNC:3763; HGNC:4035; HGNC:4938; HGNC:4940; HGNC:4947; HGNC:4948; HGNC:5344; HGNC:9707; HGNC:6895; HGNC:8823; HGNC:9459; HGNC:10612; HGNC:11220,https://doi.org/10.1369/jhc.4A6514.2005; https://doi.org/10.1371/journal.pone.0094781
lymph-node,49,high endothelial venule of lymph node,http://purl.obolibrary.org/obo/UBERON_8410038,blood vessel endothelial cell,CL:0000071,COL4A2; CAV1; CD74; HLA-DRA; SPARCL1,5,CCL14; SPARCL1; ACTA2; PLVAP; JAM2; CAV1; EMCN; CD209; CD34; CD74; ESAM; COL4A2; NTAN1; CD300LG; ACKR1; HLA-DPA1; HLA-DPB1; HLA-DRA; HLA-DRB1; ICAM1; NECTIN2; IL3RA; MARCO; PECAM1,HGNC:10612; HGNC:11220; HGNC:130; HGNC:13635; HGNC:14686; HGNC:1527; HGNC:16041; HGNC:1641; HGNC:1662; HGNC:1697; HGNC:17474; HGNC:2203; HGNC:29909; HGNC:30455; HGNC:4035; HGNC:4938; HGNC:4940; HGNC:4947; HGNC:4948; HGNC:5344; HGNC:9707; HGNC:6012; HGNC:6895; HGNC:8823,https://doi.org/10.1038/nri32982012.
lymph-node,5,arteriole of lymph node,http://purl.obolibrary.org/obo/UBERON_8410042,blood vessel endothelial cell,CL:0000071,CAV1; CD74; PROX1; HLA-DRA; SPARCL1,5,CCL14; SPARCL1; PLVAP; JAM2; CAV1; EMCN; CD209; CD34; CD74; ESAM; CDH5; ENG; ACKR1; HLA-DPA1; HLA-DPB1; HLA-DRA; HLA-DRB1; ICAM1; NECTIN2; MARCO; PECAM1; PROX1; PDPN; CD300LG,HGNC:10612; HGNC:11220; HGNC:13635; HGNC:14686; HGNC:1527; HGNC:16041; HGNC:1641; HGNC:1662; HGNC:1697; HGNC:17474; HGNC:1764; HGNC:3349; HGNC:4035; HGNC:4938; HGNC:4940; HGNC:4947; HGNC:4948; HGNC:5344; HGNC:9707; HGNC:6895; HGNC:8823; HGNC:9459; HGNC:29602; HGNC:30455,https://doi.org/10.1369/jhc.4A6514.2005; https://doi.org/10.1371/journal.pone.0094781
lymph-node,80,medullary venule of lymph node,http://purl.obolibrary.org/obo/UBERON_8410036,blood vessel endothelial cell,CL:0000071,CAV1; CD74; PROX1; HLA-DRA; SPARCL1,5,HLA-DPA1; HLA-DPB1; HLA-DRA; HLA-DRB1; ICAM1; NECTIN2; MARCO; PECAM1; PROX1; CCL14; SPARCL1; PLVAP; JAM2; CAV1; EMCN; CD209; CD34; CD74; ESAM; CDH5; PDPN; CD300LG; ENG; ACKR1,HGNC:4938; HGNC:4940; HGNC:4947; HGNC:4948; HGNC:5344; HGNC:9707; HGNC:6895; HGNC:8823; HGNC:9459; HGNC:10612; HGNC:11220; HGNC:13635; HGNC:14686; HGNC:1527; HGNC:16041; HGNC:1641; HGNC:1662; HGNC:1697; HGNC:17474; HGNC:1764; HGNC:29602; HGNC:30455; HGNC:3349; HGNC:4035,https://doi.org/10.1369/jhc.4A6514.2005; https://doi.org/10.1371/journal.pone.0094781
lymph-node,79,medullary arteriole of lymph node,http://purl.obolibrary.org/obo/UBERON_8410035,blood vessel endothelial cell,CL:0000071,CAV1; CD74; PROX1; HLA-DRA; SPARCL1,5,CD209; CD34; CD74; ESAM; CDH5; PDPN; CD300LG; ENG; ACKR1; HLA-DPA1; HLA-DPB1; HLA-DRA; HLA-DRB1; ICAM1; NECTIN2; MARCO; PECAM1; PROX1; CCL14; SPARCL1; PLVAP; JAM2; CAV1; EMCN,HGNC:1641; HGNC:1662; HGNC:1697; HGNC:17474; HGNC:1764; HGNC:29602; HGNC:30455; HGNC:3349; HGNC:4035; HGNC:4938; HGNC:4940; HGNC:4947; HGNC:4948; HGNC:5344; HGNC:9707; HGNC:6895; HGNC:8823; HGNC:9459; HGNC:10612; HGNC:11220; HGNC:13635; HGNC:14686; HGNC:1527; HGNC:16041,https://doi.org/10.1371/journal.pone.0094781; https://doi.org/10.1369/jhc.4A6514.2005
lymph-node,17,lymph node primary follicle,http://purl.obolibrary.org/obo/UBERON_0010395,naive B cell,CL:0000788,BCL2; CD74; PTPRC; HLA-DRA; MS4A1; MME,6,IGHD; MME; SELL; CD27; CD19; CD1C; CD38; FCER2; MS4A1; CD74; CR2; FCAMR; HLA-DRA; PTPRC; BCL2,HGNC:5480; HGNC:7154; HGNC:10720; HGNC:11922; HGNC:1633; HGNC:1636; HGNC:1667; HGNC:3612; HGNC:7315; HGNC:1697; HGNC:2336; HGNC:24692; HGNC:4947; HGNC:9666; HGNC:990,PMCID:PMC1900414; ISBN:9781933477381
lymph-node,3,venule of lymph node,http://purl.obolibrary.org/obo/UBERON_8410041,blood vessel endothelial cell,CL:0000071,CAV1; CD59; CD74; PROX1; HLA-DRA; SPARCL1,6,ICAM1; NECTIN2; MARCO; PECAM1; PROX1; CCL14; SPARCL1; PLVAP; JAM2; CAV1; EMCN; CD209; CD34; CD59; CD74; ESAM; CDH5; PDPN; CD300LG; ENG; ACKR1; HLA-DPA1; HLA-DPB1; HLA-DRA; HLA-DRB1,HGNC:5344; HGNC:9707; HGNC:6895; HGNC:8823; HGNC:9459; HGNC:10612; HGNC:11220; HGNC:13635; HGNC:14686; HGNC:1527; HGNC:16041; HGNC:1641; HGNC:1662; HGNC:1689; HGNC:1697; HGNC:17474; HGNC:1764; HGNC:29602; HGNC:30455; HGNC:3349; HGNC:4035; HGNC:4938; HGNC:4940; HGNC:4947; HGNC:4948,https://doi.org/10.1371/journal.pone.0094781; https://doi.org/10.1369/jhc.4A6514.2005
lymph-node,28,lymph node germinal center mantle zone,http://purl.obolibrary.org/obo/UBERON_0010420,naive B cell,CL:0000788,BCL2; CD74; PTPRC; HLA-DRA; MS4A1; MME,6,SELL; CD19; CD1C; CD38; FCER2; MS4A1; CD74; CR2; FCAMR; HLA-DRA; IGHD; MME; PTPRC; BCL2,HGNC:10720; HGNC:1633; HGNC:1636; HGNC:1667; HGNC:3612; HGNC:7315; HGNC:1697; HGNC:2336; HGNC:24692; HGNC:4947; HGNC:5480; HGNC:7154; HGNC:9666; HGNC:990,ISBN:9781933477060
lymph-node,26,lymph node germinal center dark zone,http://purl.obolibrary.org/obo/UBERON_8410053,centroblast,CL:0009112,CXCR4; BCL6; BCL2; CD74; MS4A1; MME,6,BCL6; CD74; CXCR4; IGHD; LMO2; MKI67; MME; BCL2; CD27; AICDA; CD19; CD38; MS4A1,HGNC:1001; HGNC:1697; HGNC:2561; HGNC:5480; HGNC:6642; HGNC:7107; HGNC:7154; HGNC:990; HGNC:11922; HGNC:13203; HGNC:1633; HGNC:1667; HGNC:7315,PMCID:PMC1900414; https://doi.org/10.1182/blood-2012-03-415380; ISBN:9781933477381
lymph-node,12,subcapsular sinus floor,http://purl.obolibrary.org/obo/UBERON_8410072,lymphatic endothelial cell of subcapsular sinus floor,CL:0009108,CAV1; CD9; PROX1; PTPRC; LYVE1; LYZ,6,PROX1; PTPRC; CCL20; CXCL5; THY1; TNFRSF9; LYVE1; CLDN11; CAV1; ACKR4; CD9; CD274; PDPN; ACKR1; CXCL1; ICAM1; LYZ; MARCO; MFAP4; NT5E; PECAM1,HGNC:9459; HGNC:9666; HGNC:10619; HGNC:10642; HGNC:11801; HGNC:11924; HGNC:14687; HGNC:8514; HGNC:1527; HGNC:1611; HGNC:1709; HGNC:17635; HGNC:29602; HGNC:4035; HGNC:4602; HGNC:5344; HGNC:6740; HGNC:6895; HGNC:7035; HGNC:8021; HGNC:8823,https://doi.org/10.3389/fcvm.2020.00052; https://doi.org/10.1016/j.immuni.2019.06.027
lymph-node,2,arteriole of lymph node,http://purl.obolibrary.org/obo/UBERON_8410042,blood vessel endothelial cell,CL:0000071,CAV1; CD59; CD74; PROX1; HLA-DRA; SPARCL1,6,CCL14; SPARCL1; PLVAP; JAM2; CAV1; EMCN; CD209; CD34; CD59; CD74; ESAM; CDH5; PDPN; CD300LG; ENG; ACKR1; HLA-DPA1; HLA-DPB1; HLA-DRA; HLA-DRB1; ICAM1; NECTIN2; MARCO; PECAM1; PROX1,HGNC:10612; HGNC:11220; HGNC:13635; HGNC:14686; HGNC:1527; HGNC:16041; HGNC:1641; HGNC:1662; HGNC:1689; HGNC:1697; HGNC:17474; HGNC:1764; HGNC:29602; HGNC:30455; HGNC:3349; HGNC:4035; HGNC:4938; HGNC:4940; HGNC:4947; HGNC:4948; HGNC:5344; HGNC:9707; HGNC:6895; HGNC:8823; HGNC:9459,https://doi.org/10.1369/jhc.4A6514.2005; https://doi.org/10.1371/journal.pone.0094781
lymph-node,87,lymph node vein,http://purl.obolibrary.org/obo/UBERON_8410033,blood vessel endothelial cell,CL:0000071,CAV1; CD74; CD59; PROX1; HLA-DRA; SPARCL1,6,CCL14; SPARCL1; PLVAP; JAM2; CAV1; EMCN; CD209; CD34; CD59; CD74; ESAM; CDH5; PDPN; CD300LG; ENG; ACKR1; HLA-DPA1; HLA-DPB1; HLA-DRA; HLA-DRB1; ICAM1; NECTIN2; MARCO; PECAM1; PROX1,HGNC:10612; HGNC:11220; HGNC:13635; HGNC:14686; HGNC:1527; HGNC:16041; HGNC:1641; HGNC:1662; HGNC:1689; HGNC:1697; HGNC:17474; HGNC:1764; HGNC:29602; HGNC:30455; HGNC:3349; HGNC:4035; HGNC:4938; HGNC:4940; HGNC:4947; HGNC:4948; HGNC:5344; HGNC:9707; HGNC:6895; HGNC:8823; HGNC:9459,https://doi.org/10.1007/s00441-008-0706-5
lymph-node,86,lymph node artery,http://purl.obolibrary.org/obo/UBERON_8410034,blood vessel endothelial cell,CL:0000071,CAV1; CD59; CD74; PROX1; GJA5; HLA-DRA; SPARCL1,7,CCL14; SPARCL1; PLVAP; JAM2; CAV1; EMCN; CD209; CD34; CD59; CD74; ESAM; CDH5; PDPN; CD300LG; ENG; ACKR1; GJA5; HLA-DPA1; HLA-DPB1; HLA-DRA; HLA-DRB1; ICAM1; NECTIN2; MARCO; PECAM1; PROX1,HGNC:10612; HGNC:11220; HGNC:13635; HGNC:14686; HGNC:1527; HGNC:16041; HGNC:1641; HGNC:1662; HGNC:1689; HGNC:1697; HGNC:17474; HGNC:1764; HGNC:29602; HGNC:30455; HGNC:3349; HGNC:4035; HGNC:4279; HGNC:4938; HGNC:4940; HGNC:4947; HGNC:4948; HGNC:5344; HGNC:9707; HGNC:6895; HGNC:8823; HGNC:9459,https://doi.org/10.1007/s00441-008-0706-5
ovary,52,epithelium of female gonad,http://purl.obolibrary.org/obo/UBERON_0004911,columnar ovarian surface epithelial cell,ASCTB-TEMP:columnar-ovarian-surface-epithelial-cell,MSLN,1,CALB2; MSLN,HGNC:1435; HGNC:7371,ISBN:9781496398949; PMID:13774016; https://doi.org/10.1016/0090-8258(79)90005-2; https://doi.org/10.1371/journal.pone.0055578; PMID:4143757
ovary,12,epithelium of female gonad,http://purl.obolibrary.org/obo/UBERON_0004911,columnar ovarian surface epithelial cell,ASCTB-TEMP:columnar-ovarian-surface-epithelial-cell,MSLN,1,CALB2; MSLN,HGNC:1435; HGNC:7371,PMID:13774016; https://doi.org/10.1016/0090-8258(79)90005-2; https://doi.org/10.1371/journal.pone.0055578; PMID:4143757; ISBN:9781496398949
ovary,16,epithelium of female gonad,http://purl.obolibrary.org/obo/UBERON_0004911,columnar ovarian surface epithelial cell,ASCTB-TEMP:columnar-ovarian-surface-epithelial-cell,MSLN,1,CALB2; MSLN,HGNC:1435; HGNC:7371,ISBN:9781496398949; PMID:13774016; https://doi.org/10.1016/0090-8258(79)90005-2; https://doi.org/10.1371/journal.pone.0055578; PMID:4143757
ovary,20,epithelium of female gonad,http://purl.obolibrary.org/obo/UBERON_0004911,columnar ovarian surface epithelial cell,ASCTB-TEMP:columnar-ovarian-surface-epithelial-cell,MSLN,1,CALB2; MSLN,HGNC:1435; HGNC:7371,ISBN:9781496398949; PMID:13774016; https://doi.org/10.1016/0090-8258(79)90005-2; https://doi.org/10.1371/journal.pone.0055578; PMID:4143757
ovary,24,epithelium of female gonad,http://purl.obolibrary.org/obo/UBERON_0004911,columnar ovarian surface epithelial cell,ASCTB-TEMP:columnar-ovarian-surface-epithelial-cell,MSLN,1,CALB2; MSLN,HGNC:1435; HGNC:7371,ISBN:9781496398949; PMID:13774016; https://doi.org/10.1016/0090-8258(79)90005-2; https://doi.org/10.1371/journal.pone.0055578; PMID:4143757
ovary,8,epithelium of female gonad,http://purl.obolibrary.org/obo/UBERON_0004911,columnar ovarian surface epithelial cell,ASCTB-TEMP:columnar-ovarian-surface-epithelial-cell,MSLN,1,CALB2; MSLN,HGNC:1435; HGNC:7371,ISBN:9781496398949; PMID:13774016; https://doi.org/10.1016/0090-8258(79)90005-2; https://doi.org/10.1371/journal.pone.0055578; PMID:4143757
ovary,36,epithelium of female gonad,http://purl.obolibrary.org/obo/UBERON_0004911,columnar ovarian surface epithelial cell,ASCTB-TEMP:columnar-ovarian-surface-epithelial-cell,MSLN,1,CALB2; MSLN,HGNC:1435; HGNC:7371,ISBN:9781496398949; PMID:13774016; https://doi.org/10.1016/0090-8258(79)90005-2; https://doi.org/10.1371/journal.pone.0055578; PMID:4143757
ovary,28,epithelium of female gonad,http://purl.obolibrary.org/obo/UBERON_0004911,columnar ovarian surface epithelial cell,ASCTB-TEMP:columnar-ovarian-surface-epithelial-cell,MSLN,1,CALB2; MSLN,HGNC:1435; HGNC:7371,ISBN:9781496398949; PMID:13774016; https://doi.org/10.1016/0090-8258(79)90005-2; https://doi.org/10.1371/journal.pone.0055578; PMID:4143757
ovary,32,epithelium of female gonad,http://purl.obolibrary.org/obo/UBERON_0004911,columnar ovarian surface epithelial cell,ASCTB-TEMP:columnar-ovarian-surface-epithelial-cell,MSLN,1,CALB2; MSLN,HGNC:1435; HGNC:7371,ISBN:9781496398949; PMID:13774016; https://doi.org/10.1016/0090-8258(79)90005-2; https://doi.org/10.1371/journal.pone.0055578; PMID:4143757
ovary,40,epithelium of female gonad,http://purl.obolibrary.org/obo/UBERON_0004911,columnar ovarian surface epithelial cell,ASCTB-TEMP:columnar-ovarian-surface-epithelial-cell,MSLN,1,CALB2; MSLN,HGNC:1435; HGNC:7371,ISBN:9781496398949; PMID:13774016; https://doi.org/10.1016/0090-8258(79)90005-2; https://doi.org/10.1371/journal.pone.0055578; PMID:4143757
ovary,44,epithelium of female gonad,http://purl.obolibrary.org/obo/UBERON_0004911,columnar ovarian surface epithelial cell,ASCTB-TEMP:columnar-ovarian-surface-epithelial-cell,MSLN,1,CALB2; MSLN,HGNC:1435; HGNC:7371,ISBN:9781496398949; PMID:13774016; https://doi.org/10.1016/0090-8258(79)90005-2; https://doi.org/10.1371/journal.pone.0055578; PMID:4143757
ovary,48,epithelium of female gonad,http://purl.obolibrary.org/obo/UBERON_0004911,columnar ovarian surface epithelial cell,ASCTB-TEMP:columnar-ovarian-surface-epithelial-cell,MSLN,1,CALB2; MSLN,HGNC:1435; HGNC:7371,https://doi.org/10.1016/0090-8258(79)90005-2; https://doi.org/10.1371/journal.pone.0055578; PMID:4143757; ISBN:9781496398949; PMID:13774016
ovary,3,Hilum of ovary,http://purl.org/sig/ont/fma/fma18652,hilus cell of ovary,CL:0002095,INHBB; MLANA,2,CALB2; INHBE; INHA; INHBA; INHBB; INHBC; MLANA; acid phosphatase; alkaline phosphatase; cholesterol esters; non-specific esterase,HGNC:1435; HGNC:24029; HGNC:6065; HGNC:6066; HGNC:6067; HGNC:6068; HGNC:7124; ASCTB-TEMP:acid-phosphatase; ASCTB-TEMP:alkaline-phosphatase; ASCTB-TEMP:cholesterol-esters; ASCTB-TEMP:non-specific-esterase,https://doi.org/10.1097/00000478-199805000-00011; https://doi.org/10.1097/00004347-199804000-00001; ISBN:9781496398949; PMID:13774016; PMID:14287465
palatine-tonsil,31,germinal center,http://purl.obolibrary.org/obo/UBERON_0010754,Cycling B,ASCTB-TEMP:cycling-b,ANLN; MS4A1,2,MS4A1; CLSPN; FAM111B; E2F8; NUGGC; MKI67; MYBL1; KIF4A; GTSE1; ANLN; NUF2; CDCA2; CD19,HGNC:7315; HGNC:19715; HGNC:24200; HGNC:24727; HGNC:33550; HGNC:7107; HGNC:7547; HGNC:13339; HGNC:13698; HGNC:14082; HGNC:14621; HGNC:14623; HGNC:1633,https://doi.org/10.1126/sciimmunol.abh3768; https://doi.org/10.1101/2022.06.24.497299
palatine-tonsil,44,tonsil germinal center,http://purl.obolibrary.org/obo/UBERON_0013688,Cycling B,ASCTB-TEMP:cycling-b,ANLN; MS4A1,2,KIF4A; GTSE1; ANLN; NUF2; CDCA2; CD19; MS4A1; CLSPN; FAM111B; E2F8; NUGGC; MKI67; MYBL1,HGNC:13339; HGNC:13698; HGNC:14082; HGNC:14621; HGNC:14623; HGNC:1633; HGNC:7315; HGNC:19715; HGNC:24200; HGNC:24727; HGNC:33550; HGNC:7107; HGNC:7547,https://doi.org/10.1101/2022.06.24.497299; https://doi.org/10.1126/sciimmunol.abh3768
palatine-tonsil,25,tonsil secondary follicle,https://purl.org/ccf/ASCTB-TEMP_tonsil-secondary-follicle,Cycling B,ASCTB-TEMP:cycling-b,ANLN; MS4A1,2,KIF4A; GTSE1; ANLN; NUF2; CDCA2; CD19; MS4A1; CLSPN; FAM111B; E2F8; NUGGC; MKI67; MYBL1,HGNC:13339; HGNC:13698; HGNC:14082; HGNC:14621; HGNC:14623; HGNC:1633; HGNC:7315; HGNC:19715; HGNC:24200; HGNC:24727; HGNC:33550; HGNC:7107; HGNC:7547,https://doi.org/10.1101/2022.06.24.497299; https://doi.org/10.1126/sciimmunol.abh3768
peripheral-nervous-system,1195,geniculate ganglion,http://purl.obolibrary.org/obo/UBERON_0001700,geniculate ganglion SPARCL1 neuron,ASCTB-TEMP:geniculate-ganglion-sparcl1-neuron,SPARCL1,1,SPARCL1,HGNC:11220,https://doi.org/10.1159/000470835
peripheral-nervous-system,1192,superior vagus X ganglion,http://purl.obolibrary.org/obo/UBERON_0005364,jugular ganglion SPARCL1 neuron,ASCTB-TEMP:jugular-ganglion-sparcl1-neuron,SPARCL1,1,SPARCL1,HGNC:11220,https://doi.org/10.1016/j.tice.2020.101344
peripheral-nervous-system,1110,cervical dorsal root ganglion,http://purl.obolibrary.org/obo/UBERON_0002834,cervical dorsal root ganglion Piezo2 neuron,ASCTB-TEMP:cervical-dorsal-root-ganglion-piezo2-neuron,PIEZO2,1,PIEZO2,HGNC:26270,)https://doi.org/10.3389/fncel.2019.002711; https://doi.org/10.1016/j.neuroscience.2017.11.047
peripheral-nervous-system,1152,lumbar dorsal root ganglion,http://purl.obolibrary.org/obo/UBERON_0002836,lumbar dorsal root ganglion Piezo2 neuron,ASCTB-TEMP:lumbar-dorsal-root-ganglion-piezo2-neuron,PIEZO2,1,PIEZO2,HGNC:26270,)https://doi.org/10.3389/fncel.2019.002711; https://doi.org/10.1016/j.neuroscience.2017.11.047
peripheral-nervous-system,1168,sacral dorsal root ganglion,http://purl.obolibrary.org/obo/UBERON_0002837,sacral dorsal root ganglion Piezo2 neuron,ASCTB-TEMP:sacral-dorsal-root-ganglion-piezo2-neuron,PIEZO2,1,PIEZO2,HGNC:26270,)https://doi.org/10.3389/fncel.2019.002711; https://doi.org/10.1016/j.neuroscience.2017.11.047
peripheral-nervous-system,1129,thoracic dorsal root ganglion,http://purl.obolibrary.org/obo/UBERON_0002835,thoracic dorsal root ganglion Piezo2 neuron,ASCTB-TEMP:thoracic-dorsal-root-ganglion-piezo2-neuron,PIEZO2,1,PIEZO2,HGNC:26270,)https://doi.org/10.3389/fncel.2019.002711; https://doi.org/10.1016/j.neuroscience.2017.11.047
peripheral-nervous-system,1014,ganglion,http://purl.obolibrary.org/obo/UBERON_0000045,Schwann cell,CL:0002573,MPZ; MBP,2,SOX10; MPZ; GFAP; MBP,HGNC:11190; HGNC:7225; HGNC:4235; HGNC:6925,"http://dx.doi.org/10.1097/00007632-200112010-00007,https://doi.org/10.1016/0006-8993(92)90583-U; Kin(2017)https://doi.org/10.1016/j.stemcr.2017.04.011; PMID:2413766PMCID:PMC1888031,https://doi.org/10.1111/nan.12898"
placenta,2,umbilical vein,http://purl.obolibrary.org/obo/UBERON_0002066,pericyte,CL:0000669,DES,1,ACTA2; CSPG4; DES; PDGFRB,HGNC:130; HGNC:2466; HGNC:2770; HGNC:8804,https://doi.org/10.1007/s00441-003-0745-x; https://doi.org/10.1016/0014-4800(90)90037-e; https://doi.org/10.1038/ng.2007.6
placenta,97,endometrial stroma,http://purl.obolibrary.org/obo/UBERON_0002337,uterine resident macrophage,CL:4033064,MRC1,1,CD209; CD68; MRC1; ITGAX,HGNC:1641; HGNC:1693; HGNC:7228; HGNC:6152,https://doi.org/10.1053/plac.2000.0559; https://doi.org/10.1038/s41423-018-0008-0; https://doi.org/10.1371/journal.pone.0002078
placenta,93,chorionic terminal villous capillary,http://purl.obolibrary.org/obo/UBERON_8600041,pericyte,CL:0000669,DES,1,CSPG4; DES; PDGFRB; ACTA2,HGNC:2466; HGNC:2770; HGNC:8804; HGNC:130,https://doi.org/10.1038/ng.2007.6; https://doi.org/10.1007/s00441-003-0745-x; https://doi.org/10.1016/0014-4800(90)90037-e
placenta,96,endometrial stroma,http://purl.obolibrary.org/obo/UBERON_0002337,"decidual natural killer cell, human",CL:0002343,NCAM1,1,NCAM1,HGNC:7656,PMID:1697563
placenta,26,amniotic ectoderm,http://purl.obolibrary.org/obo/UBERON_0003254,epithelial cell of amnion,CL:0002536,KRT7,1,SOX2; KRT7; POU5F1,HGNC:11195; HGNC:6445; HGNC:9221,https://doi.org/10.1016/j.jim.2003.03.001; https://doi.org/10.1053/plac.2000.0559; https://doi.org/10.1095/biolreprod.106.055244; https://doi.org/10.1016/j.jri.2009.02.007; https://doi.org/10.1371/journal.pone.0146082; https://doi.org/10.17772/gp/1673
placenta,23,endometrial blood vessel,http://purl.obolibrary.org/obo/UBERON_0015172,endometrial microvascular endothelial cell,CL:2000091,VWF,1,VWF; MCAM,HGNC:12726; HGNC:6934,https://doi.org/10.1093/humrep/dem265; https://doi.org/10.1093/oxfordjournals.humrep.a136040; https://doi.org/10.1155/2021/6662201; PMID:8804361; https://doi.org/10.1290/1071-2690(2001)037<0408:IOECFH>2.0.CO;2
placenta,24,endometrial blood vessel,http://purl.obolibrary.org/obo/UBERON_0015172,endovascular extravillous trophoblast cell,CL:4033063,KRT7,1,CDH5; HLA-G; KRT7; MCAM,HGNC:1764; HGNC:4964; HGNC:6445; HGNC:6934,https://doi.org/10.1016/j.jim.2003.03.001; https://doi.org/10.1053/plac.2000.0559; https://doi.org/10.1093/humrep/dem265; https://doi.org/10.1095/biolreprod.106.055244; https://doi.org/10.1155/2021/6662201; PMID:8804361; https://doi.org/10.1016/0198-8859(93)90138-Q; https://doi.org/10.1172/JCI119387
placenta,51,endometrial blood vessel,http://purl.obolibrary.org/obo/UBERON_0015172,endometrial microvascular endothelial cell,CL:2000091,VWF,1,VWF; MCAM,HGNC:12726; HGNC:6934,https://doi.org/10.1093/humrep/dem265; https://doi.org/10.1093/oxfordjournals.humrep.a136040; https://doi.org/10.1155/2021/6662201; PMID:8804361; https://doi.org/10.1290/1071-2690(2001)037<0408:IOECFH>2.0.CO;2
placenta,52,endometrial blood vessel,http://purl.obolibrary.org/obo/UBERON_0015172,endovascular extravillous trophoblast cell,CL:4033063,KRT7,1,CDH5; HLA-G; KRT7; MCAM,HGNC:1764; HGNC:4964; HGNC:6445; HGNC:6934,https://doi.org/10.1016/j.jim.2003.03.001; https://doi.org/10.1053/plac.2000.0559; https://doi.org/10.1093/humrep/dem265; https://doi.org/10.1095/biolreprod.106.055244; https://doi.org/10.1155/2021/6662201; PMID:8804361; https://doi.org/10.1016/0198-8859(93)90138-Q; https://doi.org/10.1172/JCI119387
placenta,9,amniotic ectoderm,http://purl.obolibrary.org/obo/UBERON_0003254,epithelial cell of amnion,CL:0002536,KRT7,1,SOX2; KRT7; POU5F1,HGNC:11195; HGNC:6445; HGNC:9221,https://doi.org/10.1016/j.jim.2003.03.001; https://doi.org/10.1053/plac.2000.0559; https://doi.org/10.1095/biolreprod.106.055244; https://doi.org/10.1016/j.jri.2009.02.007; https://doi.org/10.1371/journal.pone.0146082; https://doi.org/10.17772/gp/1673
placenta,91,chorionic villous mesenchyme,http://purl.obolibrary.org/obo/UBERON_8600039,fibroblast of villous mesenchyme,CL:0002558,CD44,1,THY1; CD44; ENG; NT5E,HGNC:11801; HGNC:1681; HGNC:3349; HGNC:8021,https://doi.org/10.1016/j.jcyt.2017.03.001; https://doi.org/10.1095/biolreprod.108.075226; https://doi.org/10.1095/biolreprod51.4.739; https://doi.org/10.1182/blood.V74.2.751.751; https://doi.org/10.1186/s13287-017-0757-1; https://doi.org/10.3390/cells1041061; https://doi.org/10.1093/humrep/den051; https://doi.org/10.3346/jkms.2012.27.8.857; https://doi.org/10.5966/sctm.2015-0022
placenta,90,chorionic villous mesenchyme,http://purl.obolibrary.org/obo/UBERON_8600039,Hofbauer cell,CL:3000001,CD163,1,CD163; CD68; FCGR1A,HGNC:1631; HGNC:1693; HGNC:3613,https://doi.org/10.1053/plac.2000.0559; https://doi.org/10.1016/j.placenta.2007.11.003; PMID:8014121
placenta,7,mesenchyme of umbilical cord,http://purl.obolibrary.org/obo/UBERON_0003422,mesenchymal stem cell of Wharton's jelly,CL:0002568,CD44,1,THY1; CD44; ENG; NT5E,HGNC:11801; HGNC:1681; HGNC:3349; HGNC:8021,https://doi.org/10.1016/j.jcyt.2017.03.001; https://doi.org/10.1095/biolreprod.108.075226; https://doi.org/10.1095/biolreprod51.4.739; https://doi.org/10.1182/blood.V74.2.751.751; https://doi.org/10.1186/s13287-017-0757-1; https://doi.org/10.3390/cells1041061; https://doi.org/10.1093/humrep/den051; https://doi.org/10.3346/jkms.2012.27.8.857; https://doi.org/10.5966/sctm.2015-0022
placenta,68,chorionic terminal villous capillary,http://purl.obolibrary.org/obo/UBERON_8600041,pericyte,CL:0000669,DES,1,ACTA2; CSPG4; DES; PDGFRB,HGNC:130; HGNC:2466; HGNC:2770; HGNC:8804,https://doi.org/10.1016/0014-4800(90)90037-e; https://doi.org/10.1038/ng.2007.6; https://doi.org/10.1007/s00441-003-0745-x
placenta,11,amniotic ectoderm,http://purl.obolibrary.org/obo/UBERON_0003254,epithelial cell of amnion,CL:0002536,KRT7,1,SOX2; KRT7; POU5F1,HGNC:11195; HGNC:6445; HGNC:9221,https://doi.org/10.1016/j.jim.2003.03.001; https://doi.org/10.1053/plac.2000.0559; https://doi.org/10.1095/biolreprod.106.055244; https://doi.org/10.1016/j.jri.2009.02.007; https://doi.org/10.1371/journal.pone.0146082; https://doi.org/10.17772/gp/1673
placenta,10,amniotic mesoderm,http://purl.obolibrary.org/obo/UBERON_0003262,placental amniotic mesenchymal stromal cell,CL:2000061,CD44,1,THY1; CD44; ENG; NT5E,HGNC:11801; HGNC:1681; HGNC:3349; HGNC:8021,https://doi.org/10.1016/j.jcyt.2017.03.001; https://doi.org/10.1095/biolreprod.108.075226; https://doi.org/10.1095/biolreprod51.4.739; https://doi.org/10.1182/blood.V74.2.751.751; https://doi.org/10.1186/s13287-017-0757-1; https://doi.org/10.3390/cells1041061; https://doi.org/10.1093/humrep/den051; https://doi.org/10.3346/jkms.2012.27.8.857; https://doi.org/10.5966/sctm.2015-0022
placenta,1,umbilical vein,http://purl.obolibrary.org/obo/UBERON_0002066,blood vessel endothelial cell,CL:0000071,VWF,1,PECAM1; VWF; MCAM,HGNC:8823; HGNC:12726; HGNC:6934,https://doi.org/10.1093/oxfordjournals.humrep.a136040; https://doi.org/10.1155/2021/6662201; https://doi.org/10.1371/journal.pone.0169849; PMID:8804361; https://doi.org/10.1290/1071-2690(2001)037<0408:IOECFH>2.0.CO;2; https://doi.org/10.1093/humrep/dem265
placenta,66,chorionic villous mesenchyme,http://purl.obolibrary.org/obo/UBERON_8600039,fibroblast of villous mesenchyme,CL:0002558,CD44,1,THY1; CD44; ENG; NT5E,HGNC:11801; HGNC:1681; HGNC:3349; HGNC:8021,https://doi.org/10.1182/blood.V74.2.751.751; https://doi.org/10.1186/s13287-017-0757-1; https://doi.org/10.3390/cells1041061; https://doi.org/10.1093/humrep/den051; https://doi.org/10.3346/jkms.2012.27.8.857; https://doi.org/10.5966/sctm.2015-0022; https://doi.org/10.1016/j.jcyt.2017.03.001; https://doi.org/10.1095/biolreprod.108.075226; https://doi.org/10.1095/biolreprod51.4.739
placenta,73,chorionic villous mesenchyme,http://purl.obolibrary.org/obo/UBERON_8600039,fibroblast of villous mesenchyme,CL:0002558,CD44,1,CD44; ENG; NT5E; THY1,HGNC:1681; HGNC:3349; HGNC:8021; HGNC:11801,https://doi.org/10.1095/biolreprod.108.075226; https://doi.org/10.1095/biolreprod51.4.739; https://doi.org/10.1182/blood.V74.2.751.751; https://doi.org/10.1186/s13287-017-0757-1; https://doi.org/10.3390/cells1041061; https://doi.org/10.1093/humrep/den051; https://doi.org/10.3346/jkms.2012.27.8.857; https://doi.org/10.5966/sctm.2015-0022; https://doi.org/10.1016/j.jcyt.2017.03.001
placenta,72,chorionic villous mesenchyme,http://purl.obolibrary.org/obo/UBERON_8600039,Hofbauer cell,CL:3000001,CD163,1,CD68; FCGR1A; CD163,HGNC:1693; HGNC:3613; HGNC:1631,https://doi.org/10.1053/plac.2000.0559; https://doi.org/10.1016/j.placenta.2007.11.003; PMID:8014121
placenta,75,placenta blood vessel,http://purl.obolibrary.org/obo/UBERON_0022358,pericyte,CL:0000669,DES,1,DES; PDGFRB; ACTA2; CSPG4,HGNC:2770; HGNC:8804; HGNC:130; HGNC:2466,https://doi.org/10.1038/ng.2007.6; https://doi.org/10.1007/s00441-003-0745-x; https://doi.org/10.1016/0014-4800(90)90037-e
placenta,59,chorionic stem villous blood vessel,http://purl.obolibrary.org/obo/UBERON_8600040,blood vessel endothelial cell,CL:0000071,VWF,1,VWF; MCAM; PECAM1,HGNC:12726; HGNC:6934; HGNC:8823,https://doi.org/10.1093/humrep/dem265; https://doi.org/10.1093/oxfordjournals.humrep.a136040; https://doi.org/10.1155/2021/6662201; https://doi.org/10.1371/journal.pone.0169849; PMID:8804361; https://doi.org/10.1290/1071-2690(2001)037<0408:IOECFH>2.0.CO;2
placenta,6,umbilical artery,http://purl.obolibrary.org/obo/UBERON_0001310,vascular associated smooth muscle cell,CL:0000359,DES,1,ACTA2; DES,HGNC:130; HGNC:2770,https://doi.org/10.1007/s00441-003-0745-x; https://doi.org/10.1016/0014-4800(90)90037-e; https://doi.org/10.1038/ng.2007.6
placenta,61,chorionic stem villous blood vessel,http://purl.obolibrary.org/obo/UBERON_8600040,vascular associated smooth muscle cell,CL:0000359,DES,1,ACTA2; DES,HGNC:130; HGNC:2770,https://doi.org/10.1007/s00441-003-0745-x; https://doi.org/10.1016/0014-4800(90)90037-e; https://doi.org/10.1038/ng.2007.6
placenta,60,chorionic stem villous blood vessel,http://purl.obolibrary.org/obo/UBERON_8600040,pericyte,CL:0000669,DES,1,ACTA2; CSPG4; DES; PDGFRB,HGNC:130; HGNC:2466; HGNC:2770; HGNC:8804,https://doi.org/10.1007/s00441-003-0745-x; https://doi.org/10.1016/0014-4800(90)90037-e; https://doi.org/10.1038/ng.2007.6
placenta,58,chorionic villous mesenchyme,http://purl.obolibrary.org/obo/UBERON_8600039,fibroblast of villous mesenchyme,CL:0002558,CD44,1,NT5E; THY1; CD44; ENG,HGNC:8021; HGNC:11801; HGNC:1681; HGNC:3349,https://doi.org/10.1095/biolreprod.108.075226; https://doi.org/10.1095/biolreprod51.4.739; https://doi.org/10.1182/blood.V74.2.751.751; https://doi.org/10.1186/s13287-017-0757-1; https://doi.org/10.3390/cells1041061; https://doi.org/10.1093/humrep/den051; https://doi.org/10.3346/jkms.2012.27.8.857; https://doi.org/10.5966/sctm.2015-0022; https://doi.org/10.1016/j.jcyt.2017.03.001
placenta,28,chorionic mesoderm,https://purl.org/ccf/ASCTB-TEMP_chorionic-mesoderm,fibroblast of villous mesenchyme,CL:0002558,CD44,1,THY1; CD44; ENG; NT5E,HGNC:11801; HGNC:1681; HGNC:3349; HGNC:8021,https://doi.org/10.1016/j.jcyt.2017.03.001; https://doi.org/10.1095/biolreprod.108.075226; https://doi.org/10.1095/biolreprod51.4.739; https://doi.org/10.1182/blood.V74.2.751.751; https://doi.org/10.1186/s13287-017-0757-1; https://doi.org/10.3390/cells1041061; https://doi.org/10.1093/humrep/den051; https://doi.org/10.3346/jkms.2012.27.8.857; https://doi.org/10.5966/sctm.2015-0022
placenta,3,umbilical vein,http://purl.obolibrary.org/obo/UBERON_0002066,vascular associated smooth muscle cell,CL:0000359,DES,1,ACTA2; DES,HGNC:130; HGNC:2770,https://doi.org/10.1007/s00441-003-0745-x; https://doi.org/10.1016/0014-4800(90)90037-e; https://doi.org/10.1038/ng.2007.6
placenta,57,chorionic villous mesenchyme,http://purl.obolibrary.org/obo/UBERON_8600039,Hofbauer cell,CL:3000001,CD163,1,CD163; CD68; FCGR1A,HGNC:1631; HGNC:1693; HGNC:3613,https://doi.org/10.1053/plac.2000.0559; https://doi.org/10.1016/j.placenta.2007.11.003; PMID:8014121
placenta,13,chorionic mesoderm,https://purl.org/ccf/ASCTB-TEMP_chorionic-mesoderm,fibroblast of villous mesenchyme,CL:0002558,CD44,1,THY1; CD44; ENG; NT5E,HGNC:11801; HGNC:1681; HGNC:3349; HGNC:8021,https://doi.org/10.1016/j.jcyt.2017.03.001; https://doi.org/10.1095/biolreprod.108.075226; https://doi.org/10.1095/biolreprod51.4.739; https://doi.org/10.1182/blood.V74.2.751.751; https://doi.org/10.1186/s13287-017-0757-1; https://doi.org/10.3390/cells1041061; https://doi.org/10.1093/humrep/den051; https://doi.org/10.3346/jkms.2012.27.8.857; https://doi.org/10.5966/sctm.2015-0022
placenta,12,amniotic mesoderm,http://purl.obolibrary.org/obo/UBERON_0003262,placental amniotic mesenchymal stromal cell,CL:2000061,CD44,1,NT5E; THY1; CD44; ENG,HGNC:8021; HGNC:11801; HGNC:1681; HGNC:3349,https://doi.org/10.1182/blood.V74.2.751.751; https://doi.org/10.1186/s13287-017-0757-1; https://doi.org/10.3390/cells1041061; https://doi.org/10.1093/humrep/den051; https://doi.org/10.3346/jkms.2012.27.8.857; https://doi.org/10.5966/sctm.2015-0022; https://doi.org/10.1016/j.jcyt.2017.03.001; https://doi.org/10.1095/biolreprod.108.075226; https://doi.org/10.1095/biolreprod51.4.739
placenta,74,placenta blood vessel,http://purl.obolibrary.org/obo/UBERON_0022358,blood vessel endothelial cell,CL:0000071,VWF,1,VWF; MCAM; PECAM1,HGNC:12726; HGNC:6934; HGNC:8823,https://doi.org/10.1093/humrep/dem265; https://doi.org/10.1093/oxfordjournals.humrep.a136040; https://doi.org/10.1155/2021/6662201; https://doi.org/10.1371/journal.pone.0169849; PMID:8804361; https://doi.org/10.1290/1071-2690(2001)037<0408:IOECFH>2.0.CO;2
placenta,79,chorionic stem villous blood vessel,http://purl.obolibrary.org/obo/UBERON_8600040,vascular associated smooth muscle cell,CL:0000359,DES,1,ACTA2; DES,HGNC:130; HGNC:2770,https://doi.org/10.1007/s00441-003-0745-x; https://doi.org/10.1016/0014-4800(90)90037-e; https://doi.org/10.1038/ng.2007.6
placenta,86,chorionic terminal villous capillary,http://purl.obolibrary.org/obo/UBERON_8600041,pericyte,CL:0000669,DES,1,ACTA2; CSPG4; DES; PDGFRB,HGNC:130; HGNC:2466; HGNC:2770; HGNC:8804,https://doi.org/10.1007/s00441-003-0745-x; https://doi.org/10.1016/0014-4800(90)90037-e; https://doi.org/10.1038/ng.2007.6
placenta,27,amniotic mesoderm,http://purl.obolibrary.org/obo/UBERON_0003262,placental amniotic mesenchymal stromal cell,CL:2000061,CD44,1,THY1; CD44; ENG; NT5E,HGNC:11801; HGNC:1681; HGNC:3349; HGNC:8021,https://doi.org/10.1016/j.jcyt.2017.03.001; https://doi.org/10.1095/biolreprod.108.075226; https://doi.org/10.1095/biolreprod51.4.739; https://doi.org/10.1182/blood.V74.2.751.751; https://doi.org/10.1186/s13287-017-0757-1; https://doi.org/10.3390/cells1041061; https://doi.org/10.1093/humrep/den051; https://doi.org/10.3346/jkms.2012.27.8.857; https://doi.org/10.5966/sctm.2015-0022
placenta,84,chorionic villous mesenchyme,http://purl.obolibrary.org/obo/UBERON_8600039,fibroblast of villous mesenchyme,CL:0002558,CD44,1,THY1; CD44; ENG; NT5E,HGNC:11801; HGNC:1681; HGNC:3349; HGNC:8021,https://doi.org/10.1016/j.jcyt.2017.03.001; https://doi.org/10.1095/biolreprod.108.075226; https://doi.org/10.1095/biolreprod51.4.739; https://doi.org/10.1182/blood.V74.2.751.751; https://doi.org/10.1186/s13287-017-0757-1; https://doi.org/10.3390/cells1041061; https://doi.org/10.1093/humrep/den051; https://doi.org/10.3346/jkms.2012.27.8.857; https://doi.org/10.5966/sctm.2015-0022
placenta,83,chorionic villous mesenchyme,http://purl.obolibrary.org/obo/UBERON_8600039,Hofbauer cell,CL:3000001,CD163,1,CD163; CD68; FCGR1A,HGNC:1631; HGNC:1693; HGNC:3613,https://doi.org/10.1053/plac.2000.0559; https://doi.org/10.1016/j.placenta.2007.11.003; PMID:8014121
placenta,41,chorionic plate blood vessel,http://purl.obolibrary.org/obo/UBERON_8600021,blood vessel endothelial cell,CL:0000071,VWF,1,VWF; MCAM; PECAM1,HGNC:12726; HGNC:6934; HGNC:8823,https://doi.org/10.1093/humrep/dem265; https://doi.org/10.1093/oxfordjournals.humrep.a136040; https://doi.org/10.1155/2021/6662201; https://doi.org/10.1371/journal.pone.0169849; PMID:8804361; https://doi.org/10.1290/1071-2690(2001)037<0408:IOECFH>2.0.CO;2
placenta,40,chorionic plate blood vessel,http://purl.obolibrary.org/obo/UBERON_8600021,vascular associated smooth muscle cell,CL:0000359,DES,1,ACTA2; DES,HGNC:130; HGNC:2770,https://doi.org/10.1007/s00441-003-0745-x; https://doi.org/10.1016/0014-4800(90)90037-e; https://doi.org/10.1038/ng.2007.6
placenta,43,chorionic plate blood vessel,http://purl.obolibrary.org/obo/UBERON_8600021,vascular associated smooth muscle cell,CL:0000359,DES,1,ACTA2; DES,HGNC:130; HGNC:2770,https://doi.org/10.1007/s00441-003-0745-x; https://doi.org/10.1016/0014-4800(90)90037-e; https://doi.org/10.1038/ng.2007.6
placenta,42,chorionic plate blood vessel,http://purl.obolibrary.org/obo/UBERON_8600021,pericyte,CL:0000669,DES,1,ACTA2; CSPG4; DES; PDGFRB,HGNC:130; HGNC:2466; HGNC:2770; HGNC:8804,https://doi.org/10.1007/s00441-003-0745-x; https://doi.org/10.1016/0014-4800(90)90037-e; https://doi.org/10.1038/ng.2007.6
placenta,19,endometrial stroma,http://purl.obolibrary.org/obo/UBERON_0002337,uterine resident macrophage,CL:4033064,MRC1,1,CD209; CD68; MRC1; ITGAX,HGNC:1641; HGNC:1693; HGNC:7228; HGNC:6152,https://doi.org/10.1053/plac.2000.0559; https://doi.org/10.1038/s41423-018-0008-0; https://doi.org/10.1371/journal.pone.0002078
placenta,18,endometrial stroma,http://purl.obolibrary.org/obo/UBERON_0002337,"decidual natural killer cell, human",CL:0002343,NCAM1,1,NCAM1,HGNC:7656,PMID:1697563
placenta,77,chorionic stem villous blood vessel,http://purl.obolibrary.org/obo/UBERON_8600040,blood vessel endothelial cell,CL:0000071,VWF,1,MCAM; PECAM1; VWF,HGNC:6934; HGNC:8823; HGNC:12726,https://doi.org/10.1093/oxfordjournals.humrep.a136040; https://doi.org/10.1155/2021/6662201; https://doi.org/10.1371/journal.pone.0169849; PMID:8804361; https://doi.org/10.1290/1071-2690(2001)037<0408:IOECFH>2.0.CO;2; https://doi.org/10.1093/humrep/dem265
placenta,78,chorionic stem villous blood vessel,http://purl.obolibrary.org/obo/UBERON_8600040,pericyte,CL:0000669,DES,1,PDGFRB; ACTA2; CSPG4; DES,HGNC:8804; HGNC:130; HGNC:2466; HGNC:2770,https://doi.org/10.1007/s00441-003-0745-x; https://doi.org/10.1016/0014-4800(90)90037-e; https://doi.org/10.1038/ng.2007.6
placenta,4,umbilical artery,http://purl.obolibrary.org/obo/UBERON_0001310,blood vessel endothelial cell,CL:0000071,VWF,1,VWF; MCAM; PECAM1,HGNC:12726; HGNC:6934; HGNC:8823,https://doi.org/10.1093/humrep/dem265; https://doi.org/10.1093/oxfordjournals.humrep.a136040; https://doi.org/10.1155/2021/6662201; https://doi.org/10.1371/journal.pone.0169849; PMID:8804361; https://doi.org/10.1290/1071-2690(2001)037<0408:IOECFH>2.0.CO;2
placenta,38,chorionic plate blood vessel,http://purl.obolibrary.org/obo/UBERON_8600021,blood vessel endothelial cell,CL:0000071,VWF,1,VWF; MCAM; PECAM1,HGNC:12726; HGNC:6934; HGNC:8823,https://doi.org/10.1093/humrep/dem265; https://doi.org/10.1093/oxfordjournals.humrep.a136040; https://doi.org/10.1155/2021/6662201; https://doi.org/10.1371/journal.pone.0169849; PMID:8804361; https://doi.org/10.1290/1071-2690(2001)037<0408:IOECFH>2.0.CO;2
placenta,39,chorionic plate blood vessel,http://purl.obolibrary.org/obo/UBERON_8600021,pericyte,CL:0000669,DES,1,ACTA2; CSPG4; DES; PDGFRB,HGNC:130; HGNC:2466; HGNC:2770; HGNC:8804,https://doi.org/10.1007/s00441-003-0745-x; https://doi.org/10.1016/0014-4800(90)90037-e; https://doi.org/10.1038/ng.2007.6
placenta,36,cell island,https://purl.org/ccf/ASCTB-TEMP_cell-island,fibroblast of villous mesenchyme,CL:0002558,CD44,1,CD44; THY1; ENG; NT5E,HGNC:1681; HGNC:11801; HGNC:3349; HGNC:8021,https://doi.org/10.3346/jkms.2012.27.8.857; https://doi.org/10.5966/sctm.2015-0022; https://doi.org/10.1016/j.jcyt.2017.03.001; https://doi.org/10.1095/biolreprod.108.075226; https://doi.org/10.1095/biolreprod51.4.739; https://doi.org/10.1182/blood.V74.2.751.751; https://doi.org/10.1186/s13287-017-0757-1; https://doi.org/10.3390/cells1041061; https://doi.org/10.1093/humrep/den051
placenta,35,cell island,https://purl.org/ccf/ASCTB-TEMP_cell-island,blood vessel endothelial cell,CL:0000071,VWF,1,VWF; MCAM; PECAM1,HGNC:12726; HGNC:6934; HGNC:8823,https://doi.org/10.1093/humrep/dem265; https://doi.org/10.1093/oxfordjournals.humrep.a136040; https://doi.org/10.1155/2021/6662201; https://doi.org/10.1371/journal.pone.0169849; PMID:8804361; https://doi.org/10.1290/1071-2690(2001)037<0408:IOECFH>2.0.CO;2
placenta,101,endometrial blood vessel,http://purl.obolibrary.org/obo/UBERON_0015172,endometrial microvascular endothelial cell,CL:2000091,VWF,1,VWF; MCAM,HGNC:12726; HGNC:6934,https://doi.org/10.1093/humrep/dem265; https://doi.org/10.1093/oxfordjournals.humrep.a136040; https://doi.org/10.1155/2021/6662201; PMID:8804361; https://doi.org/10.1290/1071-2690(2001)037<0408:IOECFH>2.0.CO;2
placenta,102,endometrial blood vessel,http://purl.obolibrary.org/obo/UBERON_0015172,endovascular extravillous trophoblast cell,CL:4033063,KRT7,1,CDH5; HLA-G; KRT7; MCAM,HGNC:1764; HGNC:4964; HGNC:6445; HGNC:6934,https://doi.org/10.1016/j.jim.2003.03.001; https://doi.org/10.1053/plac.2000.0559; https://doi.org/10.1093/humrep/dem265; https://doi.org/10.1095/biolreprod.106.055244; https://doi.org/10.1155/2021/6662201; PMID:8804361; https://doi.org/10.1016/0198-8859(93)90138-Q; https://doi.org/10.1172/JCI119387
placenta,65,chorionic villous mesenchyme,http://purl.obolibrary.org/obo/UBERON_8600039,Hofbauer cell,CL:3000001,CD163,1,CD163; CD68; FCGR1A,HGNC:1631; HGNC:1693; HGNC:3613,https://doi.org/10.1053/plac.2000.0559; https://doi.org/10.1016/j.placenta.2007.11.003; PMID:8014121
placenta,5,umbilical artery,http://purl.obolibrary.org/obo/UBERON_0001310,pericyte,CL:0000669,DES,1,ACTA2; CSPG4; DES; PDGFRB,HGNC:130; HGNC:2466; HGNC:2770; HGNC:8804,https://doi.org/10.1007/s00441-003-0745-x; https://doi.org/10.1016/0014-4800(90)90037-e; https://doi.org/10.1038/ng.2007.6
placenta,47,endometrial stroma,http://purl.obolibrary.org/obo/UBERON_0002337,uterine resident macrophage,CL:4033064,MRC1,1,CD209; CD68; MRC1; ITGAX,HGNC:1641; HGNC:1693; HGNC:7228; HGNC:6152,https://doi.org/10.1053/plac.2000.0559; https://doi.org/10.1038/s41423-018-0008-0; https://doi.org/10.1371/journal.pone.0002078
placenta,46,endometrial stroma,http://purl.obolibrary.org/obo/UBERON_0002337,"decidual natural killer cell, human",CL:0002343,NCAM1,1,NCAM1,HGNC:7656,PMID:1697563
placenta,76,placenta blood vessel,http://purl.obolibrary.org/obo/UBERON_0022358,vascular associated smooth muscle cell,CL:0000359,DES,1,ACTA2; DES,HGNC:130; HGNC:2770,https://doi.org/10.1007/s00441-003-0745-x; https://doi.org/10.1016/0014-4800(90)90037-e; https://doi.org/10.1038/ng.2007.6
placenta,92,chorionic terminal villous capillary,http://purl.obolibrary.org/obo/UBERON_8600041,placental villus capillary endothelial cell,CL:2000062,ESR2; VWF,2,RXRA; VWF; ESR2; MCAM; RARA,HGNC:10477; HGNC:12726; HGNC:3468; HGNC:6934; HGNC:9864,https://doi.org/10.1093/humrep/dem265; https://doi.org/10.1093/oxfordjournals.humrep.a136040; https://doi.org/10.1155/2021/6662201; PMID:8804361; https://doi.org/10.1016/j.ajog.2009.01.025; https://doi.org/10.1290/1071-2690(2001)037<0408:IOECFH>2.0.CO;2
placenta,89,chorionic ectoderm (from chorionic plate),https://purl.org/ccf/ASCTB-TEMP_chorionic-ectoderm-from-chorionic-plate-,extravillous trophoblast,CL:0008036,KRT7; PLAC8,2,MCAM; PLAC8; HLA-G; KRT7,HGNC:6934; HGNC:19254; HGNC:4964; HGNC:6445,https://doi.org/10.1016/0198-8859(93)90138-Q; https://doi.org/10.1242/dev.148932; https://doi.org/10.1016/j.jim.2003.03.001; https://doi.org/10.1053/plac.2000.0559; https://doi.org/10.1093/humrep/dem265; https://doi.org/10.1095/biolreprod.106.055244; https://doi.org/10.1155/2021/6662201; PMID:8804361
placenta,71,chorionic ectoderm (from chorionic plate),https://purl.org/ccf/ASCTB-TEMP_chorionic-ectoderm-from-chorionic-plate-,extravillous trophoblast,CL:0008036,KRT7; PLAC8,2,PLAC8; HLA-G; KRT7; MCAM,HGNC:19254; HGNC:4964; HGNC:6445; HGNC:6934,https://doi.org/10.1016/0198-8859(93)90138-Q; https://doi.org/10.1242/dev.148932; https://doi.org/10.1016/j.jim.2003.03.001; https://doi.org/10.1053/plac.2000.0559; https://doi.org/10.1093/humrep/dem265; https://doi.org/10.1095/biolreprod.106.055244; https://doi.org/10.1155/2021/6662201; PMID:8804361
placenta,85,chorionic terminal villous capillary,http://purl.obolibrary.org/obo/UBERON_8600041,placental villus capillary endothelial cell,CL:2000062,ESR2; VWF,2,ESR2; MCAM; RXRA; VWF; RARA,HGNC:3468; HGNC:6934; HGNC:10477; HGNC:12726; HGNC:9864,https://doi.org/10.1093/humrep/dem265; https://doi.org/10.1093/oxfordjournals.humrep.a136040; https://doi.org/10.1155/2021/6662201; PMID:8804361; https://doi.org/10.1016/j.ajog.2009.01.025; https://doi.org/10.1290/1071-2690(2001)037<0408:IOECFH>2.0.CO;2
placenta,67,chorionic terminal villous capillary,http://purl.obolibrary.org/obo/UBERON_8600041,placental villus capillary endothelial cell,CL:2000062,ESR2; VWF,2,ESR2; MCAM; RARA; RXRA; VWF,HGNC:3468; HGNC:6934; HGNC:9864; HGNC:10477; HGNC:12726,https://doi.org/10.1093/humrep/dem265; https://doi.org/10.1093/oxfordjournals.humrep.a136040; https://doi.org/10.1155/2021/6662201; PMID:8804361; https://doi.org/10.1016/j.ajog.2009.01.025; https://doi.org/10.1290/1071-2690(2001)037<0408:IOECFH>2.0.CO;2
placenta,56,chorionic ectoderm (from chorionic plate),https://purl.org/ccf/ASCTB-TEMP_chorionic-ectoderm-from-chorionic-plate-,extravillous trophoblast,CL:0008036,KRT7; PLAC8,2,PLAC8; HLA-G; KRT7; MCAM,HGNC:19254; HGNC:4964; HGNC:6445; HGNC:6934,https://doi.org/10.1016/j.jim.2003.03.001; https://doi.org/10.1053/plac.2000.0559; https://doi.org/10.1093/humrep/dem265; https://doi.org/10.1095/biolreprod.106.055244; https://doi.org/10.1155/2021/6662201; PMID:8804361; https://doi.org/10.1016/0198-8859(93)90138-Q; https://doi.org/10.1242/dev.148932
placenta,15,chorionic ectoderm (from chorion),https://purl.org/ccf/ASCTB-TEMP_chorionic-ectoderm-from-chorion-,extravillous trophoblast,CL:0008036,KRT7; PLAC8,2,PLAC8; HLA-G; KRT7; MCAM,HGNC:19254; HGNC:4964; HGNC:6445; HGNC:6934,https://doi.org/10.1155/2021/6662201; PMID:8804361; https://doi.org/10.1016/0198-8859(93)90138-Q; https://doi.org/10.1242/dev.148932; https://doi.org/10.1016/j.jim.2003.03.001; https://doi.org/10.1053/plac.2000.0559; https://doi.org/10.1093/humrep/dem265; https://doi.org/10.1095/biolreprod.106.055244
placenta,8,placental basal plate,http://purl.obolibrary.org/obo/UBERON_8600019,interstitial extravillous trophoblast cell,CL:4033062,KRT7; PLAC8,2,PLAC8; HLA-G; KRT7; MCAM,HGNC:19254; HGNC:4964; HGNC:6445; HGNC:6934,https://doi.org/10.1016/j.jim.2003.03.001; https://doi.org/10.1053/plac.2000.0559; https://doi.org/10.1093/humrep/dem265; https://doi.org/10.1095/biolreprod.106.055244; https://doi.org/10.1155/2021/6662201; PMID:8804361; https://doi.org/10.1016/0198-8859(93)90138-Q; https://doi.org/10.1242/dev.148932
placenta,32,cell island,https://purl.org/ccf/ASCTB-TEMP_cell-island,extravillous trophoblast,CL:0008036,KRT7; PLAC8,2,PLAC8; HLA-G; KRT7; MCAM,HGNC:19254; HGNC:4964; HGNC:6445; HGNC:6934,https://doi.org/10.1016/j.jim.2003.03.001; https://doi.org/10.1053/plac.2000.0559; https://doi.org/10.1093/humrep/dem265; https://doi.org/10.1095/biolreprod.106.055244; https://doi.org/10.1242/dev.148932; https://doi.org/10.1155/2021/6662201; PMID:8804361; https://doi.org/10.1016/0198-8859(93)90138-Q
placenta,31,chorionic ectoderm (from chorionic plate),https://purl.org/ccf/ASCTB-TEMP_chorionic-ectoderm-from-chorionic-plate-,extravillous trophoblast,CL:0008036,KRT7; PLAC8,2,PLAC8; HLA-G; KRT7; MCAM,HGNC:19254; HGNC:4964; HGNC:6445; HGNC:6934,https://doi.org/10.1016/j.jim.2003.03.001; https://doi.org/10.1053/plac.2000.0559; https://doi.org/10.1093/humrep/dem265; https://doi.org/10.1095/biolreprod.106.055244; https://doi.org/10.1155/2021/6662201; PMID:8804361; https://doi.org/10.1016/0198-8859(93)90138-Q; https://doi.org/10.1242/dev.148932
placenta,82,chorionic ectoderm (from chorionic plate),https://purl.org/ccf/ASCTB-TEMP_chorionic-ectoderm-from-chorionic-plate-,extravillous trophoblast,CL:0008036,KRT7; PLAC8,2,PLAC8; HLA-G; KRT7; MCAM,HGNC:19254; HGNC:4964; HGNC:6445; HGNC:6934,https://doi.org/10.1016/j.jim.2003.03.001; https://doi.org/10.1053/plac.2000.0559; https://doi.org/10.1093/humrep/dem265; https://doi.org/10.1095/biolreprod.106.055244; https://doi.org/10.1155/2021/6662201; PMID:8804361; https://doi.org/10.1016/0198-8859(93)90138-Q; https://doi.org/10.1242/dev.148932
placenta,37,placental septum,http://purl.obolibrary.org/obo/UBERON_8600020,extravillous trophoblast,CL:0008036,KRT7; PLAC8,2,MCAM; PLAC8; HLA-G; KRT7,HGNC:6934; HGNC:19254; HGNC:4964; HGNC:6445,https://doi.org/10.1095/biolreprod.106.055244; https://doi.org/10.1155/2021/6662201; PMID:8804361; https://doi.org/10.1016/0198-8859(93)90138-Q; https://doi.org/10.1242/dev.148932; https://doi.org/10.1016/j.jim.2003.03.001; https://doi.org/10.1053/plac.2000.0559; https://doi.org/10.1093/humrep/dem265
placenta,64,chorionic ectoderm (from chorionic plate),https://purl.org/ccf/ASCTB-TEMP_chorionic-ectoderm-from-chorionic-plate-,extravillous trophoblast,CL:0008036,KRT7; PLAC8,2,PLAC8; HLA-G; KRT7; MCAM,HGNC:19254; HGNC:4964; HGNC:6445; HGNC:6934,https://doi.org/10.1016/j.jim.2003.03.001; https://doi.org/10.1053/plac.2000.0559; https://doi.org/10.1093/humrep/dem265; https://doi.org/10.1095/biolreprod.106.055244; https://doi.org/10.1155/2021/6662201; PMID:8804361; https://doi.org/10.1016/0198-8859(93)90138-Q; https://doi.org/10.1242/dev.148932
placenta,94,endometrial gland,http://purl.obolibrary.org/obo/UBERON_0002451,glandular epithelial cell of endometrium,CL:0009084,EPCAM; KRT18; KRT19,3,EPCAM; FUT4; KRT18; KRT19,HGNC:11529; HGNC:4015; HGNC:6430; HGNC:6436,https://doi.org/10.1093/humrep/det285; https://doi.org/10.1177/1933719118756745; https://doi.org/10.1186/s13287-018-0962-6
placenta,95,endometrial stroma,http://purl.obolibrary.org/obo/UBERON_0002337,stromal cell of endometrium,CL:0002255,ANPEP; CD44; MME,3,THY1; ANPEP; CD44; ENG; MME,HGNC:11801; HGNC:500; HGNC:1681; HGNC:3349; HGNC:7154,https://doi.org/10.1016/j.jcyt.2017.03.001; https://doi.org/10.1095/biolreprod.108.075226; https://doi.org/10.1095/biolreprod51.4.739; https://doi.org/10.1182/blood.V74.2.751.751; https://doi.org/10.1186/s13287-017-0757-1; https://doi.org/10.3390/cells1041061; https://doi.org/10.1016/s1472-6483(10)61745-2; https://doi.org/10.1093/humrep/den051; https://doi.org/10.3346/jkms.2012.27.8.857; https://doi.org/10.5966/sctm.2015-0022
placenta,17,endometrial stroma,http://purl.obolibrary.org/obo/UBERON_0002337,stromal cell of endometrium,CL:0002255,ANPEP; CD44; MME,3,THY1; ANPEP; CD44; ENG; MME,HGNC:11801; HGNC:500; HGNC:1681; HGNC:3349; HGNC:7154,https://doi.org/10.1016/j.jcyt.2017.03.001; https://doi.org/10.1095/biolreprod.108.075226; https://doi.org/10.1095/biolreprod51.4.739; https://doi.org/10.1182/blood.V74.2.751.751; https://doi.org/10.1186/s13287-017-0757-1; https://doi.org/10.3390/cells1041061; https://doi.org/10.1016/s1472-6483(10)61745-2; https://doi.org/10.1093/humrep/den051; https://doi.org/10.3346/jkms.2012.27.8.857; https://doi.org/10.5966/sctm.2015-0022
placenta,22,endometrial stroma,http://purl.obolibrary.org/obo/UBERON_0002337,B cell,CL:0000236,CD44; SDC1; HLA-DRA,3,SDC1; CD44; HLA-DRA,HGNC:10658; HGNC:1681; HGNC:4947,https://doi.org/10.1016/j.jcyt.2017.03.001; https://doi.org/10.1091/mbc.1.1.27; https://doi.org/10.1093/intimm/7.7.1087; https://doi.org/10.1095/biolreprod.108.075226; https://doi.org/10.1095/biolreprod51.4.739; https://doi.org/10.1182/blood.V74.2.751.751; https://doi.org/10.1186/s13287-017-0757-1; https://doi.org/10.3390/cells1041061
placenta,54,chorionic ectoderm (from chorionic plate),https://purl.org/ccf/ASCTB-TEMP_chorionic-ectoderm-from-chorionic-plate-,mononuclear cytotrophoblast cell,CL:0000523,EGFR; KRT7; TP63,3,TP63; EGFR; KRT7,HGNC:15979; HGNC:3236; HGNC:6445,https://doi.org/10.1016/j.ajpath.2014.08.006; https://doi.org/10.1016/j.jim.2003.03.001; https://doi.org/10.1016/S0143-4004(05)80438-2; https://doi.org/10.1053/plac.2000.0559; https://doi.org/10.1095/biolreprod.106.055244
placenta,69,chorionic ectoderm (from chorionic plate),https://purl.org/ccf/ASCTB-TEMP_chorionic-ectoderm-from-chorionic-plate-,mononuclear cytotrophoblast cell,CL:0000523,EGFR; KRT7; TP63,3,TP63; EGFR; KRT7,HGNC:15979; HGNC:3236; HGNC:6445,https://doi.org/10.1016/j.ajpath.2014.08.006; https://doi.org/10.1016/j.jim.2003.03.001; https://doi.org/10.1016/S0143-4004(05)80438-2; https://doi.org/10.1053/plac.2000.0559; https://doi.org/10.1095/biolreprod.106.055244
placenta,100,endometrial stroma,http://purl.obolibrary.org/obo/UBERON_0002337,B cell,CL:0000236,CD44; SDC1; HLA-DRA,3,SDC1; CD44; HLA-DRA,HGNC:10658; HGNC:1681; HGNC:4947,https://doi.org/10.1016/j.jcyt.2017.03.001; https://doi.org/10.1091/mbc.1.1.27; https://doi.org/10.1093/intimm/7.7.1087; https://doi.org/10.1095/biolreprod.108.075226; https://doi.org/10.1095/biolreprod51.4.739; https://doi.org/10.1182/blood.V74.2.751.751; https://doi.org/10.1186/s13287-017-0757-1; https://doi.org/10.3390/cells1041061
placenta,62,chorionic ectoderm (from chorionic plate),https://purl.org/ccf/ASCTB-TEMP_chorionic-ectoderm-from-chorionic-plate-,mononuclear cytotrophoblast cell,CL:0000523,EGFR; KRT7; TP63,3,TP63; EGFR; KRT7,HGNC:15979; HGNC:3236; HGNC:6445,https://doi.org/10.1016/j.ajpath.2014.08.006; https://doi.org/10.1016/j.jim.2003.03.001; https://doi.org/10.1016/S0143-4004(05)80438-2; https://doi.org/10.1053/plac.2000.0559; https://doi.org/10.1095/biolreprod.106.055244
placenta,29,chorionic ectoderm (from chorionic plate),https://purl.org/ccf/ASCTB-TEMP_chorionic-ectoderm-from-chorionic-plate-,mononuclear cytotrophoblast cell,CL:0000523,EGFR; KRT7; TP63,3,TP63; EGFR; KRT7,HGNC:15979; HGNC:3236; HGNC:6445,https://doi.org/10.1016/j.ajpath.2014.08.006; https://doi.org/10.1016/j.jim.2003.03.001; https://doi.org/10.1016/S0143-4004(05)80438-2; https://doi.org/10.1053/plac.2000.0559; https://doi.org/10.1095/biolreprod.106.055244
placenta,14,chorionic ectoderm (from chorion),https://purl.org/ccf/ASCTB-TEMP_chorionic-ectoderm-from-chorion-,mononuclear cytotrophoblast cell,CL:0000523,EGFR; KRT7; TP63,3,TP63; EGFR; KRT7,HGNC:15979; HGNC:3236; HGNC:6445,https://doi.org/10.1016/j.ajpath.2014.08.006; https://doi.org/10.1016/j.jim.2003.03.001; https://doi.org/10.1016/S0143-4004(05)80438-2; https://doi.org/10.1053/plac.2000.0559; https://doi.org/10.1095/biolreprod.106.055244
placenta,80,chorionic ectoderm (from chorionic plate),https://purl.org/ccf/ASCTB-TEMP_chorionic-ectoderm-from-chorionic-plate-,mononuclear cytotrophoblast cell,CL:0000523,EGFR; KRT7; TP63,3,TP63; EGFR; KRT7,HGNC:15979; HGNC:3236; HGNC:6445,https://doi.org/10.1016/j.ajpath.2014.08.006; https://doi.org/10.1016/j.jim.2003.03.001; https://doi.org/10.1016/S0143-4004(05)80438-2; https://doi.org/10.1053/plac.2000.0559; https://doi.org/10.1095/biolreprod.106.055244
placenta,87,chorionic ectoderm (from chorionic plate),https://purl.org/ccf/ASCTB-TEMP_chorionic-ectoderm-from-chorionic-plate-,mononuclear cytotrophoblast cell,CL:0000523,EGFR; KRT7; TP63,3,EGFR; KRT7; TP63,HGNC:3236; HGNC:6445; HGNC:15979,https://doi.org/10.1016/j.ajpath.2014.08.006; https://doi.org/10.1016/j.jim.2003.03.001; https://doi.org/10.1016/S0143-4004(05)80438-2; https://doi.org/10.1053/plac.2000.0559; https://doi.org/10.1095/biolreprod.106.055244
placenta,44,endometrial gland,http://purl.obolibrary.org/obo/UBERON_0002451,glandular epithelial cell of endometrium,CL:0009084,EPCAM; KRT18; KRT19,3,FUT4; KRT18; KRT19; EPCAM,HGNC:4015; HGNC:6430; HGNC:6436; HGNC:11529,https://doi.org/10.1093/humrep/det285; https://doi.org/10.1177/1933719118756745; https://doi.org/10.1186/s13287-018-0962-6
placenta,45,endometrial stroma,http://purl.obolibrary.org/obo/UBERON_0002337,stromal cell of endometrium,CL:0002255,ANPEP; CD44; MME,3,THY1; ANPEP; CD44; ENG; MME,HGNC:11801; HGNC:500; HGNC:1681; HGNC:3349; HGNC:7154,https://doi.org/10.1016/j.jcyt.2017.03.001; https://doi.org/10.1095/biolreprod.108.075226; https://doi.org/10.1095/biolreprod51.4.739; https://doi.org/10.1182/blood.V74.2.751.751; https://doi.org/10.1186/s13287-017-0757-1; https://doi.org/10.3390/cells1041061; https://doi.org/10.1016/s1472-6483(10)61745-2; https://doi.org/10.1093/humrep/den051; https://doi.org/10.3346/jkms.2012.27.8.857; https://doi.org/10.5966/sctm.2015-0022
placenta,16,endometrial gland,http://purl.obolibrary.org/obo/UBERON_0002451,glandular epithelial cell of endometrium,CL:0009084,EPCAM; KRT18; KRT19,3,EPCAM; FUT4; KRT18; KRT19,HGNC:11529; HGNC:4015; HGNC:6430; HGNC:6436,https://doi.org/10.1093/humrep/det285; https://doi.org/10.1177/1933719118756745; https://doi.org/10.1186/s13287-018-0962-6
placenta,33,cell island,https://purl.org/ccf/ASCTB-TEMP_cell-island,mononuclear cytotrophoblast cell,CL:0000523,EGFR; KRT7; TP63,3,TP63; EGFR; KRT7,HGNC:15979; HGNC:3236; HGNC:6445,https://doi.org/10.1016/j.ajpath.2014.08.006; https://doi.org/10.1016/j.jim.2003.03.001; https://doi.org/10.1016/S0143-4004(05)80438-2; https://doi.org/10.1053/plac.2000.0559; https://doi.org/10.1095/biolreprod.106.055244
placenta,50,endometrial stroma,http://purl.obolibrary.org/obo/UBERON_0002337,B cell,CL:0000236,CD44; SDC1; HLA-DRA,3,SDC1; CD44; HLA-DRA,HGNC:10658; HGNC:1681; HGNC:4947,https://doi.org/10.1016/j.jcyt.2017.03.001; https://doi.org/10.1091/mbc.1.1.27; https://doi.org/10.1093/intimm/7.7.1087; https://doi.org/10.1095/biolreprod.108.075226; https://doi.org/10.1095/biolreprod51.4.739; https://doi.org/10.1182/blood.V74.2.751.751; https://doi.org/10.1186/s13287-017-0757-1; https://doi.org/10.3390/cells1041061
placenta,55,chorionic ectoderm (from chorionic plate),https://purl.org/ccf/ASCTB-TEMP_chorionic-ectoderm-from-chorionic-plate-,syncytiotrophoblast cell,CL:0000525,CSH1; PSG4; EGFR; KRT7,4,CGB3; CSH1; EGFR; KRT7; PSG4,HGNC:1886; HGNC:2440; HGNC:3236; HGNC:6445; HGNC:9521,https://doi.org/10.1007/BF01628222; https://doi.org/10.1016/j.jim.2003.03.001; https://doi.org/10.1016/S0143-4004(05)80438-2; https://doi.org/10.1053/plac.2000.0559; https://doi.org/10.1056/NEJM197007232830408; https://doi.org/10.1095/biolreprod.106.055244; https://doi.org/10.1146/annurev.bi.50.070181.002341
placenta,81,chorionic ectoderm (from chorionic plate),https://purl.org/ccf/ASCTB-TEMP_chorionic-ectoderm-from-chorionic-plate-,syncytiotrophoblast cell,CL:0000525,CSH1; PSG4; EGFR; KRT7,4,CGB3; CSH1; EGFR; KRT7; PSG4,HGNC:1886; HGNC:2440; HGNC:3236; HGNC:6445; HGNC:9521,https://doi.org/10.1007/BF01628222; https://doi.org/10.1016/j.jim.2003.03.001; https://doi.org/10.1016/S0143-4004(05)80438-2; https://doi.org/10.1053/plac.2000.0559; https://doi.org/10.1056/NEJM197007232830408; https://doi.org/10.1095/biolreprod.106.055244; https://doi.org/10.1146/annurev.bi.50.070181.002341
placenta,70,chorionic ectoderm (from chorionic plate),https://purl.org/ccf/ASCTB-TEMP_chorionic-ectoderm-from-chorionic-plate-,syncytiotrophoblast cell,CL:0000525,CSH1; PSG4; EGFR; KRT7,4,CGB3; CSH1; EGFR; KRT7; PSG4,HGNC:1886; HGNC:2440; HGNC:3236; HGNC:6445; HGNC:9521,https://doi.org/10.1007/BF01628222; https://doi.org/10.1016/j.jim.2003.03.001; https://doi.org/10.1016/S0143-4004(05)80438-2; https://doi.org/10.1053/plac.2000.0559; https://doi.org/10.1056/NEJM197007232830408; https://doi.org/10.1095/biolreprod.106.055244; https://doi.org/10.1146/annurev.bi.50.070181.002341
placenta,63,chorionic ectoderm (from chorionic plate),https://purl.org/ccf/ASCTB-TEMP_chorionic-ectoderm-from-chorionic-plate-,syncytiotrophoblast cell,CL:0000525,CSH1; PSG4; EGFR; KRT7,4,CGB3; CSH1; EGFR; KRT7; PSG4,HGNC:1886; HGNC:2440; HGNC:3236; HGNC:6445; HGNC:9521,https://doi.org/10.1007/BF01628222; https://doi.org/10.1016/j.jim.2003.03.001; https://doi.org/10.1016/S0143-4004(05)80438-2; https://doi.org/10.1053/plac.2000.0559; https://doi.org/10.1056/NEJM197007232830408; https://doi.org/10.1095/biolreprod.106.055244; https://doi.org/10.1146/annurev.bi.50.070181.002341
placenta,30,chorionic ectoderm (from chorionic plate),https://purl.org/ccf/ASCTB-TEMP_chorionic-ectoderm-from-chorionic-plate-,syncytiotrophoblast cell,CL:0000525,CSH1; PSG4; EGFR; KRT7,4,CGB3; CSH1; EGFR; KRT7; PSG4,HGNC:1886; HGNC:2440; HGNC:3236; HGNC:6445; HGNC:9521,https://doi.org/10.1007/BF01628222; https://doi.org/10.1016/j.jim.2003.03.001; https://doi.org/10.1016/S0143-4004(05)80438-2; https://doi.org/10.1053/plac.2000.0559; https://doi.org/10.1056/NEJM197007232830408; https://doi.org/10.1095/biolreprod.106.055244; https://doi.org/10.1146/annurev.bi.50.070181.002341
placenta,88,chorionic ectoderm (from chorionic plate),https://purl.org/ccf/ASCTB-TEMP_chorionic-ectoderm-from-chorionic-plate-,syncytiotrophoblast cell,CL:0000525,CSH1; PSG4; EGFR; KRT7,4,CSH1; EGFR; KRT7; PSG4; CGB3,HGNC:2440; HGNC:3236; HGNC:6445; HGNC:9521; HGNC:1886,https://doi.org/10.1146/annurev.bi.50.070181.002341; https://doi.org/10.1007/BF01628222; https://doi.org/10.1016/j.jim.2003.03.001; https://doi.org/10.1016/S0143-4004(05)80438-2; https://doi.org/10.1053/plac.2000.0559; https://doi.org/10.1056/NEJM197007232830408; https://doi.org/10.1095/biolreprod.106.055244
placenta,34,cell island,https://purl.org/ccf/ASCTB-TEMP_cell-island,syncytiotrophoblast cell,CL:0000525,CSH1; PSG4; EGFR; KRT7,4,CGB3; CSH1; EGFR; KRT7; PSG4,HGNC:1886; HGNC:2440; HGNC:3236; HGNC:6445; HGNC:9521,https://doi.org/10.1007/BF01628222; https://doi.org/10.1016/j.jim.2003.03.001; https://doi.org/10.1016/S0143-4004(05)80438-2; https://doi.org/10.1053/plac.2000.0559; https://doi.org/10.1056/NEJM197007232830408; https://doi.org/10.1095/biolreprod.106.055244; https://doi.org/10.1146/annurev.bi.50.070181.002341
skin,30,dermal papilla,http://purl.obolibrary.org/obo/UBERON_0000412,myoepithelial cell of sweat gland,CL:1000417,S100A2,1,S100A2; ACTA2; CNN1,HGNC:10492; HGNC:130; HGNC:2155,https://doi.org/10.1046/j.1365-2133.1997.17651853.x; https://doi.org/10.1097/DAD.0000000000000431; https://doi.org/10.1247/csf.14009
skin,2,stratum granulosum of epidermis,http://purl.obolibrary.org/obo/UBERON_0002069,keratinocyte,CL:0000312,KRT10,1,TP53; DDB2; KRT10; MKI67,HGNC:11998; HGNC:2718; HGNC:6413; HGNC:7107,https://doi.org/10.1083/jcb.200603161
skin,31,dermal papilla,http://purl.obolibrary.org/obo/UBERON_0000412,skin fibroblast,CL:0002620,VIM,1,VIM; CD34; F3,HGNC:12692; HGNC:1662; HGNC:3541,https://doi.org/10.1074/jbc.M701586200; https://doi.org/10.1097/00000372-199606000-00008; https://doi.org/10.1111/j.1365-2133.1989.tb15509.x
skin,41,dermal papilla,http://purl.obolibrary.org/obo/UBERON_0000412,natural killer cell,CL:0000623,NCAM1,1,CD3D; FCGR3A; NCAM1,HGNC:1673; HGNC:3619; HGNC:7656,https://doi.org/10.1016/s1471-4906(01)02060-9
skin,32,dermal papilla,http://purl.obolibrary.org/obo/UBERON_0000412,mast cell,CL:0000097,KIT,1,CCR3; ENPP3; KIT,HGNC:1604; HGNC:3358; HGNC:6342,https://doi.org/10.1111/imr.12639; https://doi.org/10.1159/000053694.; No DOI
skin,37,dermal papilla,http://purl.obolibrary.org/obo/UBERON_0000412,macrophage,CL:0000235,CD163,1,CD163; CD68,HGNC:1631; HGNC:1693,https://doi.org/10.1016/j.actatropica.2016.01.008; https://doi.org/10.1136/ard.2003.013029
skin,27,apocrine gland,http://purl.obolibrary.org/obo/UBERON_0008974,myoepithelial cell of sweat gland,CL:1000417,GATA3,1,GATA3; PIP,HGNC:4172; HGNC:8993,https://doi.org/10.1046/j.0022-202x.2001.00005.x; https://doi.org/10.1083/jcb.95.2.580; https://doi.org/10.1097/DAD.0000000000000306
skin,70,hypodermis,http://purl.obolibrary.org/obo/UBERON_0002072,Schwann cell,CL:0002573,S100A2,1,S100A2; NGFR,HGNC:10492; HGNC:7809,https://doi.org/10.1093/brain/awm199; https://doi.org/10.1111/j.1365-4362.1984.tb05661.x
skin,7,stratum basale of epidermis,http://purl.obolibrary.org/obo/UBERON_0002025,basal cell,CL:0000646,KRT14,1,TP53; DDB2; KRT14; KRT5; MKI67,HGNC:11998; HGNC:2718; HGNC:6416; HGNC:6442; HGNC:7107,https://doi.org/10.1083/jcb.200603161
skin,73,hypodermis,http://purl.obolibrary.org/obo/UBERON_0002072,vascular associated smooth muscle cell,CL:0000359,CALD1,1,ACTA2; CALD1; CNN1,HGNC:130; HGNC:1441; HGNC:2155,No DOI
skin,72,vasculature of integument,http://purl.obolibrary.org/obo/UBERON_0035549,endothelial cell,CL:0000115,ERG,1,ERG; PECAM1,HGNC:3446; HGNC:8823,https://doi.org/10.1016/j.vph.2016.05.003; https://doi.org/10.1152/ajpcell.00524.2001
skin,61,hypodermis,http://purl.obolibrary.org/obo/UBERON_0002072,macrophage,CL:0000235,CD163,1,CD68; CD163,HGNC:1693; HGNC:1631,https://doi.org/10.1038/jid.2010.165; https://doi.org/10.1038/labinvest.2016.116
skin,6,stratum spinosum of epidermis,http://purl.obolibrary.org/obo/UBERON_0002026,Merkel cell,CL:0000242,KRT20,1,KRT20; SYP,HGNC:20412; HGNC:11506,https://doi.org/10.1111/1523-1747.ep12606183; https://doi.org/10.1159/000248491
skin,53,dermal papilla,http://purl.obolibrary.org/obo/UBERON_0000412,vascular associated smooth muscle cell,CL:0000359,CALD1,1,CNN1; ACTA2; CALD1,HGNC:2155; HGNC:130; HGNC:1441,https://doi.org/10.1083/jcb.113.1.147; No DOI
skin,44,dermal papilla,http://purl.obolibrary.org/obo/UBERON_0000412,group 3 innate lymphoid cell,CL:0001071,NCAM1,1,RORC; CD3D; NCAM1,HGNC:10260; HGNC:1673; HGNC:7656,https://doi.org/10.1038/ncomms11394; https://doi.org/10.1126/science.aaa6566
skin,50,dermal papilla,http://purl.obolibrary.org/obo/UBERON_0000412,Schwann cell,CL:0002573,S100A2,1,S100A2; NGFR,HGNC:10492; HGNC:7809,https://doi.org/10.1016/S0065-1281(97)80024-4; https://doi.org/10.1093/brain/awm199; https://doi.org/10.1111/j.1365-4362.1984.tb05661.x
skin,59,hypodermis,http://purl.obolibrary.org/obo/UBERON_0002072,subcutaneous adipocyte,CL:0002521,S100B,1,S100B; CALB2,HGNC:10500; HGNC:1435,https://doi.org/10.1016/j.humpath.2005.11.006; https://doi.org/10.1155/2010/790431
skin,42,dermal papilla,http://purl.obolibrary.org/obo/UBERON_0000412,group 1 innate lymphoid cell,CL:0001067,NCAM1,1,TBX21; CD3D; NCAM1,HGNC:11599; HGNC:1673; HGNC:7656,https://doi.org/10.1126/science.aaa6566
skin,60,hypodermis,http://purl.obolibrary.org/obo/UBERON_0002072,skin fibroblast,CL:0002620,VIM,1,VIM; CD34; F3,HGNC:12692; HGNC:1662; HGNC:3541,https://doi.org/10.1074/jbc.M701586200; https://doi.org/10.1097/00000372-199606000-00008; https://doi.org/10.1111/j.1365-2133.1989.tb15509.x
skin,57,dermal papilla,http://purl.obolibrary.org/obo/UBERON_0000412,endothelial cell of lymphatic vessel,CL:0002138,LYVE1,1,LYVE1; PDPN,HGNC:14687; HGNC:29602,https://doi.org/10.1038/jid.2013.481; https://doi.org/10.3389/fimmu.2012.00283
skin,58,hypodermis,http://purl.obolibrary.org/obo/UBERON_0002072,endothelial cell of lymphatic vessel,CL:0002138,LYVE1,1,LYVE1; PDPN,HGNC:14687; HGNC:29602,https://doi.org/10.1038/jid.2013.481; https://doi.org/10.3389/fimmu.2012.00283
skin,62,hypodermis,http://purl.obolibrary.org/obo/UBERON_0002072,mast cell,CL:0000097,KIT,1,CCR3; ENPP3; KIT,HGNC:1604; HGNC:3358; HGNC:6342,https://doi.org/10.1111/imr.12639.; https://doi.org/10.1159/000053694
skin,66,hypodermis,http://purl.obolibrary.org/obo/UBERON_0002072,B cell,CL:0000236,MS4A1,1,CD19; MS4A1; CD79A,HGNC:1633; HGNC:7315; HGNC:1698,https://doi.org/10.4049/jimmunol.1801211
skin,52,vasculature of integument,http://purl.obolibrary.org/obo/UBERON_0035549,endothelial cell,CL:0000115,ERG,1,ERG; PECAM1,HGNC:3446; HGNC:8823,https://doi.org/10.1016/j.vph.2016.05.003; https://doi.org/10.1152/ajpcell.00524.2001
skin,10,stratum basale of epidermis,http://purl.obolibrary.org/obo/UBERON_0002025,melanocyte of skin,CL:1000458,S100A2; MLANA,2,S100A2; SOX10; MLANA,HGNC:10492; HGNC:11190; HGNC:7124,https://doi.org/10.1034/j.1600-0854.2002.30909.x; https://doi.org/10.1046/j.1365-2133.1997.17651853.x; https://doi.org/10.1074/jbc.m309036200
skin,26,eccrine sweat gland,http://purl.obolibrary.org/obo/UBERON_0000423,myoepithelial cell of sweat gland,CL:1000417,S100A2; KRT19,2,S100A2; KRT26; KRT19,HGNC:10492; HGNC:30840; HGNC:6436,https://doi.org/10.1046/j.1365-2133.1997.17651853.x; https://doi.org/10.1111/1523-1747.ep12277180
skin,4,stratum spinosum of epidermis,http://purl.obolibrary.org/obo/UBERON_0002026,spinous cell of epidermis,CL:0000649,KRT1; KRT10,2,KRT1; KRT10,HGNC:6412; HGNC:6413,https://doi.org/10.1083/jcb.200603161
skin,9,stratum basale of epidermis,http://purl.obolibrary.org/obo/UBERON_0002025,Merkel cell,CL:0000242,CHGA; KRT20,2,SYP; CHGA; KRT20,HGNC:11506; HGNC:1929; HGNC:20412,https://doi.org/10.1083/jcb.200603161; https://doi.org/10.1111/1523-1747.ep12319788; https://doi.org/10.1111/1523-1747.ep12606183
skin,43,dermal papilla,http://purl.obolibrary.org/obo/UBERON_0000412,group 2 innate lymphoid cell,CL:0001069,GATA3; NCAM1,2,CD3D; GATA3; NCAM1,HGNC:1673; HGNC:4172; HGNC:7656,https://doi.org/10.1126/science.aaa6566
spinal-cord,14,lumbar spinal cord white matter,http://purl.obolibrary.org/obo/UBERON_0026386,endothelial cell,CL:0000115,CLDN5,1,CLDN5,HGNC:2047,https://doi.org/10.1016/j.neuron.2023.01.007
spinal-cord,56,lumbar spinal cord dorsal horn,http://purl.obolibrary.org/obo/UBERON_0014638,neuron,CL:0000540,RELN,1,NMUR2; PDE11A; RELN,HGNC:16454; HGNC:8773; HGNC:9957,https://doi.org/10.1016/j.neuron.2023.01.007
spinal-cord,54,lumbar spinal cord dorsal horn,http://purl.obolibrary.org/obo/UBERON_0014638,neuron,CL:0000540,MAF,1,MAFA; GABRB2; MAF,HGNC:23145; HGNC:4082; HGNC:6776,https://doi.org/10.1016/j.neuron.2023.01.007
spinal-cord,13,lumbar spinal cord white matter,http://purl.obolibrary.org/obo/UBERON_0026386,microglial cell,CL:0000129,AIF1,1,AIF1,HGNC:352,https://doi.org/10.1016/j.neuron.2023.01.007
spinal-cord,55,lumbar spinal cord dorsal horn,http://purl.obolibrary.org/obo/UBERON_0014638,neuron,CL:0000540,RELN,1,IRAK1; PDE11A; RELN,HGNC:6112; HGNC:8773; HGNC:9957,https://doi.org/10.1016/j.neuron.2023.01.007
spinal-cord,68,lumbar spinal cord dorsal horn,http://purl.obolibrary.org/obo/UBERON_0014638,neuron,CL:0000540,SULF1,1,RORB; SULF1; PDYN,HGNC:10259; HGNC:20391; HGNC:8820,https://doi.org/10.1016/j.neuron.2023.01.007
spinal-cord,70,lumbar spinal cord dorsal horn,http://purl.obolibrary.org/obo/UBERON_0014638,neuron,CL:0000540,PROX1,1,RORB; PDYN; PROX1,HGNC:10259; HGNC:8820; HGNC:9459,https://doi.org/10.1016/j.neuron.2023.01.007
spinal-cord,83,lumbar spinal cord ventral horn,http://purl.obolibrary.org/obo/UBERON_0030276,motor neuron,CL:0000100,SNAP25,1,SNAP25; PRPH,HGNC:11132; HGNC:9461,https://doi.org/10.1016/j.neuron.2023.01.007
spinal-cord,62,lumbar spinal cord dorsal horn,http://purl.obolibrary.org/obo/UBERON_0014638,neuron,CL:0000540,SOX5,1,SOX5; CALCB; NMU,HGNC:11201; HGNC:1438; HGNC:7859,https://doi.org/10.1016/j.neuron.2023.01.007
spinal-cord,88,lumbar spinal cord lateral horn,http://purl.obolibrary.org/obo/UBERON_0031906,neuron,CL:0000540,ZFHX3,1,TAC1; ZFHX3; LMX1B,HGNC:11517; HGNC:777; HGNC:6654,https://doi.org/10.1016/j.neuron.2023.01.007
spinal-cord,89,lumbar spinal cord lateral horn,http://purl.obolibrary.org/obo/UBERON_0031906,neuron,CL:0000540,SATB2,1,TAC3; SATB2; NFIX,HGNC:11521; HGNC:21637; HGNC:7788,https://doi.org/10.1016/j.neuron.2023.01.007
spinal-cord,75,lumbar spinal cord dorsal horn,http://purl.obolibrary.org/obo/UBERON_0014638,endothelial cell,CL:0000115,CLDN5,1,CLDN5,HGNC:2047,https://doi.org/10.1016/j.neuron.2023.01.007
spinal-cord,96,lumbar spinal cord lateral horn,http://purl.obolibrary.org/obo/UBERON_0031906,endothelial cell,CL:0000115,CLDN5,1,CLDN5,HGNC:2047,https://doi.org/10.1016/j.neuron.2023.01.007
spinal-cord,87,lumbar spinal cord ventral horn,http://purl.obolibrary.org/obo/UBERON_0030276,endothelial cell,CL:0000115,CLDN5,1,CLDN5,HGNC:2047,https://doi.org/10.1016/j.neuron.2023.01.007
spinal-cord,63,lumbar spinal cord dorsal horn,http://purl.obolibrary.org/obo/UBERON_0014638,neuron,CL:0000540,CAPN8,1,NR2F2; CAPN8; LETR1,HGNC:7976; HGNC:1485; HGNC:49597,https://doi.org/10.1016/j.neuron.2023.01.007
spinal-cord,64,lumbar spinal cord dorsal horn,http://purl.obolibrary.org/obo/UBERON_0014638,neuron,CL:0000540,CAPN8,1,RASSF3; CAPN8; PENK,HGNC:14271; HGNC:1485; HGNC:8831,https://doi.org/10.1016/j.neuron.2023.01.007
spinal-cord,78,lumbar spinal cord ventral horn,http://purl.obolibrary.org/obo/UBERON_0030276,neuron,CL:0000540,ZFHX3,1,CDH9; ZFHX3; NR4A2,HGNC:1768; HGNC:777; HGNC:7981,https://doi.org/10.1016/j.neuron.2023.01.007
spinal-cord,91,lumbar spinal cord lateral horn,http://purl.obolibrary.org/obo/UBERON_0031906,neuron,CL:0000540,ZFHX3,1,ZFHX3; ISL1,HGNC:777; HGNC:6132,https://doi.org/10.1016/j.neuron.2023.01.007
spinal-cord,74,lumbar spinal cord dorsal horn,http://purl.obolibrary.org/obo/UBERON_0014638,microglial cell,CL:0000129,AIF1,1,AIF1,HGNC:352,https://doi.org/10.1016/j.neuron.2023.01.007
spinal-cord,95,lumbar spinal cord lateral horn,http://purl.obolibrary.org/obo/UBERON_0031906,microglial cell,CL:0000129,AIF1,1,AIF1,HGNC:352,https://doi.org/10.1016/j.neuron.2023.01.007
spinal-cord,86,lumbar spinal cord ventral horn,http://purl.obolibrary.org/obo/UBERON_0030276,microglial cell,CL:0000129,AIF1,1,AIF1,HGNC:352,https://doi.org/10.1016/j.neuron.2023.01.007
spinal-cord,80,lumbar spinal cord ventral horn,http://purl.obolibrary.org/obo/UBERON_0030276,neuron,CL:0000540,PROX1,1,NFIX; PROX1,HGNC:7788; HGNC:9459,https://doi.org/10.1016/j.neuron.2023.01.007
spinal-cord,59,lumbar spinal cord dorsal horn,http://purl.obolibrary.org/obo/UBERON_0014638,neuron,CL:0000540,SOX5,1,SOX5; TAC1; CARTPT,HGNC:11201; HGNC:11517; HGNC:24323,https://doi.org/10.1016/j.neuron.2023.01.007
spinal-cord,60,lumbar spinal cord dorsal horn,http://purl.obolibrary.org/obo/UBERON_0014638,neuron,CL:0000540,SOX5,1,SOX5; TAC1; LMO3,HGNC:11201; HGNC:11517; HGNC:6643,https://doi.org/10.1016/j.neuron.2023.01.007
spinal-cord,61,lumbar spinal cord dorsal horn,http://purl.obolibrary.org/obo/UBERON_0014638,neuron,CL:0000540,SOX5,1,SOX5; ISM1; NMU,HGNC:11201; HGNC:16213; HGNC:7859,https://doi.org/10.1016/j.neuron.2023.01.007
spinal-cord,58,lumbar spinal cord dorsal horn,http://purl.obolibrary.org/obo/UBERON_0014638,neuron,CL:0000540,IGF1; SOX5,2,SOX5; TAC1; IGF1,HGNC:11201; HGNC:11517; HGNC:5464,https://doi.org/10.1016/j.neuron.2023.01.007
spinal-cord,51,lumbar spinal cord dorsal horn,http://purl.obolibrary.org/obo/UBERON_0014638,neuron,CL:0000540,COL6A2; MYO10,2,COL6A2; MAFA; MYO10,HGNC:2212; HGNC:23145; HGNC:7593,https://doi.org/10.1016/j.neuron.2023.01.007
spinal-cord,67,lumbar spinal cord dorsal horn,http://purl.obolibrary.org/obo/UBERON_0014638,neuron,CL:0000540,ADARB2; CDHR3,2,CDH7; ADARB2; CDHR3,HGNC:1766; HGNC:227; HGNC:26308,https://doi.org/10.1016/j.neuron.2023.01.007
spinal-cord,82,lumbar spinal cord ventral horn,http://purl.obolibrary.org/obo/UBERON_0030276,neuron,CL:0000540,ASAH2; ZFHX3,2,ASAH2; ZFHX3; GAS1RR,HGNC:18860; HGNC:777; HGNC:52261,https://doi.org/10.1016/j.neuron.2023.01.007
spinal-cord,71,lumbar spinal cord dorsal horn,http://purl.obolibrary.org/obo/UBERON_0014638,neuron,CL:0000540,SAMD3; HMCN1,2,HMCN1; SAMD3; NPY,HGNC:19194; HGNC:21574; HGNC:7955,https://doi.org/10.1016/j.neuron.2023.01.007
spinal-cord,66,lumbar spinal cord dorsal horn,http://purl.obolibrary.org/obo/UBERON_0014638,neuron,CL:0000540,ADARB2; CDHR3,2,ADARB2; CDHR3; NFATC1,HGNC:227; HGNC:26308; HGNC:7775,https://doi.org/10.1016/j.neuron.2023.01.007
spinal-cord,77,lumbar spinal cord ventral horn,http://purl.obolibrary.org/obo/UBERON_0030276,neuron,CL:0000540,RNF220; FOXP2; ZFHX3,3,FOXP2; RNF220; ZFHX3,HGNC:13875; HGNC:25552; HGNC:777,https://doi.org/10.1016/j.neuron.2023.01.007
spinal-cord,81,lumbar spinal cord ventral horn,http://purl.obolibrary.org/obo/UBERON_0030276,neuron,CL:0000540,FOXP2; GATA3; ZFHX3,3,FOXP2; ZFHX3; GATA3,HGNC:13875; HGNC:777; HGNC:4172,https://doi.org/10.1016/j.neuron.2023.01.007
spinal-cord,76,lumbar spinal cord ventral horn,http://purl.obolibrary.org/obo/UBERON_0030276,neuron,CL:0000540,POU6F2; ZFHX3; ONECUT2,3,POU6F2; ZFHX3; ONECUT2,HGNC:21694; HGNC:777; HGNC:8139,https://doi.org/10.1016/j.neuron.2023.01.007
spinal-cord,79,lumbar spinal cord ventral horn,http://purl.obolibrary.org/obo/UBERON_0030276,neuron,CL:0000540,POU6F2; ZFHX3; ONECUT2,3,POU6F2; ZFHX3; ONECUT2,HGNC:21694; HGNC:777; HGNC:8139,https://doi.org/10.1016/j.neuron.2023.01.007
spleen,123,sympathetic nerve plexus,http://purl.obolibrary.org/obo/UBERON_0012373,catecholaminergic neuron,CL:4033050,S100B,1,S100B; TH; UCHL1; DBH,HGNC:10500; HGNC:11782; HGNC:12513; HGNC:2689,https://doi.org/10.1016/j.bbi.2018.12.009
spleen,119,periarterial lymphatic sheath,http://purl.obolibrary.org/obo/UBERON_0001960,natural killer cell,CL:0000623,NCAM1,1,CD160; NCR3; FCGR3A; NCAM1; PRF1; NCR1+,HGNC:17013; HGNC:19077; HGNC:3619; HGNC:7656; HGNC:9360; ASCTB-TEMP:ncr1-,https://doi.org/10.1186/s13059-019-1906-x; https://doi.org/10.4049/jimmunol.172.3.1455
spleen,130,sympathetic nerve plexus,http://purl.obolibrary.org/obo/UBERON_0012373,catecholaminergic neuron,CL:4033050,S100B,1,S100B; TH; UCHL1; DBH,HGNC:10500; HGNC:11782; HGNC:12513; HGNC:2689,https://doi.org/10.1016/j.bbi.2018.12.009
spleen,17,sheathed capillary of spleen,https://purl.org/ccf/ASCTB-TEMP_sheathed-capillary-of-spleen,memory B cell,CL:0000787,MS4A1,1,CD27; CD19; MS4A1; CD79A; IGHD; IGHM,HGNC:11922; HGNC:1633; HGNC:7315; HGNC:1698; HGNC:5480; HGNC:5541,https://doi.org/10.1186/s13059-019-1906-x; https://doi.org/10.1007/s00418-013-1172-z
spleen,132,trabecula of spleen,http://purl.obolibrary.org/obo/UBERON_0001265,myofibroblast cell,CL:0000186,CALD1,1,ACTA2; CALD1,HGNC:130; HGNC:1441,https://doi.org/10.1038/s41598-018-34105-3; PMID: 20126587; PMID: 3310649
spleen,125,connective tissue,https://purl.org/ccf/ASCTB-TEMP_connective-tissue,myofibroblast cell,CL:0000186,CALD1,1,ACTA2; CALD1,HGNC:130; HGNC:1441,PMID: 20126587; PMID: 3310649
spleen,16,sheathed capillary of spleen,https://purl.org/ccf/ASCTB-TEMP_sheathed-capillary-of-spleen,naive B cell,CL:0000788,MS4A1,1,CD19; MS4A1; CD79A; IGHD,HGNC:1633; HGNC:7315; HGNC:1698; HGNC:5480,https://doi.org/10.1186/s13059-019-1906-x; https://doi.org/10.1007/s00418-013-1172-z
spleen,47,spleen perifollicular zone,http://purl.obolibrary.org/obo/UBERON_0005353,DEC205+ DC,ASCTB-TEMP:dec205-dc,CD74,1,ITGAX; LY75; CD74,HGNC:6152; HGNC:6729; HGNC:1697,https://doi.org/10.1111/j.1365-2567.2007.02710.x
spleen,56,spleen germinal center,http://purl.obolibrary.org/obo/UBERON_0005196,germinal center B cell,CL:0000844,MS4A1,1,CD27; AICDA; MS4A1; IGHD; MKI67,HGNC:11922; HGNC:13203; HGNC:7315; HGNC:5480; HGNC:7107,https://doi.org/10.1186/s13059-019-1906-x; https://doi.org/10.1111/j.1365-2559.1985.tb02841.x; https://doi.org/10.1111/j.1365-2559.1986.tb02482.x; https://doi.org/10.1371/journal.pone.0229778
spleen,53,spleen primary B follicle,http://purl.obolibrary.org/obo/UBERON_0004041,splenic white pulp macrophage,CL:0000876,APOE,1,CD5L; CD68; APOE,HGNC:1690; HGNC:1693; HGNC:613,https://doi.org/10.1186/s13059-019-1906-x; https://doi.org/10.1007/s00418-011-0799-x; https://doi.org/10.1111/imm.12469
spleen,54,spleen primary B follicle,http://purl.obolibrary.org/obo/UBERON_0004041,DEC205+ DC,ASCTB-TEMP:dec205-dc,CD74,1,CD74; ITGAX; LY75,HGNC:1697; HGNC:6152; HGNC:6729,https://doi.org/10.1111/j.1365-2567.2007.02710.x
spleen,52,spleen primary B follicle,http://purl.obolibrary.org/obo/UBERON_0004041,memory B cell,CL:0000787,MS4A1,1,CD79A; IGHD; IGHM; CD27; CD19; MS4A1,HGNC:1698; HGNC:5480; HGNC:5541; HGNC:11922; HGNC:1633; HGNC:7315,https://doi.org/10.1111/imm.12469; https://doi.org/10.1186/s13059-019-1906-x
spleen,61,Inner Mantle Zone,https://purl.org/ccf/ASCTB-TEMP_inner-mantle-zone,Mantle Zone B Cell,ASCTB-TEMP:mantle-zone-b-cell,MS4A1,1,CD27; MS4A1; TNFRSF13B; IGHD; IGHM,HGNC:11922; HGNC:7315; HGNC:18153; HGNC:5480; HGNC:5541,https://doi.org/10.1186/s13059-019-1906-x; https://doi.org/10.1111/imm.12469; https://doi.org/10.1111/imm.12325
spleen,6,penicillar arteriole,http://purl.obolibrary.org/obo/UBERON_0013132,memory B cell,CL:0000787,MS4A1,1,CD19; MS4A1; CD79A; IGHM,HGNC:1633; HGNC:7315; HGNC:1698; HGNC:5541,https://doi.org/10.1186/s13059-019-1906-x; https://doi.org/10.1007/s00418-013-1172-z
spleen,59,spleen germinal center,http://purl.obolibrary.org/obo/UBERON_0005196,splenic tingible body macrophage,CL:0000877,APOE,1,CD5L; CD68; APOE,HGNC:1690; HGNC:1693; HGNC:613,https://doi.org/10.1186/s13059-019-1906-x; https://doi.org/10.1007/s00418-011-0799-x
spleen,21,Splenic Red Pulp Stroma,https://purl.org/ccf/ASCTB-TEMP_splenic-red-pulp-stroma,Splenic Red Pulp Stromal Cell,ASCTB-TEMP:splenic-red-pulp-stromal-cell,CXCL12,1,CXCL12; ICAM1; IL6,HGNC:10672; HGNC:5344; HGNC:6018,https://doi.org/10.1002/eji.200425442
spleen,18,sheathed capillary of spleen,https://purl.org/ccf/ASCTB-TEMP_sheathed-capillary-of-spleen,class switched memory B cell,CL:0000972,MS4A1,1,CD19; MS4A1; CD79A,HGNC:1633; HGNC:7315; HGNC:1698,https://doi.org/10.1186/s13059-019-1906-x; https://doi.org/10.1007/s00418-013-1172-z
spleen,28,splenic cord,http://purl.obolibrary.org/obo/UBERON_0001266,B cell,CL:0000236,MS4A1,1,CD19; MS4A1; CD79A,HGNC:1633; HGNC:7315; HGNC:1698,https://doi.org/10.1186/s13059-019-1906-x; https://doi.org/10.1111/imm.12469
spleen,39,spleen perifollicular zone,http://purl.obolibrary.org/obo/UBERON_0005353,"CD14-positive, CD16-low monocyte",CL:0001055,VCAN,1,CD14; ITGAM; VCAN; FCGR1A; FCGR3A; FCN1,HGNC:1628; HGNC:6149; HGNC:2464; HGNC:3613; HGNC:3619; HGNC:3623,https://doi.org/10.1186/s13059-019-1906-x; https://doi.org/10.1182/bloodadvances.2017015008; https://doi.org/10.3389/fimmu.2019.01642
spleen,35,splenic cord,http://purl.obolibrary.org/obo/UBERON_0001266,natural killer cell,CL:0000623,NCAM1,1,CD160; NCR3; FCGR3A; NCAM1; NCR1+,HGNC:17013; HGNC:19077; HGNC:3619; HGNC:7656; ASCTB-TEMP:ncr1-,https://doi.org/10.1186/s13059-019-1906-x; https://doi.org/10.4049/jimmunol.172.3.1455
spleen,3,sympathetic nerve plexus,http://purl.obolibrary.org/obo/UBERON_0012373,catecholaminergic neuron,CL:4033050,S100B,1,S100B; TH; UCHL1; DBH,HGNC:10500; HGNC:11782; HGNC:12513; HGNC:2689,https://doi.org/10.1016/j.bbi.2018.12.009; https://doi.org/10.3389/fimmu.2017.01712
spleen,30,splenic cord,http://purl.obolibrary.org/obo/UBERON_0001266,"CD8-positive, alpha-beta memory T cell",CL:0000909,PTPRC,1,CD3E; CD4; CD8A; PTPRC,HGNC:1674; HGNC:1678; HGNC:1706; HGNC:9666,https://doi.org/10.1186/s13059-019-1906-x; https://doi.org/10.1126/sciimmunol.aau6085
spleen,26,splenic cord,http://purl.obolibrary.org/obo/UBERON_0001266,"CD14-positive, CD16-low monocyte",CL:0001055,VCAN,1,FCN1; CD14; ITGAM; VCAN; FCGR1A; FCGR3A,HGNC:3623; HGNC:1628; HGNC:6149; HGNC:2464; HGNC:3613; HGNC:3619,https://doi.org/10.1182/bloodadvances.2017015008; https://doi.org/10.1186/s13059-019-1906-x
spleen,34,splenic cord,http://purl.obolibrary.org/obo/UBERON_0001266,platelet,CL:0000233,ITGA2B,1,GP1BA; GP9; ITGA2B; PF4,HGNC:4439; HGNC:4444; HGNC:6138; HGNC:8861,https://doi.org/10.1186/s13059-019-1906-x; https://doi.org/10.1002/cyto.a.20133; https://doi.org/10.1046/j.1537-2995.1985.25385219900.x
spleen,67,Superficial Mantle Zone,https://purl.org/ccf/ASCTB-TEMP_superficial-mantle-zone,memory B cell,CL:0000787,MS4A1,1,CD27; CD19; MS4A1; CD79A; IGHD; IGHM,HGNC:11922; HGNC:1633; HGNC:7315; HGNC:1698; HGNC:5480; HGNC:5541,https://doi.org/10.1186/s13059-019-1906-x; https://doi.org/10.1111/imm.12469; https://doi.org/10.1111/j.1365-2567.2005.02242.x
spleen,66,Superficial Mantle Zone,https://purl.org/ccf/ASCTB-TEMP_superficial-mantle-zone,naive B cell,CL:0000788,MS4A1,1,CD19; MS4A1; CD79A; IGHD,HGNC:1633; HGNC:7315; HGNC:1698; HGNC:5480,https://doi.org/10.1186/s13059-019-1906-x; https://doi.org/10.1111/imm.12469
spleen,74,marginal zone of spleen,http://purl.obolibrary.org/obo/UBERON_0001251,transitional stage B cell,CL:0000818,MS4A1,1,CD19; FCER2; MS4A1; CD79A,HGNC:1633; HGNC:3612; HGNC:7315; HGNC:1698,https://doi.org/10.1186/s13059-019-1906-x; https://doi.org/10.1111/imm.12469; https://doi.org/10.1093/intimm/14.2.157
spleen,73,marginal zone of spleen,http://purl.obolibrary.org/obo/UBERON_0001251,marginal zone B cell of spleen,CL:0000845,MS4A1,1,MS4A1; CR2; IGHD; IGHM; IL6; CD27; CD1C; CD1D; FCER2,HGNC:7315; HGNC:2336; HGNC:5480; HGNC:5541; HGNC:6018; HGNC:11922; HGNC:1636; HGNC:1637; HGNC:3612,https://doi.org/10.1111/imm.12469; https://doi.org/10.1182/blood-2004-01-0346
spleen,72,marginal zone of spleen,http://purl.obolibrary.org/obo/UBERON_0001251,memory B cell,CL:0000787,MS4A1,1,CD27; CD19; MS4A1; CD79A; IGHD; IGHM,HGNC:11922; HGNC:1633; HGNC:7315; HGNC:1698; HGNC:5480; HGNC:5541,https://doi.org/10.1186/s13059-019-1906-x; https://doi.org/10.1111/imm.12469
spleen,71,marginal zone of spleen,http://purl.obolibrary.org/obo/UBERON_0001251,class switched memory B cell,CL:0000972,MS4A1,1,CD27; CD19; MS4A1; CD79A; IGHD; IGHM,HGNC:11922; HGNC:1633; HGNC:7315; HGNC:1698; HGNC:5480; HGNC:5541,https://doi.org/10.1186/s13059-019-1906-x; https://doi.org/10.1007/s00418-013-1172-z; https://doi.org/10.1007/s00418-020-01924-3
spleen,43,spleen perifollicular zone,http://purl.obolibrary.org/obo/UBERON_0005353,CD141-positive myeloid dendritic cell,CL:0002394,THBD,1,THBD; XCR1; CLEC9A; ITGAX,HGNC:11784; HGNC:1625; HGNC:26705; HGNC:6152,https://doi.org/10.1186/s13059-019-1906-x; https://doi.org/10.1046/j.1365-2567.1997.00328.x; https://doi.org/10.4049/jimmunol.1002632
spleen,48,spleen central arteriole,http://purl.obolibrary.org/obo/UBERON_0010401,splenic endothelial cell,CL:2000053,VWF,1,VWF; PECAM1; CD34,HGNC:12726; HGNC:8823; HGNC:1662,https://doi.org/10.1111/imm.12469; https://doi.org/10.1016/j.aanat.2019.05.004; https://doi.org/10.1182/bloodadvances.2017015073
spleen,46,spleen perifollicular zone,http://purl.obolibrary.org/obo/UBERON_0005353,"plasmacytoid dendritic cell, human",CL:0001058,NRP1,1,CLEC4C; IL3RA; ITGAX; NRP1,HGNC:13258; HGNC:6012; HGNC:6152; HGNC:8004,https://doi.org/10.1186/s13059-019-1906-x; https://doi.org/10.4049/jimmunol.1002632
spleen,7,penicillar arteriole,http://purl.obolibrary.org/obo/UBERON_0013132,class switched memory B cell,CL:0000972,MS4A1,1,CD19; MS4A1; CD79A,HGNC:1633; HGNC:7315; HGNC:1698,https://doi.org/10.1007/s00418-013-1172-z; https://https://doi.org/.org/10.1186/s13059-019-1906-x
spleen,2,sympathetic nerve plexus,http://purl.obolibrary.org/obo/UBERON_0012373,catecholaminergic neuron,CL:4033050,S100B,1,S100B; TH; UCHL1; DBH,HGNC:10500; HGNC:11782; HGNC:12513; HGNC:2689,https://doi.org/10.1016/j.bbi.2018.12.009; https://doi.org/10.3389/fimmu.2017.01712
spleen,87,Inner PALS,https://purl.org/ccf/ASCTB-TEMP_inner-pals,catecholaminergic neuron,CL:4033050,S100B,1,S100B; TH; UCHL1; DBH,HGNC:10500; HGNC:11782; HGNC:12513; HGNC:2689,https://doi.org/10.1016/j.bbi.2018.12.009
spleen,9,penicillar arteriole,http://purl.obolibrary.org/obo/UBERON_0013132,Splenic Stromal Cell (non-FRC/non-FDC),ASCTB-TEMP:splenic-stromal-cell-non-frc-non-fdc-,KRT8,1,ACTA2; KRT8; MADCAM1; NGFR,HGNC:130; HGNC:6446; HGNC:6765; HGNC:7809,https://doi.org/10.1111/imm.12469
spleen,88,Inner PALS,https://purl.org/ccf/ASCTB-TEMP_inner-pals,"naive thymus-derived CD4-positive, alpha-beta T cell",CL:0000895,PTPRC,1,CD3E; CD4; CD8A; PTPRC,HGNC:1674; HGNC:1678; HGNC:1706; HGNC:9666,https://doi.org/10.1186/s13059-019-1906-x; https://doi.org/10.1126/sciimmunol.aau6085
spleen,90,Inner PALS,https://purl.org/ccf/ASCTB-TEMP_inner-pals,"naive thymus-derived CD8-positive, alpha-beta T cell",CL:0000900,PTPRC,1,CD3E; CD4; CD8A; PTPRC,HGNC:1674; HGNC:1678; HGNC:1706; HGNC:9666,https://doi.org/10.1186/s13059-019-1906-x; https://doi.org/10.1126/sciimmunol.aau6085
spleen,92,Inner PALS,https://purl.org/ccf/ASCTB-TEMP_inner-pals,"CD8-positive, alpha-beta cytotoxic T cell",CL:0000794,GNLY,1,CD3E; CD8A; GZMB; GNLY; PRF1,HGNC:1674; HGNC:1706; HGNC:4709; HGNC:4414; HGNC:9360,https://doi.org/10.1186/s13059-019-1906-x; https://doi.org/10.1126/sciimmunol.aau6085
spleen,100,Outer PALS,https://purl.org/ccf/ASCTB-TEMP_outer-pals,"naive thymus-derived CD4-positive, alpha-beta T cell",CL:0000895,PTPRC,1,CD3E; CD4; CD8A; PTPRC,HGNC:1674; HGNC:1678; HGNC:1706; HGNC:9666,https://doi.org/10.1186/s13059-019-1906-x; https://doi.org/10.1126/sciimmunol.aau6085
spleen,114,periarterial lymphatic sheath,http://purl.obolibrary.org/obo/UBERON_0001960,CD141-positive myeloid dendritic cell,CL:0002394,THBD,1,THBD; XCR1; CLEC9A; ITGAX,HGNC:11784; HGNC:1625; HGNC:26705; HGNC:6152,https://doi.org/10.1186/s13059-019-1906-x; https://doi.org/10.4049/jimmunol.1002632
spleen,110,periarterial lymphatic sheath,http://purl.obolibrary.org/obo/UBERON_0001960,"CD4-positive, alpha-beta memory T cell",CL:0000897,PTPRC,1,CD27; CD3E; CD4; CD8A; PTPRC,HGNC:11922; HGNC:1674; HGNC:1678; HGNC:1706; HGNC:9666,https://doi.org/10.1186/s13059-019-1906-x; https://doi.org/10.1111/j.1365-2362.2006.01626.x
spleen,109,periarterial lymphatic sheath,http://purl.obolibrary.org/obo/UBERON_0001960,"CD8-positive, alpha-beta memory T cell",CL:0000909,PTPRC,1,CD27; CD3E; CD4; CD8A; PTPRC,HGNC:11922; HGNC:1674; HGNC:1678; HGNC:1706; HGNC:9666,https://doi.org/10.1186/s13059-019-1906-x; https://doi.org/10.1111/j.1365-2362.2006.01626.x
spleen,111,periarterial lymphatic sheath,http://purl.obolibrary.org/obo/UBERON_0001960,myofibroblast cell,CL:0000186,CALD1,1,ACTA2; CALD1,HGNC:130; HGNC:1441,https://doi.org/10.1038/s41598-018-34105-3; PMID: 20126587; PMID: 3310649
spleen,112,periarterial lymphatic sheath,http://purl.obolibrary.org/obo/UBERON_0001960,"plasmacytoid dendritic cell, human",CL:0001058,NRP1,1,CLEC4C; IL3RA; ITGAX; NRP1,HGNC:13258; HGNC:6012; HGNC:6152; HGNC:8004,https://doi.org/10.1186/s13059-019-1906-x; https://doi.org/10.4049/jimmunol.1002632
spleen,116,periarterial lymphatic sheath,http://purl.obolibrary.org/obo/UBERON_0001960,DEC205+ DC,ASCTB-TEMP:dec205-dc,CD74,1,CD74; ITGAX; LY75,HGNC:1697; HGNC:6152; HGNC:6729,https://doi.org/10.1111/j.1365-2567.2007.02710.x
spleen,83,marginal zone of spleen,http://purl.obolibrary.org/obo/UBERON_0001251,splenic endothelial cell,CL:2000053,VWF,1,VWF; CD34; PECAM1,HGNC:12726; HGNC:1662; HGNC:8823,https://doi.org/10.1111/imm.12469; https://doi.org/10.1016/j.aanat.2019.05.004; https://doi.org/10.1182/bloodadvances.2017015073
spleen,78,marginal zone of spleen,http://purl.obolibrary.org/obo/UBERON_0001251,"plasmacytoid dendritic cell, human",CL:0001058,NRP1,1,CLEC4C; IL3RA; ITGAX; NRP1,HGNC:13258; HGNC:6012; HGNC:6152; HGNC:8004,https://doi.org/10.1186/s13059-019-1906-x; https://doi.org/10.1111/imm.12469; https://doi.org/10.4049/jimmunol.1002632
spleen,82,marginal zone of spleen,http://purl.obolibrary.org/obo/UBERON_0001251,neutrophil,CL:0000775,CEACAM8,1,FUT4; CEACAM8; ELANE; MPO,HGNC:4015; HGNC:1820; HGNC:3309; HGNC:7218,https://doi.org/10.1111/imm.12469; https://doi.org/10.1038/ni.2194; https://doi.org/10.1038/ni.2830
spleen,105,Outer PALS,https://purl.org/ccf/ASCTB-TEMP_outer-pals,regulatory T cell,CL:0000815,IL7R,1,CCR7; IL2RA; IL7R; FOXP3,HGNC:1608; HGNC:6008; HGNC:6024; HGNC:6106,https://doi.org/10.1186/s13059-019-1906-x; https://doi.org/10.1007/s00262-015-1729-x; https://doi.org/10.1016/j.immuni.2012.09.020
spleen,102,Outer PALS,https://purl.org/ccf/ASCTB-TEMP_outer-pals,"naive thymus-derived CD8-positive, alpha-beta T cell",CL:0000900,PTPRC,1,CD3E; CD4; CD8A; PTPRC,HGNC:1674; HGNC:1678; HGNC:1706; HGNC:9666,https://doi.org/10.1186/s13059-019-1906-x; https://doi.org/10.1126/sciimmunol.aau6085
spleen,104,Outer PALS,https://purl.org/ccf/ASCTB-TEMP_outer-pals,"CD8-positive, alpha-beta cytotoxic T cell",CL:0000794,GNLY,1,CD3E; CD8A; GZMB; GNLY; PRF1,HGNC:1674; HGNC:1706; HGNC:4709; HGNC:4414; HGNC:9360,https://doi.org/10.1186/s13059-019-1906-x; https://doi.org/10.1126/sciimmunol.aau6085
spleen,40,spleen perifollicular zone,http://purl.obolibrary.org/obo/UBERON_0005353,neutrophil,CL:0000775,CEACAM8,1,FUT4; CEACAM8; ELANE; MPO,HGNC:4015; HGNC:1820; HGNC:3309; HGNC:7218,https://doi.org/10.1038/ni.2194; https://doi.org/10.1038/ni.2830
spleen,5,penicillar arteriole,http://purl.obolibrary.org/obo/UBERON_0013132,naive B cell,CL:0000788,MS4A1,1,CD19; MS4A1; CD79A; IGHD; IGHM,HGNC:1633; HGNC:7315; HGNC:1698; HGNC:5480; HGNC:5541,https://doi.org/10.1186/s13059-019-1906-x; https://doi.org/10.1007/s00418-013-1172-z; https://doi.org/10.1111/imm.12469
spleen,122,splenic vein,http://purl.obolibrary.org/obo/UBERON_0003713,vein endothelial cell,CL:0002543,THBD; VWF,2,THBD; VWF; CD34; PECAM1,HGNC:11784; HGNC:12726; HGNC:1662; HGNC:8823,https://doi.org/10.1007/s00418-007-0320-8; https://doi.org/10.1016/j.aanat.2019.05.004; https://doi.org/10.1182/bloodadvances.2017015073
spleen,121,splenic artery,http://purl.obolibrary.org/obo/UBERON_0001194,endothelial cell of artery,CL:1000413,THBD; VWF,2,THBD; VWF; CD34; PECAM1,HGNC:11784; HGNC:12726; HGNC:1662; HGNC:8823,https://doi.org/10.1007/s00418-007-0320-8; https://doi.org/10.1016/j.aanat.2019.05.004; https://doi.org/10.1182/bloodadvances.2017015073
spleen,12,sheathed capillary of spleen,https://purl.org/ccf/ASCTB-TEMP_sheathed-capillary-of-spleen,splenic endothelial cell,CL:2000053,VCAM1; VWF,2,VCAM1; VWF; CD34; PECAM1,HGNC:12663; HGNC:12726; HGNC:1662; HGNC:8823,https://doi.org/10.1017/CBO9780511545979; https://doi.org/10.1182/bloodadvances.2017015073
spleen,15,sheathed capillary of spleen,https://purl.org/ccf/ASCTB-TEMP_sheathed-capillary-of-spleen,splenic red pulp macrophage,CL:0000874,APOE; CD163,2,SIGLEC1; CD163; CD5L; CD68; APOE; NGFR,HGNC:11127; HGNC:1631; HGNC:1690; HGNC:1693; HGNC:613; HGNC:7809,https://doi.org/10.1186/s13059-019-1906-x; https://doi.org/10.1111/imm.12469
spleen,129,spleen trabecular vein,http://purl.obolibrary.org/obo/UBERON_0010400,splenic endothelial cell,CL:2000053,THBD; VWF,2,THBD; VWF; CD34; PECAM1,HGNC:11784; HGNC:12726; HGNC:1662; HGNC:8823,https://doi.org/10.1007/s00418-007-0320-8; https://doi.org/10.1182/bloodadvances.2017015073
spleen,128,spleen trabecular artery,http://purl.obolibrary.org/obo/UBERON_0010399,splenic endothelial cell,CL:2000053,THBD; VWF,2,THBD; VWF; CD34; PECAM1,HGNC:11784; HGNC:12726; HGNC:1662; HGNC:8823,https://doi.org/10.1007/s00418-007-0320-8; https://doi.org/10.1016/j.aanat.2019.05.004; https://doi.org/10.1182/bloodadvances.2017015073
spleen,64,Inner Mantle Zone,https://purl.org/ccf/ASCTB-TEMP_inner-mantle-zone,splenic endothelial cell,CL:2000053,THBD; VWF,2,THBD; VWF; CD34; PECAM1,HGNC:11784; HGNC:12726; HGNC:1662; HGNC:8823,https://doi.org/10.1007/s00418-007-0320-8; https://doi.org/10.1016/j.aanat.2019.05.004; https://doi.org/10.1182/bloodadvances.2017015073
spleen,77,marginal zone of spleen,http://purl.obolibrary.org/obo/UBERON_0001251,Splenic Stromal Cell (non-FRC/non-FDC),ASCTB-TEMP:splenic-stromal-cell-non-frc-non-fdc-,CR1; THBD,2,CXCL13; THBD; THY1; TNFSF11; ACTA2; CR1; CR2; PDPN; ENG; MADCAM1; NGFR,HGNC:10639; HGNC:11784; HGNC:11801; HGNC:11926; HGNC:130; HGNC:2334; HGNC:2336; HGNC:29602; HGNC:3349; HGNC:6765; HGNC:7809,https://doi.org/10.1111/imm.12469
spleen,76,marginal zone of spleen,http://purl.obolibrary.org/obo/UBERON_0001251,splenic marginal zone macrophage,CL:0000872,APOE; CD163,2,CD163; CD5L; CD68; APOE,HGNC:1631; HGNC:1690; HGNC:1693; HGNC:613,https://doi.org/10.1186/s13059-019-1906-x; https://doi.org/10.1111/imm.12469
spleen,95,Inner PALS,https://purl.org/ccf/ASCTB-TEMP_inner-pals,Interdigitating Dendritic Cells,ASCTB-TEMP:interdigitating-dendritic-cells,S100B; VIM,2,S100B; VIM; CD1A; CD68,HGNC:10500; HGNC:12692; HGNC:1634; HGNC:1693,https://doi.org/10.1309/M95G-7DQ2-TLQL-7Q11
spleen,96,Inner PALS,https://purl.org/ccf/ASCTB-TEMP_inner-pals,splenic white pulp macrophage,CL:0000876,APOE; CD163,2,CD163; CD5L; CD68; APOE,HGNC:1631; HGNC:1690; HGNC:1693; HGNC:613,https://doi.org/10.1186/s13059-019-1906-x; https://doi.org/10.1111/imm.12469
spleen,4,penicillar arteriole,http://purl.obolibrary.org/obo/UBERON_0013132,splenic endothelial cell,CL:2000053,THBD; VWF,2,THBD; VWF; CD34; PECAM1,HGNC:11784; HGNC:12726; HGNC:1662; HGNC:8823,https://doi.org/10.1111/imm.12469; https://doi.org/10.1111/j.1365-2559.1985.tb02841.x; https://doi.org/10.1111/j.1365-2559.1986.tb02482.x; https://doi.org/10.1182/bloodadvances.2017015073
spleen,70,Superficial Mantle Zone,https://purl.org/ccf/ASCTB-TEMP_superficial-mantle-zone,splenic endothelial cell,CL:2000053,THBD; VWF,2,THBD; VWF; CD34; PECAM1,HGNC:11784; HGNC:12726; HGNC:1662; HGNC:8823,https://doi.org/10.1007/s00418-007-0320-8; https://doi.org/10.1016/j.aanat.2019.05.004; https://doi.org/10.1182/bloodadvances.2017015073
spleen,22,splenic vein,http://purl.obolibrary.org/obo/UBERON_0003713,splenic endothelial cell,CL:2000053,THBD; VWF,2,THBD; VWF; CD34; PECAM1,HGNC:11784; HGNC:12726; HGNC:1662; HGNC:8823,https://doi.org/10.1007/s00418-007-0320-8; https://doi.org/10.1182/ bloodadvances.2017015073
spleen,23,red pulp venule of spleen,https://purl.org/ccf/ASCTB-TEMP_red-pulp-venule-of-spleen,splenic endothelial cell,CL:2000053,THBD; VWF,2,THBD; VWF; CD34; CD8A; PECAM1,HGNC:11784; HGNC:12726; HGNC:1662; HGNC:1706; HGNC:8823,https://doi.org/10.1007/s00418-007-0320-8; https://doi.org/10.1016/j.aanat.2019.05.004; https://doi.org/10.1182/bloodadvances.2017015073
spleen,24,splenic cord,http://purl.obolibrary.org/obo/UBERON_0001266,splenic red pulp macrophage,CL:0000874,APOE; CD163,2,CD163; CD5L; CD68; APOE,HGNC:1631; HGNC:1690; HGNC:1693; HGNC:613,https://doi.org/10.1186/s13059-019-1906-x; https://doi.org/10.1182/bloodadvances.2017015008; https://doi.org/10.55418/9781933477060.
spleen,85,Inner PALS,https://purl.org/ccf/ASCTB-TEMP_inner-pals,splenic endothelial cell,CL:2000053,THBD; VWF,2,THBD; VWF; CD34; PECAM1,HGNC:11784; HGNC:12726; HGNC:1662; HGNC:8823,https://doi.org/10.1111/j.1365-2559.1985.tb02841.x; https://doi.org/10.1111/j.1365-2559.1986.tb02482.x; https://doi.org/10.1007/s00418-007-0320-8; https://doi.org/10.1182/bloodadvances.2017015073
spleen,93,Inner PALS,https://purl.org/ccf/ASCTB-TEMP_inner-pals,regulatory T cell,CL:0000815,PTPRC; IL7R,2,CCR7; CD3E; CD4; IL2RA; IL7R; FOXP3; PTPRC,HGNC:1608; HGNC:1674; HGNC:1678; HGNC:6008; HGNC:6024; HGNC:6106; HGNC:9666,https://doi.org/10.1186/s13059-019-1906-x; https://doi.org/10.1007/s00262-015-1729-x; https://doi.org/10.1016/j.immuni.2012.09.020
spleen,1,splenic artery,http://purl.obolibrary.org/obo/UBERON_0001194,splenic endothelial cell,CL:2000053,THBD; VWF,2,THBD; VWF; CD34; PECAM1,HGNC:11784; HGNC:12726; HGNC:1662; HGNC:8823,https://doi.org/10.1111/imm.12469; https://doi.org/10.1111/j.1365-2559.1985.tb02841.x; https://doi.org/10.1111/j.1365-2559.1986.tb02482.x; https://doi.org/10.1182/bloodadvances.2017015073
spleen,11,Arterial Capillary,https://purl.org/ccf/ASCTB-TEMP_arterial-capillary,splenic endothelial cell,CL:2000053,THBD; VWF,2,THBD; VWF; CD34; PECAM1,HGNC:11784; HGNC:12726; HGNC:1662; HGNC:8823,https://doi.org/ 10.1182/ bloodadvances.2017015073; https://doi.org/10.1007/s00418-007-0320-8
spleen,108,periarterial lymphatic sheath,http://purl.obolibrary.org/obo/UBERON_0001960,"CD8-positive, alpha-beta memory T cell",CL:0000909,PTPRC; GNLY,2,CD27; CD3E; CD8A; GZMB; GNLY; PRF1; PTPRC,HGNC:11922; HGNC:1674; HGNC:1706; HGNC:4709; HGNC:4414; HGNC:9360; HGNC:9666,https://doi.org/10.1186/s13059-019-1906-x; https://doi.org/10.1111/j.1365-2362.2006.01626.x
spleen,20,splenic sinusoid,http://purl.obolibrary.org/obo/UBERON_0003910,Splenic Littoral Cell,ASCTB-TEMP:splenic-littoral-cell,PTPRC; MRC1; VWF,3,VWF; CD14; CD34; CD3E; CD8A; FHOD1; CR2; MRC1; ACKR1; PECAM1; SIRPA; PTPRC,HGNC:12726; HGNC:1628; HGNC:1662; HGNC:1674; HGNC:1706; HGNC:17905; HGNC:2336; HGNC:7228; HGNC:4035; HGNC:8823; HGNC:9662; HGNC:9666,https://doi.org/10.1182/bloodadvances.2017015073; https://doi.org/10.1182/blood.V126.23.3594.3594; https://doi.org/10.4049/jimmunol.1103086
spleen,127,lymphatic vessel,http://purl.obolibrary.org/obo/UBERON_0001473,endothelial cell of lymphatic vessel,CL:0002138,PROX1; LYVE1; VWF,3,VWF; LYVE1; PDPN; PECAM1; PROX1; Ulex+,HGNC:12726; HGNC:14687; HGNC:29602; HGNC:8823; HGNC:9459; ASCTB-TEMP:ulex-,https://doi.org/10.1369/jhc.4A6514.2005; PMID:16515224
spleen,131,lymphatic vessel,http://purl.obolibrary.org/obo/UBERON_0001473,endothelial cell of lymphatic vessel,CL:0002138,PROX1; LYVE1; VWF,3,VWF; LYVE1; PDPN; PECAM1; PROX1; Ulex+,HGNC:12726; HGNC:14687; HGNC:29602; HGNC:8823; HGNC:9459; ASCTB-TEMP:ulex-,https://doi.org/10.1369/jhc.4A6514.2005; PMID:16515224
spleen,41,spleen perifollicular zone,http://purl.obolibrary.org/obo/UBERON_0005353,Splenic perifollicular zone macrophage,ASCTB-TEMP:splenic-perifollicular-zone-macrophage,APOE; CD163; MRC1,3,SIGLEC1; CD163; CD209; CD5L; CD68; APOE; MRC1,HGNC:11127; HGNC:1631; HGNC:1641; HGNC:1690; HGNC:1693; HGNC:613; HGNC:7228,https://doi.org/10.1186/s13059-019-1906-x; https://doi.org/10.1046/j.1365-2567.1997.00328.x; https://doi.org/10.55418/9781933477060.; https://doi.org/10.1111/j.1365-2567.2007.02710.x
spleen,49,White Pulp Lymphatic Vessels,https://purl.org/ccf/ASCTB-TEMP_white-pulp-lymphatic-vessels,endothelial cell of lymphatic vessel,CL:0002138,PROX1; LYVE1; VWF,3,PECAM1; PROX1; Ulex+; VWF; LYVE1; PDPN,HGNC:8823; HGNC:9459; ASCTB-TEMP:ulex-; HGNC:12726; HGNC:14687; HGNC:29602,https://doi.org/10.1369/jhc.4A6514.2005; PMID:16515224
spleen,124,lymphatic vessel,http://purl.obolibrary.org/obo/UBERON_0001473,endothelial cell of lymphatic vessel,CL:0002138,PROX1; LYVE1; VWF,3,PROX1; Ulex+; VWF; LYVE1; PDPN; PECAM1,HGNC:9459; ASCTB-TEMP:ulex-; HGNC:12726; HGNC:14687; HGNC:29602; HGNC:8823,PMID:16515224; https://doi.org/10.1369/jhc.4A6514.2005
spleen,31,splenic cord,http://purl.obolibrary.org/obo/UBERON_0001266,plasma cell,CL:0000786,CXCR4; SDC1; IRF4,3,SDC1; CD27; XBP1; CD38; CD79A; CXCR4; IGHG1; IGHM; JCHAIN; IRF4; ITGAL,HGNC:10658; HGNC:11922; HGNC:12801; HGNC:1667; HGNC:1698; HGNC:2561; HGNC:5525; HGNC:5541; HGNC:5713; HGNC:6119; HGNC:6148,https://doi.org/10.1186/s13059-019-1906-x; https://doi.org/10.1002/eji.200425442; https://doi.org/10.55418/9781933477060.
spleen,51,spleen primary B follicle,http://purl.obolibrary.org/obo/UBERON_0004041,naive B cell,CL:0000788,TCL1A; MS4A1; YBX3,3,IL4R; TCL1A; FCER2; MS4A1; YBX3; IGHD,HGNC:6015; HGNC:11648; HGNC:3612; HGNC:7315; HGNC:2428; HGNC:5480,https://doi.org/10.1111/imm.12469; https://doi.org/10.1186/s13059-019-1906-x
spleen,62,Inner Mantle Zone,https://purl.org/ccf/ASCTB-TEMP_inner-mantle-zone,transitional stage B cell,CL:0000818,CR1; MS4A1; VCAM1,3,ICAM1; NGFR; CXCL13; VCAM1; CD19; FCER2; MS4A1; CD79A; CR1; CR2; PDPN; FCGR2B,HGNC:5344; HGNC:7809; HGNC:10639; HGNC:12663; HGNC:1633; HGNC:3612; HGNC:7315; HGNC:1698; HGNC:2334; HGNC:2336; HGNC:29602; HGNC:3618,https://doi.org/10.1093/intimm/14.2.157; https://doi.org/10.1186/s13059-019-1906-x; https://doi.org/10.1111/imm.12469
spleen,98,Inner PALS,https://purl.org/ccf/ASCTB-TEMP_inner-pals,endothelial cell of lymphatic vessel,CL:0002138,PROX1; LYVE1; VWF,3,VWF; LYVE1; PDPN; PECAM1; PROX1; Ulex+,HGNC:12726; HGNC:14687; HGNC:29602; HGNC:8823; HGNC:9459; ASCTB-TEMP:ulex-,https://doi.org/10.1369%2Fjhc.4A6514.2005; PMID:16515224
spleen,84,marginal zone of spleen,http://purl.obolibrary.org/obo/UBERON_0001251,reticular cell of splenic cord,CL:1000489,C3; CCL21; ENPP2,3,CFB; CCL21; CXCL13; BST1; C3; MFGE8; CXCL9; CTSS; ENPP2; MADCAM1,HGNC:1037; HGNC:10620; HGNC:10639; HGNC:1118; HGNC:1318; HGNC:7036; HGNC:7098; HGNC:2545; HGNC:3357; HGNC:6765,https://doi.org/10.1038/s41467-019-09728-3; https://doi.org/10.1111/imm.12469
spleen,118,periarterial lymphatic sheath,http://purl.obolibrary.org/obo/UBERON_0001960,plasmablast,CL:0000980,CXCR4; SDC1; IRF4; MS4A1,4,SDC1; CD27; XBP1; CD38; MS4A1; CD79A; CXCR4; IGHG1; IGHM; JCHAIN; IRF4,HGNC:10658; HGNC:11922; HGNC:12801; HGNC:1667; HGNC:7315; HGNC:1698; HGNC:2561; HGNC:5525; HGNC:5541; HGNC:5713; HGNC:6119,https://doi.org/10.1186/s13059-019-1906-x; https://doi.org/10.1002/eji.200425442; https://doi.org/10.55418/9781933477060.
spleen,60,spleen germinal center,http://purl.obolibrary.org/obo/UBERON_0005196,plasmablast,CL:0000980,CXCR4; SDC1; IRF4; MS4A1,4,SDC1; CD27; XBP1; CD38; MS4A1; CD79A; CXCR4; IGHG1; IGHM; JCHAIN; IRF4,HGNC:10658; HGNC:11922; HGNC:12801; HGNC:1667; HGNC:7315; HGNC:1698; HGNC:2561; HGNC:5525; HGNC:5541; HGNC:5713; HGNC:6119,https://doi.org/10.1186/s13059-019-1906-x; https://doi.org/10.1002/eji.200425442; https://doi.org/10.55418/9781933477060.
spleen,25,splenic cord,http://purl.obolibrary.org/obo/UBERON_0001266,hematopoietic stem cell,CL:0000037,CPA3; PTPRC; IGLL1; SOX4,4,THY1; CD19; CD34; CD38; HPGDS; CPA3; IGLL1; PTPRC; SOX4,HGNC:11801; HGNC:1633; HGNC:1662; HGNC:1667; HGNC:17890; HGNC:2298; HGNC:5870; HGNC:9666; HGNC:11200,https://doi.org/10.1101/2020.01.26.919753; https://doi.org/10.1111/imcb.12035
spleen,37,splenic cord,http://purl.obolibrary.org/obo/UBERON_0001266,reticular cell of splenic cord,CL:1000489,CXCL12; DES; ITGB1; ITGA3,4,CXCL12; DES; ICAM1; ITGA3; ITGA4; ITGA5; ITGB1; PDGFRA; PDGFRB,HGNC:10672; HGNC:2770; HGNC:5344; HGNC:6139; HGNC:6140; HGNC:6141; HGNC:6153; HGNC:8803; HGNC:8804,https://doi.org/10.1111/imm.12469; https://doi.org/10.1038/nri2588
spleen,32,splenic cord,http://purl.obolibrary.org/obo/UBERON_0001266,plasmablast,CL:0000980,CXCR4; SDC1; IRF4; MS4A1,4,MS4A1; CD79A; CXCR4; IGHG1; IGHM; JCHAIN; IRF4; SDC1; CD27; XBP1; CD38,HGNC:7315; HGNC:1698; HGNC:2561; HGNC:5525; HGNC:5541; HGNC:5713; HGNC:6119; HGNC:10658; HGNC:11922; HGNC:12801; HGNC:1667,https://doi.org/10.55418/9781933477060.; https://doi.org/10.1186/s13059-019-1906-x
spleen,63,Inner Mantle Zone,https://purl.org/ccf/ASCTB-TEMP_inner-mantle-zone,follicular dendritic cell,CL:0000442,POSTN; FNBP1; KLF6; THBD,4,CXCL13; SOX9; THBD; THY1; KLF6; ACTA2; MFGE8; POSTN; FNBP1; CR2; ENG; FCGR2B; MADCAM1; NGFR; PTHLH,HGNC:10639; HGNC:11204; HGNC:11784; HGNC:11801; HGNC:2235; HGNC:130; HGNC:7036; HGNC:16953; HGNC:17069; HGNC:2336; HGNC:3349; HGNC:3618; HGNC:6765; HGNC:7809; HGNC:9607,https://doi.org/10.1038/s41467-019-09728-3; https://doi.org/10.1111/imm.12469
spleen,81,marginal zone of spleen,http://purl.obolibrary.org/obo/UBERON_0001251,"group 3 innate lymphoid cell, human",CL:0001078,CD96; IL7R; KIT; NCAM1,4,RORC; CD96; AHR; ID2; IL7R; KIT; KLRB1; NCR2; NCAM1,HGNC:10260; HGNC:16892; HGNC:348; HGNC:5361; HGNC:6024; HGNC:6342; HGNC:6373; HGNC:6732; HGNC:7656,https://doi.org/10.1186/s13059-019-1906-x; https://doi.org/10.1038/ni.2830
spleen,80,marginal zone of spleen,http://purl.obolibrary.org/obo/UBERON_0001251,plasma cell,CL:0000786,CXCR4; SDC1; IRF4; MS4A1,4,SDC1; CD27; XBP1; CD38; MS4A1; CD79A; CXCR4; IGHG1; IGHM; JCHAIN; IRF4; ITGAL,HGNC:10658; HGNC:11922; HGNC:12801; HGNC:1667; HGNC:7315; HGNC:1698; HGNC:2561; HGNC:5525; HGNC:5541; HGNC:5713; HGNC:6119; HGNC:6148,https://doi.org/10.1186/s13059-019-1906-x; https://doi.org/10.1002/eji.200425442; https://doi.org/10.55418/9781933477060.
spleen,107,Outer PALS,https://purl.org/ccf/ASCTB-TEMP_outer-pals,transitional stage B cell,CL:0000818,CXCR4; APLP2; TCL1A; MS4A1,4,TCL1A; FCER2; MS4A1; PLPP5; CXCR4; IGHD; IGHM; APLP2; IL4R,HGNC:11648; HGNC:3612; HGNC:7315; HGNC:25026; HGNC:2561; HGNC:5480; HGNC:5541; HGNC:598; HGNC:6015,https://doi.org/10.1038/s41421-020-0157-z; https://doi.org/10.1093/intimm/14.2.157
spleen,55,spleen germinal center,http://purl.obolibrary.org/obo/UBERON_0005196,follicular dendritic cell,CL:0000442,CR1; POSTN; FNBP1; KLF6; THBD,5,CXCL13; SOX9; THBD; THY1; KLF6; ACTA2; MFGE8; FCER2; POSTN; FNBP1; CR1; CR2; ENG; FCGR2B; MADCAM1; NGFR; PTHLH,HGNC:10639; HGNC:11204; HGNC:11784; HGNC:11801; HGNC:2235; HGNC:130; HGNC:7036; HGNC:3612; HGNC:16953; HGNC:17069; HGNC:2334; HGNC:2336; HGNC:3349; HGNC:3618; HGNC:6765; HGNC:7809; HGNC:9607,https://doi.org/10.1007/s00418-011-0799-x; https://doi.org/10.1038/s41467-019-09728-3; https://doi.org/10.1111/imm.12469
spleen,50,spleen primary B follicle,http://purl.obolibrary.org/obo/UBERON_0004041,follicular dendritic cell,CL:0000442,CR1; POSTN; FNBP1; KLF6; THBD,5,NGFR; PTHLH; MADCAM1; CXCL13; SOX9; THBD; THY1; KLF6; ACTA2; MFGE8; FCER2; POSTN; FNBP1; CR1; CR2; ENG; FCGR2B,HGNC:7809; HGNC:9607; HGNC:6765; HGNC:10639; HGNC:11204; HGNC:11784; HGNC:11801; HGNC:2235; HGNC:130; HGNC:7036; HGNC:3612; HGNC:16953; HGNC:17069; HGNC:2334; HGNC:2336; HGNC:3349; HGNC:3618,https://doi.org/10.1038/s41467-019-09728-3; https://doi.org/10.1111/imm.12469; https://doi.org/10.1007/s00418-011-0799-x
spleen,68,Superficial Mantle Zone,https://purl.org/ccf/ASCTB-TEMP_superficial-mantle-zone,follicular dendritic cell,CL:0000442,CR1; POSTN; FNBP1; KLF6; THBD,5,CXCL13; SOX9; THBD; THY1; KLF6; ACTA2; MFGE8; POSTN; FNBP1; CR1; CR2; ENG; FCGR2B; MADCAM1; NGFR; PTHLH,HGNC:10639; HGNC:11204; HGNC:11784; HGNC:11801; HGNC:2235; HGNC:130; HGNC:7036; HGNC:16953; HGNC:17069; HGNC:2334; HGNC:2336; HGNC:3349; HGNC:3618; HGNC:6765; HGNC:7809; HGNC:9607,https://doi.org/10.1038/s41467-019-09728-3; https://doi.org/10.1111/imm.12469; PMID: 20126587
spleen,75,marginal zone of spleen,http://purl.obolibrary.org/obo/UBERON_0001251,follicular dendritic cell,CL:0000442,CR1; POSTN; FNBP1; KLF6; THBD,5,CXCL13; SOX9; THBD; THY1; KLF6; ACTA2; MFGE8; POSTN; FNBP1; CR1; CR2; ENG; FCGR2B; MADCAM1; NGFR; PTHLH,HGNC:10639; HGNC:11204; HGNC:11784; HGNC:11801; HGNC:2235; HGNC:130; HGNC:7036; HGNC:16953; HGNC:17069; HGNC:2334; HGNC:2336; HGNC:3349; HGNC:3618; HGNC:6765; HGNC:7809; HGNC:9607,https://doi.org/10.1007/s00418-011-0799-x; https://doi.org/10.1038/s41467-019-09728-3; https://doi.org/10.1111/imm.12469; PMID: 20126587
spleen,94,Inner PALS,https://purl.org/ccf/ASCTB-TEMP_inner-pals,reticular cell of splenic cord,CL:1000489,C3; CLU; CCL21; CD74; DCN; ENPP2; THBD,7,CCL19; CCL21; BST1; THBD; THY1; ACTA2; C3; CD74; CLU; CR2; DCN; DSC2; ENG; ENPP2; IL7; MADCAM1; NGFR,HGNC:10617; HGNC:10620; HGNC:1118; HGNC:11784; HGNC:11801; HGNC:130; HGNC:1318; HGNC:1697; HGNC:2095; HGNC:2336; HGNC:2705; HGNC:3036; HGNC:3349; HGNC:3357; HGNC:6023; HGNC:6765; HGNC:7809,https://doi.org/10.1038/s41467-019-09728-3; https://doi.org/10.1111/imm.12469; https://doi.org/10.55418/9781933477060.
spleen,106,Outer PALS,https://purl.org/ccf/ASCTB-TEMP_outer-pals,reticular cell of splenic cord,CL:1000489,C3; CLU; CD74; CCL21; DCN; ENPP2; THBD,7,CCL19; CCL21; BST1; THBD; THY1; ACTA2; C3; CD74; CLU; CR2; DCN; DSC2; ENG; ENPP2; IL7; MADCAM1; NGFR,HGNC:10617; HGNC:10620; HGNC:1118; HGNC:11784; HGNC:11801; HGNC:130; HGNC:1318; HGNC:1697; HGNC:2095; HGNC:2336; HGNC:2705; HGNC:3036; HGNC:3349; HGNC:3357; HGNC:6023; HGNC:6765; HGNC:7809,https://doi.org/10.1038/s41467-019-09728-3; https://doi.org/10.1111/imm.12469; https://doi.org/10.55418/9781933477060.
thymus,35,thymus corticomedullary boundary,http://purl.obolibrary.org/obo/UBERON_0003988,plasmablast,CL:0000980,IRF4,1,CD27; CD19; IRF4,HGNC:11922; HGNC:1633; HGNC:6119,https://doi.org/10.1126/science.aay3224; https://doi.org/10.1080/01926230600865549
thymus,60,medulla of thymus,http://purl.obolibrary.org/obo/UBERON_0002124,CD8aa(I) thymocyte,CL:0009068,PRKCH,1,CD27; TRAC; CD2; CD28; CD8A; LCP2; LEF1; NUCB2; PRKCH; PTPN7,HGNC:11922; HGNC:12029; HGNC:1639; HGNC:1653; HGNC:1706; HGNC:6529; HGNC:6551; HGNC:8044; HGNC:9403; HGNC:9659,https://doi.org/10.1126/science.aay3224
thymus,59,medulla of thymus,http://purl.obolibrary.org/obo/UBERON_0002124,"CD8-positive, alpha-beta memory T cell",CL:0000909,RGCC,1,CCL4; CCL5; CD8A; CD8B; RGCC; CRTAM; CST7; LYAR; GZMK; NKG7,HGNC:10630; HGNC:10632; HGNC:1706; HGNC:1707; HGNC:20369; HGNC:24313; HGNC:2479; HGNC:26021; HGNC:4711; HGNC:7830,https://doi.org/10.1126/science.aay3224
thymus,56,medulla of thymus,http://purl.obolibrary.org/obo/UBERON_0002124,"CD4-positive, alpha-beta cytotoxic T cell",CL:0000934,ARID5B,1,PRDM1; CKLF; RNF19A; ARID5B; CST7; GZMA; DUSP4; GZMK; IL10; RGS1,HGNC:9346; HGNC:13253; HGNC:13432; HGNC:17362; HGNC:2479; HGNC:4708; HGNC:3070; HGNC:4711; HGNC:5962; HGNC:9991,https://doi.org/10.1126/science.aay3224
thymus,85,thymus epithelium,http://purl.obolibrary.org/obo/UBERON_0003846,neuro-medullary thymic epithelial cell,CL:0009076,PTPRC; EPCAM,2,BEX1; SYP; EPCAM; CAMK2B; CLDN3; CDR2; HES6; CIB2; KIF19; MAP1B; NNAT; PTPRC,HGNC:1036; HGNC:11506; HGNC:11529; HGNC:1461; HGNC:2045; HGNC:1799; HGNC:18254; HGNC:24579; HGNC:26735; HGNC:6836; HGNC:7860; HGNC:9666,https://doi.org/10.1126/science.aay3224; https://doi.org/10.1080/01926230600865549; https://doi.org/10.1038/s41467-021-21346-6; https://doi.org/10.3791/50951
thymus,1,connective tissue,http://purl.obolibrary.org/obo/UBERON_0002384,thymic fibroblast type 1,CL:0009078,C7; SPARCL1,2,SPARCL1; SRPX; C7; RBP5; RSPO3; HSPB6; DPT; MFAP4; PTN; PTGDS,HGNC:11220; HGNC:11309; HGNC:1346; HGNC:15847; HGNC:20866; HGNC:26511; HGNC:3011; HGNC:7035; HGNC:9630; HGNC:9592,https://doi.org/10.1126/science.aay3224
thymus,66,medulla of thymus,http://purl.obolibrary.org/obo/UBERON_0002124,mucosal-associated invariant T cell,CL:0000940,IL18R1; ZBTB16,2,RORC; CD27; ZBTB16; CD4; CD8A; IL18R1; KLRB1,HGNC:10260; HGNC:11922; HGNC:12930; HGNC:1678; HGNC:1706; HGNC:5988; HGNC:6373,https://doi.org/10.1038/ni.3565.
thymus,64,medulla of thymus,http://purl.obolibrary.org/obo/UBERON_0002124,gamma-delta T cell,CL:0000798,ANXA1; PTPRC,2,TESPA1; TLE5; FCGRT; ANXA1; IFNG; PTPRC; SELL; SH3BP5; CD27; TRD; TRDC; TRG; SMPD3; CCR9; CD1A; CD3E; LAT,HGNC:29109; HGNC:307; HGNC:3621; HGNC:533; HGNC:5438; HGNC:9666; HGNC:10720; HGNC:10827; HGNC:11922; HGNC:12252; HGNC:12253; HGNC:12271; HGNC:14240; HGNC:1610; HGNC:1634; HGNC:1674; HGNC:18874,https://doi.org/10.4049/jimmunol.1303119; https://doi.org/10.1126/science.aay3224
thymus,17,thymus subcapsular epithelium,http://purl.obolibrary.org/obo/UBERON_0006936,subcapsular thymic epithelial cell,CL:0009077,PTMA; TMSB4X,2,TMSB4X; PTMA,HGNC:11881; HGNC:9623,https://doi.org/10.1016/s0065-2776(08)60900-1
thymus,63,medulla of thymus,http://purl.obolibrary.org/obo/UBERON_0002124,naive regulatory T cell,CL:0002677,S100A4; IKZF2,2,S100A4; IKZF2; CD4; IL32; CTLA4; TIGIT; CARD16; GBP2; FOXP3; PIM2; PMAIP1; BATF,HGNC:10494; HGNC:13177; HGNC:1678; HGNC:16830; HGNC:2505; HGNC:26838; HGNC:33701; HGNC:4183; HGNC:6106; HGNC:8987; HGNC:9108; HGNC:958,https://doi.org/10.1126/science.aay3224; https://doi.org/10.1038/nature03886; https://doi.org/10.3389/fimmu.2019.00447
thymus,62,medulla of thymus,http://purl.obolibrary.org/obo/UBERON_0002124,T follicular helper cell,CL:0002038,FOSB; IL7R,2,CCNH; EIF4A3; FAM177A1; DDIT4; ALG13; FLT3LG; FOSB; IL7R; NDUFV2; NR4A2,HGNC:1594; HGNC:18683; HGNC:19829; HGNC:24944; HGNC:30881; HGNC:3766; HGNC:3797; HGNC:6024; HGNC:7717; HGNC:7981,https://doi.org/10.1126/science.aay3224
thymus,58,medulla of thymus,http://purl.obolibrary.org/obo/UBERON_0002124,mature CD8 single-positive thymocyte,CL:0002437,PTPRC; IL7R,2,STK17A; CD27; ACTN1; CD1A; CD69; CD7; CD8A; CD8B; LRRN3; CHI3L2; GZMM; IL7R; PTPRC,HGNC:11395; HGNC:11922; HGNC:163; HGNC:1634; HGNC:1694; HGNC:1695; HGNC:1706; HGNC:1707; HGNC:17200; HGNC:1933; HGNC:4712; HGNC:6024; HGNC:9666,https://doi.org/10.1126/science.aay3224; https://doi.org/10.1038/s41467-021-21346-6; https://doi.org/10.3389/fimmu.2019.00447
thymus,54,thymus corticomedullary boundary,http://purl.obolibrary.org/obo/UBERON_0003988,corticomedullary thymic epithelial cell,CL:0009070,CCN1; P3H2,2,CCL2; CCL25; CRIPTO; TFPI2; P3H2; HCFC1R1; CTSV; CCN1; KRT5; PLTP,HGNC:10618; HGNC:10624; HGNC:11701; HGNC:11761; HGNC:19317; HGNC:21198; HGNC:2538; HGNC:2654; HGNC:6442; HGNC:9093,https://doi.org/10.1126/science.aay3224; https://doi.org/10.1038/s41467-021-21346-6
thymus,40,thymus corticomedullary boundary,http://purl.obolibrary.org/obo/UBERON_0003988,mature CD8 single-positive thymocyte,CL:0002437,PTPRC; IL7R,2,STK17A; ACTN1; CD1A; CD38; CD3E; CD4; CD7; CD8A; CD8B; LRRN3; CHI3L2; GZMM; IL7R; PTPRC,HGNC:11395; HGNC:163; HGNC:1634; HGNC:1667; HGNC:1674; HGNC:1678; HGNC:1695; HGNC:1706; HGNC:1707; HGNC:17200; HGNC:1933; HGNC:4712; HGNC:6024; HGNC:9666,https://doi.org/10.1172/JCI7558.
thymus,20,thymus subcapsular epithelium,http://purl.obolibrary.org/obo/UBERON_0006936,committed double negative thymocyte (Homo sapiens),CL:0009082,BCL11B; CD79B; MME,3,TCF7; BCL11B; CD34; CD3E; CD5; CD7; CD79B; PTCRA; MME; RAG2,HGNC:11639; HGNC:13222; HGNC:1662; HGNC:1674; HGNC:1685; HGNC:1695; HGNC:1699; HGNC:21290; HGNC:7154; HGNC:9832,https://doi.org/10.1016/j.immuni.2020.03.019; https://doi.org/10.3389/fimmu.2019.00447.
thymus,67,medulla of thymus,http://purl.obolibrary.org/obo/UBERON_0002124,immature NK T cell,CL:0000914,PTPRC; SAMD3; IL7R,3,CCL5; XCL1; SELL; CCR7; CD3E; CD4; CD8A; SAMD3; GIMAP4; CST7; GZMK; GZMM; IFNG; IL4; IL7R; KLRB1; LAIR1; NKG7; PTPRC,HGNC:10632; HGNC:10645; HGNC:10720; HGNC:1608; HGNC:1674; HGNC:1678; HGNC:1706; HGNC:21574; HGNC:21872; HGNC:2479; HGNC:4711; HGNC:4712; HGNC:5438; HGNC:6014; HGNC:6024; HGNC:6373; HGNC:6477; HGNC:7830; HGNC:9666,https://doi.org/10.1126/science.aay3224; https://doi.org/10.1002/eji.200425958; https://doi.org/10.1111/cei.12045
thymus,14,thymus trabecula,http://purl.obolibrary.org/obo/UBERON_0004791,erythroid lineage cell,CL:0000764,HBB; HBA1; HBA2,3,BLVRB; AHSP; FAM178B; ALAS2; HBA1; HBA2; HBM; HBB; HBG1; HBG2,HGNC:1063; HGNC:18075; HGNC:28036; HGNC:397; HGNC:4823; HGNC:4824; HGNC:4826; HGNC:4827; HGNC:4831; HGNC:4832,https://doi.org/10.1126/science.aay3224; PMID:7364659
thymus,15,thymus trabecula,http://purl.obolibrary.org/obo/UBERON_0004791,mast cell,CL:0000097,CPA3; IL1RL1; TNFSF10,3,TNFSF10; TPSAB1; TPSB2; HPGDS; HECA; CPA3; PLIN2; GATA2; IL1RL1; LMO4,HGNC:11925; HGNC:12019; HGNC:14120; HGNC:17890; HGNC:21041; HGNC:2298; HGNC:248; HGNC:4171; HGNC:5998; HGNC:6644,https://doi.org/10.1126/science.aay3224; https://doi.org/10.1097/00000478-199003000-00010
thymus,36,thymus corticomedullary boundary,http://purl.obolibrary.org/obo/UBERON_0003988,plasma cell,CL:0000786,SDC1; SSR4; MS4A1,3,SDC1; SSR4; XBP1; DERL3; CD19; CD28; MS4A1; FKBP11; SEC11C; MZB1; IGHG1; IGHG3; IGHM; JCHAIN; IGKC,HGNC:10658; HGNC:11326; HGNC:12801; HGNC:14236; HGNC:1633; HGNC:1653; HGNC:7315; HGNC:18624; HGNC:23400; HGNC:30125; HGNC:5525; HGNC:5527; HGNC:5541; HGNC:5713; HGNC:5716,https://doi.org/10.1126/science.aay3224; https://doi.org/10.1080/01926230600865549; https://doi.org/10.1126/sciimmunol.aah4447
thymus,28,cortex of thymus,http://purl.obolibrary.org/obo/UBERON_0002123,erythroid lineage cell,CL:0000764,HBA1; HBA2; HBB,3,BLVRB; AHSP; FAM178B; ALAS2; HBA1; HBA2; HBM; HBB; HBG1; HBG2,HGNC:1063; HGNC:18075; HGNC:28036; HGNC:397; HGNC:4823; HGNC:4824; HGNC:4826; HGNC:4827; HGNC:4831; HGNC:4832,https://doi.org/10.1126/science.aay3224; PMID:7364659
thymus,61,medulla of thymus,http://purl.obolibrary.org/obo/UBERON_0002124,CD8aa(II) thymocyte,CL:0009069,IKZF2; SMC4; MME,3,TRGC2; IKZF2; SMC4; ACTN1; CD7; HCST; CTSW; ZNF683; SMIM24; MME,HGNC:12276; HGNC:13177; HGNC:14013; HGNC:163; HGNC:1695; HGNC:16977; HGNC:2546; HGNC:28495; HGNC:37244; HGNC:7154,https://doi.org/10.1126/science.aay3224
thymus,55,medulla of thymus,http://purl.obolibrary.org/obo/UBERON_0002124,mature CD4 single-positive thymocyte,CL:0002436,CAMK4; PTPRC; RPL17,3,CD69; GIMAP7; ADD3; DENND2D; ID2; ABLIM1; PTPRC; RPL17; SELL; CD27; CAMK4; CD1A; CD4,HGNC:1694; HGNC:22404; HGNC:245; HGNC:26192; HGNC:5361; HGNC:78; HGNC:9666; HGNC:10307; HGNC:10720; HGNC:11922; HGNC:1464; HGNC:1634; HGNC:1678,https://doi.org/10.1038/s41467-021-21346-6; https://doi.org/10.3389/fimmu.2019.00447; https://doi.org/10.1126/science.aay3224
thymus,73,medulla of thymus,http://purl.obolibrary.org/obo/UBERON_0002124,"group 3 innate lymphoid cell, human",CL:0001078,S100A4; IL7R; KIT,3,S100A4; TRDC; LTB; LST1; CD52; JAML; TMIGD2; IL7R; KIT; KLRB1; KRT86; NCR2,HGNC:10494; HGNC:12253; HGNC:6711; HGNC:14189; HGNC:1804; HGNC:19084; HGNC:28324; HGNC:6024; HGNC:6342; HGNC:6373; HGNC:6463; HGNC:6732,https://doi.org/10.1126/science.aay3224; https://doi.org/10.3389/fimmu.2017.01047
thymus,74,medulla of thymus,http://purl.obolibrary.org/obo/UBERON_0002124,natural killer cell,CL:0000623,GNLY; KLRF1; KLRD1,3,XCL2; TYROBP; KLRF1; KLRD1; HOPX; CMC1; GNLY; KLRB1; KLRC1; NKG7,HGNC:10646; HGNC:12449; HGNC:13342; HGNC:6378; HGNC:24961; HGNC:28783; HGNC:4414; HGNC:6373; HGNC:6374; HGNC:7830,https://doi.org/10.1126/science.aay3224; https://doi.org/10.4049/jimmunol.166.4.2194
thymus,72,medulla of thymus,http://purl.obolibrary.org/obo/UBERON_0002124,naive B cell,CL:0000788,HLA-DRA; TCL1A; MS4A1,3,TCL1A; BIRC3; CD19; CD22; FCER2; MS4A1; CD79A; HLA-DQB1; HLA-DRA; IGHD; IGHM,HGNC:11648; HGNC:591; HGNC:1633; HGNC:1643; HGNC:3612; HGNC:7315; HGNC:1698; HGNC:4944; HGNC:4947; HGNC:5480; HGNC:5541,https://doi.org/10.1126/science.aay3224; https://doi.org/10.1126/sciimmunol.aah4447
thymus,39,thymus corticomedullary boundary,http://purl.obolibrary.org/obo/UBERON_0003988,mature CD4 single-positive thymocyte,CL:0002436,CAMK4; PTPRC; RPL17,3,RPL17; SELL; CAMK4; CD1A; CD38; CD3E; CD4; CD8A; GIMAP7; ADD3; DENND2D; ARMH1; ID2; ABLIM1; PTPRC,HGNC:10307; HGNC:10720; HGNC:1464; HGNC:1634; HGNC:1667; HGNC:1674; HGNC:1678; HGNC:1706; HGNC:22404; HGNC:245; HGNC:26192; HGNC:34345; HGNC:5361; HGNC:78; HGNC:9666,https://doi.org/10.1172/JCI7558.
thymus,84,thymus epithelium,http://purl.obolibrary.org/obo/UBERON_0003846,myo-medullary thymic epithelial cell,CL:0009075,ACTA1; PTPRC; EPCAM; TTN,4,KLHL41; CDR2; MYL11; MYOG; NEB; NNAT; PTPRC; EPCAM; TNNI2; TNNT3; TPM2; TTN; ACTA1,HGNC:16905; HGNC:1799; HGNC:29824; HGNC:7612; HGNC:7720; HGNC:7860; HGNC:9666; HGNC:11529; HGNC:11946; HGNC:11950; HGNC:12011; HGNC:12403; HGNC:129,https://doi.org/10.1080/01926230600865549; https://doi.org/10.1038/s41467-021-21346-6; https://doi.org/10.3791/50951; https://doi.org/10.1126/science.aay3224
thymus,77,thymic vein,http://purl.obolibrary.org/obo/UBERON_0001591,blood vessel endothelial cell,CL:0000071,A2M; AQP1; RNASE1; SPARCL1,4,RNASE1; SPARCL1; TM4SF1; PLVAP; AQP1; IFI27; BCAM; A2M; NPDC1; PECAM1; RAMP2,HGNC:10044; HGNC:11220; HGNC:11853; HGNC:13635; HGNC:633; HGNC:5397; HGNC:6722; HGNC:7; HGNC:7899; HGNC:8823; HGNC:9844,https://doi.org/10.1080/01926230600865549; https://doi.org/10.1126/science.aay3224
thymus,80,thymus epithelium,http://purl.obolibrary.org/obo/UBERON_0003846,medullary thymic epithelial cell type 2,CL:0009072,PTPRC; EPCAM; VIM; NTHL1,4,HLA-DQA1; KRT17; NTHL1; PTPRC; KRT5; AIRE; FGF17; CCL19; SNCG; EPCAM; VIM; CSTA; CALML3; CDR2; TYW3,HGNC:4942; HGNC:6427; HGNC:8028; HGNC:9666; HGNC:6442; HGNC:360; HGNC:3673; HGNC:10617; HGNC:11141; HGNC:11529; HGNC:12692; HGNC:2481; HGNC:1452; HGNC:1799; HGNC:24757,https://doi.org/10.1126/science.aay3224; https://doi.org/10.1080/01926230600865549; https://doi.org/10.1038/s41467-021-21346-6; https://doi.org/10.3791/50951
thymus,21,thymus subcapsular epithelium,http://purl.obolibrary.org/obo/UBERON_0006936,rearranging double negative thymocyte (Homo sapiens),CL:0009083,BCL11B; CD79B; DNTT; MME,4,TCF7; BCL11B; CD1A; CD3E; CD5; CD7; CD79B; PTCRA; DNTT; MME; RAG2,HGNC:11639; HGNC:13222; HGNC:1634; HGNC:1674; HGNC:1685; HGNC:1695; HGNC:1699; HGNC:21290; HGNC:2983; HGNC:7154; HGNC:9832,https://doi.org/10.1016/j.immuni.2020.03.019; https://doi.org/10.3389/fimmu.2019.00447.
thymus,32,thymus epithelium,http://purl.obolibrary.org/obo/UBERON_0003846,cortical thymic epithelial cell,CL:0002364,COX7A1; PTPRC; EPCAM; GNG11,4,PLTP; PRSS16; PTPRC; CCL25; EPCAM; PDLIM1; CDR2; S100A14; COX7A1; CTSV; SCX; PSMB11; GNG11; PSMB10; PSMB9,HGNC:9093; HGNC:9480; HGNC:9666; HGNC:10624; HGNC:11529; HGNC:2067; HGNC:1799; HGNC:18901; HGNC:2287; HGNC:2538; HGNC:32322; HGNC:31963; HGNC:4403; HGNC:9538; HGNC:9546,https://doi.org/10.3791/50951; https://doi.org/10.1126/science.aay3224; https://doi.org/10.1182/blood-2008-11-187633.
thymus,12,thymic artery,http://purl.obolibrary.org/obo/UBERON_0018243,blood vessel endothelial cell,CL:0000071,A2M; AQP1; RNASE1; SPARCL1,4,RNASE1; SPARCL1; TM4SF1; PLVAP; AQP1; IFI27; BCAM; A2M; NPDC1; PECAM1; RAMP2,HGNC:10044; HGNC:11220; HGNC:11853; HGNC:13635; HGNC:633; HGNC:5397; HGNC:6722; HGNC:7; HGNC:7899; HGNC:8823; HGNC:9844,https://doi.org/10.1126/science.aay3224; https://doi.org/10.1080/01926230600865549
thymus,18,thymus subcapsular epithelium,http://purl.obolibrary.org/obo/UBERON_0006936,early T lineage precursor,CL:0002425,BCL11B; CD44; CD79B; IRF8,4,SPI1; BCL11B; CD19; CD34; CD44; CD7; CD79B; IRF8; MPO,HGNC:11241; HGNC:13222; HGNC:1633; HGNC:1662; HGNC:1681; HGNC:1695; HGNC:1699; HGNC:5358; HGNC:7218,https://doi.org/10.1016/j.immuni.2020.03.019; https://doi.org/10.3389/fimmu.2019.00447.
thymus,19,thymus subcapsular epithelium,http://purl.obolibrary.org/obo/UBERON_0006936,specified double negative thymocyte (Homo sapiens),CL:0009081,BCL11B; CD79B; CD44; MME,4,SPI1; TCF7; BCL11B; CD34; CD3E; CD44; CD5; CD7; CD79B; PTCRA; MME,HGNC:11241; HGNC:11639; HGNC:13222; HGNC:1662; HGNC:1674; HGNC:1681; HGNC:1685; HGNC:1695; HGNC:1699; HGNC:21290; HGNC:7154,https://doi.org/10.1016/j.immuni.2020.03.019; https://doi.org/10.3389/fimmu.2019.00447.
thymus,69,medulla of thymus,http://purl.obolibrary.org/obo/UBERON_0002124,CD8-alpha-negative thymic conventional dendritic cell,CL:0002460,CTSH; PTPRC; GSN; THBD,4,THBD; XCR1; CD1C; CD33; ITGAM; CD4; CLEC10A; CD83; JAML; CTSH; ALDH2; GSN; HLA-DQA1; HLA-DQB1; ITGAX; LGALS2; MNDA; SIRPA; PTPRC,HGNC:11784; HGNC:1625; HGNC:1636; HGNC:1659; HGNC:6149; HGNC:1678; HGNC:16916; HGNC:1703; HGNC:19084; HGNC:2535; HGNC:404; HGNC:4620; HGNC:4942; HGNC:4944; HGNC:6152; HGNC:6562; HGNC:7183; HGNC:9662; HGNC:9666,https://doi.org/10.1126/science.aay3224; https://doi.org/10.1038/cti.2015.21; https://doi.org/10.1172/JCI11734
thymus,30,thymic artery,http://purl.obolibrary.org/obo/UBERON_0018243,blood vessel endothelial cell,CL:0000071,A2M; AQP1; RNASE1; SPARCL1,4,RNASE1; SPARCL1; TM4SF1; PLVAP; AQP1; IFI27; BCAM; A2M; NPDC1; PECAM1; RAMP2,HGNC:10044; HGNC:11220; HGNC:11853; HGNC:13635; HGNC:633; HGNC:5397; HGNC:6722; HGNC:7; HGNC:7899; HGNC:8823; HGNC:9844,https://doi.org/10.1126/science.aay3224; https://doi.org/10.1080/01926230600865549
thymus,50,thymic artery,http://purl.obolibrary.org/obo/UBERON_0018243,blood vessel endothelial cell,CL:0000071,A2M; AQP1; RNASE1; SPARCL1,4,RNASE1; SPARCL1; TM4SF1; PLVAP; AQP1; IFI27; BCAM; A2M; NPDC1; PECAM1; RAMP2,HGNC:10044; HGNC:11220; HGNC:11853; HGNC:13635; HGNC:633; HGNC:5397; HGNC:6722; HGNC:7; HGNC:7899; HGNC:8823; HGNC:9844,https://doi.org/10.1126/science.aay3224; https://doi.org/10.1080/01926230600865549
thymus,48,thymus corticomedullary boundary,http://purl.obolibrary.org/obo/UBERON_0003988,CD8-alpha-negative thymic conventional dendritic cell,CL:0002460,CTSH; PTPRC; GSN; THBD,4,THBD; XCR1; CD1C; CD33; ITGAM; CD4; CLEC10A; CD83; JAML; CTSH; ALDH2; GSN; HLA-DQA1; HLA-DQB1; ITGAX; LGALS2; MNDA; SIRPA; PTPRC,HGNC:11784; HGNC:1625; HGNC:1636; HGNC:1659; HGNC:6149; HGNC:1678; HGNC:16916; HGNC:1703; HGNC:19084; HGNC:2535; HGNC:404; HGNC:4620; HGNC:4942; HGNC:4944; HGNC:6152; HGNC:6562; HGNC:7183; HGNC:9662; HGNC:9666,https://doi.org/10.1126/science.aay3224; https://doi.org/10.1038/cti.2015.21; https://doi.org/10.1172/JCI11734
thymus,6,thymic artery,http://purl.obolibrary.org/obo/UBERON_0018243,blood vessel endothelial cell,CL:0000071,A2M; AQP1; RNASE1; SPARCL1,4,IFI27; BCAM; A2M; NPDC1; PECAM1; RAMP2; RNASE1; SPARCL1; TM4SF1; PLVAP; AQP1,HGNC:5397; HGNC:6722; HGNC:7; HGNC:7899; HGNC:8823; HGNC:9844; HGNC:10044; HGNC:11220; HGNC:11853; HGNC:13635; HGNC:633,https://doi.org/10.1080/01926230600865549; https://doi.org/10.1126/science.aay3224
thymus,57,medulla of thymus,http://purl.obolibrary.org/obo/UBERON_0002124,"CD4-positive, alpha-beta memory T cell",CL:0000897,ANXA1; RGCC; IL7R; KLF2,4,RPL36A; LTB; CCR7; CD69; RGCC; GPR183; ANXA1; AP3M2; IL7R; KLF2,HGNC:10359; HGNC:6711; HGNC:1608; HGNC:1694; HGNC:20369; HGNC:3128; HGNC:533; HGNC:570; HGNC:6024; HGNC:6347,https://doi.org/10.1126/science.aay3224
thymus,51,thymic vein,http://purl.obolibrary.org/obo/UBERON_0001591,blood vessel endothelial cell,CL:0000071,A2M; AQP1; RNASE1; SPARCL1,4,RNASE1; SPARCL1; TM4SF1; PLVAP; AQP1; IFI27; BCAM; A2M; NPDC1; PECAM1; RAMP2,HGNC:10044; HGNC:11220; HGNC:11853; HGNC:13635; HGNC:633; HGNC:5397; HGNC:6722; HGNC:7; HGNC:7899; HGNC:8823; HGNC:9844,https://doi.org/10.1126/science.aay3224; https://doi.org/10.1080/01926230600865549
thymus,24,thymic artery,http://purl.obolibrary.org/obo/UBERON_0018243,blood vessel endothelial cell,CL:0000071,A2M; AQP1; RNASE1; SPARCL1,4,RNASE1; SPARCL1; TM4SF1; PLVAP; AQP1; IFI27; BCAM; A2M; NPDC1; PECAM1; RAMP2,HGNC:10044; HGNC:11220; HGNC:11853; HGNC:13635; HGNC:633; HGNC:5397; HGNC:6722; HGNC:7; HGNC:7899; HGNC:8823; HGNC:9844,https://doi.org/10.1126/science.aay3224; https://doi.org/10.1080/01926230600865549
thymus,44,thymic vein,http://purl.obolibrary.org/obo/UBERON_0001591,blood vessel endothelial cell,CL:0000071,A2M; AQP1; RNASE1; SPARCL1,4,RNASE1; SPARCL1; TM4SF1; PLVAP; AQP1; IFI27; BCAM; A2M; NPDC1; PECAM1; RAMP2,HGNC:10044; HGNC:11220; HGNC:11853; HGNC:13635; HGNC:633; HGNC:5397; HGNC:6722; HGNC:7; HGNC:7899; HGNC:8823; HGNC:9844,https://doi.org/10.1126/science.aay3224; https://doi.org/10.1080/01926230600865549
thymus,43,thymic artery,http://purl.obolibrary.org/obo/UBERON_0018243,blood vessel endothelial cell,CL:0000071,A2M; AQP1; RNASE1; SPARCL1,4,RNASE1; SPARCL1; TM4SF1; PLVAP; AQP1; IFI27; BCAM; A2M; NPDC1; PECAM1; RAMP2,HGNC:10044; HGNC:11220; HGNC:11853; HGNC:13635; HGNC:633; HGNC:5397; HGNC:6722; HGNC:7; HGNC:7899; HGNC:8823; HGNC:9844,https://doi.org/10.1126/science.aay3224; https://doi.org/10.1080/01926230600865549
thymus,33,thymus corticomedullary boundary,http://purl.obolibrary.org/obo/UBERON_0003988,unswitched memory B cell,CL:0000970,BANK1; ADAM28; CRIP1; HLA-DRA; MS4A1,5,CD27; CD19; MS4A1; LY86; TNFRSF13B; BANK1; ADAM28; CRIP1; GPR183; HLA-DQA1; HLA-DRA; IGHA1; IGHM,HGNC:11922; HGNC:1633; HGNC:7315; HGNC:16837; HGNC:18153; HGNC:18233; HGNC:206; HGNC:2360; HGNC:3128; HGNC:4942; HGNC:4947; HGNC:5478; HGNC:5541,https://doi.org/10.1126/science.aay3224; https://doi.org/10.1080/01926230600865549; https://doi.org/10.1126/sciimmunol.aah4447
thymus,34,thymus corticomedullary boundary,http://purl.obolibrary.org/obo/UBERON_0003988,class switched memory B cell,CL:0000972,BANK1; ADAM28; CRIP1; HLA-DRA; MS4A1,5,CD27; CD19; MS4A1; LY86; TNFRSF13B; BANK1; ADAM28; CRIP1; GPR183; HLA-DQA1; HLA-DRA; IGHA1,HGNC:11922; HGNC:1633; HGNC:7315; HGNC:16837; HGNC:18153; HGNC:18233; HGNC:206; HGNC:2360; HGNC:3128; HGNC:4942; HGNC:4947; HGNC:5478,https://doi.org/10.1126/science.aay3224; https://doi.org/10.1080/01926230600865549; https://doi.org/10.1126/sciimmunol.aah4447
thymus,65,medulla of thymus,http://purl.obolibrary.org/obo/UBERON_0002124,T-helper 17 cell,CL:0000899,ANXA1; IL7R; SORL1; ZBTB16; PLAC8,5,SORL1; CD40LG; ZBTB16; CD4; CARHSP1; NOSIP; PLAC8; ANXA1; IL7R; KLRB1,HGNC:11185; HGNC:11935; HGNC:12930; HGNC:1678; HGNC:17150; HGNC:17946; HGNC:19254; HGNC:533; HGNC:6024; HGNC:6373,https://doi.org/10.1126/science.aay3224; https://doi.org/10.1084/jem.20080397
thymus,68,medulla of thymus,http://purl.obolibrary.org/obo/UBERON_0002124,CD8-alpha-positive thymic conventional dendritic cell,CL:0002059,CPVL; PTPRC; RGCC; IRF8; LYZ; THBD,6,THBD; CPVL; XCR1; CD33; ITGAM; CD4; CD83; RGCC; C1orf54; CLEC9A; BATF3; DNASE1L3; HLA-DPA1; IRF8; ITGAX; LGALS2; LYZ; SIRPA; PTPRC,HGNC:11784; HGNC:14399; HGNC:1625; HGNC:1659; HGNC:6149; HGNC:1678; HGNC:1703; HGNC:20369; HGNC:26258; HGNC:26705; HGNC:28915; HGNC:2959; HGNC:4938; HGNC:5358; HGNC:6152; HGNC:6562; HGNC:6740; HGNC:9662; HGNC:9666,https://doi.org/10.1126/science.aay3224; https://doi.org/10.1038/cti.2015.21; https://doi.org/10.1172/JCI11734
thymus,10,connective tissue,http://purl.obolibrary.org/obo/UBERON_0002384,thymic fibroblast type 2,CL:0009079,COL1A2; COL3A1; FBN1; FN1; IGFBP6; MGP,6,MGP; OGN; COL14A1; FBN1; COL1A1; COL1A2; COL3A1; FN1; IGFBP6; LUM,HGNC:7060; HGNC:8126; HGNC:2191; HGNC:3603; HGNC:2197; HGNC:2198; HGNC:2201; HGNC:3778; HGNC:5475; HGNC:6724,https://doi.org/10.1126/science.aay3224
thymus,47,thymus corticomedullary boundary,http://purl.obolibrary.org/obo/UBERON_0003988,CD8-alpha-positive thymic conventional dendritic cell,CL:0002059,CPVL; PTPRC; RGCC; IRF8; LYZ; THBD,6,THBD; CPVL; XCR1; CD33; ITGAM; CD4; CD83; RGCC; C1orf54; CLEC9A; BATF3; DNASE1L3; HLA-DPA1; IRF8; ITGAX; LGALS2; LYZ; SIRPA; PTPRC,HGNC:11784; HGNC:14399; HGNC:1625; HGNC:1659; HGNC:6149; HGNC:1678; HGNC:1703; HGNC:20369; HGNC:26258; HGNC:26705; HGNC:28915; HGNC:2959; HGNC:4938; HGNC:5358; HGNC:6152; HGNC:6562; HGNC:6740; HGNC:9662; HGNC:9666,https://doi.org/10.1126/science.aay3224; https://doi.org/10.1038/cti.2015.21; https://doi.org/10.1172/JCI11734
thymus,27,cortex of thymus,http://purl.obolibrary.org/obo/UBERON_0002123,thymic plasmacytoid dendritic cell,CL:0000942,ANPEP; CCDC50; PTPRC; IRF8; UGCG; PLAC8,6,PLAC8; PLD4; GZMB; PSMB11; IRF8; JCHAIN; IL3RA; IRF7; ITGAX; PTPRC; UGCG; CLEC4C; LILRA4; CD33; ANPEP; CCDC50,HGNC:19254; HGNC:23792; HGNC:4709; HGNC:31963; HGNC:5358; HGNC:5713; HGNC:6012; HGNC:6122; HGNC:6152; HGNC:9666; HGNC:12524; HGNC:13258; HGNC:15503; HGNC:1659; HGNC:500; HGNC:18111,https://doi.org/10.1182/blood-2008-11-187633; https://doi.org/10.1126/science.aay3224; https://doi.org/10.1172/JCI11734.
thymus,38,thymus corticomedullary boundary,http://purl.obolibrary.org/obo/UBERON_0003988,monocyte,CL:0000576,S100A4; S100A6; S100A8; S100A9; LYZ; VCAN,6,S100A12; S100A4; S100A6; S100A8; S100A9; CD52; VCAN; CTSS; FCN1; LYZ,HGNC:10489; HGNC:10494; HGNC:10496; HGNC:10498; HGNC:10499; HGNC:1804; HGNC:2464; HGNC:2545; HGNC:3623; HGNC:6740,https://doi.org/10.1126/science.aay3224
thymus,70,medulla of thymus,http://purl.obolibrary.org/obo/UBERON_0002124,thymic plasmacytoid dendritic cell,CL:0000942,ANPEP; CCDC50; PTPRC; IRF8; UGCG; PLAC8,6,UGCG; CLEC4C; LILRA4; CD33; ANPEP; CCDC50; PLAC8; PLD4; GZMB; IRF8; JCHAIN; IL3RA; IRF7; ITGAX; PTPRC,HGNC:12524; HGNC:13258; HGNC:15503; HGNC:1659; HGNC:500; HGNC:18111; HGNC:19254; HGNC:23792; HGNC:4709; HGNC:5358; HGNC:5713; HGNC:6012; HGNC:6122; HGNC:6152; HGNC:9666,https://doi.org/10.1126/science.aay3224; https://doi.org/10.1172/JCI11734; https://doi.org/10.1182/blood-2008-11-187633
thymus,79,thymus epithelium,http://purl.obolibrary.org/obo/UBERON_0003846,medullary thymic epithelial cell type 1,CL:0009071,CLU; PTPRC; EPCAM; FN1; SAA1; KRT14; KRT19,7,SAA1; CCL19; EPCAM; CDR2; CH25H; CLU; KRT14; KRT5; FN1; KRT15; KRT19; ASCL1; PTGDS; PTPRC,HGNC:10513; HGNC:10617; HGNC:11529; HGNC:1799; HGNC:1907; HGNC:2095; HGNC:6416; HGNC:6442; HGNC:3778; HGNC:6421; HGNC:6436; HGNC:738; HGNC:9592; HGNC:9666,https://doi.org/10.1126/science.aay3224; https://doi.org/10.1038/s41467-021-21346-6; https://doi.org/10.3791/50951
thymus,81,thymus epithelium,http://purl.obolibrary.org/obo/UBERON_0003846,medullary thymic epithelial cell type 3,CL:0009073,DEFB1; PTPRC; EPCAM; S100A9; SFN; KRT19; PERP,7,S100A9; SFN; EPCAM; SUCO; LY6D; SPINK5; PERP; CDR2; CALML5; KRT6A; DEFB1; KRT19; PTPRC,HGNC:10499; HGNC:10773; HGNC:11529; HGNC:1240; HGNC:13348; HGNC:15464; HGNC:17637; HGNC:1799; HGNC:18180; HGNC:6443; HGNC:2766; HGNC:6436; HGNC:9666,https://doi.org/10.1126/science.aay3224; https://doi.org/10.1080/01926230600865549; https://doi.org/10.3791/50951
thymus,22,thymus subcapsular epithelium,http://purl.obolibrary.org/obo/UBERON_0006936,thymic cortical macrophage,CL:0000883,APOE; RNASE1; SELENOP; SLC40A1; STAB1; LGMN; TMSB4X,7,RNASE1; SELENOP; SLC40A1; TMSB4X; C1QA; C1QB; C1QC; MS4A7; APOE; STAB1; LGMN,HGNC:10044; HGNC:10751; HGNC:10909; HGNC:11881; HGNC:1241; HGNC:1242; HGNC:1245; HGNC:13378; HGNC:613; HGNC:18628; HGNC:9472,https://doi.org/10.1016/s0065-2776(08)60900-1
thymus,9,thymus trabecula,http://purl.obolibrary.org/obo/UBERON_0004791,thymic macrophage,CL:0000866,APOE; CD163; RNASE1; SELENOP; SLC40A1; STAB1; LGMN; LYZ,8,RNASE1; SELENOP; SLC40A1; C1QA; C1QB; C1QC; MS4A7; CD163; CD209; ITGAM; CD68; APOE; STAB1; ICAM1; ITGAX; LYZ; LGMN,HGNC:10044; HGNC:10751; HGNC:10909; HGNC:1241; HGNC:1242; HGNC:1245; HGNC:13378; HGNC:1631; HGNC:1641; HGNC:6149; HGNC:1693; HGNC:613; HGNC:18628; HGNC:5344; HGNC:6152; HGNC:6740; HGNC:9472,https://doi.org/10.1126/science.aay3224; https://doi.org/10.1016/j.imbio.2008.07.032.; https://doi.org/10.1016/s0065-2776(08)60900-1
thymus,82,Hassall's corpuscle,http://purl.obolibrary.org/obo/UBERON_0003987,medullary thymic epithelial cell type 3,CL:0009073,DEFB1; PTPRC; EPCAM; S100A9; SFN; KRT10; KRT19; PERP,8,DEFB1; TSLP; IVL; KRT10; KRT19; PTPRC; S100A9; SFN; SOX2; EPCAM; SUCO; LY6D; SPINK5; PERP; CDR2; CALML5; KRT6A,HGNC:2766; HGNC:30743; HGNC:6187; HGNC:6413; HGNC:6436; HGNC:9666; HGNC:10499; HGNC:10773; HGNC:11195; HGNC:11529; HGNC:1240; HGNC:13348; HGNC:15464; HGNC:17637; HGNC:1799; HGNC:18180; HGNC:6443,https://doi.org/10.1038/s41467-021-21346-6; https://doi.org/10.3791/50951; https://doi.org/10.4049/jimmunol.1002151; https://doi.org/10.1038/nature03886.
thymus,2,capsule of thymus,http://purl.obolibrary.org/obo/UBERON_0002122,thymic macrophage,CL:0000866,APOE; CD163; RNASE1; SELENOP; SLC40A1; STAB1; LYZ; LGMN,8,RNASE1; SELENOP; SLC40A1; C1QA; C1QB; C1QC; MS4A7; CD163; CD209; ITGAM; CD68; APOE; STAB1; ICAM1; ITGAX; LYZ; LGMN,HGNC:10044; HGNC:10751; HGNC:10909; HGNC:1241; HGNC:1242; HGNC:1245; HGNC:13378; HGNC:1631; HGNC:1641; HGNC:6149; HGNC:1693; HGNC:613; HGNC:18628; HGNC:5344; HGNC:6152; HGNC:6740; HGNC:9472,https://doi.org/10.1126/science.aay3224; https://doi.org/10.1016/j.imbio.2008.07.032.; https://doi.org/10.1016/s0065-2776(08)60900-1
thymus,53,efferent lymphatic vessel,http://purl.obolibrary.org/obo/UBERON_0010397,endothelial cell of lymphatic vessel,CL:0002138,CCL21; PROX1; FABP5; LYVE1; LAPTM5; TFF3; TFPI; MMRN1,8,CCL21; CAVIN2; TFF3; TFPI; LYVE1; LAPTM5; NUPR1; FABP5; MMRN1; NTS; PROX1,HGNC:10620; HGNC:10690; HGNC:11757; HGNC:11760; HGNC:14687; HGNC:29612; HGNC:29990; HGNC:3560; HGNC:7178; HGNC:8038; HGNC:9459,https://doi.org/10.1126/science.aay3224; https://doi.org/10.1080/01926230600865549
thymus,71,medulla of thymus,http://purl.obolibrary.org/obo/UBERON_0002124,thymic medullary macrophage,CL:0000882,APOE; CD163; RNASE1; SELENOP; SLC40A1; STAB1; LYZ; LGMN,8,LYZ; LGMN; RNASE1; SELENOP; SLC40A1; C1QA; C1QB; C1QC; MS4A7; CD163; CD209; ITGAM; CD68; APOE; STAB1; ICAM1; ITGAX,HGNC:6740; HGNC:9472; HGNC:10044; HGNC:10751; HGNC:10909; HGNC:1241; HGNC:1242; HGNC:1245; HGNC:13378; HGNC:1631; HGNC:1641; HGNC:6149; HGNC:1693; HGNC:613; HGNC:18628; HGNC:5344; HGNC:6152,https://doi.org/10.1126/science.aay3224; https://doi.org/10.1016/j.imbio.2008.07.032; https://doi.org/10.1016/s0065-2776(08)60900-1
thymus,46,thymus corticomedullary boundary,http://purl.obolibrary.org/obo/UBERON_0003988,thymic macrophage,CL:0000866,APOE; CD163; RNASE1; SELENOP; SLC40A1; STAB1; LYZ; LGMN,8,RNASE1; SELENOP; SLC40A1; C1QA; C1QB; C1QC; MS4A7; CD163; CD209; ITGAM; CD68; APOE; STAB1; ICAM1; ITGAX; LYZ; LGMN,HGNC:10044; HGNC:10751; HGNC:10909; HGNC:1241; HGNC:1242; HGNC:1245; HGNC:13378; HGNC:1631; HGNC:1641; HGNC:6149; HGNC:1693; HGNC:613; HGNC:18628; HGNC:5344; HGNC:6152; HGNC:6740; HGNC:9472,https://doi.org/10.1126/science.aay3224; https://doi.org/10.1016/j.imbio.2008.07.032; https://doi.org/10.1016/s0065-2776(08)60900-1
thymus,83,thymus epithelium,http://purl.obolibrary.org/obo/UBERON_0003846,medullary thymic epithelial cell type 4,CL:0009074,BMX; ANXA1; ANXA4; DCLK1; PTPRC; EPCAM; RASSF6; HEPACAM2; KRT18; KRT8,10,BMX; EPCAM; CDR2; RASSF6; DCLK1; HEPACAM2; FOXI1; ANXA1; ANXA4; KRT18; KRT8; IRAG2; PTPRC,HGNC:1079; HGNC:11529; HGNC:1799; HGNC:20796; HGNC:2700; HGNC:27364; HGNC:3815; HGNC:533; HGNC:542; HGNC:6430; HGNC:6446; HGNC:6690; HGNC:9666,https://doi.org/10.1126/science.aay3224; https://doi.org/10.1080/01926230600865549; https://doi.org/10.1038/s41586-018-0345-2; https://doi.org/10.3791/50951
uterus,192,basal layer of endometrium,http://purl.obolibrary.org/obo/UBERON_0022355,uterine natural killer cell,ASCTB-TEMP:uterine-natural-killer-cell,NCAM1,1,CD69; HMGB2; NCAM1; CCL5,ASCTB-TEMP:cd69; ASCTB-TEMP:hmgb2; ASCTB-TEMP:ncam1; ASCTB-TEMP:ccl5,https://doi.org/10.1101/2021.01.02.425073
uterus,189,basal layer of endometrium,http://purl.obolibrary.org/obo/UBERON_0022355,perivascular support cell,ASCTB-TEMP:perivascular-support-cell,MYH11,1,MYH11; ACTA2,ASCTB-TEMP:myh11; ASCTB-TEMP:acta2,https://doi.org/10.1101/2021.01.02.425073
uterus,329,basal layer of endometrium,http://purl.obolibrary.org/obo/UBERON_0022355,perivascular support cell,ASCTB-TEMP:perivascular-support-cell,MYH11,1,MYH11; ACTA2,ASCTB-TEMP:myh11; ASCTB-TEMP:acta2,https://doi.org/10.1101/2021.01.02.425073
uterus,414,endometrial stroma,http://purl.obolibrary.org/obo/UBERON_0002337,stromal cell,ASCTB-TEMP:stromal-cell,IGF1,1,OGN; PCOLCE; IGF1; MMP11,ASCTB-TEMP:ogn; ASCTB-TEMP:pcolce; ASCTB-TEMP:igf1; ASCTB-TEMP:mmp11,https://doi.org/10.1101/2021.01.02.425073
uterus,145,basal layer of endometrium,http://purl.obolibrary.org/obo/UBERON_0022355,glandular epithelial cell,ASCTB-TEMP:glandular-epithelial-cell,EPCAM,1,CXCL8; EPCAM; PAEP; SCGB2A2,ASCTB-TEMP:cxcl8; ASCTB-TEMP:epcam; ASCTB-TEMP:paep; ASCTB-TEMP:scgb2a2,https://doi.org/10.1101/2021.01.02.425073
uterus,144,basal layer of endometrium,http://purl.obolibrary.org/obo/UBERON_0022355,ciliated epithelial cell,ASCTB-TEMP:ciliated-epithelial-cell,EPCAM,1,EPCAM; FOXJ1; PIFO; TPPP3,ASCTB-TEMP:epcam; ASCTB-TEMP:foxj1; ASCTB-TEMP:pifo; ASCTB-TEMP:tppp3,https://doi.org/10.1101/2021.01.02.425073
uterus,146,basal layer of endometrium,http://purl.obolibrary.org/obo/UBERON_0022355,luminal epithelial cell,ASCTB-TEMP:luminal-epithelial-cell,EPCAM,1,EPCAM; LGR5; PTGS1,ASCTB-TEMP:epcam; ASCTB-TEMP:lgr5; ASCTB-TEMP:ptgs1,https://doi.org/10.1101/2021.01.02.425073
uterus,143,basal layer of endometrium,http://purl.obolibrary.org/obo/UBERON_0022355,SOX9+ epithelial cell,ASCTB-TEMP:sox9-epithelial-cell,EPCAM,1,EPCAM; MMP7; SOX9,ASCTB-TEMP:epcam; ASCTB-TEMP:mmp7; ASCTB-TEMP:sox9,https://doi.org/10.1101/2021.01.02.425073
uterus,147,basal layer of endometrium,http://purl.obolibrary.org/obo/UBERON_0022355,stromal cell,ASCTB-TEMP:stromal-cell,IGF1,1,IGF1; MMP11; OGN; PCOLCE,ASCTB-TEMP:igf1; ASCTB-TEMP:mmp11; ASCTB-TEMP:ogn; ASCTB-TEMP:pcolce,https://doi.org/10.1101/2021.01.02.425073
uterus,72,basal layer of endometrium,http://purl.obolibrary.org/obo/UBERON_0022355,uterine natural killer cell,ASCTB-TEMP:uterine-natural-killer-cell,NCAM1,1,CCL5; CD69; HMGB2; NCAM1,ASCTB-TEMP:ccl5; ASCTB-TEMP:cd69; ASCTB-TEMP:hmgb2; ASCTB-TEMP:ncam1,https://doi.org/10.1101/2021.01.02.425073
uterus,57,outer layer of endometrium,http://purl.obolibrary.org/obo/UBERON_0022356,mast cell,ASCTB-TEMP:mast-cell,KIT,1,CD69; CSF1; KIT; MS4A2,ASCTB-TEMP:cd69; ASCTB-TEMP:csf1; ASCTB-TEMP:kit; ASCTB-TEMP:ms4a2,https://doi.org/10.1101/2021.01.02.425073
uterus,77,outer layer of endometrium,http://purl.obolibrary.org/obo/UBERON_0022356,mast cell,ASCTB-TEMP:mast-cell,KIT,1,CD69; CSF1; KIT; MS4A2,ASCTB-TEMP:cd69; ASCTB-TEMP:csf1; ASCTB-TEMP:kit; ASCTB-TEMP:ms4a2,https://doi.org/10.1101/2021.01.02.425073
uterus,65,basal layer of endometrium,http://purl.obolibrary.org/obo/UBERON_0022355,glandular epithelial cell,ASCTB-TEMP:glandular-epithelial-cell,EPCAM,1,CXCL8; EPCAM; PAEP; SCGB2A2,ASCTB-TEMP:cxcl8; ASCTB-TEMP:epcam; ASCTB-TEMP:paep; ASCTB-TEMP:scgb2a2,https://doi.org/10.1101/2021.01.02.425073
uterus,64,basal layer of endometrium,http://purl.obolibrary.org/obo/UBERON_0022355,ciliated epithelial cell,ASCTB-TEMP:ciliated-epithelial-cell,EPCAM,1,EPCAM; FOXJ1; PIFO; TPPP3,ASCTB-TEMP:epcam; ASCTB-TEMP:foxj1; ASCTB-TEMP:pifo; ASCTB-TEMP:tppp3,https://doi.org/10.1101/2021.01.02.425073
uterus,66,basal layer of endometrium,http://purl.obolibrary.org/obo/UBERON_0022355,luminal epithelial cell,ASCTB-TEMP:luminal-epithelial-cell,EPCAM,1,EPCAM; LGR5; PTGS1,ASCTB-TEMP:epcam; ASCTB-TEMP:lgr5; ASCTB-TEMP:ptgs1,https://doi.org/10.1101/2021.01.02.425073
uterus,63,basal layer of endometrium,http://purl.obolibrary.org/obo/UBERON_0022355,SOX9+ epithelial cell,ASCTB-TEMP:sox9-epithelial-cell,EPCAM,1,EPCAM; MMP7; SOX9,ASCTB-TEMP:epcam; ASCTB-TEMP:mmp7; ASCTB-TEMP:sox9,https://doi.org/10.1101/2021.01.02.425073
uterus,67,basal layer of endometrium,http://purl.obolibrary.org/obo/UBERON_0022355,stromal cell,ASCTB-TEMP:stromal-cell,IGF1,1,IGF1; MMP11; OGN; PCOLCE,ASCTB-TEMP:igf1; ASCTB-TEMP:mmp11; ASCTB-TEMP:ogn; ASCTB-TEMP:pcolce,https://doi.org/10.1101/2021.01.02.425073
uterus,269,basal layer of endometrium,http://purl.obolibrary.org/obo/UBERON_0022355,perivascular support cell,ASCTB-TEMP:perivascular-support-cell,MYH11,1,ACTA2; MYH11,ASCTB-TEMP:acta2; ASCTB-TEMP:myh11,https://doi.org/10.1101/2021.01.02.425073
uterus,272,basal layer of endometrium,http://purl.obolibrary.org/obo/UBERON_0022355,uterine natural killer cell,ASCTB-TEMP:uterine-natural-killer-cell,NCAM1,1,CCL5; CD69; HMGB2; NCAM1,ASCTB-TEMP:ccl5; ASCTB-TEMP:cd69; ASCTB-TEMP:hmgb2; ASCTB-TEMP:ncam1,https://doi.org/10.1101/2021.01.02.425073
uterus,257,outer layer of endometrium,http://purl.obolibrary.org/obo/UBERON_0022356,mast cell,ASCTB-TEMP:mast-cell,KIT,1,CD69; CSF1; KIT; MS4A2,ASCTB-TEMP:cd69; ASCTB-TEMP:csf1; ASCTB-TEMP:kit; ASCTB-TEMP:ms4a2,https://doi.org/10.1101/2021.01.02.425073
uterus,277,outer layer of endometrium,http://purl.obolibrary.org/obo/UBERON_0022356,mast cell,ASCTB-TEMP:mast-cell,KIT,1,CD69; CSF1; KIT; MS4A2,ASCTB-TEMP:cd69; ASCTB-TEMP:csf1; ASCTB-TEMP:kit; ASCTB-TEMP:ms4a2,https://doi.org/10.1101/2021.01.02.425073
uterus,265,basal layer of endometrium,http://purl.obolibrary.org/obo/UBERON_0022355,glandular epithelial cell,ASCTB-TEMP:glandular-epithelial-cell,EPCAM,1,CXCL8; EPCAM; PAEP; SCGB2A2,ASCTB-TEMP:cxcl8; ASCTB-TEMP:epcam; ASCTB-TEMP:paep; ASCTB-TEMP:scgb2a2,https://doi.org/10.1101/2021.01.02.425073
uterus,264,basal layer of endometrium,http://purl.obolibrary.org/obo/UBERON_0022355,ciliated epithelial cell,ASCTB-TEMP:ciliated-epithelial-cell,EPCAM,1,EPCAM; FOXJ1; PIFO; TPPP3,ASCTB-TEMP:epcam; ASCTB-TEMP:foxj1; ASCTB-TEMP:pifo; ASCTB-TEMP:tppp3,https://doi.org/10.1101/2021.01.02.425073
uterus,284,basal layer of endometrium,http://purl.obolibrary.org/obo/UBERON_0022355,ciliated epithelial cell,ASCTB-TEMP:ciliated-epithelial-cell,EPCAM,1,EPCAM; FOXJ1; TPPP3; PIFO,ASCTB-TEMP:epcam; ASCTB-TEMP:foxj1; ASCTB-TEMP:tppp3; ASCTB-TEMP:pifo,https://doi.org/10.1101/2021.01.02.425073
uterus,266,basal layer of endometrium,http://purl.obolibrary.org/obo/UBERON_0022355,luminal epithelial cell,ASCTB-TEMP:luminal-epithelial-cell,EPCAM,1,EPCAM; LGR5; PTGS1,ASCTB-TEMP:epcam; ASCTB-TEMP:lgr5; ASCTB-TEMP:ptgs1,https://doi.org/10.1101/2021.01.02.425073
uterus,263,basal layer of endometrium,http://purl.obolibrary.org/obo/UBERON_0022355,SOX9+ epithelial cell,ASCTB-TEMP:sox9-epithelial-cell,EPCAM,1,EPCAM; MMP7; SOX9,ASCTB-TEMP:epcam; ASCTB-TEMP:mmp7; ASCTB-TEMP:sox9,https://doi.org/10.1101/2021.01.02.425073
uterus,283,basal layer of endometrium,http://purl.obolibrary.org/obo/UBERON_0022355,SOX9+ epithelial cell,ASCTB-TEMP:sox9-epithelial-cell,EPCAM,1,EPCAM; MMP7; SOX9,ASCTB-TEMP:epcam; ASCTB-TEMP:mmp7; ASCTB-TEMP:sox9,https://doi.org/10.1101/2021.01.02.425073
uterus,267,basal layer of endometrium,http://purl.obolibrary.org/obo/UBERON_0022355,stromal cell,ASCTB-TEMP:stromal-cell,IGF1,1,IGF1; MMP11; OGN; PCOLCE,ASCTB-TEMP:igf1; ASCTB-TEMP:mmp11; ASCTB-TEMP:ogn; ASCTB-TEMP:pcolce,https://doi.org/10.1101/2021.01.02.425073
uterus,185,basal layer of endometrium,http://purl.obolibrary.org/obo/UBERON_0022355,glandular epithelial cell,ASCTB-TEMP:glandular-epithelial-cell,EPCAM,1,CXCL8; EPCAM; PAEP; SCGB2A2,ASCTB-TEMP:cxcl8; ASCTB-TEMP:epcam; ASCTB-TEMP:paep; ASCTB-TEMP:scgb2a2,https://doi.org/10.1101/2021.01.02.425073
uterus,325,basal layer of endometrium,http://purl.obolibrary.org/obo/UBERON_0022355,glandular epithelial cell,ASCTB-TEMP:glandular-epithelial-cell,EPCAM,1,CXCL8; EPCAM; PAEP; SCGB2A2,ASCTB-TEMP:cxcl8; ASCTB-TEMP:epcam; ASCTB-TEMP:paep; ASCTB-TEMP:scgb2a2,https://doi.org/10.1101/2021.01.02.425073
uterus,184,basal layer of endometrium,http://purl.obolibrary.org/obo/UBERON_0022355,ciliated epithelial cell,ASCTB-TEMP:ciliated-epithelial-cell,EPCAM,1,EPCAM; FOXJ1; PIFO; TPPP3,ASCTB-TEMP:epcam; ASCTB-TEMP:foxj1; ASCTB-TEMP:pifo; ASCTB-TEMP:tppp3,https://doi.org/10.1101/2021.01.02.425073
uterus,324,basal layer of endometrium,http://purl.obolibrary.org/obo/UBERON_0022355,ciliated epithelial cell,ASCTB-TEMP:ciliated-epithelial-cell,EPCAM,1,EPCAM; FOXJ1; PIFO; TPPP3,ASCTB-TEMP:epcam; ASCTB-TEMP:foxj1; ASCTB-TEMP:pifo; ASCTB-TEMP:tppp3,https://doi.org/10.1101/2021.01.02.425073
uterus,186,basal layer of endometrium,http://purl.obolibrary.org/obo/UBERON_0022355,luminal epithelial cell,ASCTB-TEMP:luminal-epithelial-cell,EPCAM,1,EPCAM; LGR5; PTGS1,ASCTB-TEMP:epcam; ASCTB-TEMP:lgr5; ASCTB-TEMP:ptgs1,https://doi.org/10.1101/2021.01.02.425073
uterus,326,basal layer of endometrium,http://purl.obolibrary.org/obo/UBERON_0022355,luminal epithelial cell,ASCTB-TEMP:luminal-epithelial-cell,EPCAM,1,EPCAM; LGR5; PTGS1,ASCTB-TEMP:epcam; ASCTB-TEMP:lgr5; ASCTB-TEMP:ptgs1,https://doi.org/10.1101/2021.01.02.425073
uterus,183,basal layer of endometrium,http://purl.obolibrary.org/obo/UBERON_0022355,SOX9+ epithelial cell,ASCTB-TEMP:sox9-epithelial-cell,EPCAM,1,EPCAM; MMP7; SOX9,ASCTB-TEMP:epcam; ASCTB-TEMP:mmp7; ASCTB-TEMP:sox9,https://doi.org/10.1101/2021.01.02.425073
uterus,323,basal layer of endometrium,http://purl.obolibrary.org/obo/UBERON_0022355,SOX9+ epithelial cell,ASCTB-TEMP:sox9-epithelial-cell,EPCAM,1,EPCAM; MMP7; SOX9,ASCTB-TEMP:epcam; ASCTB-TEMP:mmp7; ASCTB-TEMP:sox9,https://doi.org/10.1101/2021.01.02.425073
uterus,187,basal layer of endometrium,http://purl.obolibrary.org/obo/UBERON_0022355,stromal cell,ASCTB-TEMP:stromal-cell,IGF1,1,IGF1; MMP11; OGN; PCOLCE,ASCTB-TEMP:igf1; ASCTB-TEMP:mmp11; ASCTB-TEMP:ogn; ASCTB-TEMP:pcolce,https://doi.org/10.1101/2021.01.02.425073
uterus,327,basal layer of endometrium,http://purl.obolibrary.org/obo/UBERON_0022355,stromal cell,ASCTB-TEMP:stromal-cell,IGF1,1,IGF1; MMP11; OGN; PCOLCE,ASCTB-TEMP:igf1; ASCTB-TEMP:mmp11; ASCTB-TEMP:ogn; ASCTB-TEMP:pcolce,https://doi.org/10.1101/2021.01.02.425073
uterus,109,basal layer of endometrium,http://purl.obolibrary.org/obo/UBERON_0022355,perivascular support cell,ASCTB-TEMP:perivascular-support-cell,MYH11,1,ACTA2; MYH11,ASCTB-TEMP:acta2; ASCTB-TEMP:myh11,https://doi.org/10.1101/2021.01.02.425073
uterus,105,basal layer of endometrium,http://purl.obolibrary.org/obo/UBERON_0022355,glandular epithelial cell,ASCTB-TEMP:glandular-epithelial-cell,EPCAM,1,CXCL8; EPCAM; PAEP; SCGB2A2,ASCTB-TEMP:cxcl8; ASCTB-TEMP:epcam; ASCTB-TEMP:paep; ASCTB-TEMP:scgb2a2,https://doi.org/10.1101/2021.01.02.425073
uterus,104,basal layer of endometrium,http://purl.obolibrary.org/obo/UBERON_0022355,ciliated epithelial cell,ASCTB-TEMP:ciliated-epithelial-cell,EPCAM,1,EPCAM; FOXJ1; PIFO; TPPP3,ASCTB-TEMP:epcam; ASCTB-TEMP:foxj1; ASCTB-TEMP:pifo; ASCTB-TEMP:tppp3,https://doi.org/10.1101/2021.01.02.425073
uterus,106,basal layer of endometrium,http://purl.obolibrary.org/obo/UBERON_0022355,luminal epithelial cell,ASCTB-TEMP:luminal-epithelial-cell,EPCAM,1,EPCAM; LGR5; PTGS1,ASCTB-TEMP:epcam; ASCTB-TEMP:lgr5; ASCTB-TEMP:ptgs1,https://doi.org/10.1101/2021.01.02.425073
uterus,103,basal layer of endometrium,http://purl.obolibrary.org/obo/UBERON_0022355,SOX9+ epithelial cell,ASCTB-TEMP:sox9-epithelial-cell,EPCAM,1,EPCAM; MMP7; SOX9,ASCTB-TEMP:epcam; ASCTB-TEMP:mmp7; ASCTB-TEMP:sox9,https://doi.org/10.1101/2021.01.02.425073
uterus,107,basal layer of endometrium,http://purl.obolibrary.org/obo/UBERON_0022355,stromal cell,ASCTB-TEMP:stromal-cell,IGF1,1,IGF1; MMP11; OGN; PCOLCE,ASCTB-TEMP:igf1; ASCTB-TEMP:mmp11; ASCTB-TEMP:ogn; ASCTB-TEMP:pcolce,https://doi.org/10.1101/2021.01.02.425073
uterus,137,outer layer of endometrium,http://purl.obolibrary.org/obo/UBERON_0022356,mast cell,ASCTB-TEMP:mast-cell,KIT,1,CSF1; KIT; MS4A2; CD69,ASCTB-TEMP:csf1; ASCTB-TEMP:kit; ASCTB-TEMP:ms4a2; ASCTB-TEMP:cd69,https://doi.org/10.1101/2021.01.02.425073
uterus,132,basal layer of endometrium,http://purl.obolibrary.org/obo/UBERON_0022355,uterine natural killer cell,ASCTB-TEMP:uterine-natural-killer-cell,NCAM1,1,HMGB2; NCAM1; CCL5; CD69,ASCTB-TEMP:hmgb2; ASCTB-TEMP:ncam1; ASCTB-TEMP:ccl5; ASCTB-TEMP:cd69,https://doi.org/10.1101/2021.01.02.425073
uterus,152,basal layer of endometrium,http://purl.obolibrary.org/obo/UBERON_0022355,uterine natural killer cell,ASCTB-TEMP:uterine-natural-killer-cell,NCAM1,1,HMGB2; NCAM1; CCL5; CD69,ASCTB-TEMP:hmgb2; ASCTB-TEMP:ncam1; ASCTB-TEMP:ccl5; ASCTB-TEMP:cd69,https://doi.org/10.1101/2021.01.02.425073
uterus,149,basal layer of endometrium,http://purl.obolibrary.org/obo/UBERON_0022355,perivascular support cell,ASCTB-TEMP:perivascular-support-cell,MYH11,1,MYH11; ACTA2,ASCTB-TEMP:myh11; ASCTB-TEMP:acta2,https://doi.org/10.1101/2021.01.02.425073
uterus,69,basal layer of endometrium,http://purl.obolibrary.org/obo/UBERON_0022355,perivascular support cell,ASCTB-TEMP:perivascular-support-cell,MYH11,1,MYH11; ACTA2,ASCTB-TEMP:myh11; ASCTB-TEMP:acta2,https://doi.org/10.1101/2021.01.02.425073
uterus,349,basal layer of endometrium,http://purl.obolibrary.org/obo/UBERON_0022355,perivascular support cell,ASCTB-TEMP:perivascular-support-cell,MYH11,1,ACTA2; MYH11,ASCTB-TEMP:acta2; ASCTB-TEMP:myh11,https://doi.org/10.1101/2021.01.02.425073
uterus,332,basal layer of endometrium,http://purl.obolibrary.org/obo/UBERON_0022355,uterine natural killer cell,ASCTB-TEMP:uterine-natural-killer-cell,NCAM1,1,CCL5; CD69; HMGB2; NCAM1,ASCTB-TEMP:ccl5; ASCTB-TEMP:cd69; ASCTB-TEMP:hmgb2; ASCTB-TEMP:ncam1,https://doi.org/10.1101/2021.01.02.425073
uterus,352,basal layer of endometrium,http://purl.obolibrary.org/obo/UBERON_0022355,uterine natural killer cell,ASCTB-TEMP:uterine-natural-killer-cell,NCAM1,1,CCL5; CD69; HMGB2; NCAM1,ASCTB-TEMP:ccl5; ASCTB-TEMP:cd69; ASCTB-TEMP:hmgb2; ASCTB-TEMP:ncam1,https://doi.org/10.1101/2021.01.02.425073
uterus,337,outer layer of endometrium,http://purl.obolibrary.org/obo/UBERON_0022356,mast cell,ASCTB-TEMP:mast-cell,KIT,1,CD69; CSF1; KIT; MS4A2,ASCTB-TEMP:cd69; ASCTB-TEMP:csf1; ASCTB-TEMP:kit; ASCTB-TEMP:ms4a2,https://doi.org/10.1101/2021.01.02.425073
uterus,345,basal layer of endometrium,http://purl.obolibrary.org/obo/UBERON_0022355,glandular epithelial cell,ASCTB-TEMP:glandular-epithelial-cell,EPCAM,1,CXCL8; EPCAM; PAEP; SCGB2A2,ASCTB-TEMP:cxcl8; ASCTB-TEMP:epcam; ASCTB-TEMP:paep; ASCTB-TEMP:scgb2a2,https://doi.org/10.1101/2021.01.02.425073
uterus,344,basal layer of endometrium,http://purl.obolibrary.org/obo/UBERON_0022355,ciliated epithelial cell,ASCTB-TEMP:ciliated-epithelial-cell,EPCAM,1,EPCAM; FOXJ1; PIFO; TPPP3,ASCTB-TEMP:epcam; ASCTB-TEMP:foxj1; ASCTB-TEMP:pifo; ASCTB-TEMP:tppp3,https://doi.org/10.1101/2021.01.02.425073
uterus,346,basal layer of endometrium,http://purl.obolibrary.org/obo/UBERON_0022355,luminal epithelial cell,ASCTB-TEMP:luminal-epithelial-cell,EPCAM,1,EPCAM; LGR5; PTGS1,ASCTB-TEMP:epcam; ASCTB-TEMP:lgr5; ASCTB-TEMP:ptgs1,https://doi.org/10.1101/2021.01.02.425073
uterus,343,basal layer of endometrium,http://purl.obolibrary.org/obo/UBERON_0022355,SOX9+ epithelial cell,ASCTB-TEMP:sox9-epithelial-cell,EPCAM,1,EPCAM; MMP7; SOX9,ASCTB-TEMP:epcam; ASCTB-TEMP:mmp7; ASCTB-TEMP:sox9,https://doi.org/10.1101/2021.01.02.425073
uterus,347,basal layer of endometrium,http://purl.obolibrary.org/obo/UBERON_0022355,stromal cell,ASCTB-TEMP:stromal-cell,IGF1,1,IGF1; MMP11; OGN; PCOLCE,ASCTB-TEMP:igf1; ASCTB-TEMP:mmp11; ASCTB-TEMP:ogn; ASCTB-TEMP:pcolce,https://doi.org/10.1101/2021.01.02.425073
uterus,421,endometrium glandular epithelium,http://purl.obolibrary.org/obo/UBERON_0012276,glandular epithelial cell,ASCTB-TEMP:glandular-epithelial-cell,EPCAM,1,CXCL8; EPCAM; PAEP; SCGB2A2,ASCTB-TEMP:cxcl8; ASCTB-TEMP:epcam; ASCTB-TEMP:paep; ASCTB-TEMP:scgb2a2,https://doi.org/10.1101/2021.01.02.425073
uterus,423,endometrium glandular epithelium,http://purl.obolibrary.org/obo/UBERON_0012276,glandular epithelial cell,ASCTB-TEMP:glandular-epithelial-cell,EPCAM,1,CXCL8; EPCAM; PAEP; SCGB2A2,ASCTB-TEMP:cxcl8; ASCTB-TEMP:epcam; ASCTB-TEMP:paep; ASCTB-TEMP:scgb2a2,https://doi.org/10.1101/2021.01.02.425073
uterus,425,endometrium glandular epithelium,http://purl.obolibrary.org/obo/UBERON_0012276,glandular epithelial cell,ASCTB-TEMP:glandular-epithelial-cell,EPCAM,1,CXCL8; EPCAM; PAEP; SCGB2A2,ASCTB-TEMP:cxcl8; ASCTB-TEMP:epcam; ASCTB-TEMP:paep; ASCTB-TEMP:scgb2a2,https://doi.org/10.1101/2021.01.02.425073
uterus,427,endometrium glandular epithelium,http://purl.obolibrary.org/obo/UBERON_0012276,glandular epithelial cell,ASCTB-TEMP:glandular-epithelial-cell,EPCAM,1,CXCL8; EPCAM; PAEP; SCGB2A2,ASCTB-TEMP:cxcl8; ASCTB-TEMP:epcam; ASCTB-TEMP:paep; ASCTB-TEMP:scgb2a2,https://doi.org/10.1101/2021.01.02.425073
uterus,429,endometrium glandular epithelium,http://purl.obolibrary.org/obo/UBERON_0012276,glandular epithelial cell,ASCTB-TEMP:glandular-epithelial-cell,EPCAM,1,CXCL8; EPCAM; PAEP; SCGB2A2,ASCTB-TEMP:cxcl8; ASCTB-TEMP:epcam; ASCTB-TEMP:paep; ASCTB-TEMP:scgb2a2,https://doi.org/10.1101/2021.01.02.425073
uterus,431,endometrium glandular epithelium,http://purl.obolibrary.org/obo/UBERON_0012276,glandular epithelial cell,ASCTB-TEMP:glandular-epithelial-cell,EPCAM,1,CXCL8; EPCAM; PAEP; SCGB2A2,ASCTB-TEMP:cxcl8; ASCTB-TEMP:epcam; ASCTB-TEMP:paep; ASCTB-TEMP:scgb2a2,https://doi.org/10.1101/2021.01.02.425073
uterus,433,endometrium glandular epithelium,http://purl.obolibrary.org/obo/UBERON_0012276,glandular epithelial cell,ASCTB-TEMP:glandular-epithelial-cell,EPCAM,1,CXCL8; EPCAM; PAEP; SCGB2A2,ASCTB-TEMP:cxcl8; ASCTB-TEMP:epcam; ASCTB-TEMP:paep; ASCTB-TEMP:scgb2a2,https://doi.org/10.1101/2021.01.02.425073
uterus,435,endometrium glandular epithelium,http://purl.obolibrary.org/obo/UBERON_0012276,glandular epithelial cell,ASCTB-TEMP:glandular-epithelial-cell,EPCAM,1,CXCL8; EPCAM; PAEP; SCGB2A2,ASCTB-TEMP:cxcl8; ASCTB-TEMP:epcam; ASCTB-TEMP:paep; ASCTB-TEMP:scgb2a2,https://doi.org/10.1101/2021.01.02.425073
uterus,420,endometrium luminal epithelium,http://purl.obolibrary.org/obo/UBERON_0011949,luminal epithelial cell,ASCTB-TEMP:luminal-epithelial-cell,EPCAM,1,EPCAM; LGR5; PTGS1,ASCTB-TEMP:epcam; ASCTB-TEMP:lgr5; ASCTB-TEMP:ptgs1,https://doi.org/10.1101/2021.01.02.425073
uterus,422,endometrium luminal epithelium,http://purl.obolibrary.org/obo/UBERON_0011949,luminal epithelial cell,ASCTB-TEMP:luminal-epithelial-cell,EPCAM,1,EPCAM; LGR5; PTGS1,ASCTB-TEMP:epcam; ASCTB-TEMP:lgr5; ASCTB-TEMP:ptgs1,https://doi.org/10.1101/2021.01.02.425073
uterus,424,endometrium luminal epithelium,http://purl.obolibrary.org/obo/UBERON_0011949,luminal epithelial cell,ASCTB-TEMP:luminal-epithelial-cell,EPCAM,1,EPCAM; LGR5; PTGS1,ASCTB-TEMP:epcam; ASCTB-TEMP:lgr5; ASCTB-TEMP:ptgs1,https://doi.org/10.1101/2021.01.02.425073
uterus,426,endometrium luminal epithelium,http://purl.obolibrary.org/obo/UBERON_0011949,luminal epithelial cell,ASCTB-TEMP:luminal-epithelial-cell,EPCAM,1,EPCAM; LGR5; PTGS1,ASCTB-TEMP:epcam; ASCTB-TEMP:lgr5; ASCTB-TEMP:ptgs1,https://doi.org/10.1101/2021.01.02.425073
uterus,428,endometrium luminal epithelium,http://purl.obolibrary.org/obo/UBERON_0011949,luminal epithelial cell,ASCTB-TEMP:luminal-epithelial-cell,EPCAM,1,EPCAM; LGR5; PTGS1,ASCTB-TEMP:epcam; ASCTB-TEMP:lgr5; ASCTB-TEMP:ptgs1,https://doi.org/10.1101/2021.01.02.425073
uterus,430,endometrium luminal epithelium,http://purl.obolibrary.org/obo/UBERON_0011949,luminal epithelial cell,ASCTB-TEMP:luminal-epithelial-cell,EPCAM,1,EPCAM; LGR5; PTGS1,ASCTB-TEMP:epcam; ASCTB-TEMP:lgr5; ASCTB-TEMP:ptgs1,https://doi.org/10.1101/2021.01.02.425073
uterus,432,endometrium luminal epithelium,http://purl.obolibrary.org/obo/UBERON_0011949,luminal epithelial cell,ASCTB-TEMP:luminal-epithelial-cell,EPCAM,1,EPCAM; LGR5; PTGS1,ASCTB-TEMP:epcam; ASCTB-TEMP:lgr5; ASCTB-TEMP:ptgs1,https://doi.org/10.1101/2021.01.02.425073
uterus,434,endometrium luminal epithelium,http://purl.obolibrary.org/obo/UBERON_0011949,luminal epithelial cell,ASCTB-TEMP:luminal-epithelial-cell,EPCAM,1,EPCAM; LGR5; PTGS1,ASCTB-TEMP:epcam; ASCTB-TEMP:lgr5; ASCTB-TEMP:ptgs1,https://doi.org/10.1101/2021.01.02.425073
uterus,129,basal layer of endometrium,http://purl.obolibrary.org/obo/UBERON_0022355,perivascular support cell,ASCTB-TEMP:perivascular-support-cell,MYH11,1,ACTA2; MYH11,ASCTB-TEMP:acta2; ASCTB-TEMP:myh11,https://doi.org/10.1101/2021.01.02.425073
uterus,112,basal layer of endometrium,http://purl.obolibrary.org/obo/UBERON_0022355,uterine natural killer cell,ASCTB-TEMP:uterine-natural-killer-cell,NCAM1,1,CCL5; CD69; HMGB2; NCAM1,ASCTB-TEMP:ccl5; ASCTB-TEMP:cd69; ASCTB-TEMP:hmgb2; ASCTB-TEMP:ncam1,https://doi.org/10.1101/2021.01.02.425073
uterus,117,outer layer of endometrium,http://purl.obolibrary.org/obo/UBERON_0022356,mast cell,ASCTB-TEMP:mast-cell,KIT,1,CD69; CSF1; KIT; MS4A2,ASCTB-TEMP:cd69; ASCTB-TEMP:csf1; ASCTB-TEMP:kit; ASCTB-TEMP:ms4a2,https://doi.org/10.1101/2021.01.02.425073
uterus,125,basal layer of endometrium,http://purl.obolibrary.org/obo/UBERON_0022355,glandular epithelial cell,ASCTB-TEMP:glandular-epithelial-cell,EPCAM,1,CXCL8; EPCAM; PAEP; SCGB2A2,ASCTB-TEMP:cxcl8; ASCTB-TEMP:epcam; ASCTB-TEMP:paep; ASCTB-TEMP:scgb2a2,https://doi.org/10.1101/2021.01.02.425073
uterus,124,basal layer of endometrium,http://purl.obolibrary.org/obo/UBERON_0022355,ciliated epithelial cell,ASCTB-TEMP:ciliated-epithelial-cell,EPCAM,1,EPCAM; FOXJ1; PIFO; TPPP3,ASCTB-TEMP:epcam; ASCTB-TEMP:foxj1; ASCTB-TEMP:pifo; ASCTB-TEMP:tppp3,https://doi.org/10.1101/2021.01.02.425073
uterus,126,basal layer of endometrium,http://purl.obolibrary.org/obo/UBERON_0022355,luminal epithelial cell,ASCTB-TEMP:luminal-epithelial-cell,EPCAM,1,EPCAM; LGR5; PTGS1,ASCTB-TEMP:epcam; ASCTB-TEMP:lgr5; ASCTB-TEMP:ptgs1,https://doi.org/10.1101/2021.01.02.425073
uterus,123,basal layer of endometrium,http://purl.obolibrary.org/obo/UBERON_0022355,SOX9+ epithelial cell,ASCTB-TEMP:sox9-epithelial-cell,EPCAM,1,EPCAM; MMP7; SOX9,ASCTB-TEMP:epcam; ASCTB-TEMP:mmp7; ASCTB-TEMP:sox9,https://doi.org/10.1101/2021.01.02.425073
uterus,127,basal layer of endometrium,http://purl.obolibrary.org/obo/UBERON_0022355,stromal cell,ASCTB-TEMP:stromal-cell,IGF1,1,IGF1; MMP11; OGN; PCOLCE,ASCTB-TEMP:igf1; ASCTB-TEMP:mmp11; ASCTB-TEMP:ogn; ASCTB-TEMP:pcolce,https://doi.org/10.1101/2021.01.02.425073
uterus,406,endometrial stroma,http://purl.obolibrary.org/obo/UBERON_0002337,stromal cell,ASCTB-TEMP:stromal-cell,IGF1,1,IGF1; MMP11; OGN; PCOLCE,ASCTB-TEMP:igf1; ASCTB-TEMP:mmp11; ASCTB-TEMP:ogn; ASCTB-TEMP:pcolce,https://doi.org/10.1101/2021.01.02.425073
uterus,407,endometrial stroma,http://purl.obolibrary.org/obo/UBERON_0002337,stromal cell,ASCTB-TEMP:stromal-cell,IGF1,1,IGF1; MMP11; OGN; PCOLCE,ASCTB-TEMP:igf1; ASCTB-TEMP:mmp11; ASCTB-TEMP:ogn; ASCTB-TEMP:pcolce,https://doi.org/10.1101/2021.01.02.425073
uterus,408,endometrial stroma,http://purl.obolibrary.org/obo/UBERON_0002337,stromal cell,ASCTB-TEMP:stromal-cell,IGF1,1,IGF1; MMP11; OGN; PCOLCE,ASCTB-TEMP:igf1; ASCTB-TEMP:mmp11; ASCTB-TEMP:ogn; ASCTB-TEMP:pcolce,https://doi.org/10.1101/2021.01.02.425073
uterus,409,endometrial stroma,http://purl.obolibrary.org/obo/UBERON_0002337,stromal cell,ASCTB-TEMP:stromal-cell,IGF1,1,IGF1; MMP11; OGN; PCOLCE,ASCTB-TEMP:igf1; ASCTB-TEMP:mmp11; ASCTB-TEMP:ogn; ASCTB-TEMP:pcolce,https://doi.org/10.1101/2021.01.02.425073
uterus,410,endometrial stroma,http://purl.obolibrary.org/obo/UBERON_0002337,stromal cell,ASCTB-TEMP:stromal-cell,IGF1,1,IGF1; MMP11; OGN; PCOLCE,ASCTB-TEMP:igf1; ASCTB-TEMP:mmp11; ASCTB-TEMP:ogn; ASCTB-TEMP:pcolce,https://doi.org/10.1101/2021.01.02.425073
uterus,411,endometrial stroma,http://purl.obolibrary.org/obo/UBERON_0002337,stromal cell,ASCTB-TEMP:stromal-cell,IGF1,1,IGF1; MMP11; OGN; PCOLCE,ASCTB-TEMP:igf1; ASCTB-TEMP:mmp11; ASCTB-TEMP:ogn; ASCTB-TEMP:pcolce,https://doi.org/10.1101/2021.01.02.425073
uterus,412,endometrial stroma,http://purl.obolibrary.org/obo/UBERON_0002337,stromal cell,ASCTB-TEMP:stromal-cell,IGF1,1,IGF1; MMP11; OGN; PCOLCE,ASCTB-TEMP:igf1; ASCTB-TEMP:mmp11; ASCTB-TEMP:ogn; ASCTB-TEMP:pcolce,https://doi.org/10.1101/2021.01.02.425073
uterus,413,endometrial stroma,http://purl.obolibrary.org/obo/UBERON_0002337,stromal cell,ASCTB-TEMP:stromal-cell,IGF1,1,IGF1; MMP11; OGN; PCOLCE,ASCTB-TEMP:igf1; ASCTB-TEMP:mmp11; ASCTB-TEMP:ogn; ASCTB-TEMP:pcolce,https://doi.org/10.1101/2021.01.02.425073
uterus,405,endometrial stroma,http://purl.obolibrary.org/obo/UBERON_0002337,stromal cell,ASCTB-TEMP:stromal-cell,IGF1,1,PCOLCE; IGF1; MMP11; OGN,ASCTB-TEMP:pcolce; ASCTB-TEMP:igf1; ASCTB-TEMP:mmp11; ASCTB-TEMP:ogn,https://doi.org/10.1101/2021.01.02.425073
uterus,212,basal layer of endometrium,http://purl.obolibrary.org/obo/UBERON_0022355,uterine natural killer cell,ASCTB-TEMP:uterine-natural-killer-cell,NCAM1,1,CCL5; CD69; HMGB2; NCAM1,ASCTB-TEMP:ccl5; ASCTB-TEMP:cd69; ASCTB-TEMP:hmgb2; ASCTB-TEMP:ncam1,https://doi.org/10.1101/2021.01.02.425073
uterus,217,outer layer of endometrium,http://purl.obolibrary.org/obo/UBERON_0022356,mast cell,ASCTB-TEMP:mast-cell,KIT,1,CD69; CSF1; KIT; MS4A2,ASCTB-TEMP:cd69; ASCTB-TEMP:csf1; ASCTB-TEMP:kit; ASCTB-TEMP:ms4a2,https://doi.org/10.1101/2021.01.02.425073
uterus,225,basal layer of endometrium,http://purl.obolibrary.org/obo/UBERON_0022355,glandular epithelial cell,ASCTB-TEMP:glandular-epithelial-cell,EPCAM,1,CXCL8; EPCAM; PAEP; SCGB2A2,ASCTB-TEMP:cxcl8; ASCTB-TEMP:epcam; ASCTB-TEMP:paep; ASCTB-TEMP:scgb2a2,https://doi.org/10.1101/2021.01.02.425073
uterus,224,basal layer of endometrium,http://purl.obolibrary.org/obo/UBERON_0022355,ciliated epithelial cell,ASCTB-TEMP:ciliated-epithelial-cell,EPCAM,1,EPCAM; FOXJ1; PIFO; TPPP3,ASCTB-TEMP:epcam; ASCTB-TEMP:foxj1; ASCTB-TEMP:pifo; ASCTB-TEMP:tppp3,https://doi.org/10.1101/2021.01.02.425073
uterus,226,basal layer of endometrium,http://purl.obolibrary.org/obo/UBERON_0022355,luminal epithelial cell,ASCTB-TEMP:luminal-epithelial-cell,EPCAM,1,EPCAM; LGR5; PTGS1,ASCTB-TEMP:epcam; ASCTB-TEMP:lgr5; ASCTB-TEMP:ptgs1,https://doi.org/10.1101/2021.01.02.425073
uterus,223,basal layer of endometrium,http://purl.obolibrary.org/obo/UBERON_0022355,SOX9+ epithelial cell,ASCTB-TEMP:sox9-epithelial-cell,EPCAM,1,EPCAM; MMP7; SOX9,ASCTB-TEMP:epcam; ASCTB-TEMP:mmp7; ASCTB-TEMP:sox9,https://doi.org/10.1101/2021.01.02.425073
uterus,227,basal layer of endometrium,http://purl.obolibrary.org/obo/UBERON_0022355,stromal cell,ASCTB-TEMP:stromal-cell,IGF1,1,IGF1; MMP11; OGN; PCOLCE,ASCTB-TEMP:igf1; ASCTB-TEMP:mmp11; ASCTB-TEMP:ogn; ASCTB-TEMP:pcolce,https://doi.org/10.1101/2021.01.02.425073
uterus,229,basal layer of endometrium,http://purl.obolibrary.org/obo/UBERON_0022355,perivascular support cell,ASCTB-TEMP:perivascular-support-cell,MYH11,1,ACTA2; MYH11,ASCTB-TEMP:acta2; ASCTB-TEMP:myh11,https://doi.org/10.1101/2021.01.02.425073
uterus,249,basal layer of endometrium,http://purl.obolibrary.org/obo/UBERON_0022355,perivascular support cell,ASCTB-TEMP:perivascular-support-cell,MYH11,1,ACTA2; MYH11,ASCTB-TEMP:acta2; ASCTB-TEMP:myh11,https://doi.org/10.1101/2021.01.02.425073
uterus,232,basal layer of endometrium,http://purl.obolibrary.org/obo/UBERON_0022355,uterine natural killer cell,ASCTB-TEMP:uterine-natural-killer-cell,NCAM1,1,CCL5; CD69; HMGB2; NCAM1,ASCTB-TEMP:ccl5; ASCTB-TEMP:cd69; ASCTB-TEMP:hmgb2; ASCTB-TEMP:ncam1,https://doi.org/10.1101/2021.01.02.425073
uterus,252,basal layer of endometrium,http://purl.obolibrary.org/obo/UBERON_0022355,uterine natural killer cell,ASCTB-TEMP:uterine-natural-killer-cell,NCAM1,1,CCL5; CD69; HMGB2; NCAM1,ASCTB-TEMP:ccl5; ASCTB-TEMP:cd69; ASCTB-TEMP:hmgb2; ASCTB-TEMP:ncam1,https://doi.org/10.1101/2021.01.02.425073
uterus,237,outer layer of endometrium,http://purl.obolibrary.org/obo/UBERON_0022356,mast cell,ASCTB-TEMP:mast-cell,KIT,1,CD69; CSF1; KIT; MS4A2,ASCTB-TEMP:cd69; ASCTB-TEMP:csf1; ASCTB-TEMP:kit; ASCTB-TEMP:ms4a2,https://doi.org/10.1101/2021.01.02.425073
uterus,245,basal layer of endometrium,http://purl.obolibrary.org/obo/UBERON_0022355,glandular epithelial cell,ASCTB-TEMP:glandular-epithelial-cell,EPCAM,1,CXCL8; EPCAM; PAEP; SCGB2A2,ASCTB-TEMP:cxcl8; ASCTB-TEMP:epcam; ASCTB-TEMP:paep; ASCTB-TEMP:scgb2a2,https://doi.org/10.1101/2021.01.02.425073
uterus,244,basal layer of endometrium,http://purl.obolibrary.org/obo/UBERON_0022355,ciliated epithelial cell,ASCTB-TEMP:ciliated-epithelial-cell,EPCAM,1,EPCAM; FOXJ1; PIFO; TPPP3,ASCTB-TEMP:epcam; ASCTB-TEMP:foxj1; ASCTB-TEMP:pifo; ASCTB-TEMP:tppp3,https://doi.org/10.1101/2021.01.02.425073
uterus,246,basal layer of endometrium,http://purl.obolibrary.org/obo/UBERON_0022355,luminal epithelial cell,ASCTB-TEMP:luminal-epithelial-cell,EPCAM,1,EPCAM; LGR5; PTGS1,ASCTB-TEMP:epcam; ASCTB-TEMP:lgr5; ASCTB-TEMP:ptgs1,https://doi.org/10.1101/2021.01.02.425073
uterus,243,basal layer of endometrium,http://purl.obolibrary.org/obo/UBERON_0022355,SOX9+ epithelial cell,ASCTB-TEMP:sox9-epithelial-cell,EPCAM,1,EPCAM; MMP7; SOX9,ASCTB-TEMP:epcam; ASCTB-TEMP:mmp7; ASCTB-TEMP:sox9,https://doi.org/10.1101/2021.01.02.425073
uterus,247,basal layer of endometrium,http://purl.obolibrary.org/obo/UBERON_0022355,stromal cell,ASCTB-TEMP:stromal-cell,IGF1,1,IGF1; MMP11; OGN; PCOLCE,ASCTB-TEMP:igf1; ASCTB-TEMP:mmp11; ASCTB-TEMP:ogn; ASCTB-TEMP:pcolce,https://doi.org/10.1101/2021.01.02.425073
uterus,89,basal layer of endometrium,http://purl.obolibrary.org/obo/UBERON_0022355,perivascular support cell,ASCTB-TEMP:perivascular-support-cell,MYH11,1,ACTA2; MYH11,ASCTB-TEMP:acta2; ASCTB-TEMP:myh11,https://doi.org/10.1101/2021.01.02.425073
uterus,92,basal layer of endometrium,http://purl.obolibrary.org/obo/UBERON_0022355,uterine natural killer cell,ASCTB-TEMP:uterine-natural-killer-cell,NCAM1,1,CCL5; CD69; HMGB2; NCAM1,ASCTB-TEMP:ccl5; ASCTB-TEMP:cd69; ASCTB-TEMP:hmgb2; ASCTB-TEMP:ncam1,https://doi.org/10.1101/2021.01.02.425073
uterus,97,outer layer of endometrium,http://purl.obolibrary.org/obo/UBERON_0022356,mast cell,ASCTB-TEMP:mast-cell,KIT,1,CD69; CSF1; KIT; MS4A2,ASCTB-TEMP:cd69; ASCTB-TEMP:csf1; ASCTB-TEMP:kit; ASCTB-TEMP:ms4a2,https://doi.org/10.1101/2021.01.02.425073
uterus,85,basal layer of endometrium,http://purl.obolibrary.org/obo/UBERON_0022355,glandular epithelial cell,ASCTB-TEMP:glandular-epithelial-cell,EPCAM,1,CXCL8; EPCAM; PAEP; SCGB2A2,ASCTB-TEMP:cxcl8; ASCTB-TEMP:epcam; ASCTB-TEMP:paep; ASCTB-TEMP:scgb2a2,https://doi.org/10.1101/2021.01.02.425073
uterus,437,endometrium glandular epithelium,http://purl.obolibrary.org/obo/UBERON_0012276,glandular epithelial cell,ASCTB-TEMP:glandular-epithelial-cell,EPCAM,1,CXCL8; EPCAM; PAEP; SCGB2A2,ASCTB-TEMP:cxcl8; ASCTB-TEMP:epcam; ASCTB-TEMP:paep; ASCTB-TEMP:scgb2a2,https://doi.org/10.1101/2021.01.02.425073
uterus,439,endometrium glandular epithelium,http://purl.obolibrary.org/obo/UBERON_0012276,glandular epithelial cell,ASCTB-TEMP:glandular-epithelial-cell,EPCAM,1,CXCL8; EPCAM; PAEP; SCGB2A2,ASCTB-TEMP:cxcl8; ASCTB-TEMP:epcam; ASCTB-TEMP:paep; ASCTB-TEMP:scgb2a2,https://doi.org/10.1101/2021.01.02.425073
uterus,441,endometrium glandular epithelium,http://purl.obolibrary.org/obo/UBERON_0012276,glandular epithelial cell,ASCTB-TEMP:glandular-epithelial-cell,EPCAM,1,CXCL8; EPCAM; PAEP; SCGB2A2,ASCTB-TEMP:cxcl8; ASCTB-TEMP:epcam; ASCTB-TEMP:paep; ASCTB-TEMP:scgb2a2,https://doi.org/10.1101/2021.01.02.425073
uterus,443,endometrium glandular epithelium,http://purl.obolibrary.org/obo/UBERON_0012276,glandular epithelial cell,ASCTB-TEMP:glandular-epithelial-cell,EPCAM,1,CXCL8; EPCAM; PAEP; SCGB2A2,ASCTB-TEMP:cxcl8; ASCTB-TEMP:epcam; ASCTB-TEMP:paep; ASCTB-TEMP:scgb2a2,https://doi.org/10.1101/2021.01.02.425073
uterus,445,endometrium glandular epithelium,http://purl.obolibrary.org/obo/UBERON_0012276,glandular epithelial cell,ASCTB-TEMP:glandular-epithelial-cell,EPCAM,1,CXCL8; EPCAM; PAEP; SCGB2A2,ASCTB-TEMP:cxcl8; ASCTB-TEMP:epcam; ASCTB-TEMP:paep; ASCTB-TEMP:scgb2a2,https://doi.org/10.1101/2021.01.02.425073
uterus,447,endometrium glandular epithelium,http://purl.obolibrary.org/obo/UBERON_0012276,glandular epithelial cell,ASCTB-TEMP:glandular-epithelial-cell,EPCAM,1,CXCL8; EPCAM; PAEP; SCGB2A2,ASCTB-TEMP:cxcl8; ASCTB-TEMP:epcam; ASCTB-TEMP:paep; ASCTB-TEMP:scgb2a2,https://doi.org/10.1101/2021.01.02.425073
uterus,449,endometrium glandular epithelium,http://purl.obolibrary.org/obo/UBERON_0012276,glandular epithelial cell,ASCTB-TEMP:glandular-epithelial-cell,EPCAM,1,CXCL8; EPCAM; PAEP; SCGB2A2,ASCTB-TEMP:cxcl8; ASCTB-TEMP:epcam; ASCTB-TEMP:paep; ASCTB-TEMP:scgb2a2,https://doi.org/10.1101/2021.01.02.425073
uterus,451,endometrium glandular epithelium,http://purl.obolibrary.org/obo/UBERON_0012276,glandular epithelial cell,ASCTB-TEMP:glandular-epithelial-cell,EPCAM,1,CXCL8; EPCAM; PAEP; SCGB2A2,ASCTB-TEMP:cxcl8; ASCTB-TEMP:epcam; ASCTB-TEMP:paep; ASCTB-TEMP:scgb2a2,https://doi.org/10.1101/2021.01.02.425073
uterus,84,basal layer of endometrium,http://purl.obolibrary.org/obo/UBERON_0022355,ciliated epithelial cell,ASCTB-TEMP:ciliated-epithelial-cell,EPCAM,1,EPCAM; FOXJ1; PIFO; TPPP3,ASCTB-TEMP:epcam; ASCTB-TEMP:foxj1; ASCTB-TEMP:pifo; ASCTB-TEMP:tppp3,https://doi.org/10.1101/2021.01.02.425073
uterus,86,basal layer of endometrium,http://purl.obolibrary.org/obo/UBERON_0022355,luminal epithelial cell,ASCTB-TEMP:luminal-epithelial-cell,EPCAM,1,EPCAM; LGR5; PTGS1,ASCTB-TEMP:epcam; ASCTB-TEMP:lgr5; ASCTB-TEMP:ptgs1,https://doi.org/10.1101/2021.01.02.425073
uterus,83,basal layer of endometrium,http://purl.obolibrary.org/obo/UBERON_0022355,SOX9+ epithelial cell,ASCTB-TEMP:sox9-epithelial-cell,EPCAM,1,EPCAM; MMP7; SOX9,ASCTB-TEMP:epcam; ASCTB-TEMP:mmp7; ASCTB-TEMP:sox9,https://doi.org/10.1101/2021.01.02.425073
uterus,44,basal layer of endometrium,http://purl.obolibrary.org/obo/UBERON_0022355,ciliated epithelial cell,ASCTB-TEMP:ciliated-epithelial-cell,EPCAM,1,EPCAM; FOXJ1; PIFO; TPPP3,ASCTB-TEMP:epcam; ASCTB-TEMP:foxj1; ASCTB-TEMP:pifo; ASCTB-TEMP:tppp3,https://doi.org/10.1101/2021.01.02.425073
uterus,87,basal layer of endometrium,http://purl.obolibrary.org/obo/UBERON_0022355,stromal cell,ASCTB-TEMP:stromal-cell,IGF1,1,IGF1; MMP11; OGN; PCOLCE,ASCTB-TEMP:igf1; ASCTB-TEMP:mmp11; ASCTB-TEMP:ogn; ASCTB-TEMP:pcolce,https://doi.org/10.1101/2021.01.02.425073
uterus,317,outer layer of endometrium,http://purl.obolibrary.org/obo/UBERON_0022356,mast cell,ASCTB-TEMP:mast-cell,KIT,1,CD69; CSF1; KIT; MS4A2,ASCTB-TEMP:cd69; ASCTB-TEMP:csf1; ASCTB-TEMP:kit; ASCTB-TEMP:ms4a2,https://doi.org/10.1101/2021.01.02.425073
uterus,312,basal layer of endometrium,http://purl.obolibrary.org/obo/UBERON_0022355,uterine natural killer cell,ASCTB-TEMP:uterine-natural-killer-cell,NCAM1,1,CD69; HMGB2; NCAM1; CCL5,ASCTB-TEMP:cd69; ASCTB-TEMP:hmgb2; ASCTB-TEMP:ncam1; ASCTB-TEMP:ccl5,https://doi.org/10.1101/2021.01.02.425073
uterus,289,basal layer of endometrium,http://purl.obolibrary.org/obo/UBERON_0022355,perivascular support cell,ASCTB-TEMP:perivascular-support-cell,MYH11,1,ACTA2; MYH11,ASCTB-TEMP:acta2; ASCTB-TEMP:myh11,https://doi.org/10.1101/2021.01.02.425073
uterus,309,basal layer of endometrium,http://purl.obolibrary.org/obo/UBERON_0022355,perivascular support cell,ASCTB-TEMP:perivascular-support-cell,MYH11,1,ACTA2; MYH11,ASCTB-TEMP:acta2; ASCTB-TEMP:myh11,https://doi.org/10.1101/2021.01.02.425073
uterus,292,basal layer of endometrium,http://purl.obolibrary.org/obo/UBERON_0022355,uterine natural killer cell,ASCTB-TEMP:uterine-natural-killer-cell,NCAM1,1,CCL5; CD69; HMGB2; NCAM1,ASCTB-TEMP:ccl5; ASCTB-TEMP:cd69; ASCTB-TEMP:hmgb2; ASCTB-TEMP:ncam1,https://doi.org/10.1101/2021.01.02.425073
uterus,297,outer layer of endometrium,http://purl.obolibrary.org/obo/UBERON_0022356,mast cell,ASCTB-TEMP:mast-cell,KIT,1,CD69; CSF1; KIT; MS4A2,ASCTB-TEMP:cd69; ASCTB-TEMP:csf1; ASCTB-TEMP:kit; ASCTB-TEMP:ms4a2,https://doi.org/10.1101/2021.01.02.425073
uterus,287,basal layer of endometrium,http://purl.obolibrary.org/obo/UBERON_0022355,stromal cell,ASCTB-TEMP:stromal-cell,IGF1,1,IGF1; MMP11; OGN; PCOLCE,ASCTB-TEMP:igf1; ASCTB-TEMP:mmp11; ASCTB-TEMP:ogn; ASCTB-TEMP:pcolce,https://doi.org/10.1101/2021.01.02.425073
uterus,307,basal layer of endometrium,http://purl.obolibrary.org/obo/UBERON_0022355,stromal cell,ASCTB-TEMP:stromal-cell,IGF1,1,IGF1; MMP11; OGN; PCOLCE,ASCTB-TEMP:igf1; ASCTB-TEMP:mmp11; ASCTB-TEMP:ogn; ASCTB-TEMP:pcolce,https://doi.org/10.1101/2021.01.02.425073
uterus,389,basal layer of endometrium,http://purl.obolibrary.org/obo/UBERON_0022355,perivascular support cell,ASCTB-TEMP:perivascular-support-cell,MYH11,1,ACTA2; MYH11,ASCTB-TEMP:acta2; ASCTB-TEMP:myh11,https://doi.org/10.1101/2021.01.02.425073
uterus,392,basal layer of endometrium,http://purl.obolibrary.org/obo/UBERON_0022355,uterine natural killer cell,ASCTB-TEMP:uterine-natural-killer-cell,NCAM1,1,CCL5; CD69; HMGB2; NCAM1,ASCTB-TEMP:ccl5; ASCTB-TEMP:cd69; ASCTB-TEMP:hmgb2; ASCTB-TEMP:ncam1,https://doi.org/10.1101/2021.01.02.425073
uterus,397,outer layer of endometrium,http://purl.obolibrary.org/obo/UBERON_0022356,mast cell,ASCTB-TEMP:mast-cell,KIT,1,CD69; CSF1; KIT; MS4A2,ASCTB-TEMP:cd69; ASCTB-TEMP:csf1; ASCTB-TEMP:kit; ASCTB-TEMP:ms4a2,https://doi.org/10.1101/2021.01.02.425073
uterus,385,basal layer of endometrium,http://purl.obolibrary.org/obo/UBERON_0022355,glandular epithelial cell,ASCTB-TEMP:glandular-epithelial-cell,EPCAM,1,CXCL8; EPCAM; PAEP; SCGB2A2,ASCTB-TEMP:cxcl8; ASCTB-TEMP:epcam; ASCTB-TEMP:paep; ASCTB-TEMP:scgb2a2,https://doi.org/10.1101/2021.01.02.425073
uterus,384,basal layer of endometrium,http://purl.obolibrary.org/obo/UBERON_0022355,ciliated epithelial cell,ASCTB-TEMP:ciliated-epithelial-cell,EPCAM,1,EPCAM; FOXJ1; PIFO; TPPP3,ASCTB-TEMP:epcam; ASCTB-TEMP:foxj1; ASCTB-TEMP:pifo; ASCTB-TEMP:tppp3,https://doi.org/10.1101/2021.01.02.425073
uterus,386,basal layer of endometrium,http://purl.obolibrary.org/obo/UBERON_0022355,luminal epithelial cell,ASCTB-TEMP:luminal-epithelial-cell,EPCAM,1,EPCAM; LGR5; PTGS1,ASCTB-TEMP:epcam; ASCTB-TEMP:lgr5; ASCTB-TEMP:ptgs1,https://doi.org/10.1101/2021.01.02.425073
uterus,383,basal layer of endometrium,http://purl.obolibrary.org/obo/UBERON_0022355,SOX9+ epithelial cell,ASCTB-TEMP:sox9-epithelial-cell,EPCAM,1,EPCAM; MMP7; SOX9,ASCTB-TEMP:epcam; ASCTB-TEMP:mmp7; ASCTB-TEMP:sox9,https://doi.org/10.1101/2021.01.02.425073
uterus,399,endometrial stroma,http://purl.obolibrary.org/obo/UBERON_0002337,stromal cell,ASCTB-TEMP:stromal-cell,IGF1,1,IGF1; MMP11; OGN; PCOLCE,ASCTB-TEMP:igf1; ASCTB-TEMP:mmp11; ASCTB-TEMP:ogn; ASCTB-TEMP:pcolce,https://doi.org/10.1101/2021.01.02.425073
uterus,400,endometrial stroma,http://purl.obolibrary.org/obo/UBERON_0002337,stromal cell,ASCTB-TEMP:stromal-cell,IGF1,1,IGF1; MMP11; OGN; PCOLCE,ASCTB-TEMP:igf1; ASCTB-TEMP:mmp11; ASCTB-TEMP:ogn; ASCTB-TEMP:pcolce,https://doi.org/10.1101/2021.01.02.425073
uterus,401,endometrial stroma,http://purl.obolibrary.org/obo/UBERON_0002337,stromal cell,ASCTB-TEMP:stromal-cell,IGF1,1,IGF1; MMP11; OGN; PCOLCE,ASCTB-TEMP:igf1; ASCTB-TEMP:mmp11; ASCTB-TEMP:ogn; ASCTB-TEMP:pcolce,https://doi.org/10.1101/2021.01.02.425073
uterus,402,endometrial stroma,http://purl.obolibrary.org/obo/UBERON_0002337,stromal cell,ASCTB-TEMP:stromal-cell,IGF1,1,IGF1; MMP11; OGN; PCOLCE,ASCTB-TEMP:igf1; ASCTB-TEMP:mmp11; ASCTB-TEMP:ogn; ASCTB-TEMP:pcolce,https://doi.org/10.1101/2021.01.02.425073
uterus,403,endometrial stroma,http://purl.obolibrary.org/obo/UBERON_0002337,stromal cell,ASCTB-TEMP:stromal-cell,IGF1,1,IGF1; MMP11; OGN; PCOLCE,ASCTB-TEMP:igf1; ASCTB-TEMP:mmp11; ASCTB-TEMP:ogn; ASCTB-TEMP:pcolce,https://doi.org/10.1101/2021.01.02.425073
uterus,404,endometrial stroma,http://purl.obolibrary.org/obo/UBERON_0002337,stromal cell,ASCTB-TEMP:stromal-cell,IGF1,1,IGF1; MMP11; OGN; PCOLCE,ASCTB-TEMP:igf1; ASCTB-TEMP:mmp11; ASCTB-TEMP:ogn; ASCTB-TEMP:pcolce,https://doi.org/10.1101/2021.01.02.425073
uterus,387,basal layer of endometrium,http://purl.obolibrary.org/obo/UBERON_0022355,stromal cell,ASCTB-TEMP:stromal-cell,IGF1,1,IGF1; MMP11; OGN; PCOLCE,ASCTB-TEMP:igf1; ASCTB-TEMP:mmp11; ASCTB-TEMP:ogn; ASCTB-TEMP:pcolce,https://doi.org/10.1101/2021.01.02.425073
uterus,49,basal layer of endometrium,http://purl.obolibrary.org/obo/UBERON_0022355,perivascular support cell,ASCTB-TEMP:perivascular-support-cell,MYH11,1,ACTA2; MYH11,ASCTB-TEMP:acta2; ASCTB-TEMP:myh11,https://doi.org/10.1101/2021.01.02.425073
uterus,52,basal layer of endometrium,http://purl.obolibrary.org/obo/UBERON_0022355,uterine natural killer cell,ASCTB-TEMP:uterine-natural-killer-cell,NCAM1,1,CCL5; CD69; HMGB2; NCAM1,ASCTB-TEMP:ccl5; ASCTB-TEMP:cd69; ASCTB-TEMP:hmgb2; ASCTB-TEMP:ncam1,https://doi.org/10.1101/2021.01.02.425073
uterus,45,basal layer of endometrium,http://purl.obolibrary.org/obo/UBERON_0022355,glandular epithelial cell,ASCTB-TEMP:glandular-epithelial-cell,EPCAM,1,CXCL8; EPCAM; PAEP; SCGB2A2,ASCTB-TEMP:cxcl8; ASCTB-TEMP:epcam; ASCTB-TEMP:paep; ASCTB-TEMP:scgb2a2,https://doi.org/10.1101/2021.01.02.425073
uterus,438,endometrium luminal epithelium,http://purl.obolibrary.org/obo/UBERON_0011949,luminal epithelial cell,ASCTB-TEMP:luminal-epithelial-cell,EPCAM,1,EPCAM; LGR5; PTGS1,ASCTB-TEMP:epcam; ASCTB-TEMP:lgr5; ASCTB-TEMP:ptgs1,https://doi.org/10.1101/2021.01.02.425073
uterus,440,endometrium luminal epithelium,http://purl.obolibrary.org/obo/UBERON_0011949,luminal epithelial cell,ASCTB-TEMP:luminal-epithelial-cell,EPCAM,1,EPCAM; LGR5; PTGS1,ASCTB-TEMP:epcam; ASCTB-TEMP:lgr5; ASCTB-TEMP:ptgs1,https://doi.org/10.1101/2021.01.02.425073
uterus,442,endometrium luminal epithelium,http://purl.obolibrary.org/obo/UBERON_0011949,luminal epithelial cell,ASCTB-TEMP:luminal-epithelial-cell,EPCAM,1,EPCAM; LGR5; PTGS1,ASCTB-TEMP:epcam; ASCTB-TEMP:lgr5; ASCTB-TEMP:ptgs1,https://doi.org/10.1101/2021.01.02.425073
uterus,444,endometrium luminal epithelium,http://purl.obolibrary.org/obo/UBERON_0011949,luminal epithelial cell,ASCTB-TEMP:luminal-epithelial-cell,EPCAM,1,EPCAM; LGR5; PTGS1,ASCTB-TEMP:epcam; ASCTB-TEMP:lgr5; ASCTB-TEMP:ptgs1,https://doi.org/10.1101/2021.01.02.425073
uterus,446,endometrium luminal epithelium,http://purl.obolibrary.org/obo/UBERON_0011949,luminal epithelial cell,ASCTB-TEMP:luminal-epithelial-cell,EPCAM,1,EPCAM; LGR5; PTGS1,ASCTB-TEMP:epcam; ASCTB-TEMP:lgr5; ASCTB-TEMP:ptgs1,https://doi.org/10.1101/2021.01.02.425073
uterus,448,endometrium luminal epithelium,http://purl.obolibrary.org/obo/UBERON_0011949,luminal epithelial cell,ASCTB-TEMP:luminal-epithelial-cell,EPCAM,1,EPCAM; LGR5; PTGS1,ASCTB-TEMP:epcam; ASCTB-TEMP:lgr5; ASCTB-TEMP:ptgs1,https://doi.org/10.1101/2021.01.02.425073
uterus,450,endometrium luminal epithelium,http://purl.obolibrary.org/obo/UBERON_0011949,luminal epithelial cell,ASCTB-TEMP:luminal-epithelial-cell,EPCAM,1,EPCAM; LGR5; PTGS1,ASCTB-TEMP:epcam; ASCTB-TEMP:lgr5; ASCTB-TEMP:ptgs1,https://doi.org/10.1101/2021.01.02.425073
uterus,452,endometrium luminal epithelium,http://purl.obolibrary.org/obo/UBERON_0011949,luminal epithelial cell,ASCTB-TEMP:luminal-epithelial-cell,EPCAM,1,EPCAM; LGR5; PTGS1,ASCTB-TEMP:epcam; ASCTB-TEMP:lgr5; ASCTB-TEMP:ptgs1,https://doi.org/10.1101/2021.01.02.425073
uterus,46,basal layer of endometrium,http://purl.obolibrary.org/obo/UBERON_0022355,luminal epithelial cell,ASCTB-TEMP:luminal-epithelial-cell,EPCAM,1,EPCAM; LGR5; PTGS1,ASCTB-TEMP:epcam; ASCTB-TEMP:lgr5; ASCTB-TEMP:ptgs1,https://doi.org/10.1101/2021.01.02.425073
uterus,47,basal layer of endometrium,http://purl.obolibrary.org/obo/UBERON_0022355,stromal cell,ASCTB-TEMP:stromal-cell,IGF1,1,IGF1; MMP11; OGN; PCOLCE,ASCTB-TEMP:igf1; ASCTB-TEMP:mmp11; ASCTB-TEMP:ogn; ASCTB-TEMP:pcolce,https://doi.org/10.1101/2021.01.02.425073
uterus,209,basal layer of endometrium,http://purl.obolibrary.org/obo/UBERON_0022355,perivascular support cell,ASCTB-TEMP:perivascular-support-cell,MYH11,1,ACTA2; MYH11,ASCTB-TEMP:acta2; ASCTB-TEMP:myh11,https://doi.org/10.1101/2021.01.02.425073
uterus,205,basal layer of endometrium,http://purl.obolibrary.org/obo/UBERON_0022355,glandular epithelial cell,ASCTB-TEMP:glandular-epithelial-cell,EPCAM,1,CXCL8; EPCAM; PAEP; SCGB2A2,ASCTB-TEMP:cxcl8; ASCTB-TEMP:epcam; ASCTB-TEMP:paep; ASCTB-TEMP:scgb2a2,https://doi.org/10.1101/2021.01.02.425073
uterus,206,basal layer of endometrium,http://purl.obolibrary.org/obo/UBERON_0022355,luminal epithelial cell,ASCTB-TEMP:luminal-epithelial-cell,EPCAM,1,EPCAM; LGR5; PTGS1,ASCTB-TEMP:epcam; ASCTB-TEMP:lgr5; ASCTB-TEMP:ptgs1,https://doi.org/10.1101/2021.01.02.425073
uterus,207,basal layer of endometrium,http://purl.obolibrary.org/obo/UBERON_0022355,stromal cell,ASCTB-TEMP:stromal-cell,IGF1,1,IGF1; MMP11; OGN; PCOLCE,ASCTB-TEMP:igf1; ASCTB-TEMP:mmp11; ASCTB-TEMP:ogn; ASCTB-TEMP:pcolce,https://doi.org/10.1101/2021.01.02.425073
uterus,197,outer layer of endometrium,http://purl.obolibrary.org/obo/UBERON_0022356,mast cell,ASCTB-TEMP:mast-cell,KIT,1,CD69; CSF1; KIT; MS4A2,ASCTB-TEMP:cd69; ASCTB-TEMP:csf1; ASCTB-TEMP:kit; ASCTB-TEMP:ms4a2,https://doi.org/10.1101/2021.01.02.425073
uterus,417,endometrium glandular epithelium,http://purl.obolibrary.org/obo/UBERON_0012276,glandular epithelial cell,ASCTB-TEMP:glandular-epithelial-cell,EPCAM,1,CXCL8; EPCAM; PAEP; SCGB2A2,ASCTB-TEMP:cxcl8; ASCTB-TEMP:epcam; ASCTB-TEMP:paep; ASCTB-TEMP:scgb2a2,https://doi.org/10.1101/2021.01.02.425073
uterus,419,endometrium glandular epithelium,http://purl.obolibrary.org/obo/UBERON_0012276,glandular epithelial cell,ASCTB-TEMP:glandular-epithelial-cell,EPCAM,1,CXCL8; EPCAM; PAEP; SCGB2A2,ASCTB-TEMP:cxcl8; ASCTB-TEMP:epcam; ASCTB-TEMP:paep; ASCTB-TEMP:scgb2a2,https://doi.org/10.1101/2021.01.02.425073
uterus,204,basal layer of endometrium,http://purl.obolibrary.org/obo/UBERON_0022355,ciliated epithelial cell,ASCTB-TEMP:ciliated-epithelial-cell,EPCAM,1,EPCAM; FOXJ1; PIFO; TPPP3,ASCTB-TEMP:epcam; ASCTB-TEMP:foxj1; ASCTB-TEMP:pifo; ASCTB-TEMP:tppp3,https://doi.org/10.1101/2021.01.02.425073
uterus,418,endometrium luminal epithelium,http://purl.obolibrary.org/obo/UBERON_0011949,luminal epithelial cell,ASCTB-TEMP:luminal-epithelial-cell,EPCAM,1,EPCAM; LGR5; PTGS1,ASCTB-TEMP:epcam; ASCTB-TEMP:lgr5; ASCTB-TEMP:ptgs1,https://doi.org/10.1101/2021.01.02.425073
uterus,203,basal layer of endometrium,http://purl.obolibrary.org/obo/UBERON_0022355,SOX9+ epithelial cell,ASCTB-TEMP:sox9-epithelial-cell,EPCAM,1,EPCAM; MMP7; SOX9,ASCTB-TEMP:epcam; ASCTB-TEMP:mmp7; ASCTB-TEMP:sox9,https://doi.org/10.1101/2021.01.02.425073
uterus,415,endometrial stroma,http://purl.obolibrary.org/obo/UBERON_0002337,stromal cell,ASCTB-TEMP:stromal-cell,IGF1,1,IGF1; MMP11; OGN; PCOLCE,ASCTB-TEMP:igf1; ASCTB-TEMP:mmp11; ASCTB-TEMP:ogn; ASCTB-TEMP:pcolce,https://doi.org/10.1101/2021.01.02.425073
uterus,416,endometrial stroma,http://purl.obolibrary.org/obo/UBERON_0002337,stromal cell,ASCTB-TEMP:stromal-cell,IGF1,1,IGF1; MMP11; OGN; PCOLCE,ASCTB-TEMP:igf1; ASCTB-TEMP:mmp11; ASCTB-TEMP:ogn; ASCTB-TEMP:pcolce,https://doi.org/10.1101/2021.01.02.425073
uterus,365,basal layer of endometrium,http://purl.obolibrary.org/obo/UBERON_0022355,glandular epithelial cell,ASCTB-TEMP:glandular-epithelial-cell,EPCAM,1,CXCL8; EPCAM; PAEP; SCGB2A2,ASCTB-TEMP:cxcl8; ASCTB-TEMP:epcam; ASCTB-TEMP:paep; ASCTB-TEMP:scgb2a2,https://doi.org/10.1101/2021.01.02.425073
uterus,364,basal layer of endometrium,http://purl.obolibrary.org/obo/UBERON_0022355,ciliated epithelial cell,ASCTB-TEMP:ciliated-epithelial-cell,EPCAM,1,EPCAM; FOXJ1; PIFO; TPPP3,ASCTB-TEMP:epcam; ASCTB-TEMP:foxj1; ASCTB-TEMP:pifo; ASCTB-TEMP:tppp3,https://doi.org/10.1101/2021.01.02.425073
uterus,366,basal layer of endometrium,http://purl.obolibrary.org/obo/UBERON_0022355,luminal epithelial cell,ASCTB-TEMP:luminal-epithelial-cell,EPCAM,1,EPCAM; LGR5; PTGS1,ASCTB-TEMP:epcam; ASCTB-TEMP:lgr5; ASCTB-TEMP:ptgs1,https://doi.org/10.1101/2021.01.02.425073
uterus,363,basal layer of endometrium,http://purl.obolibrary.org/obo/UBERON_0022355,SOX9+ epithelial cell,ASCTB-TEMP:sox9-epithelial-cell,EPCAM,1,EPCAM; MMP7; SOX9,ASCTB-TEMP:epcam; ASCTB-TEMP:mmp7; ASCTB-TEMP:sox9,https://doi.org/10.1101/2021.01.02.425073
uterus,367,basal layer of endometrium,http://purl.obolibrary.org/obo/UBERON_0022355,stromal cell,ASCTB-TEMP:stromal-cell,IGF1,1,IGF1; MMP11; OGN; PCOLCE,ASCTB-TEMP:igf1; ASCTB-TEMP:mmp11; ASCTB-TEMP:ogn; ASCTB-TEMP:pcolce,https://doi.org/10.1101/2021.01.02.425073
uterus,169,basal layer of endometrium,http://purl.obolibrary.org/obo/UBERON_0022355,perivascular support cell,ASCTB-TEMP:perivascular-support-cell,MYH11,1,ACTA2; MYH11,ASCTB-TEMP:acta2; ASCTB-TEMP:myh11,https://doi.org/10.1101/2021.01.02.425073
uterus,172,basal layer of endometrium,http://purl.obolibrary.org/obo/UBERON_0022355,uterine natural killer cell,ASCTB-TEMP:uterine-natural-killer-cell,NCAM1,1,CCL5; CD69; HMGB2; NCAM1,ASCTB-TEMP:ccl5; ASCTB-TEMP:cd69; ASCTB-TEMP:hmgb2; ASCTB-TEMP:ncam1,https://doi.org/10.1101/2021.01.02.425073
uterus,157,outer layer of endometrium,http://purl.obolibrary.org/obo/UBERON_0022356,mast cell,ASCTB-TEMP:mast-cell,KIT,1,CD69; CSF1; KIT; MS4A2,ASCTB-TEMP:cd69; ASCTB-TEMP:csf1; ASCTB-TEMP:kit; ASCTB-TEMP:ms4a2,https://doi.org/10.1101/2021.01.02.425073
uterus,177,outer layer of endometrium,http://purl.obolibrary.org/obo/UBERON_0022356,mast cell,ASCTB-TEMP:mast-cell,KIT,1,CD69; CSF1; KIT; MS4A2,ASCTB-TEMP:cd69; ASCTB-TEMP:csf1; ASCTB-TEMP:kit; ASCTB-TEMP:ms4a2,https://doi.org/10.1101/2021.01.02.425073
uterus,165,basal layer of endometrium,http://purl.obolibrary.org/obo/UBERON_0022355,glandular epithelial cell,ASCTB-TEMP:glandular-epithelial-cell,EPCAM,1,CXCL8; EPCAM; PAEP; SCGB2A2,ASCTB-TEMP:cxcl8; ASCTB-TEMP:epcam; ASCTB-TEMP:paep; ASCTB-TEMP:scgb2a2,https://doi.org/10.1101/2021.01.02.425073
uterus,164,basal layer of endometrium,http://purl.obolibrary.org/obo/UBERON_0022355,ciliated epithelial cell,ASCTB-TEMP:ciliated-epithelial-cell,EPCAM,1,EPCAM; FOXJ1; PIFO; TPPP3,ASCTB-TEMP:epcam; ASCTB-TEMP:foxj1; ASCTB-TEMP:pifo; ASCTB-TEMP:tppp3,https://doi.org/10.1101/2021.01.02.425073
uterus,166,basal layer of endometrium,http://purl.obolibrary.org/obo/UBERON_0022355,luminal epithelial cell,ASCTB-TEMP:luminal-epithelial-cell,EPCAM,1,EPCAM; LGR5; PTGS1,ASCTB-TEMP:epcam; ASCTB-TEMP:lgr5; ASCTB-TEMP:ptgs1,https://doi.org/10.1101/2021.01.02.425073
uterus,163,basal layer of endometrium,http://purl.obolibrary.org/obo/UBERON_0022355,SOX9+ epithelial cell,ASCTB-TEMP:sox9-epithelial-cell,EPCAM,1,EPCAM; MMP7; SOX9,ASCTB-TEMP:epcam; ASCTB-TEMP:mmp7; ASCTB-TEMP:sox9,https://doi.org/10.1101/2021.01.02.425073
uterus,167,basal layer of endometrium,http://purl.obolibrary.org/obo/UBERON_0022355,stromal cell,ASCTB-TEMP:stromal-cell,IGF1,1,IGF1; MMP11; OGN; PCOLCE,ASCTB-TEMP:igf1; ASCTB-TEMP:mmp11; ASCTB-TEMP:ogn; ASCTB-TEMP:pcolce,https://doi.org/10.1101/2021.01.02.425073
uterus,369,basal layer of endometrium,http://purl.obolibrary.org/obo/UBERON_0022355,perivascular support cell,ASCTB-TEMP:perivascular-support-cell,MYH11,1,ACTA2; MYH11,ASCTB-TEMP:acta2; ASCTB-TEMP:myh11,https://doi.org/10.1101/2021.01.02.425073
uterus,372,basal layer of endometrium,http://purl.obolibrary.org/obo/UBERON_0022355,uterine natural killer cell,ASCTB-TEMP:uterine-natural-killer-cell,NCAM1,1,CCL5; CD69; NCAM1; HMGB2,ASCTB-TEMP:ccl5; ASCTB-TEMP:cd69; ASCTB-TEMP:ncam1; ASCTB-TEMP:hmgb2,https://doi.org/10.1101/2021.01.02.425073
uterus,357,outer layer of endometrium,http://purl.obolibrary.org/obo/UBERON_0022356,mast cell,ASCTB-TEMP:mast-cell,KIT,1,CD69; KIT; MS4A2; CSF1,ASCTB-TEMP:cd69; ASCTB-TEMP:kit; ASCTB-TEMP:ms4a2; ASCTB-TEMP:csf1,https://doi.org/10.1101/2021.01.02.425073
uterus,377,outer layer of endometrium,http://purl.obolibrary.org/obo/UBERON_0022356,mast cell,ASCTB-TEMP:mast-cell,KIT,1,CD69; KIT; MS4A2; CSF1,ASCTB-TEMP:cd69; ASCTB-TEMP:kit; ASCTB-TEMP:ms4a2; ASCTB-TEMP:csf1,https://doi.org/10.1101/2021.01.02.425073
uterus,436,endometrium luminal epithelium,http://purl.obolibrary.org/obo/UBERON_0011949,luminal epithelial cell,ASCTB-TEMP:luminal-epithelial-cell,EPCAM,1,EPCAM; LGR5; PTGS1,ASCTB-TEMP:epcam; ASCTB-TEMP:lgr5; ASCTB-TEMP:ptgs1,https://doi.org/10.1101/2021.01.02.425073
uterus,286,basal layer of endometrium,http://purl.obolibrary.org/obo/UBERON_0022355,luminal epithelial cell,ASCTB-TEMP:luminal-epithelial-cell,EPCAM,1,PTGS1; EPCAM; LGR5,ASCTB-TEMP:ptgs1; ASCTB-TEMP:epcam; ASCTB-TEMP:lgr5,https://doi.org/10.1101/2021.01.02.425073
uterus,306,basal layer of endometrium,http://purl.obolibrary.org/obo/UBERON_0022355,luminal epithelial cell,ASCTB-TEMP:luminal-epithelial-cell,EPCAM,1,PTGS1; EPCAM; LGR5,ASCTB-TEMP:ptgs1; ASCTB-TEMP:epcam; ASCTB-TEMP:lgr5,https://doi.org/10.1101/2021.01.02.425073
uterus,285,basal layer of endometrium,http://purl.obolibrary.org/obo/UBERON_0022355,glandular epithelial cell,ASCTB-TEMP:glandular-epithelial-cell,EPCAM,1,SCGB2A2; CXCL8; EPCAM; PAEP,ASCTB-TEMP:scgb2a2; ASCTB-TEMP:cxcl8; ASCTB-TEMP:epcam; ASCTB-TEMP:paep,https://doi.org/10.1101/2021.01.02.425073
uterus,305,basal layer of endometrium,http://purl.obolibrary.org/obo/UBERON_0022355,glandular epithelial cell,ASCTB-TEMP:glandular-epithelial-cell,EPCAM,1,SCGB2A2; CXCL8; EPCAM; PAEP,ASCTB-TEMP:scgb2a2; ASCTB-TEMP:cxcl8; ASCTB-TEMP:epcam; ASCTB-TEMP:paep,https://doi.org/10.1101/2021.01.02.425073
uterus,303,basal layer of endometrium,http://purl.obolibrary.org/obo/UBERON_0022355,SOX9+ epithelial cell,ASCTB-TEMP:sox9-epithelial-cell,EPCAM,1,SOX9; EPCAM; MMP7,ASCTB-TEMP:sox9; ASCTB-TEMP:epcam; ASCTB-TEMP:mmp7,https://doi.org/10.1101/2021.01.02.425073
uterus,304,basal layer of endometrium,http://purl.obolibrary.org/obo/UBERON_0022355,ciliated epithelial cell,ASCTB-TEMP:ciliated-epithelial-cell,EPCAM,1,TPPP3; EPCAM; FOXJ1; PIFO,ASCTB-TEMP:tppp3; ASCTB-TEMP:epcam; ASCTB-TEMP:foxj1; ASCTB-TEMP:pifo,https://doi.org/10.1101/2021.01.02.425073
uterus,43,basal layer of endometrium,http://purl.obolibrary.org/obo/UBERON_0022355,SOX9+ epithelial cell,ASCTB-TEMP:sox9-epithelial-cell,EPCAM,1,EPCAM; MMP7; SOX9,ASCTB-TEMP:epcam; ASCTB-TEMP:mmp7; ASCTB-TEMP:sox9,https://doi.org/10.1101/2021.01.02.425073
uterus,194,outer layer of endometrium,http://purl.obolibrary.org/obo/UBERON_0022356,B cell,ASCTB-TEMP:b-cell,CXCR4; MS4A1,2,CD69; CXCR4; MS4A1; CCL5,ASCTB-TEMP:cd69; ASCTB-TEMP:cxcr4; ASCTB-TEMP:ms4a1; ASCTB-TEMP:ccl5,https://doi.org/10.1101/2021.01.02.425073
uterus,131,basal layer of endometrium,http://purl.obolibrary.org/obo/UBERON_0022355,lymphocyte,ASCTB-TEMP:lymphocyte,PTPRC; NCAM1,2,NCAM1; PTPRC,ASCTB-TEMP:ncam1; ASCTB-TEMP:ptprc,https://doi.org/10.1101/2021.01.02.425073
uterus,151,basal layer of endometrium,http://purl.obolibrary.org/obo/UBERON_0022355,lymphocyte,ASCTB-TEMP:lymphocyte,PTPRC; NCAM1,2,NCAM1; PTPRC,ASCTB-TEMP:ncam1; ASCTB-TEMP:ptprc,https://doi.org/10.1101/2021.01.02.425073
uterus,75,outer layer of endometrium,http://purl.obolibrary.org/obo/UBERON_0022356,T cell,ASCTB-TEMP:t-cell,CXCR4; IL7R,2,CCL5; CD3G; CD69; CXCR4; HMGB2; IL7R,ASCTB-TEMP:ccl5; ASCTB-TEMP:cd3g; ASCTB-TEMP:cd69; ASCTB-TEMP:cxcr4; ASCTB-TEMP:hmgb2; ASCTB-TEMP:il7r,https://doi.org/10.1101/2021.01.02.425073
uterus,55,outer layer of endometrium,http://purl.obolibrary.org/obo/UBERON_0022356,T cell,ASCTB-TEMP:t-cell,CXCR4; IL7R,2,IL7R; CCL5; CD3G; CD69; CXCR4; HMGB2,ASCTB-TEMP:il7r; ASCTB-TEMP:ccl5; ASCTB-TEMP:cd3g; ASCTB-TEMP:cd69; ASCTB-TEMP:cxcr4; ASCTB-TEMP:hmgb2,https://doi.org/10.1101/2021.01.02.425073
uterus,71,basal layer of endometrium,http://purl.obolibrary.org/obo/UBERON_0022355,lymphocyte,ASCTB-TEMP:lymphocyte,PTPRC; NCAM1,2,NCAM1; PTPRC,ASCTB-TEMP:ncam1; ASCTB-TEMP:ptprc,https://doi.org/10.1101/2021.01.02.425073
uterus,268,basal layer of endometrium,http://purl.obolibrary.org/obo/UBERON_0022355,uterine smooth muscle type II cell,ASCTB-TEMP:uterine-smooth-muscle-type-ii-cell,ACTG2; MYH11,2,ACTA2; ACTG2; MYH11,ASCTB-TEMP:acta2; ASCTB-TEMP:actg2; ASCTB-TEMP:myh11,https://doi.org/10.1101/2021.01.02.425073
uterus,262,outer uterine myometrium,https://purl.org/ccf/ASCTB-TEMP_outer-uterine-myometrium,uterine smooth muscle type II cell,ASCTB-TEMP:uterine-smooth-muscle-type-ii-cell,ACTG2; MYH11,2,ACTA2; ACTG2; MYH11,ASCTB-TEMP:acta2; ASCTB-TEMP:actg2; ASCTB-TEMP:myh11,https://doi.org/10.1101/2021.01.02.425073
uterus,282,outer uterine myometrium,https://purl.org/ccf/ASCTB-TEMP_outer-uterine-myometrium,uterine smooth muscle type II cell,ASCTB-TEMP:uterine-smooth-muscle-type-ii-cell,ACTG2; MYH11,2,ACTA2; ACTG2; MYH11,ASCTB-TEMP:acta2; ASCTB-TEMP:actg2; ASCTB-TEMP:myh11,https://doi.org/10.1101/2021.01.02.425073
uterus,274,outer layer of endometrium,http://purl.obolibrary.org/obo/UBERON_0022356,B cell,ASCTB-TEMP:b-cell,CXCR4; MS4A1,2,CCL5; CD69; CXCR4; MS4A1,ASCTB-TEMP:ccl5; ASCTB-TEMP:cd69; ASCTB-TEMP:cxcr4; ASCTB-TEMP:ms4a1,https://doi.org/10.1101/2021.01.02.425073
uterus,275,outer layer of endometrium,http://purl.obolibrary.org/obo/UBERON_0022356,T cell,ASCTB-TEMP:t-cell,CXCR4; IL7R,2,CCL5; CD3G; CD69; CXCR4; HMGB2; IL7R,ASCTB-TEMP:ccl5; ASCTB-TEMP:cd3g; ASCTB-TEMP:cd69; ASCTB-TEMP:cxcr4; ASCTB-TEMP:hmgb2; ASCTB-TEMP:il7r,https://doi.org/10.1101/2021.01.02.425073
uterus,271,basal layer of endometrium,http://purl.obolibrary.org/obo/UBERON_0022355,lymphocyte,ASCTB-TEMP:lymphocyte,PTPRC; NCAM1,2,NCAM1; PTPRC,ASCTB-TEMP:ncam1; ASCTB-TEMP:ptprc,https://doi.org/10.1101/2021.01.02.425073
uterus,191,basal layer of endometrium,http://purl.obolibrary.org/obo/UBERON_0022355,lymphocyte,ASCTB-TEMP:lymphocyte,PTPRC; NCAM1,2,NCAM1; PTPRC,ASCTB-TEMP:ncam1; ASCTB-TEMP:ptprc,https://doi.org/10.1101/2021.01.02.425073
uterus,188,basal layer of endometrium,http://purl.obolibrary.org/obo/UBERON_0022355,uterine smooth muscle type II cell,ASCTB-TEMP:uterine-smooth-muscle-type-ii-cell,ACTG2; MYH11,2,ACTA2; ACTG2; MYH11,ASCTB-TEMP:acta2; ASCTB-TEMP:actg2; ASCTB-TEMP:myh11,https://doi.org/10.1101/2021.01.02.425073
uterus,328,basal layer of endometrium,http://purl.obolibrary.org/obo/UBERON_0022355,uterine smooth muscle type II cell,ASCTB-TEMP:uterine-smooth-muscle-type-ii-cell,ACTG2; MYH11,2,ACTA2; ACTG2; MYH11,ASCTB-TEMP:acta2; ASCTB-TEMP:actg2; ASCTB-TEMP:myh11,https://doi.org/10.1101/2021.01.02.425073
uterus,182,outer uterine myometrium,https://purl.org/ccf/ASCTB-TEMP_outer-uterine-myometrium,uterine smooth muscle type II cell,ASCTB-TEMP:uterine-smooth-muscle-type-ii-cell,ACTG2; MYH11,2,ACTA2; ACTG2; MYH11,ASCTB-TEMP:acta2; ASCTB-TEMP:actg2; ASCTB-TEMP:myh11,https://doi.org/10.1101/2021.01.02.425073
uterus,322,outer uterine myometrium,https://purl.org/ccf/ASCTB-TEMP_outer-uterine-myometrium,uterine smooth muscle type II cell,ASCTB-TEMP:uterine-smooth-muscle-type-ii-cell,ACTG2; MYH11,2,ACTA2; ACTG2; MYH11,ASCTB-TEMP:acta2; ASCTB-TEMP:actg2; ASCTB-TEMP:myh11,https://doi.org/10.1101/2021.01.02.425073
uterus,108,basal layer of endometrium,http://purl.obolibrary.org/obo/UBERON_0022355,uterine smooth muscle type II cell,ASCTB-TEMP:uterine-smooth-muscle-type-ii-cell,ACTG2; MYH11,2,ACTA2; ACTG2; MYH11,ASCTB-TEMP:acta2; ASCTB-TEMP:actg2; ASCTB-TEMP:myh11,https://doi.org/10.1101/2021.01.02.425073
uterus,102,outer uterine myometrium,https://purl.org/ccf/ASCTB-TEMP_outer-uterine-myometrium,uterine smooth muscle type II cell,ASCTB-TEMP:uterine-smooth-muscle-type-ii-cell,ACTG2; MYH11,2,ACTA2; ACTG2; MYH11,ASCTB-TEMP:acta2; ASCTB-TEMP:actg2; ASCTB-TEMP:myh11,https://doi.org/10.1101/2021.01.02.425073
uterus,111,basal layer of endometrium,http://purl.obolibrary.org/obo/UBERON_0022355,lymphocyte,ASCTB-TEMP:lymphocyte,PTPRC; NCAM1,2,NCAM1; PTPRC,ASCTB-TEMP:ncam1; ASCTB-TEMP:ptprc,https://doi.org/10.1101/2021.01.02.425073
uterus,134,outer layer of endometrium,http://purl.obolibrary.org/obo/UBERON_0022356,B cell,ASCTB-TEMP:b-cell,CXCR4; MS4A1,2,CXCR4; MS4A1; CCL5; CD69,ASCTB-TEMP:cxcr4; ASCTB-TEMP:ms4a1; ASCTB-TEMP:ccl5; ASCTB-TEMP:cd69,https://doi.org/10.1101/2021.01.02.425073
uterus,154,outer layer of endometrium,http://purl.obolibrary.org/obo/UBERON_0022356,B cell,ASCTB-TEMP:b-cell,CXCR4; MS4A1,2,CXCR4; MS4A1; CCL5; CD69,ASCTB-TEMP:cxcr4; ASCTB-TEMP:ms4a1; ASCTB-TEMP:ccl5; ASCTB-TEMP:cd69,https://doi.org/10.1101/2021.01.02.425073
uterus,135,outer layer of endometrium,http://purl.obolibrary.org/obo/UBERON_0022356,T cell,ASCTB-TEMP:t-cell,CXCR4; IL7R,2,CXCR4; HMGB2; IL7R; CCL5; CD3G; CD69,ASCTB-TEMP:cxcr4; ASCTB-TEMP:hmgb2; ASCTB-TEMP:il7r; ASCTB-TEMP:ccl5; ASCTB-TEMP:cd3g; ASCTB-TEMP:cd69,https://doi.org/10.1101/2021.01.02.425073
uterus,148,basal layer of endometrium,http://purl.obolibrary.org/obo/UBERON_0022355,uterine smooth muscle type II cell,ASCTB-TEMP:uterine-smooth-muscle-type-ii-cell,ACTG2; MYH11,2,MYH11; ACTA2; ACTG2,ASCTB-TEMP:myh11; ASCTB-TEMP:acta2; ASCTB-TEMP:actg2,https://doi.org/10.1101/2021.01.02.425073
uterus,142,outer uterine myometrium,https://purl.org/ccf/ASCTB-TEMP_outer-uterine-myometrium,uterine smooth muscle type II cell,ASCTB-TEMP:uterine-smooth-muscle-type-ii-cell,ACTG2; MYH11,2,MYH11; ACTA2; ACTG2,ASCTB-TEMP:myh11; ASCTB-TEMP:acta2; ASCTB-TEMP:actg2,https://doi.org/10.1101/2021.01.02.425073
uterus,74,outer layer of endometrium,http://purl.obolibrary.org/obo/UBERON_0022356,B cell,ASCTB-TEMP:b-cell,CXCR4; MS4A1,2,CD69; CXCR4; MS4A1; CCL5,ASCTB-TEMP:cd69; ASCTB-TEMP:cxcr4; ASCTB-TEMP:ms4a1; ASCTB-TEMP:ccl5,https://doi.org/10.1101/2021.01.02.425073
uterus,68,basal layer of endometrium,http://purl.obolibrary.org/obo/UBERON_0022355,uterine smooth muscle type II cell,ASCTB-TEMP:uterine-smooth-muscle-type-ii-cell,ACTG2; MYH11,2,MYH11; ACTA2; ACTG2,ASCTB-TEMP:myh11; ASCTB-TEMP:acta2; ASCTB-TEMP:actg2,https://doi.org/10.1101/2021.01.02.425073
uterus,62,outer uterine myometrium,https://purl.org/ccf/ASCTB-TEMP_outer-uterine-myometrium,uterine smooth muscle type II cell,ASCTB-TEMP:uterine-smooth-muscle-type-ii-cell,ACTG2; MYH11,2,MYH11; ACTA2; ACTG2,ASCTB-TEMP:myh11; ASCTB-TEMP:acta2; ASCTB-TEMP:actg2,https://doi.org/10.1101/2021.01.02.425073
uterus,348,basal layer of endometrium,http://purl.obolibrary.org/obo/UBERON_0022355,uterine smooth muscle type II cell,ASCTB-TEMP:uterine-smooth-muscle-type-ii-cell,ACTG2; MYH11,2,ACTA2; ACTG2; MYH11,ASCTB-TEMP:acta2; ASCTB-TEMP:actg2; ASCTB-TEMP:myh11,https://doi.org/10.1101/2021.01.02.425073
uterus,342,outer uterine myometrium,https://purl.org/ccf/ASCTB-TEMP_outer-uterine-myometrium,uterine smooth muscle type II cell,ASCTB-TEMP:uterine-smooth-muscle-type-ii-cell,ACTG2; MYH11,2,ACTA2; ACTG2; MYH11,ASCTB-TEMP:acta2; ASCTB-TEMP:actg2; ASCTB-TEMP:myh11,https://doi.org/10.1101/2021.01.02.425073
uterus,334,outer layer of endometrium,http://purl.obolibrary.org/obo/UBERON_0022356,B cell,ASCTB-TEMP:b-cell,CXCR4; MS4A1,2,CCL5; CD69; CXCR4; MS4A1,ASCTB-TEMP:ccl5; ASCTB-TEMP:cd69; ASCTB-TEMP:cxcr4; ASCTB-TEMP:ms4a1,https://doi.org/10.1101/2021.01.02.425073
uterus,354,outer layer of endometrium,http://purl.obolibrary.org/obo/UBERON_0022356,B cell,ASCTB-TEMP:b-cell,CXCR4; MS4A1,2,CCL5; CD69; CXCR4; MS4A1,ASCTB-TEMP:ccl5; ASCTB-TEMP:cd69; ASCTB-TEMP:cxcr4; ASCTB-TEMP:ms4a1,https://doi.org/10.1101/2021.01.02.425073
uterus,335,outer layer of endometrium,http://purl.obolibrary.org/obo/UBERON_0022356,T cell,ASCTB-TEMP:t-cell,CXCR4; IL7R,2,CCL5; CD3G; CD69; CXCR4; HMGB2; IL7R,ASCTB-TEMP:ccl5; ASCTB-TEMP:cd3g; ASCTB-TEMP:cd69; ASCTB-TEMP:cxcr4; ASCTB-TEMP:hmgb2; ASCTB-TEMP:il7r,https://doi.org/10.1101/2021.01.02.425073
uterus,355,outer layer of endometrium,http://purl.obolibrary.org/obo/UBERON_0022356,T cell,ASCTB-TEMP:t-cell,CXCR4; IL7R,2,CCL5; CD3G; CD69; CXCR4; HMGB2; IL7R,ASCTB-TEMP:ccl5; ASCTB-TEMP:cd3g; ASCTB-TEMP:cd69; ASCTB-TEMP:cxcr4; ASCTB-TEMP:hmgb2; ASCTB-TEMP:il7r,https://doi.org/10.1101/2021.01.02.425073
uterus,331,basal layer of endometrium,http://purl.obolibrary.org/obo/UBERON_0022355,lymphocyte,ASCTB-TEMP:lymphocyte,PTPRC; NCAM1,2,NCAM1; PTPRC,ASCTB-TEMP:ncam1; ASCTB-TEMP:ptprc,https://doi.org/10.1101/2021.01.02.425073
uterus,351,basal layer of endometrium,http://purl.obolibrary.org/obo/UBERON_0022355,lymphocyte,ASCTB-TEMP:lymphocyte,PTPRC; NCAM1,2,NCAM1; PTPRC,ASCTB-TEMP:ncam1; ASCTB-TEMP:ptprc,https://doi.org/10.1101/2021.01.02.425073
uterus,128,basal layer of endometrium,http://purl.obolibrary.org/obo/UBERON_0022355,uterine smooth muscle type II cell,ASCTB-TEMP:uterine-smooth-muscle-type-ii-cell,ACTG2; MYH11,2,ACTA2; ACTG2; MYH11,ASCTB-TEMP:acta2; ASCTB-TEMP:actg2; ASCTB-TEMP:myh11,https://doi.org/10.1101/2021.01.02.425073
uterus,122,outer uterine myometrium,https://purl.org/ccf/ASCTB-TEMP_outer-uterine-myometrium,uterine smooth muscle type II cell,ASCTB-TEMP:uterine-smooth-muscle-type-ii-cell,ACTG2; MYH11,2,ACTA2; ACTG2; MYH11,ASCTB-TEMP:acta2; ASCTB-TEMP:actg2; ASCTB-TEMP:myh11,https://doi.org/10.1101/2021.01.02.425073
uterus,114,outer layer of endometrium,http://purl.obolibrary.org/obo/UBERON_0022356,B cell,ASCTB-TEMP:b-cell,CXCR4; MS4A1,2,CCL5; CD69; CXCR4; MS4A1,ASCTB-TEMP:ccl5; ASCTB-TEMP:cd69; ASCTB-TEMP:cxcr4; ASCTB-TEMP:ms4a1,https://doi.org/10.1101/2021.01.02.425073
uterus,115,outer layer of endometrium,http://purl.obolibrary.org/obo/UBERON_0022356,T cell,ASCTB-TEMP:t-cell,CXCR4; IL7R,2,CCL5; CD3G; CD69; CXCR4; HMGB2; IL7R,ASCTB-TEMP:ccl5; ASCTB-TEMP:cd3g; ASCTB-TEMP:cd69; ASCTB-TEMP:cxcr4; ASCTB-TEMP:hmgb2; ASCTB-TEMP:il7r,https://doi.org/10.1101/2021.01.02.425073
uterus,388,basal layer of endometrium,http://purl.obolibrary.org/obo/UBERON_0022355,uterine smooth muscle type II cell,ASCTB-TEMP:uterine-smooth-muscle-type-ii-cell,ACTG2; MYH11,2,ACTA2; ACTG2; MYH11,ASCTB-TEMP:acta2; ASCTB-TEMP:actg2; ASCTB-TEMP:myh11,https://doi.org/10.1101/2021.01.02.425073
uterus,382,outer uterine myometrium,https://purl.org/ccf/ASCTB-TEMP_outer-uterine-myometrium,uterine smooth muscle type II cell,ASCTB-TEMP:uterine-smooth-muscle-type-ii-cell,ACTG2; MYH11,2,ACTA2; ACTG2; MYH11,ASCTB-TEMP:acta2; ASCTB-TEMP:actg2; ASCTB-TEMP:myh11,https://doi.org/10.1101/2021.01.02.425073
uterus,214,outer layer of endometrium,http://purl.obolibrary.org/obo/UBERON_0022356,B cell,ASCTB-TEMP:b-cell,CXCR4; MS4A1,2,CCL5; CD69; CXCR4; MS4A1,ASCTB-TEMP:ccl5; ASCTB-TEMP:cd69; ASCTB-TEMP:cxcr4; ASCTB-TEMP:ms4a1,https://doi.org/10.1101/2021.01.02.425073
uterus,215,outer layer of endometrium,http://purl.obolibrary.org/obo/UBERON_0022356,T cell,ASCTB-TEMP:t-cell,CXCR4; IL7R,2,CCL5; CD3G; CD69; CXCR4; HMGB2; IL7R,ASCTB-TEMP:ccl5; ASCTB-TEMP:cd3g; ASCTB-TEMP:cd69; ASCTB-TEMP:cxcr4; ASCTB-TEMP:hmgb2; ASCTB-TEMP:il7r,https://doi.org/10.1101/2021.01.02.425073
uterus,228,basal layer of endometrium,http://purl.obolibrary.org/obo/UBERON_0022355,uterine smooth muscle type II cell,ASCTB-TEMP:uterine-smooth-muscle-type-ii-cell,ACTG2; MYH11,2,ACTA2; ACTG2; MYH11,ASCTB-TEMP:acta2; ASCTB-TEMP:actg2; ASCTB-TEMP:myh11,https://doi.org/10.1101/2021.01.02.425073
uterus,248,basal layer of endometrium,http://purl.obolibrary.org/obo/UBERON_0022355,uterine smooth muscle type II cell,ASCTB-TEMP:uterine-smooth-muscle-type-ii-cell,ACTG2; MYH11,2,ACTA2; ACTG2; MYH11,ASCTB-TEMP:acta2; ASCTB-TEMP:actg2; ASCTB-TEMP:myh11,https://doi.org/10.1101/2021.01.02.425073
uterus,242,outer uterine myometrium,https://purl.org/ccf/ASCTB-TEMP_outer-uterine-myometrium,uterine smooth muscle type II cell,ASCTB-TEMP:uterine-smooth-muscle-type-ii-cell,ACTG2; MYH11,2,ACTA2; ACTG2; MYH11,ASCTB-TEMP:acta2; ASCTB-TEMP:actg2; ASCTB-TEMP:myh11,https://doi.org/10.1101/2021.01.02.425073
uterus,234,outer layer of endometrium,http://purl.obolibrary.org/obo/UBERON_0022356,B cell,ASCTB-TEMP:b-cell,CXCR4; MS4A1,2,CCL5; CD69; CXCR4; MS4A1,ASCTB-TEMP:ccl5; ASCTB-TEMP:cd69; ASCTB-TEMP:cxcr4; ASCTB-TEMP:ms4a1,https://doi.org/10.1101/2021.01.02.425073
uterus,254,outer layer of endometrium,http://purl.obolibrary.org/obo/UBERON_0022356,B cell,ASCTB-TEMP:b-cell,CXCR4; MS4A1,2,CCL5; CD69; CXCR4; MS4A1,ASCTB-TEMP:ccl5; ASCTB-TEMP:cd69; ASCTB-TEMP:cxcr4; ASCTB-TEMP:ms4a1,https://doi.org/10.1101/2021.01.02.425073
uterus,235,outer layer of endometrium,http://purl.obolibrary.org/obo/UBERON_0022356,T cell,ASCTB-TEMP:t-cell,CXCR4; IL7R,2,CCL5; CD3G; CD69; CXCR4; HMGB2; IL7R,ASCTB-TEMP:ccl5; ASCTB-TEMP:cd3g; ASCTB-TEMP:cd69; ASCTB-TEMP:cxcr4; ASCTB-TEMP:hmgb2; ASCTB-TEMP:il7r,https://doi.org/10.1101/2021.01.02.425073
uterus,255,outer layer of endometrium,http://purl.obolibrary.org/obo/UBERON_0022356,T cell,ASCTB-TEMP:t-cell,CXCR4; IL7R,2,CCL5; CD3G; CD69; CXCR4; HMGB2; IL7R,ASCTB-TEMP:ccl5; ASCTB-TEMP:cd3g; ASCTB-TEMP:cd69; ASCTB-TEMP:cxcr4; ASCTB-TEMP:hmgb2; ASCTB-TEMP:il7r,https://doi.org/10.1101/2021.01.02.425073
uterus,231,basal layer of endometrium,http://purl.obolibrary.org/obo/UBERON_0022355,lymphocyte,ASCTB-TEMP:lymphocyte,PTPRC; NCAM1,2,NCAM1; PTPRC,ASCTB-TEMP:ncam1; ASCTB-TEMP:ptprc,https://doi.org/10.1101/2021.01.02.425073
uterus,251,basal layer of endometrium,http://purl.obolibrary.org/obo/UBERON_0022355,lymphocyte,ASCTB-TEMP:lymphocyte,PTPRC; NCAM1,2,NCAM1; PTPRC,ASCTB-TEMP:ncam1; ASCTB-TEMP:ptprc,https://doi.org/10.1101/2021.01.02.425073
uterus,88,basal layer of endometrium,http://purl.obolibrary.org/obo/UBERON_0022355,uterine smooth muscle type II cell,ASCTB-TEMP:uterine-smooth-muscle-type-ii-cell,ACTG2; MYH11,2,ACTA2; ACTG2; MYH11,ASCTB-TEMP:acta2; ASCTB-TEMP:actg2; ASCTB-TEMP:myh11,https://doi.org/10.1101/2021.01.02.425073
uterus,82,outer uterine myometrium,https://purl.org/ccf/ASCTB-TEMP_outer-uterine-myometrium,uterine smooth muscle type II cell,ASCTB-TEMP:uterine-smooth-muscle-type-ii-cell,ACTG2; MYH11,2,ACTA2; ACTG2; MYH11,ASCTB-TEMP:acta2; ASCTB-TEMP:actg2; ASCTB-TEMP:myh11,https://doi.org/10.1101/2021.01.02.425073
uterus,94,outer layer of endometrium,http://purl.obolibrary.org/obo/UBERON_0022356,B cell,ASCTB-TEMP:b-cell,CXCR4; MS4A1,2,CCL5; CD69; CXCR4; MS4A1,ASCTB-TEMP:ccl5; ASCTB-TEMP:cd69; ASCTB-TEMP:cxcr4; ASCTB-TEMP:ms4a1,https://doi.org/10.1101/2021.01.02.425073
uterus,54,outer layer of endometrium,http://purl.obolibrary.org/obo/UBERON_0022356,B cell,ASCTB-TEMP:b-cell,CXCR4; MS4A1,2,CCL5; CD69; CXCR4; MS4A1,ASCTB-TEMP:ccl5; ASCTB-TEMP:cd69; ASCTB-TEMP:cxcr4; ASCTB-TEMP:ms4a1,https://doi.org/10.1101/2021.01.02.425073
uterus,314,outer layer of endometrium,http://purl.obolibrary.org/obo/UBERON_0022356,B cell,ASCTB-TEMP:b-cell,CXCR4; MS4A1,2,CCL5; CD69; CXCR4; MS4A1,ASCTB-TEMP:ccl5; ASCTB-TEMP:cd69; ASCTB-TEMP:cxcr4; ASCTB-TEMP:ms4a1,https://doi.org/10.1101/2021.01.02.425073
uterus,315,outer layer of endometrium,http://purl.obolibrary.org/obo/UBERON_0022356,T cell,ASCTB-TEMP:t-cell,CXCR4; IL7R,2,CCL5; CD3G; CD69; CXCR4; HMGB2; IL7R,ASCTB-TEMP:ccl5; ASCTB-TEMP:cd3g; ASCTB-TEMP:cd69; ASCTB-TEMP:cxcr4; ASCTB-TEMP:hmgb2; ASCTB-TEMP:il7r,https://doi.org/10.1101/2021.01.02.425073
uterus,288,basal layer of endometrium,http://purl.obolibrary.org/obo/UBERON_0022355,uterine smooth muscle type II cell,ASCTB-TEMP:uterine-smooth-muscle-type-ii-cell,ACTG2; MYH11,2,ACTA2; ACTG2; MYH11,ASCTB-TEMP:acta2; ASCTB-TEMP:actg2; ASCTB-TEMP:myh11,https://doi.org/10.1101/2021.01.02.425073
uterus,308,basal layer of endometrium,http://purl.obolibrary.org/obo/UBERON_0022355,uterine smooth muscle type II cell,ASCTB-TEMP:uterine-smooth-muscle-type-ii-cell,ACTG2; MYH11,2,ACTA2; ACTG2; MYH11,ASCTB-TEMP:acta2; ASCTB-TEMP:actg2; ASCTB-TEMP:myh11,https://doi.org/10.1101/2021.01.02.425073
uterus,302,outer uterine myometrium,https://purl.org/ccf/ASCTB-TEMP_outer-uterine-myometrium,uterine smooth muscle type II cell,ASCTB-TEMP:uterine-smooth-muscle-type-ii-cell,ACTG2; MYH11,2,ACTA2; ACTG2; MYH11,ASCTB-TEMP:acta2; ASCTB-TEMP:actg2; ASCTB-TEMP:myh11,https://doi.org/10.1101/2021.01.02.425073
uterus,294,outer layer of endometrium,http://purl.obolibrary.org/obo/UBERON_0022356,B cell,ASCTB-TEMP:b-cell,CXCR4; MS4A1,2,CCL5; CD69; CXCR4; MS4A1,ASCTB-TEMP:ccl5; ASCTB-TEMP:cd69; ASCTB-TEMP:cxcr4; ASCTB-TEMP:ms4a1,https://doi.org/10.1101/2021.01.02.425073
uterus,295,outer layer of endometrium,http://purl.obolibrary.org/obo/UBERON_0022356,T cell,ASCTB-TEMP:t-cell,CXCR4; IL7R,2,CCL5; CD3G; CD69; CXCR4; HMGB2; IL7R,ASCTB-TEMP:ccl5; ASCTB-TEMP:cd3g; ASCTB-TEMP:cd69; ASCTB-TEMP:cxcr4; ASCTB-TEMP:hmgb2; ASCTB-TEMP:il7r,https://doi.org/10.1101/2021.01.02.425073
uterus,155,outer layer of endometrium,http://purl.obolibrary.org/obo/UBERON_0022356,T cell,ASCTB-TEMP:t-cell,CXCR4; IL7R,2,CCL5; CD3G; CD69; CXCR4; HMGB2; IL7R,ASCTB-TEMP:ccl5; ASCTB-TEMP:cd3g; ASCTB-TEMP:cd69; ASCTB-TEMP:cxcr4; ASCTB-TEMP:hmgb2; ASCTB-TEMP:il7r,https://doi.org/10.1101/2021.01.02.425073
uterus,222,outer uterine myometrium,https://purl.org/ccf/ASCTB-TEMP_outer-uterine-myometrium,uterine smooth muscle type II cell,ASCTB-TEMP:uterine-smooth-muscle-type-ii-cell,ACTG2; MYH11,2,ACTA2; ACTG2; MYH11,ASCTB-TEMP:acta2; ASCTB-TEMP:actg2; ASCTB-TEMP:myh11,https://doi.org/10.1101/2021.01.02.425073
uterus,394,outer layer of endometrium,http://purl.obolibrary.org/obo/UBERON_0022356,B cell,ASCTB-TEMP:b-cell,CXCR4; MS4A1,2,CCL5; CD69; CXCR4; MS4A1,ASCTB-TEMP:ccl5; ASCTB-TEMP:cd69; ASCTB-TEMP:cxcr4; ASCTB-TEMP:ms4a1,https://doi.org/10.1101/2021.01.02.425073
uterus,395,outer layer of endometrium,http://purl.obolibrary.org/obo/UBERON_0022356,T cell,ASCTB-TEMP:t-cell,CXCR4; IL7R,2,CCL5; CD3G; CD69; CXCR4; HMGB2; IL7R,ASCTB-TEMP:ccl5; ASCTB-TEMP:cd3g; ASCTB-TEMP:cd69; ASCTB-TEMP:cxcr4; ASCTB-TEMP:hmgb2; ASCTB-TEMP:il7r,https://doi.org/10.1101/2021.01.02.425073
uterus,391,basal layer of endometrium,http://purl.obolibrary.org/obo/UBERON_0022355,lymphocyte,ASCTB-TEMP:lymphocyte,PTPRC; NCAM1,2,NCAM1; PTPRC,ASCTB-TEMP:ncam1; ASCTB-TEMP:ptprc,https://doi.org/10.1101/2021.01.02.425073
uterus,91,basal layer of endometrium,http://purl.obolibrary.org/obo/UBERON_0022355,lymphocyte,ASCTB-TEMP:lymphocyte,PTPRC; NCAM1,2,NCAM1; PTPRC,ASCTB-TEMP:ncam1; ASCTB-TEMP:ptprc,https://doi.org/10.1101/2021.01.02.425073
uterus,48,basal layer of endometrium,http://purl.obolibrary.org/obo/UBERON_0022355,uterine smooth muscle type II cell,ASCTB-TEMP:uterine-smooth-muscle-type-ii-cell,ACTG2; MYH11,2,ACTA2; ACTG2; MYH11,ASCTB-TEMP:acta2; ASCTB-TEMP:actg2; ASCTB-TEMP:myh11,https://doi.org/10.1101/2021.01.02.425073
uterus,51,basal layer of endometrium,http://purl.obolibrary.org/obo/UBERON_0022355,lymphocyte,ASCTB-TEMP:lymphocyte,PTPRC; NCAM1,2,NCAM1; PTPRC,ASCTB-TEMP:ncam1; ASCTB-TEMP:ptprc,https://doi.org/10.1101/2021.01.02.425073
uterus,208,basal layer of endometrium,http://purl.obolibrary.org/obo/UBERON_0022355,uterine smooth muscle type II cell,ASCTB-TEMP:uterine-smooth-muscle-type-ii-cell,ACTG2; MYH11,2,ACTA2; ACTG2; MYH11,ASCTB-TEMP:acta2; ASCTB-TEMP:actg2; ASCTB-TEMP:myh11,https://doi.org/10.1101/2021.01.02.425073
uterus,211,basal layer of endometrium,http://purl.obolibrary.org/obo/UBERON_0022355,lymphocyte,ASCTB-TEMP:lymphocyte,PTPRC; NCAM1,2,NCAM1; PTPRC,ASCTB-TEMP:ncam1; ASCTB-TEMP:ptprc,https://doi.org/10.1101/2021.01.02.425073
uterus,362,outer uterine myometrium,https://purl.org/ccf/ASCTB-TEMP_outer-uterine-myometrium,uterine smooth muscle type II cell,ASCTB-TEMP:uterine-smooth-muscle-type-ii-cell,ACTG2; MYH11,2,ACTA2; ACTG2; MYH11,ASCTB-TEMP:acta2; ASCTB-TEMP:actg2; ASCTB-TEMP:myh11,https://doi.org/10.1101/2021.01.02.425073
uterus,202,outer uterine myometrium,https://purl.org/ccf/ASCTB-TEMP_outer-uterine-myometrium,uterine smooth muscle type II cell,ASCTB-TEMP:uterine-smooth-muscle-type-ii-cell,ACTG2; MYH11,2,ACTA2; ACTG2; MYH11,ASCTB-TEMP:acta2; ASCTB-TEMP:actg2; ASCTB-TEMP:myh11,https://doi.org/10.1101/2021.01.02.425073
uterus,195,outer layer of endometrium,http://purl.obolibrary.org/obo/UBERON_0022356,T cell,ASCTB-TEMP:t-cell,CXCR4; IL7R,2,CCL5; CD3G; CD69; CXCR4; HMGB2; IL7R,ASCTB-TEMP:ccl5; ASCTB-TEMP:cd3g; ASCTB-TEMP:cd69; ASCTB-TEMP:cxcr4; ASCTB-TEMP:hmgb2; ASCTB-TEMP:il7r,https://doi.org/10.1101/2021.01.02.425073
uterus,371,basal layer of endometrium,http://purl.obolibrary.org/obo/UBERON_0022355,lymphocyte,ASCTB-TEMP:lymphocyte,PTPRC; NCAM1,2,NCAM1; PTPRC,ASCTB-TEMP:ncam1; ASCTB-TEMP:ptprc,https://doi.org/10.1101/2021.01.02.425073
uterus,168,basal layer of endometrium,http://purl.obolibrary.org/obo/UBERON_0022355,uterine smooth muscle type II cell,ASCTB-TEMP:uterine-smooth-muscle-type-ii-cell,ACTG2; MYH11,2,ACTA2; ACTG2; MYH11,ASCTB-TEMP:acta2; ASCTB-TEMP:actg2; ASCTB-TEMP:myh11,https://doi.org/10.1101/2021.01.02.425073
uterus,162,outer uterine myometrium,https://purl.org/ccf/ASCTB-TEMP_outer-uterine-myometrium,uterine smooth muscle type II cell,ASCTB-TEMP:uterine-smooth-muscle-type-ii-cell,ACTG2; MYH11,2,ACTA2; ACTG2; MYH11,ASCTB-TEMP:acta2; ASCTB-TEMP:actg2; ASCTB-TEMP:myh11,https://doi.org/10.1101/2021.01.02.425073
uterus,174,outer layer of endometrium,http://purl.obolibrary.org/obo/UBERON_0022356,B cell,ASCTB-TEMP:b-cell,CXCR4; MS4A1,2,CCL5; CD69; CXCR4; MS4A1,ASCTB-TEMP:ccl5; ASCTB-TEMP:cd69; ASCTB-TEMP:cxcr4; ASCTB-TEMP:ms4a1,https://doi.org/10.1101/2021.01.02.425073
uterus,175,outer layer of endometrium,http://purl.obolibrary.org/obo/UBERON_0022356,T cell,ASCTB-TEMP:t-cell,CXCR4; IL7R,2,CCL5; CD3G; CD69; CXCR4; HMGB2; IL7R,ASCTB-TEMP:ccl5; ASCTB-TEMP:cd3g; ASCTB-TEMP:cd69; ASCTB-TEMP:cxcr4; ASCTB-TEMP:hmgb2; ASCTB-TEMP:il7r,https://doi.org/10.1101/2021.01.02.425073
uterus,171,basal layer of endometrium,http://purl.obolibrary.org/obo/UBERON_0022355,lymphocyte,ASCTB-TEMP:lymphocyte,PTPRC; NCAM1,2,NCAM1; PTPRC,ASCTB-TEMP:ncam1; ASCTB-TEMP:ptprc,https://doi.org/10.1101/2021.01.02.425073
uterus,368,basal layer of endometrium,http://purl.obolibrary.org/obo/UBERON_0022355,uterine smooth muscle type II cell,ASCTB-TEMP:uterine-smooth-muscle-type-ii-cell,ACTG2; MYH11,2,ACTA2; ACTG2; MYH11,ASCTB-TEMP:acta2; ASCTB-TEMP:actg2; ASCTB-TEMP:myh11,https://doi.org/10.1101/2021.01.02.425073
uterus,374,outer layer of endometrium,http://purl.obolibrary.org/obo/UBERON_0022356,B cell,ASCTB-TEMP:b-cell,CXCR4; MS4A1,2,CCL5; CD69; MS4A1; CXCR4,ASCTB-TEMP:ccl5; ASCTB-TEMP:cd69; ASCTB-TEMP:ms4a1; ASCTB-TEMP:cxcr4,https://doi.org/10.1101/2021.01.02.425073
uterus,375,outer layer of endometrium,http://purl.obolibrary.org/obo/UBERON_0022356,T cell,ASCTB-TEMP:t-cell,CXCR4; IL7R,2,CCL5; CD3G; CD69; IL7R; CXCR4; HMGB2,ASCTB-TEMP:ccl5; ASCTB-TEMP:cd3g; ASCTB-TEMP:cd69; ASCTB-TEMP:il7r; ASCTB-TEMP:cxcr4; ASCTB-TEMP:hmgb2,https://doi.org/10.1101/2021.01.02.425073
uterus,291,basal layer of endometrium,http://purl.obolibrary.org/obo/UBERON_0022355,lymphocyte,ASCTB-TEMP:lymphocyte,PTPRC; NCAM1,2,PTPRC; NCAM1,ASCTB-TEMP:ptprc; ASCTB-TEMP:ncam1,https://doi.org/10.1101/2021.01.02.425073
uterus,311,basal layer of endometrium,http://purl.obolibrary.org/obo/UBERON_0022355,lymphocyte,ASCTB-TEMP:lymphocyte,PTPRC; NCAM1,2,PTPRC; NCAM1,ASCTB-TEMP:ptprc; ASCTB-TEMP:ncam1,https://doi.org/10.1101/2021.01.02.425073
uterus,95,outer layer of endometrium,http://purl.obolibrary.org/obo/UBERON_0022356,T cell,ASCTB-TEMP:t-cell,CXCR4; IL7R,2,CCL5; CD3G; CD69; CXCR4; HMGB2; IL7R,ASCTB-TEMP:ccl5; ASCTB-TEMP:cd3g; ASCTB-TEMP:cd69; ASCTB-TEMP:cxcr4; ASCTB-TEMP:hmgb2; ASCTB-TEMP:il7r,https://doi.org/10.1101/2021.01.02.425073
uterus,42,outer uterine myometrium,https://purl.org/ccf/ASCTB-TEMP_outer-uterine-myometrium,uterine smooth muscle type II cell,ASCTB-TEMP:uterine-smooth-muscle-type-ii-cell,ACTG2; MYH11,2,ACTA2; ACTG2; MYH11,ASCTB-TEMP:acta2; ASCTB-TEMP:actg2; ASCTB-TEMP:myh11,https://doi.org/10.1101/2021.01.02.425073
uterus,56,outer layer of endometrium,http://purl.obolibrary.org/obo/UBERON_0022356,innate lymphoid cell,ASCTB-TEMP:innate-lymphoid-cell,CXCR4; IL7R; SPINK2; KIT,4,CCL5; CD69; CXCR4; IL7R; KIT; SPINK2,ASCTB-TEMP:ccl5; ASCTB-TEMP:cd69; ASCTB-TEMP:cxcr4; ASCTB-TEMP:il7r; ASCTB-TEMP:kit; ASCTB-TEMP:spink2,https://doi.org/10.1101/2021.01.02.425073
uterus,76,outer layer of endometrium,http://purl.obolibrary.org/obo/UBERON_0022356,innate lymphoid cell,ASCTB-TEMP:innate-lymphoid-cell,CXCR4; IL7R; SPINK2; KIT,4,CCL5; CD69; CXCR4; IL7R; KIT; SPINK2,ASCTB-TEMP:ccl5; ASCTB-TEMP:cd69; ASCTB-TEMP:cxcr4; ASCTB-TEMP:il7r; ASCTB-TEMP:kit; ASCTB-TEMP:spink2,https://doi.org/10.1101/2021.01.02.425073
uterus,256,outer layer of endometrium,http://purl.obolibrary.org/obo/UBERON_0022356,innate lymphoid cell,ASCTB-TEMP:innate-lymphoid-cell,CXCR4; IL7R; SPINK2; KIT,4,CCL5; CD69; CXCR4; IL7R; KIT; SPINK2,ASCTB-TEMP:ccl5; ASCTB-TEMP:cd69; ASCTB-TEMP:cxcr4; ASCTB-TEMP:il7r; ASCTB-TEMP:kit; ASCTB-TEMP:spink2,https://doi.org/10.1101/2021.01.02.425073
uterus,276,outer layer of endometrium,http://purl.obolibrary.org/obo/UBERON_0022356,innate lymphoid cell,ASCTB-TEMP:innate-lymphoid-cell,CXCR4; IL7R; SPINK2; KIT,4,CCL5; CD69; CXCR4; IL7R; KIT; SPINK2,ASCTB-TEMP:ccl5; ASCTB-TEMP:cd69; ASCTB-TEMP:cxcr4; ASCTB-TEMP:il7r; ASCTB-TEMP:kit; ASCTB-TEMP:spink2,https://doi.org/10.1101/2021.01.02.425073
uterus,136,outer layer of endometrium,http://purl.obolibrary.org/obo/UBERON_0022356,innate lymphoid cell,ASCTB-TEMP:innate-lymphoid-cell,CXCR4; IL7R; SPINK2; KIT,4,CXCR4; IL7R; KIT; SPINK2; CCL5; CD69,ASCTB-TEMP:cxcr4; ASCTB-TEMP:il7r; ASCTB-TEMP:kit; ASCTB-TEMP:spink2; ASCTB-TEMP:ccl5; ASCTB-TEMP:cd69,https://doi.org/10.1101/2021.01.02.425073
uterus,336,outer layer of endometrium,http://purl.obolibrary.org/obo/UBERON_0022356,innate lymphoid cell,ASCTB-TEMP:innate-lymphoid-cell,CXCR4; IL7R; SPINK2; KIT,4,CCL5; CD69; CXCR4; IL7R; KIT; SPINK2,ASCTB-TEMP:ccl5; ASCTB-TEMP:cd69; ASCTB-TEMP:cxcr4; ASCTB-TEMP:il7r; ASCTB-TEMP:kit; ASCTB-TEMP:spink2,https://doi.org/10.1101/2021.01.02.425073
uterus,116,outer layer of endometrium,http://purl.obolibrary.org/obo/UBERON_0022356,innate lymphoid cell,ASCTB-TEMP:innate-lymphoid-cell,CXCR4; IL7R; SPINK2; KIT,4,CCL5; CD69; CXCR4; IL7R; KIT; SPINK2,ASCTB-TEMP:ccl5; ASCTB-TEMP:cd69; ASCTB-TEMP:cxcr4; ASCTB-TEMP:il7r; ASCTB-TEMP:kit; ASCTB-TEMP:spink2,https://doi.org/10.1101/2021.01.02.425073
uterus,216,outer layer of endometrium,http://purl.obolibrary.org/obo/UBERON_0022356,innate lymphoid cell,ASCTB-TEMP:innate-lymphoid-cell,CXCR4; IL7R; SPINK2; KIT,4,CCL5; CD69; CXCR4; IL7R; KIT; SPINK2,ASCTB-TEMP:ccl5; ASCTB-TEMP:cd69; ASCTB-TEMP:cxcr4; ASCTB-TEMP:il7r; ASCTB-TEMP:kit; ASCTB-TEMP:spink2,https://doi.org/10.1101/2021.01.02.425073
uterus,236,outer layer of endometrium,http://purl.obolibrary.org/obo/UBERON_0022356,innate lymphoid cell,ASCTB-TEMP:innate-lymphoid-cell,CXCR4; IL7R; SPINK2; KIT,4,CCL5; CD69; CXCR4; IL7R; KIT; SPINK2,ASCTB-TEMP:ccl5; ASCTB-TEMP:cd69; ASCTB-TEMP:cxcr4; ASCTB-TEMP:il7r; ASCTB-TEMP:kit; ASCTB-TEMP:spink2,https://doi.org/10.1101/2021.01.02.425073
uterus,96,outer layer of endometrium,http://purl.obolibrary.org/obo/UBERON_0022356,innate lymphoid cell,ASCTB-TEMP:innate-lymphoid-cell,CXCR4; IL7R; SPINK2; KIT,4,CCL5; CD69; CXCR4; IL7R; KIT; SPINK2,ASCTB-TEMP:ccl5; ASCTB-TEMP:cd69; ASCTB-TEMP:cxcr4; ASCTB-TEMP:il7r; ASCTB-TEMP:kit; ASCTB-TEMP:spink2,https://doi.org/10.1101/2021.01.02.425073
uterus,316,outer layer of endometrium,http://purl.obolibrary.org/obo/UBERON_0022356,innate lymphoid cell,ASCTB-TEMP:innate-lymphoid-cell,CXCR4; IL7R; SPINK2; KIT,4,CCL5; CD69; CXCR4; IL7R; KIT; SPINK2,ASCTB-TEMP:ccl5; ASCTB-TEMP:cd69; ASCTB-TEMP:cxcr4; ASCTB-TEMP:il7r; ASCTB-TEMP:kit; ASCTB-TEMP:spink2,https://doi.org/10.1101/2021.01.02.425073
uterus,396,outer layer of endometrium,http://purl.obolibrary.org/obo/UBERON_0022356,innate lymphoid cell,ASCTB-TEMP:innate-lymphoid-cell,CXCR4; IL7R; SPINK2; KIT,4,CCL5; CD69; CXCR4; IL7R; KIT; SPINK2,ASCTB-TEMP:ccl5; ASCTB-TEMP:cd69; ASCTB-TEMP:cxcr4; ASCTB-TEMP:il7r; ASCTB-TEMP:kit; ASCTB-TEMP:spink2,https://doi.org/10.1101/2021.01.02.425073
uterus,196,outer layer of endometrium,http://purl.obolibrary.org/obo/UBERON_0022356,innate lymphoid cell,ASCTB-TEMP:innate-lymphoid-cell,CXCR4; IL7R; SPINK2; KIT,4,CCL5; CD69; CXCR4; IL7R; KIT; SPINK2,ASCTB-TEMP:ccl5; ASCTB-TEMP:cd69; ASCTB-TEMP:cxcr4; ASCTB-TEMP:il7r; ASCTB-TEMP:kit; ASCTB-TEMP:spink2,https://doi.org/10.1101/2021.01.02.425073
uterus,156,outer layer of endometrium,http://purl.obolibrary.org/obo/UBERON_0022356,innate lymphoid cell,ASCTB-TEMP:innate-lymphoid-cell,CXCR4; IL7R; SPINK2; KIT,4,CCL5; CD69; CXCR4; IL7R; KIT; SPINK2,ASCTB-TEMP:ccl5; ASCTB-TEMP:cd69; ASCTB-TEMP:cxcr4; ASCTB-TEMP:il7r; ASCTB-TEMP:kit; ASCTB-TEMP:spink2,https://doi.org/10.1101/2021.01.02.425073
uterus,176,outer layer of endometrium,http://purl.obolibrary.org/obo/UBERON_0022356,innate lymphoid cell,ASCTB-TEMP:innate-lymphoid-cell,CXCR4; IL7R; SPINK2; KIT,4,CCL5; CD69; CXCR4; IL7R; KIT; SPINK2,ASCTB-TEMP:ccl5; ASCTB-TEMP:cd69; ASCTB-TEMP:cxcr4; ASCTB-TEMP:il7r; ASCTB-TEMP:kit; ASCTB-TEMP:spink2,https://doi.org/10.1101/2021.01.02.425073
uterus,356,outer layer of endometrium,http://purl.obolibrary.org/obo/UBERON_0022356,innate lymphoid cell,ASCTB-TEMP:innate-lymphoid-cell,CXCR4; IL7R; SPINK2; KIT,4,CCL5; CD69; IL7R; KIT; SPINK2; CXCR4,ASCTB-TEMP:ccl5; ASCTB-TEMP:cd69; ASCTB-TEMP:il7r; ASCTB-TEMP:kit; ASCTB-TEMP:spink2; ASCTB-TEMP:cxcr4,https://doi.org/10.1101/2021.01.02.425073
uterus,376,outer layer of endometrium,http://purl.obolibrary.org/obo/UBERON_0022356,innate lymphoid cell,ASCTB-TEMP:innate-lymphoid-cell,CXCR4; IL7R; SPINK2; KIT,4,CCL5; CD69; IL7R; KIT; SPINK2; CXCR4,ASCTB-TEMP:ccl5; ASCTB-TEMP:cd69; ASCTB-TEMP:il7r; ASCTB-TEMP:kit; ASCTB-TEMP:spink2; ASCTB-TEMP:cxcr4,https://doi.org/10.1101/2021.01.02.425073
uterus,296,outer layer of endometrium,http://purl.obolibrary.org/obo/UBERON_0022356,innate lymphoid cell,ASCTB-TEMP:innate-lymphoid-cell,CXCR4; IL7R; SPINK2; KIT,4,SPINK2; CCL5; CD69; CXCR4; IL7R; KIT,ASCTB-TEMP:spink2; ASCTB-TEMP:ccl5; ASCTB-TEMP:cd69; ASCTB-TEMP:cxcr4; ASCTB-TEMP:il7r; ASCTB-TEMP:kit,https://doi.org/10.1101/2021.01.02.425073
